model,refs,layer,head,window,beyond_mass
Qwen/Qwen3-32B,c4,0,0,128,0.196346
Qwen/Qwen3-32B,c4,0,0,512,0.129495
Qwen/Qwen3-32B,c4,0,0,2048,0.050474
Qwen/Qwen3-32B,c4,0,1,128,0.219357
Qwen/Qwen3-32B,c4,0,1,512,0.153380
Qwen/Qwen3-32B,c4,0,1,2048,0.058075
Qwen/Qwen3-32B,c4,0,2,128,0.312311
Qwen/Qwen3-32B,c4,0,2,512,0.211124
Qwen/Qwen3-32B,c4,0,2,2048,0.078952
Qwen/Qwen3-32B,c4,0,3,128,0.140073
Qwen/Qwen3-32B,c4,0,3,512,0.064318
Qwen/Qwen3-32B,c4,0,3,2048,0.017478
Qwen/Qwen3-32B,c4,0,4,128,0.157346
Qwen/Qwen3-32B,c4,0,4,512,0.087238
Qwen/Qwen3-32B,c4,0,4,2048,0.024430
Qwen/Qwen3-32B,c4,0,5,128,0.216277
Qwen/Qwen3-32B,c4,0,5,512,0.151155
Qwen/Qwen3-32B,c4,0,5,2048,0.044777
Qwen/Qwen3-32B,c4,0,6,128,0.141237
Qwen/Qwen3-32B,c4,0,6,512,0.082447
Qwen/Qwen3-32B,c4,0,6,2048,0.030629
Qwen/Qwen3-32B,c4,0,7,128,0.250482
Qwen/Qwen3-32B,c4,0,7,512,0.189658
Qwen/Qwen3-32B,c4,0,7,2048,0.079518
Qwen/Qwen3-32B,c4,0,8,128,0.210323
Qwen/Qwen3-32B,c4,0,8,512,0.109142
Qwen/Qwen3-32B,c4,0,8,2048,0.026155
Qwen/Qwen3-32B,c4,0,9,128,0.311303
Qwen/Qwen3-32B,c4,0,9,512,0.108034
Qwen/Qwen3-32B,c4,0,9,2048,0.015635
Qwen/Qwen3-32B,c4,0,10,128,0.870952
Qwen/Qwen3-32B,c4,0,10,512,0.637326
Qwen/Qwen3-32B,c4,0,10,2048,0.247005
Qwen/Qwen3-32B,c4,0,11,128,0.087512
Qwen/Qwen3-32B,c4,0,11,512,0.045960
Qwen/Qwen3-32B,c4,0,11,2048,0.007954
Qwen/Qwen3-32B,c4,0,12,128,0.216417
Qwen/Qwen3-32B,c4,0,12,512,0.134821
Qwen/Qwen3-32B,c4,0,12,2048,0.015727
Qwen/Qwen3-32B,c4,0,13,128,0.362843
Qwen/Qwen3-32B,c4,0,13,512,0.173084
Qwen/Qwen3-32B,c4,0,13,2048,0.039647
Qwen/Qwen3-32B,c4,0,14,128,0.668843
Qwen/Qwen3-32B,c4,0,14,512,0.385715
Qwen/Qwen3-32B,c4,0,14,2048,0.099303
Qwen/Qwen3-32B,c4,0,15,128,0.481752
Qwen/Qwen3-32B,c4,0,15,512,0.247920
Qwen/Qwen3-32B,c4,0,15,2048,0.037539
Qwen/Qwen3-32B,c4,0,16,128,0.202039
Qwen/Qwen3-32B,c4,0,16,512,0.108734
Qwen/Qwen3-32B,c4,0,16,2048,0.008100
Qwen/Qwen3-32B,c4,0,17,128,0.132339
Qwen/Qwen3-32B,c4,0,17,512,0.105198
Qwen/Qwen3-32B,c4,0,17,2048,0.013596
Qwen/Qwen3-32B,c4,0,18,128,0.270895
Qwen/Qwen3-32B,c4,0,18,512,0.151530
Qwen/Qwen3-32B,c4,0,18,2048,0.015170
Qwen/Qwen3-32B,c4,0,19,128,0.098578
Qwen/Qwen3-32B,c4,0,19,512,0.050284
Qwen/Qwen3-32B,c4,0,19,2048,0.001992
Qwen/Qwen3-32B,c4,0,20,128,0.129117
Qwen/Qwen3-32B,c4,0,20,512,0.068468
Qwen/Qwen3-32B,c4,0,20,2048,0.005514
Qwen/Qwen3-32B,c4,0,21,128,0.152106
Qwen/Qwen3-32B,c4,0,21,512,0.087773
Qwen/Qwen3-32B,c4,0,21,2048,0.005561
Qwen/Qwen3-32B,c4,0,22,128,0.398556
Qwen/Qwen3-32B,c4,0,22,512,0.179667
Qwen/Qwen3-32B,c4,0,22,2048,0.015321
Qwen/Qwen3-32B,c4,0,23,128,0.447669
Qwen/Qwen3-32B,c4,0,23,512,0.206394
Qwen/Qwen3-32B,c4,0,23,2048,0.019857
Qwen/Qwen3-32B,c4,0,24,128,0.577284
Qwen/Qwen3-32B,c4,0,24,512,0.344995
Qwen/Qwen3-32B,c4,0,24,2048,0.079241
Qwen/Qwen3-32B,c4,0,25,128,0.098686
Qwen/Qwen3-32B,c4,0,25,512,0.036584
Qwen/Qwen3-32B,c4,0,25,2048,0.019061
Qwen/Qwen3-32B,c4,0,26,128,0.594073
Qwen/Qwen3-32B,c4,0,26,512,0.353808
Qwen/Qwen3-32B,c4,0,26,2048,0.085959
Qwen/Qwen3-32B,c4,0,27,128,0.077335
Qwen/Qwen3-32B,c4,0,27,512,0.050743
Qwen/Qwen3-32B,c4,0,27,2048,0.024293
Qwen/Qwen3-32B,c4,0,28,128,0.047062
Qwen/Qwen3-32B,c4,0,28,512,0.017793
Qwen/Qwen3-32B,c4,0,28,2048,0.007052
Qwen/Qwen3-32B,c4,0,29,128,0.582467
Qwen/Qwen3-32B,c4,0,29,512,0.374084
Qwen/Qwen3-32B,c4,0,29,2048,0.097070
Qwen/Qwen3-32B,c4,0,30,128,0.020493
Qwen/Qwen3-32B,c4,0,30,512,0.010625
Qwen/Qwen3-32B,c4,0,30,2048,0.003715
Qwen/Qwen3-32B,c4,0,31,128,0.044747
Qwen/Qwen3-32B,c4,0,31,512,0.015967
Qwen/Qwen3-32B,c4,0,31,2048,0.007799
Qwen/Qwen3-32B,c4,0,32,128,0.277468
Qwen/Qwen3-32B,c4,0,32,512,0.164088
Qwen/Qwen3-32B,c4,0,32,2048,0.020100
Qwen/Qwen3-32B,c4,0,33,128,0.694969
Qwen/Qwen3-32B,c4,0,33,512,0.429910
Qwen/Qwen3-32B,c4,0,33,2048,0.092454
Qwen/Qwen3-32B,c4,0,34,128,0.268535
Qwen/Qwen3-32B,c4,0,34,512,0.192952
Qwen/Qwen3-32B,c4,0,34,2048,0.048737
Qwen/Qwen3-32B,c4,0,35,128,0.513481
Qwen/Qwen3-32B,c4,0,35,512,0.285975
Qwen/Qwen3-32B,c4,0,35,2048,0.040653
Qwen/Qwen3-32B,c4,0,36,128,0.327045
Qwen/Qwen3-32B,c4,0,36,512,0.152385
Qwen/Qwen3-32B,c4,0,36,2048,0.034800
Qwen/Qwen3-32B,c4,0,37,128,0.267420
Qwen/Qwen3-32B,c4,0,37,512,0.164831
Qwen/Qwen3-32B,c4,0,37,2048,0.019433
Qwen/Qwen3-32B,c4,0,38,128,0.300039
Qwen/Qwen3-32B,c4,0,38,512,0.143925
Qwen/Qwen3-32B,c4,0,38,2048,0.028646
Qwen/Qwen3-32B,c4,0,39,128,0.584782
Qwen/Qwen3-32B,c4,0,39,512,0.296754
Qwen/Qwen3-32B,c4,0,39,2048,0.051886
Qwen/Qwen3-32B,c4,0,40,128,0.289706
Qwen/Qwen3-32B,c4,0,40,512,0.193735
Qwen/Qwen3-32B,c4,0,40,2048,0.033550
Qwen/Qwen3-32B,c4,0,41,128,0.511125
Qwen/Qwen3-32B,c4,0,41,512,0.254387
Qwen/Qwen3-32B,c4,0,41,2048,0.041732
Qwen/Qwen3-32B,c4,0,42,128,0.590626
Qwen/Qwen3-32B,c4,0,42,512,0.452437
Qwen/Qwen3-32B,c4,0,42,2048,0.027006
Qwen/Qwen3-32B,c4,0,43,128,0.218327
Qwen/Qwen3-32B,c4,0,43,512,0.134886
Qwen/Qwen3-32B,c4,0,43,2048,0.024274
Qwen/Qwen3-32B,c4,0,44,128,0.111247
Qwen/Qwen3-32B,c4,0,44,512,0.063647
Qwen/Qwen3-32B,c4,0,44,2048,0.014067
Qwen/Qwen3-32B,c4,0,45,128,0.611241
Qwen/Qwen3-32B,c4,0,45,512,0.373411
Qwen/Qwen3-32B,c4,0,45,2048,0.059129
Qwen/Qwen3-32B,c4,0,46,128,0.125909
Qwen/Qwen3-32B,c4,0,46,512,0.063070
Qwen/Qwen3-32B,c4,0,46,2048,0.014780
Qwen/Qwen3-32B,c4,0,47,128,0.128376
Qwen/Qwen3-32B,c4,0,47,512,0.067507
Qwen/Qwen3-32B,c4,0,47,2048,0.015996
Qwen/Qwen3-32B,c4,0,48,128,0.259004
Qwen/Qwen3-32B,c4,0,48,512,0.121919
Qwen/Qwen3-32B,c4,0,48,2048,0.031419
Qwen/Qwen3-32B,c4,0,49,128,0.230378
Qwen/Qwen3-32B,c4,0,49,512,0.112274
Qwen/Qwen3-32B,c4,0,49,2048,0.034389
Qwen/Qwen3-32B,c4,0,50,128,0.252296
Qwen/Qwen3-32B,c4,0,50,512,0.171372
Qwen/Qwen3-32B,c4,0,50,2048,0.078354
Qwen/Qwen3-32B,c4,0,51,128,0.122081
Qwen/Qwen3-32B,c4,0,51,512,0.063052
Qwen/Qwen3-32B,c4,0,51,2048,0.033604
Qwen/Qwen3-32B,c4,0,52,128,0.120455
Qwen/Qwen3-32B,c4,0,52,512,0.064029
Qwen/Qwen3-32B,c4,0,52,2048,0.024109
Qwen/Qwen3-32B,c4,0,53,128,0.164128
Qwen/Qwen3-32B,c4,0,53,512,0.080900
Qwen/Qwen3-32B,c4,0,53,2048,0.009201
Qwen/Qwen3-32B,c4,0,54,128,0.820445
Qwen/Qwen3-32B,c4,0,54,512,0.663141
Qwen/Qwen3-32B,c4,0,54,2048,0.162394
Qwen/Qwen3-32B,c4,0,55,128,0.280742
Qwen/Qwen3-32B,c4,0,55,512,0.147799
Qwen/Qwen3-32B,c4,0,55,2048,0.034438
Qwen/Qwen3-32B,c4,0,56,128,0.469856
Qwen/Qwen3-32B,c4,0,56,512,0.299916
Qwen/Qwen3-32B,c4,0,56,2048,0.039933
Qwen/Qwen3-32B,c4,0,57,128,0.220221
Qwen/Qwen3-32B,c4,0,57,512,0.126290
Qwen/Qwen3-32B,c4,0,57,2048,0.010401
Qwen/Qwen3-32B,c4,0,58,128,0.221456
Qwen/Qwen3-32B,c4,0,58,512,0.131440
Qwen/Qwen3-32B,c4,0,58,2048,0.008305
Qwen/Qwen3-32B,c4,0,59,128,0.233294
Qwen/Qwen3-32B,c4,0,59,512,0.155516
Qwen/Qwen3-32B,c4,0,59,2048,0.023231
Qwen/Qwen3-32B,c4,0,60,128,0.170363
Qwen/Qwen3-32B,c4,0,60,512,0.105978
Qwen/Qwen3-32B,c4,0,60,2048,0.008223
Qwen/Qwen3-32B,c4,0,61,128,0.148969
Qwen/Qwen3-32B,c4,0,61,512,0.089861
Qwen/Qwen3-32B,c4,0,61,2048,0.005251
Qwen/Qwen3-32B,c4,0,62,128,0.180297
Qwen/Qwen3-32B,c4,0,62,512,0.112614
Qwen/Qwen3-32B,c4,0,62,2048,0.006338
Qwen/Qwen3-32B,c4,0,63,128,0.228376
Qwen/Qwen3-32B,c4,0,63,512,0.128518
Qwen/Qwen3-32B,c4,0,63,2048,0.008165
Qwen/Qwen3-32B,c4,1,0,128,0.544895
Qwen/Qwen3-32B,c4,1,0,512,0.369961
Qwen/Qwen3-32B,c4,1,0,2048,0.089280
Qwen/Qwen3-32B,c4,1,1,128,0.706850
Qwen/Qwen3-32B,c4,1,1,512,0.462026
Qwen/Qwen3-32B,c4,1,1,2048,0.080020
Qwen/Qwen3-32B,c4,1,2,128,0.462638
Qwen/Qwen3-32B,c4,1,2,512,0.308558
Qwen/Qwen3-32B,c4,1,2,2048,0.092218
Qwen/Qwen3-32B,c4,1,3,128,0.522876
Qwen/Qwen3-32B,c4,1,3,512,0.330088
Qwen/Qwen3-32B,c4,1,3,2048,0.089139
Qwen/Qwen3-32B,c4,1,4,128,0.837248
Qwen/Qwen3-32B,c4,1,4,512,0.387754
Qwen/Qwen3-32B,c4,1,4,2048,0.118851
Qwen/Qwen3-32B,c4,1,5,128,0.372586
Qwen/Qwen3-32B,c4,1,5,512,0.245896
Qwen/Qwen3-32B,c4,1,5,2048,0.058844
Qwen/Qwen3-32B,c4,1,6,128,0.308924
Qwen/Qwen3-32B,c4,1,6,512,0.217294
Qwen/Qwen3-32B,c4,1,6,2048,0.056938
Qwen/Qwen3-32B,c4,1,7,128,0.390336
Qwen/Qwen3-32B,c4,1,7,512,0.273868
Qwen/Qwen3-32B,c4,1,7,2048,0.072251
Qwen/Qwen3-32B,c4,1,8,128,0.459715
Qwen/Qwen3-32B,c4,1,8,512,0.258728
Qwen/Qwen3-32B,c4,1,8,2048,0.078144
Qwen/Qwen3-32B,c4,1,9,128,0.524366
Qwen/Qwen3-32B,c4,1,9,512,0.280690
Qwen/Qwen3-32B,c4,1,9,2048,0.067693
Qwen/Qwen3-32B,c4,1,10,128,0.793808
Qwen/Qwen3-32B,c4,1,10,512,0.552260
Qwen/Qwen3-32B,c4,1,10,2048,0.122255
Qwen/Qwen3-32B,c4,1,11,128,0.316433
Qwen/Qwen3-32B,c4,1,11,512,0.154921
Qwen/Qwen3-32B,c4,1,11,2048,0.023334
Qwen/Qwen3-32B,c4,1,12,128,0.701581
Qwen/Qwen3-32B,c4,1,12,512,0.397552
Qwen/Qwen3-32B,c4,1,12,2048,0.087895
Qwen/Qwen3-32B,c4,1,13,128,0.843592
Qwen/Qwen3-32B,c4,1,13,512,0.680001
Qwen/Qwen3-32B,c4,1,13,2048,0.152543
Qwen/Qwen3-32B,c4,1,14,128,0.514876
Qwen/Qwen3-32B,c4,1,14,512,0.262703
Qwen/Qwen3-32B,c4,1,14,2048,0.059893
Qwen/Qwen3-32B,c4,1,15,128,0.599899
Qwen/Qwen3-32B,c4,1,15,512,0.375073
Qwen/Qwen3-32B,c4,1,15,2048,0.085702
Qwen/Qwen3-32B,c4,1,16,128,0.472085
Qwen/Qwen3-32B,c4,1,16,512,0.295342
Qwen/Qwen3-32B,c4,1,16,2048,0.034100
Qwen/Qwen3-32B,c4,1,17,128,0.524696
Qwen/Qwen3-32B,c4,1,17,512,0.330268
Qwen/Qwen3-32B,c4,1,17,2048,0.061223
Qwen/Qwen3-32B,c4,1,18,128,0.690694
Qwen/Qwen3-32B,c4,1,18,512,0.399132
Qwen/Qwen3-32B,c4,1,18,2048,0.044860
Qwen/Qwen3-32B,c4,1,19,128,0.266038
Qwen/Qwen3-32B,c4,1,19,512,0.124353
Qwen/Qwen3-32B,c4,1,19,2048,0.024035
Qwen/Qwen3-32B,c4,1,20,128,0.353934
Qwen/Qwen3-32B,c4,1,20,512,0.187106
Qwen/Qwen3-32B,c4,1,20,2048,0.024404
Qwen/Qwen3-32B,c4,1,21,128,0.785918
Qwen/Qwen3-32B,c4,1,21,512,0.585589
Qwen/Qwen3-32B,c4,1,21,2048,0.175357
Qwen/Qwen3-32B,c4,1,22,128,0.128458
Qwen/Qwen3-32B,c4,1,22,512,0.064876
Qwen/Qwen3-32B,c4,1,22,2048,0.011422
Qwen/Qwen3-32B,c4,1,23,128,0.364106
Qwen/Qwen3-32B,c4,1,23,512,0.224110
Qwen/Qwen3-32B,c4,1,23,2048,0.047724
Qwen/Qwen3-32B,c4,1,24,128,0.106277
Qwen/Qwen3-32B,c4,1,24,512,0.038623
Qwen/Qwen3-32B,c4,1,24,2048,0.005550
Qwen/Qwen3-32B,c4,1,25,128,0.878162
Qwen/Qwen3-32B,c4,1,25,512,0.587277
Qwen/Qwen3-32B,c4,1,25,2048,0.171583
Qwen/Qwen3-32B,c4,1,26,128,0.505118
Qwen/Qwen3-32B,c4,1,26,512,0.226862
Qwen/Qwen3-32B,c4,1,26,2048,0.039017
Qwen/Qwen3-32B,c4,1,27,128,0.031198
Qwen/Qwen3-32B,c4,1,27,512,0.018198
Qwen/Qwen3-32B,c4,1,27,2048,0.003192
Qwen/Qwen3-32B,c4,1,28,128,0.751739
Qwen/Qwen3-32B,c4,1,28,512,0.535249
Qwen/Qwen3-32B,c4,1,28,2048,0.121694
Qwen/Qwen3-32B,c4,1,29,128,0.217181
Qwen/Qwen3-32B,c4,1,29,512,0.147691
Qwen/Qwen3-32B,c4,1,29,2048,0.037352
Qwen/Qwen3-32B,c4,1,30,128,0.800893
Qwen/Qwen3-32B,c4,1,30,512,0.651705
Qwen/Qwen3-32B,c4,1,30,2048,0.222242
Qwen/Qwen3-32B,c4,1,31,128,0.050667
Qwen/Qwen3-32B,c4,1,31,512,0.030627
Qwen/Qwen3-32B,c4,1,31,2048,0.007195
Qwen/Qwen3-32B,c4,1,32,128,0.515735
Qwen/Qwen3-32B,c4,1,32,512,0.347839
Qwen/Qwen3-32B,c4,1,32,2048,0.062801
Qwen/Qwen3-32B,c4,1,33,128,0.709454
Qwen/Qwen3-32B,c4,1,33,512,0.450854
Qwen/Qwen3-32B,c4,1,33,2048,0.124390
Qwen/Qwen3-32B,c4,1,34,128,0.476738
Qwen/Qwen3-32B,c4,1,34,512,0.295328
Qwen/Qwen3-32B,c4,1,34,2048,0.073565
Qwen/Qwen3-32B,c4,1,35,128,0.127413
Qwen/Qwen3-32B,c4,1,35,512,0.072736
Qwen/Qwen3-32B,c4,1,35,2048,0.012192
Qwen/Qwen3-32B,c4,1,36,128,0.306887
Qwen/Qwen3-32B,c4,1,36,512,0.201783
Qwen/Qwen3-32B,c4,1,36,2048,0.042080
Qwen/Qwen3-32B,c4,1,37,128,0.242929
Qwen/Qwen3-32B,c4,1,37,512,0.143104
Qwen/Qwen3-32B,c4,1,37,2048,0.021823
Qwen/Qwen3-32B,c4,1,38,128,0.585456
Qwen/Qwen3-32B,c4,1,38,512,0.410534
Qwen/Qwen3-32B,c4,1,38,2048,0.103513
Qwen/Qwen3-32B,c4,1,39,128,0.561462
Qwen/Qwen3-32B,c4,1,39,512,0.385976
Qwen/Qwen3-32B,c4,1,39,2048,0.084026
Qwen/Qwen3-32B,c4,1,40,128,0.515730
Qwen/Qwen3-32B,c4,1,40,512,0.322932
Qwen/Qwen3-32B,c4,1,40,2048,0.088336
Qwen/Qwen3-32B,c4,1,41,128,0.612797
Qwen/Qwen3-32B,c4,1,41,512,0.353845
Qwen/Qwen3-32B,c4,1,41,2048,0.118173
Qwen/Qwen3-32B,c4,1,42,128,0.598031
Qwen/Qwen3-32B,c4,1,42,512,0.368701
Qwen/Qwen3-32B,c4,1,42,2048,0.098923
Qwen/Qwen3-32B,c4,1,43,128,0.256794
Qwen/Qwen3-32B,c4,1,43,512,0.092273
Qwen/Qwen3-32B,c4,1,43,2048,0.010551
Qwen/Qwen3-32B,c4,1,44,128,0.455802
Qwen/Qwen3-32B,c4,1,44,512,0.286622
Qwen/Qwen3-32B,c4,1,44,2048,0.102996
Qwen/Qwen3-32B,c4,1,45,128,0.327229
Qwen/Qwen3-32B,c4,1,45,512,0.194787
Qwen/Qwen3-32B,c4,1,45,2048,0.043017
Qwen/Qwen3-32B,c4,1,46,128,0.382186
Qwen/Qwen3-32B,c4,1,46,512,0.230015
Qwen/Qwen3-32B,c4,1,46,2048,0.059209
Qwen/Qwen3-32B,c4,1,47,128,0.643922
Qwen/Qwen3-32B,c4,1,47,512,0.324776
Qwen/Qwen3-32B,c4,1,47,2048,0.099209
Qwen/Qwen3-32B,c4,1,48,128,0.229736
Qwen/Qwen3-32B,c4,1,48,512,0.136890
Qwen/Qwen3-32B,c4,1,48,2048,0.021869
Qwen/Qwen3-32B,c4,1,49,128,0.487539
Qwen/Qwen3-32B,c4,1,49,512,0.303500
Qwen/Qwen3-32B,c4,1,49,2048,0.040663
Qwen/Qwen3-32B,c4,1,50,128,0.564087
Qwen/Qwen3-32B,c4,1,50,512,0.379994
Qwen/Qwen3-32B,c4,1,50,2048,0.065291
Qwen/Qwen3-32B,c4,1,51,128,0.110430
Qwen/Qwen3-32B,c4,1,51,512,0.069123
Qwen/Qwen3-32B,c4,1,51,2048,0.014344
Qwen/Qwen3-32B,c4,1,52,128,0.128405
Qwen/Qwen3-32B,c4,1,52,512,0.074744
Qwen/Qwen3-32B,c4,1,52,2048,0.006026
Qwen/Qwen3-32B,c4,1,53,128,0.608805
Qwen/Qwen3-32B,c4,1,53,512,0.432425
Qwen/Qwen3-32B,c4,1,53,2048,0.123746
Qwen/Qwen3-32B,c4,1,54,128,0.329428
Qwen/Qwen3-32B,c4,1,54,512,0.209276
Qwen/Qwen3-32B,c4,1,54,2048,0.034846
Qwen/Qwen3-32B,c4,1,55,128,0.300152
Qwen/Qwen3-32B,c4,1,55,512,0.202139
Qwen/Qwen3-32B,c4,1,55,2048,0.035761
Qwen/Qwen3-32B,c4,1,56,128,0.824646
Qwen/Qwen3-32B,c4,1,56,512,0.627879
Qwen/Qwen3-32B,c4,1,56,2048,0.154909
Qwen/Qwen3-32B,c4,1,57,128,0.560865
Qwen/Qwen3-32B,c4,1,57,512,0.390216
Qwen/Qwen3-32B,c4,1,57,2048,0.110630
Qwen/Qwen3-32B,c4,1,58,128,0.907396
Qwen/Qwen3-32B,c4,1,58,512,0.864753
Qwen/Qwen3-32B,c4,1,58,2048,0.124790
Qwen/Qwen3-32B,c4,1,59,128,0.657516
Qwen/Qwen3-32B,c4,1,59,512,0.410009
Qwen/Qwen3-32B,c4,1,59,2048,0.086431
Qwen/Qwen3-32B,c4,1,60,128,0.415855
Qwen/Qwen3-32B,c4,1,60,512,0.237202
Qwen/Qwen3-32B,c4,1,60,2048,0.070692
Qwen/Qwen3-32B,c4,1,61,128,0.812087
Qwen/Qwen3-32B,c4,1,61,512,0.493369
Qwen/Qwen3-32B,c4,1,61,2048,0.163812
Qwen/Qwen3-32B,c4,1,62,128,0.581495
Qwen/Qwen3-32B,c4,1,62,512,0.379448
Qwen/Qwen3-32B,c4,1,62,2048,0.120235
Qwen/Qwen3-32B,c4,1,63,128,0.539070
Qwen/Qwen3-32B,c4,1,63,512,0.320692
Qwen/Qwen3-32B,c4,1,63,2048,0.092634
Qwen/Qwen3-32B,c4,2,0,128,0.898761
Qwen/Qwen3-32B,c4,2,0,512,0.762756
Qwen/Qwen3-32B,c4,2,0,2048,0.321029
Qwen/Qwen3-32B,c4,2,1,128,0.277154
Qwen/Qwen3-32B,c4,2,1,512,0.164990
Qwen/Qwen3-32B,c4,2,1,2048,0.035854
Qwen/Qwen3-32B,c4,2,2,128,0.797136
Qwen/Qwen3-32B,c4,2,2,512,0.651100
Qwen/Qwen3-32B,c4,2,2,2048,0.268552
Qwen/Qwen3-32B,c4,2,3,128,0.747471
Qwen/Qwen3-32B,c4,2,3,512,0.455097
Qwen/Qwen3-32B,c4,2,3,2048,0.104394
Qwen/Qwen3-32B,c4,2,4,128,0.587979
Qwen/Qwen3-32B,c4,2,4,512,0.240992
Qwen/Qwen3-32B,c4,2,4,2048,0.030618
Qwen/Qwen3-32B,c4,2,5,128,0.768697
Qwen/Qwen3-32B,c4,2,5,512,0.604384
Qwen/Qwen3-32B,c4,2,5,2048,0.297400
Qwen/Qwen3-32B,c4,2,6,128,0.266114
Qwen/Qwen3-32B,c4,2,6,512,0.151364
Qwen/Qwen3-32B,c4,2,6,2048,0.050847
Qwen/Qwen3-32B,c4,2,7,128,0.714258
Qwen/Qwen3-32B,c4,2,7,512,0.371741
Qwen/Qwen3-32B,c4,2,7,2048,0.071769
Qwen/Qwen3-32B,c4,2,8,128,0.736735
Qwen/Qwen3-32B,c4,2,8,512,0.532298
Qwen/Qwen3-32B,c4,2,8,2048,0.189645
Qwen/Qwen3-32B,c4,2,9,128,0.266248
Qwen/Qwen3-32B,c4,2,9,512,0.194113
Qwen/Qwen3-32B,c4,2,9,2048,0.046220
Qwen/Qwen3-32B,c4,2,10,128,0.466578
Qwen/Qwen3-32B,c4,2,10,512,0.307620
Qwen/Qwen3-32B,c4,2,10,2048,0.086341
Qwen/Qwen3-32B,c4,2,11,128,0.496080
Qwen/Qwen3-32B,c4,2,11,512,0.377175
Qwen/Qwen3-32B,c4,2,11,2048,0.120716
Qwen/Qwen3-32B,c4,2,12,128,0.170645
Qwen/Qwen3-32B,c4,2,12,512,0.116237
Qwen/Qwen3-32B,c4,2,12,2048,0.028670
Qwen/Qwen3-32B,c4,2,13,128,0.180380
Qwen/Qwen3-32B,c4,2,13,512,0.135128
Qwen/Qwen3-32B,c4,2,13,2048,0.032552
Qwen/Qwen3-32B,c4,2,14,128,0.682661
Qwen/Qwen3-32B,c4,2,14,512,0.540440
Qwen/Qwen3-32B,c4,2,14,2048,0.222602
Qwen/Qwen3-32B,c4,2,15,128,0.157775
Qwen/Qwen3-32B,c4,2,15,512,0.085289
Qwen/Qwen3-32B,c4,2,15,2048,0.007821
Qwen/Qwen3-32B,c4,2,16,128,0.578091
Qwen/Qwen3-32B,c4,2,16,512,0.290151
Qwen/Qwen3-32B,c4,2,16,2048,0.070207
Qwen/Qwen3-32B,c4,2,17,128,0.635704
Qwen/Qwen3-32B,c4,2,17,512,0.422568
Qwen/Qwen3-32B,c4,2,17,2048,0.170239
Qwen/Qwen3-32B,c4,2,18,128,0.647066
Qwen/Qwen3-32B,c4,2,18,512,0.462864
Qwen/Qwen3-32B,c4,2,18,2048,0.182704
Qwen/Qwen3-32B,c4,2,19,128,0.747859
Qwen/Qwen3-32B,c4,2,19,512,0.538006
Qwen/Qwen3-32B,c4,2,19,2048,0.129904
Qwen/Qwen3-32B,c4,2,20,128,0.662749
Qwen/Qwen3-32B,c4,2,20,512,0.460297
Qwen/Qwen3-32B,c4,2,20,2048,0.152001
Qwen/Qwen3-32B,c4,2,21,128,0.479178
Qwen/Qwen3-32B,c4,2,21,512,0.305694
Qwen/Qwen3-32B,c4,2,21,2048,0.107355
Qwen/Qwen3-32B,c4,2,22,128,0.482365
Qwen/Qwen3-32B,c4,2,22,512,0.257627
Qwen/Qwen3-32B,c4,2,22,2048,0.081862
Qwen/Qwen3-32B,c4,2,23,128,0.453183
Qwen/Qwen3-32B,c4,2,23,512,0.281763
Qwen/Qwen3-32B,c4,2,23,2048,0.083326
Qwen/Qwen3-32B,c4,2,24,128,0.618381
Qwen/Qwen3-32B,c4,2,24,512,0.458690
Qwen/Qwen3-32B,c4,2,24,2048,0.136339
Qwen/Qwen3-32B,c4,2,25,128,0.490903
Qwen/Qwen3-32B,c4,2,25,512,0.363579
Qwen/Qwen3-32B,c4,2,25,2048,0.101862
Qwen/Qwen3-32B,c4,2,26,128,0.509870
Qwen/Qwen3-32B,c4,2,26,512,0.356118
Qwen/Qwen3-32B,c4,2,26,2048,0.087172
Qwen/Qwen3-32B,c4,2,27,128,0.448590
Qwen/Qwen3-32B,c4,2,27,512,0.319035
Qwen/Qwen3-32B,c4,2,27,2048,0.091869
Qwen/Qwen3-32B,c4,2,28,128,0.361527
Qwen/Qwen3-32B,c4,2,28,512,0.245887
Qwen/Qwen3-32B,c4,2,28,2048,0.060203
Qwen/Qwen3-32B,c4,2,29,128,0.530966
Qwen/Qwen3-32B,c4,2,29,512,0.358820
Qwen/Qwen3-32B,c4,2,29,2048,0.090839
Qwen/Qwen3-32B,c4,2,30,128,0.349360
Qwen/Qwen3-32B,c4,2,30,512,0.237251
Qwen/Qwen3-32B,c4,2,30,2048,0.049830
Qwen/Qwen3-32B,c4,2,31,128,0.274403
Qwen/Qwen3-32B,c4,2,31,512,0.178920
Qwen/Qwen3-32B,c4,2,31,2048,0.048864
Qwen/Qwen3-32B,c4,2,32,128,0.561202
Qwen/Qwen3-32B,c4,2,32,512,0.391976
Qwen/Qwen3-32B,c4,2,32,2048,0.109668
Qwen/Qwen3-32B,c4,2,33,128,0.457791
Qwen/Qwen3-32B,c4,2,33,512,0.305012
Qwen/Qwen3-32B,c4,2,33,2048,0.065988
Qwen/Qwen3-32B,c4,2,34,128,0.584727
Qwen/Qwen3-32B,c4,2,34,512,0.410585
Qwen/Qwen3-32B,c4,2,34,2048,0.123167
Qwen/Qwen3-32B,c4,2,35,128,0.441017
Qwen/Qwen3-32B,c4,2,35,512,0.289355
Qwen/Qwen3-32B,c4,2,35,2048,0.069208
Qwen/Qwen3-32B,c4,2,36,128,0.442657
Qwen/Qwen3-32B,c4,2,36,512,0.283331
Qwen/Qwen3-32B,c4,2,36,2048,0.057172
Qwen/Qwen3-32B,c4,2,37,128,0.415727
Qwen/Qwen3-32B,c4,2,37,512,0.283604
Qwen/Qwen3-32B,c4,2,37,2048,0.071552
Qwen/Qwen3-32B,c4,2,38,128,0.503623
Qwen/Qwen3-32B,c4,2,38,512,0.357749
Qwen/Qwen3-32B,c4,2,38,2048,0.096753
Qwen/Qwen3-32B,c4,2,39,128,0.528584
Qwen/Qwen3-32B,c4,2,39,512,0.362482
Qwen/Qwen3-32B,c4,2,39,2048,0.098585
Qwen/Qwen3-32B,c4,2,40,128,0.720274
Qwen/Qwen3-32B,c4,2,40,512,0.519949
Qwen/Qwen3-32B,c4,2,40,2048,0.184222
Qwen/Qwen3-32B,c4,2,41,128,0.603473
Qwen/Qwen3-32B,c4,2,41,512,0.451272
Qwen/Qwen3-32B,c4,2,41,2048,0.163851
Qwen/Qwen3-32B,c4,2,42,128,0.493569
Qwen/Qwen3-32B,c4,2,42,512,0.364698
Qwen/Qwen3-32B,c4,2,42,2048,0.120009
Qwen/Qwen3-32B,c4,2,43,128,0.540156
Qwen/Qwen3-32B,c4,2,43,512,0.385925
Qwen/Qwen3-32B,c4,2,43,2048,0.132242
Qwen/Qwen3-32B,c4,2,44,128,0.386187
Qwen/Qwen3-32B,c4,2,44,512,0.264902
Qwen/Qwen3-32B,c4,2,44,2048,0.082586
Qwen/Qwen3-32B,c4,2,45,128,0.367648
Qwen/Qwen3-32B,c4,2,45,512,0.262257
Qwen/Qwen3-32B,c4,2,45,2048,0.074267
Qwen/Qwen3-32B,c4,2,46,128,0.579274
Qwen/Qwen3-32B,c4,2,46,512,0.379057
Qwen/Qwen3-32B,c4,2,46,2048,0.141267
Qwen/Qwen3-32B,c4,2,47,128,0.370915
Qwen/Qwen3-32B,c4,2,47,512,0.273816
Qwen/Qwen3-32B,c4,2,47,2048,0.093310
Qwen/Qwen3-32B,c4,2,48,128,0.719522
Qwen/Qwen3-32B,c4,2,48,512,0.504392
Qwen/Qwen3-32B,c4,2,48,2048,0.106714
Qwen/Qwen3-32B,c4,2,49,128,0.689473
Qwen/Qwen3-32B,c4,2,49,512,0.510033
Qwen/Qwen3-32B,c4,2,49,2048,0.127083
Qwen/Qwen3-32B,c4,2,50,128,0.681263
Qwen/Qwen3-32B,c4,2,50,512,0.474413
Qwen/Qwen3-32B,c4,2,50,2048,0.139772
Qwen/Qwen3-32B,c4,2,51,128,0.669975
Qwen/Qwen3-32B,c4,2,51,512,0.472329
Qwen/Qwen3-32B,c4,2,51,2048,0.100369
Qwen/Qwen3-32B,c4,2,52,128,0.652144
Qwen/Qwen3-32B,c4,2,52,512,0.458842
Qwen/Qwen3-32B,c4,2,52,2048,0.124046
Qwen/Qwen3-32B,c4,2,53,128,0.720078
Qwen/Qwen3-32B,c4,2,53,512,0.494437
Qwen/Qwen3-32B,c4,2,53,2048,0.117469
Qwen/Qwen3-32B,c4,2,54,128,0.597242
Qwen/Qwen3-32B,c4,2,54,512,0.380057
Qwen/Qwen3-32B,c4,2,54,2048,0.103111
Qwen/Qwen3-32B,c4,2,55,128,0.700601
Qwen/Qwen3-32B,c4,2,55,512,0.542936
Qwen/Qwen3-32B,c4,2,55,2048,0.150570
Qwen/Qwen3-32B,c4,2,56,128,0.714788
Qwen/Qwen3-32B,c4,2,56,512,0.583714
Qwen/Qwen3-32B,c4,2,56,2048,0.204534
Qwen/Qwen3-32B,c4,2,57,128,0.801397
Qwen/Qwen3-32B,c4,2,57,512,0.616667
Qwen/Qwen3-32B,c4,2,57,2048,0.273675
Qwen/Qwen3-32B,c4,2,58,128,0.799952
Qwen/Qwen3-32B,c4,2,58,512,0.589049
Qwen/Qwen3-32B,c4,2,58,2048,0.243296
Qwen/Qwen3-32B,c4,2,59,128,0.538602
Qwen/Qwen3-32B,c4,2,59,512,0.428554
Qwen/Qwen3-32B,c4,2,59,2048,0.162862
Qwen/Qwen3-32B,c4,2,60,128,0.636598
Qwen/Qwen3-32B,c4,2,60,512,0.462301
Qwen/Qwen3-32B,c4,2,60,2048,0.154332
Qwen/Qwen3-32B,c4,2,61,128,0.732514
Qwen/Qwen3-32B,c4,2,61,512,0.513971
Qwen/Qwen3-32B,c4,2,61,2048,0.164409
Qwen/Qwen3-32B,c4,2,62,128,0.716488
Qwen/Qwen3-32B,c4,2,62,512,0.452405
Qwen/Qwen3-32B,c4,2,62,2048,0.152286
Qwen/Qwen3-32B,c4,2,63,128,0.626828
Qwen/Qwen3-32B,c4,2,63,512,0.393913
Qwen/Qwen3-32B,c4,2,63,2048,0.126173
Qwen/Qwen3-32B,c4,3,0,128,0.662504
Qwen/Qwen3-32B,c4,3,0,512,0.535311
Qwen/Qwen3-32B,c4,3,0,2048,0.282369
Qwen/Qwen3-32B,c4,3,1,128,0.630056
Qwen/Qwen3-32B,c4,3,1,512,0.485854
Qwen/Qwen3-32B,c4,3,1,2048,0.269795
Qwen/Qwen3-32B,c4,3,2,128,0.843428
Qwen/Qwen3-32B,c4,3,2,512,0.784132
Qwen/Qwen3-32B,c4,3,2,2048,0.492904
Qwen/Qwen3-32B,c4,3,3,128,0.466001
Qwen/Qwen3-32B,c4,3,3,512,0.312889
Qwen/Qwen3-32B,c4,3,3,2048,0.148493
Qwen/Qwen3-32B,c4,3,4,128,0.414164
Qwen/Qwen3-32B,c4,3,4,512,0.248164
Qwen/Qwen3-32B,c4,3,4,2048,0.110958
Qwen/Qwen3-32B,c4,3,5,128,0.808130
Qwen/Qwen3-32B,c4,3,5,512,0.540036
Qwen/Qwen3-32B,c4,3,5,2048,0.149501
Qwen/Qwen3-32B,c4,3,6,128,0.453629
Qwen/Qwen3-32B,c4,3,6,512,0.258271
Qwen/Qwen3-32B,c4,3,6,2048,0.111150
Qwen/Qwen3-32B,c4,3,7,128,0.488673
Qwen/Qwen3-32B,c4,3,7,512,0.278762
Qwen/Qwen3-32B,c4,3,7,2048,0.147015
Qwen/Qwen3-32B,c4,3,8,128,0.720821
Qwen/Qwen3-32B,c4,3,8,512,0.531602
Qwen/Qwen3-32B,c4,3,8,2048,0.311683
Qwen/Qwen3-32B,c4,3,9,128,0.681691
Qwen/Qwen3-32B,c4,3,9,512,0.479605
Qwen/Qwen3-32B,c4,3,9,2048,0.298759
Qwen/Qwen3-32B,c4,3,10,128,0.621344
Qwen/Qwen3-32B,c4,3,10,512,0.442184
Qwen/Qwen3-32B,c4,3,10,2048,0.233133
Qwen/Qwen3-32B,c4,3,11,128,0.540839
Qwen/Qwen3-32B,c4,3,11,512,0.375197
Qwen/Qwen3-32B,c4,3,11,2048,0.183639
Qwen/Qwen3-32B,c4,3,12,128,0.698996
Qwen/Qwen3-32B,c4,3,12,512,0.511144
Qwen/Qwen3-32B,c4,3,12,2048,0.292557
Qwen/Qwen3-32B,c4,3,13,128,0.397427
Qwen/Qwen3-32B,c4,3,13,512,0.255369
Qwen/Qwen3-32B,c4,3,13,2048,0.148808
Qwen/Qwen3-32B,c4,3,14,128,0.686381
Qwen/Qwen3-32B,c4,3,14,512,0.517794
Qwen/Qwen3-32B,c4,3,14,2048,0.306452
Qwen/Qwen3-32B,c4,3,15,128,0.498132
Qwen/Qwen3-32B,c4,3,15,512,0.341617
Qwen/Qwen3-32B,c4,3,15,2048,0.159106
Qwen/Qwen3-32B,c4,3,16,128,0.618033
Qwen/Qwen3-32B,c4,3,16,512,0.478201
Qwen/Qwen3-32B,c4,3,16,2048,0.217366
Qwen/Qwen3-32B,c4,3,17,128,0.330469
Qwen/Qwen3-32B,c4,3,17,512,0.261573
Qwen/Qwen3-32B,c4,3,17,2048,0.152726
Qwen/Qwen3-32B,c4,3,18,128,0.753639
Qwen/Qwen3-32B,c4,3,18,512,0.508640
Qwen/Qwen3-32B,c4,3,18,2048,0.162408
Qwen/Qwen3-32B,c4,3,19,128,0.282535
Qwen/Qwen3-32B,c4,3,19,512,0.221650
Qwen/Qwen3-32B,c4,3,19,2048,0.119125
Qwen/Qwen3-32B,c4,3,20,128,0.382955
Qwen/Qwen3-32B,c4,3,20,512,0.293399
Qwen/Qwen3-32B,c4,3,20,2048,0.180323
Qwen/Qwen3-32B,c4,3,21,128,0.359269
Qwen/Qwen3-32B,c4,3,21,512,0.197357
Qwen/Qwen3-32B,c4,3,21,2048,0.073086
Qwen/Qwen3-32B,c4,3,22,128,0.538415
Qwen/Qwen3-32B,c4,3,22,512,0.366128
Qwen/Qwen3-32B,c4,3,22,2048,0.181423
Qwen/Qwen3-32B,c4,3,23,128,0.557916
Qwen/Qwen3-32B,c4,3,23,512,0.300884
Qwen/Qwen3-32B,c4,3,23,2048,0.091458
Qwen/Qwen3-32B,c4,3,24,128,0.682682
Qwen/Qwen3-32B,c4,3,24,512,0.524704
Qwen/Qwen3-32B,c4,3,24,2048,0.199952
Qwen/Qwen3-32B,c4,3,25,128,0.738819
Qwen/Qwen3-32B,c4,3,25,512,0.547732
Qwen/Qwen3-32B,c4,3,25,2048,0.165014
Qwen/Qwen3-32B,c4,3,26,128,0.685230
Qwen/Qwen3-32B,c4,3,26,512,0.454955
Qwen/Qwen3-32B,c4,3,26,2048,0.221495
Qwen/Qwen3-32B,c4,3,27,128,0.496991
Qwen/Qwen3-32B,c4,3,27,512,0.294314
Qwen/Qwen3-32B,c4,3,27,2048,0.082827
Qwen/Qwen3-32B,c4,3,28,128,0.361559
Qwen/Qwen3-32B,c4,3,28,512,0.188856
Qwen/Qwen3-32B,c4,3,28,2048,0.088945
Qwen/Qwen3-32B,c4,3,29,128,0.366253
Qwen/Qwen3-32B,c4,3,29,512,0.229648
Qwen/Qwen3-32B,c4,3,29,2048,0.097292
Qwen/Qwen3-32B,c4,3,30,128,0.335534
Qwen/Qwen3-32B,c4,3,30,512,0.192247
Qwen/Qwen3-32B,c4,3,30,2048,0.071782
Qwen/Qwen3-32B,c4,3,31,128,0.390209
Qwen/Qwen3-32B,c4,3,31,512,0.211010
Qwen/Qwen3-32B,c4,3,31,2048,0.091606
Qwen/Qwen3-32B,c4,3,32,128,0.638896
Qwen/Qwen3-32B,c4,3,32,512,0.505045
Qwen/Qwen3-32B,c4,3,32,2048,0.206921
Qwen/Qwen3-32B,c4,3,33,128,0.567288
Qwen/Qwen3-32B,c4,3,33,512,0.380446
Qwen/Qwen3-32B,c4,3,33,2048,0.126174
Qwen/Qwen3-32B,c4,3,34,128,0.816728
Qwen/Qwen3-32B,c4,3,34,512,0.661452
Qwen/Qwen3-32B,c4,3,34,2048,0.341590
Qwen/Qwen3-32B,c4,3,35,128,0.458758
Qwen/Qwen3-32B,c4,3,35,512,0.272270
Qwen/Qwen3-32B,c4,3,35,2048,0.101801
Qwen/Qwen3-32B,c4,3,36,128,0.462026
Qwen/Qwen3-32B,c4,3,36,512,0.323133
Qwen/Qwen3-32B,c4,3,36,2048,0.116565
Qwen/Qwen3-32B,c4,3,37,128,0.808355
Qwen/Qwen3-32B,c4,3,37,512,0.651045
Qwen/Qwen3-32B,c4,3,37,2048,0.238409
Qwen/Qwen3-32B,c4,3,38,128,0.456638
Qwen/Qwen3-32B,c4,3,38,512,0.306397
Qwen/Qwen3-32B,c4,3,38,2048,0.121048
Qwen/Qwen3-32B,c4,3,39,128,0.592361
Qwen/Qwen3-32B,c4,3,39,512,0.324435
Qwen/Qwen3-32B,c4,3,39,2048,0.075075
Qwen/Qwen3-32B,c4,3,40,128,0.735572
Qwen/Qwen3-32B,c4,3,40,512,0.625349
Qwen/Qwen3-32B,c4,3,40,2048,0.294268
Qwen/Qwen3-32B,c4,3,41,128,0.851824
Qwen/Qwen3-32B,c4,3,41,512,0.744584
Qwen/Qwen3-32B,c4,3,41,2048,0.317188
Qwen/Qwen3-32B,c4,3,42,128,0.828569
Qwen/Qwen3-32B,c4,3,42,512,0.694199
Qwen/Qwen3-32B,c4,3,42,2048,0.390001
Qwen/Qwen3-32B,c4,3,43,128,0.614260
Qwen/Qwen3-32B,c4,3,43,512,0.476983
Qwen/Qwen3-32B,c4,3,43,2048,0.267338
Qwen/Qwen3-32B,c4,3,44,128,0.740814
Qwen/Qwen3-32B,c4,3,44,512,0.588616
Qwen/Qwen3-32B,c4,3,44,2048,0.387226
Qwen/Qwen3-32B,c4,3,45,128,0.666057
Qwen/Qwen3-32B,c4,3,45,512,0.527557
Qwen/Qwen3-32B,c4,3,45,2048,0.331642
Qwen/Qwen3-32B,c4,3,46,128,0.480383
Qwen/Qwen3-32B,c4,3,46,512,0.369544
Qwen/Qwen3-32B,c4,3,46,2048,0.194521
Qwen/Qwen3-32B,c4,3,47,128,0.236155
Qwen/Qwen3-32B,c4,3,47,512,0.190681
Qwen/Qwen3-32B,c4,3,47,2048,0.094306
Qwen/Qwen3-32B,c4,3,48,128,0.526870
Qwen/Qwen3-32B,c4,3,48,512,0.346203
Qwen/Qwen3-32B,c4,3,48,2048,0.124440
Qwen/Qwen3-32B,c4,3,49,128,0.698421
Qwen/Qwen3-32B,c4,3,49,512,0.447404
Qwen/Qwen3-32B,c4,3,49,2048,0.205827
Qwen/Qwen3-32B,c4,3,50,128,0.558293
Qwen/Qwen3-32B,c4,3,50,512,0.316073
Qwen/Qwen3-32B,c4,3,50,2048,0.106333
Qwen/Qwen3-32B,c4,3,51,128,0.512809
Qwen/Qwen3-32B,c4,3,51,512,0.289963
Qwen/Qwen3-32B,c4,3,51,2048,0.083089
Qwen/Qwen3-32B,c4,3,52,128,0.492687
Qwen/Qwen3-32B,c4,3,52,512,0.317606
Qwen/Qwen3-32B,c4,3,52,2048,0.134331
Qwen/Qwen3-32B,c4,3,53,128,0.490265
Qwen/Qwen3-32B,c4,3,53,512,0.287771
Qwen/Qwen3-32B,c4,3,53,2048,0.072958
Qwen/Qwen3-32B,c4,3,54,128,0.437604
Qwen/Qwen3-32B,c4,3,54,512,0.289613
Qwen/Qwen3-32B,c4,3,54,2048,0.117146
Qwen/Qwen3-32B,c4,3,55,128,0.390017
Qwen/Qwen3-32B,c4,3,55,512,0.219516
Qwen/Qwen3-32B,c4,3,55,2048,0.078495
Qwen/Qwen3-32B,c4,3,56,128,0.743768
Qwen/Qwen3-32B,c4,3,56,512,0.612860
Qwen/Qwen3-32B,c4,3,56,2048,0.290507
Qwen/Qwen3-32B,c4,3,57,128,0.755031
Qwen/Qwen3-32B,c4,3,57,512,0.585833
Qwen/Qwen3-32B,c4,3,57,2048,0.216652
Qwen/Qwen3-32B,c4,3,58,128,0.788486
Qwen/Qwen3-32B,c4,3,58,512,0.630483
Qwen/Qwen3-32B,c4,3,58,2048,0.320223
Qwen/Qwen3-32B,c4,3,59,128,0.595065
Qwen/Qwen3-32B,c4,3,59,512,0.457361
Qwen/Qwen3-32B,c4,3,59,2048,0.148198
Qwen/Qwen3-32B,c4,3,60,128,0.563452
Qwen/Qwen3-32B,c4,3,60,512,0.380718
Qwen/Qwen3-32B,c4,3,60,2048,0.123368
Qwen/Qwen3-32B,c4,3,61,128,0.680312
Qwen/Qwen3-32B,c4,3,61,512,0.532041
Qwen/Qwen3-32B,c4,3,61,2048,0.225123
Qwen/Qwen3-32B,c4,3,62,128,0.381729
Qwen/Qwen3-32B,c4,3,62,512,0.255851
Qwen/Qwen3-32B,c4,3,62,2048,0.086139
Qwen/Qwen3-32B,c4,3,63,128,0.635269
Qwen/Qwen3-32B,c4,3,63,512,0.456815
Qwen/Qwen3-32B,c4,3,63,2048,0.194808
Qwen/Qwen3-32B,c4,4,0,128,0.362261
Qwen/Qwen3-32B,c4,4,0,512,0.212351
Qwen/Qwen3-32B,c4,4,0,2048,0.057045
Qwen/Qwen3-32B,c4,4,1,128,0.870096
Qwen/Qwen3-32B,c4,4,1,512,0.698191
Qwen/Qwen3-32B,c4,4,1,2048,0.270532
Qwen/Qwen3-32B,c4,4,2,128,0.858784
Qwen/Qwen3-32B,c4,4,2,512,0.682319
Qwen/Qwen3-32B,c4,4,2,2048,0.266304
Qwen/Qwen3-32B,c4,4,3,128,0.441862
Qwen/Qwen3-32B,c4,4,3,512,0.197456
Qwen/Qwen3-32B,c4,4,3,2048,0.030637
Qwen/Qwen3-32B,c4,4,4,128,0.660643
Qwen/Qwen3-32B,c4,4,4,512,0.421029
Qwen/Qwen3-32B,c4,4,4,2048,0.105781
Qwen/Qwen3-32B,c4,4,5,128,0.831301
Qwen/Qwen3-32B,c4,4,5,512,0.666518
Qwen/Qwen3-32B,c4,4,5,2048,0.269016
Qwen/Qwen3-32B,c4,4,6,128,0.580593
Qwen/Qwen3-32B,c4,4,6,512,0.392647
Qwen/Qwen3-32B,c4,4,6,2048,0.134036
Qwen/Qwen3-32B,c4,4,7,128,0.659661
Qwen/Qwen3-32B,c4,4,7,512,0.404028
Qwen/Qwen3-32B,c4,4,7,2048,0.101592
Qwen/Qwen3-32B,c4,4,8,128,0.554546
Qwen/Qwen3-32B,c4,4,8,512,0.410696
Qwen/Qwen3-32B,c4,4,8,2048,0.160315
Qwen/Qwen3-32B,c4,4,9,128,0.650722
Qwen/Qwen3-32B,c4,4,9,512,0.537498
Qwen/Qwen3-32B,c4,4,9,2048,0.182980
Qwen/Qwen3-32B,c4,4,10,128,0.518033
Qwen/Qwen3-32B,c4,4,10,512,0.402333
Qwen/Qwen3-32B,c4,4,10,2048,0.191602
Qwen/Qwen3-32B,c4,4,11,128,0.375752
Qwen/Qwen3-32B,c4,4,11,512,0.275684
Qwen/Qwen3-32B,c4,4,11,2048,0.092842
Qwen/Qwen3-32B,c4,4,12,128,0.442554
Qwen/Qwen3-32B,c4,4,12,512,0.359743
Qwen/Qwen3-32B,c4,4,12,2048,0.121341
Qwen/Qwen3-32B,c4,4,13,128,0.203351
Qwen/Qwen3-32B,c4,4,13,512,0.164494
Qwen/Qwen3-32B,c4,4,13,2048,0.052375
Qwen/Qwen3-32B,c4,4,14,128,0.452825
Qwen/Qwen3-32B,c4,4,14,512,0.333479
Qwen/Qwen3-32B,c4,4,14,2048,0.096605
Qwen/Qwen3-32B,c4,4,15,128,0.703927
Qwen/Qwen3-32B,c4,4,15,512,0.515919
Qwen/Qwen3-32B,c4,4,15,2048,0.252901
Qwen/Qwen3-32B,c4,4,16,128,0.562791
Qwen/Qwen3-32B,c4,4,16,512,0.433752
Qwen/Qwen3-32B,c4,4,16,2048,0.158765
Qwen/Qwen3-32B,c4,4,17,128,0.700529
Qwen/Qwen3-32B,c4,4,17,512,0.552314
Qwen/Qwen3-32B,c4,4,17,2048,0.208515
Qwen/Qwen3-32B,c4,4,18,128,0.682852
Qwen/Qwen3-32B,c4,4,18,512,0.520858
Qwen/Qwen3-32B,c4,4,18,2048,0.182163
Qwen/Qwen3-32B,c4,4,19,128,0.583228
Qwen/Qwen3-32B,c4,4,19,512,0.395197
Qwen/Qwen3-32B,c4,4,19,2048,0.148009
Qwen/Qwen3-32B,c4,4,20,128,0.592093
Qwen/Qwen3-32B,c4,4,20,512,0.446731
Qwen/Qwen3-32B,c4,4,20,2048,0.151586
Qwen/Qwen3-32B,c4,4,21,128,0.621182
Qwen/Qwen3-32B,c4,4,21,512,0.472082
Qwen/Qwen3-32B,c4,4,21,2048,0.165685
Qwen/Qwen3-32B,c4,4,22,128,0.571015
Qwen/Qwen3-32B,c4,4,22,512,0.426734
Qwen/Qwen3-32B,c4,4,22,2048,0.136709
Qwen/Qwen3-32B,c4,4,23,128,0.900979
Qwen/Qwen3-32B,c4,4,23,512,0.520577
Qwen/Qwen3-32B,c4,4,23,2048,0.157805
Qwen/Qwen3-32B,c4,4,24,128,0.594600
Qwen/Qwen3-32B,c4,4,24,512,0.388792
Qwen/Qwen3-32B,c4,4,24,2048,0.127217
Qwen/Qwen3-32B,c4,4,25,128,0.522625
Qwen/Qwen3-32B,c4,4,25,512,0.371837
Qwen/Qwen3-32B,c4,4,25,2048,0.137151
Qwen/Qwen3-32B,c4,4,26,128,0.655361
Qwen/Qwen3-32B,c4,4,26,512,0.451698
Qwen/Qwen3-32B,c4,4,26,2048,0.106809
Qwen/Qwen3-32B,c4,4,27,128,0.261021
Qwen/Qwen3-32B,c4,4,27,512,0.172778
Qwen/Qwen3-32B,c4,4,27,2048,0.045745
Qwen/Qwen3-32B,c4,4,28,128,0.352387
Qwen/Qwen3-32B,c4,4,28,512,0.237163
Qwen/Qwen3-32B,c4,4,28,2048,0.065172
Qwen/Qwen3-32B,c4,4,29,128,0.295101
Qwen/Qwen3-32B,c4,4,29,512,0.198818
Qwen/Qwen3-32B,c4,4,29,2048,0.037546
Qwen/Qwen3-32B,c4,4,30,128,0.307905
Qwen/Qwen3-32B,c4,4,30,512,0.208750
Qwen/Qwen3-32B,c4,4,30,2048,0.046096
Qwen/Qwen3-32B,c4,4,31,128,0.599928
Qwen/Qwen3-32B,c4,4,31,512,0.414801
Qwen/Qwen3-32B,c4,4,31,2048,0.163621
Qwen/Qwen3-32B,c4,4,32,128,0.518387
Qwen/Qwen3-32B,c4,4,32,512,0.263179
Qwen/Qwen3-32B,c4,4,32,2048,0.065638
Qwen/Qwen3-32B,c4,4,33,128,0.513097
Qwen/Qwen3-32B,c4,4,33,512,0.317369
Qwen/Qwen3-32B,c4,4,33,2048,0.087516
Qwen/Qwen3-32B,c4,4,34,128,0.673505
Qwen/Qwen3-32B,c4,4,34,512,0.421119
Qwen/Qwen3-32B,c4,4,34,2048,0.160967
Qwen/Qwen3-32B,c4,4,35,128,0.315570
Qwen/Qwen3-32B,c4,4,35,512,0.117017
Qwen/Qwen3-32B,c4,4,35,2048,0.030210
Qwen/Qwen3-32B,c4,4,36,128,0.589195
Qwen/Qwen3-32B,c4,4,36,512,0.343492
Qwen/Qwen3-32B,c4,4,36,2048,0.065694
Qwen/Qwen3-32B,c4,4,37,128,0.429437
Qwen/Qwen3-32B,c4,4,37,512,0.193226
Qwen/Qwen3-32B,c4,4,37,2048,0.037119
Qwen/Qwen3-32B,c4,4,38,128,0.553266
Qwen/Qwen3-32B,c4,4,38,512,0.284050
Qwen/Qwen3-32B,c4,4,38,2048,0.046591
Qwen/Qwen3-32B,c4,4,39,128,0.605937
Qwen/Qwen3-32B,c4,4,39,512,0.376600
Qwen/Qwen3-32B,c4,4,39,2048,0.111421
Qwen/Qwen3-32B,c4,4,40,128,0.665202
Qwen/Qwen3-32B,c4,4,40,512,0.410807
Qwen/Qwen3-32B,c4,4,40,2048,0.154849
Qwen/Qwen3-32B,c4,4,41,128,0.676544
Qwen/Qwen3-32B,c4,4,41,512,0.461578
Qwen/Qwen3-32B,c4,4,41,2048,0.154490
Qwen/Qwen3-32B,c4,4,42,128,0.695452
Qwen/Qwen3-32B,c4,4,42,512,0.387059
Qwen/Qwen3-32B,c4,4,42,2048,0.145460
Qwen/Qwen3-32B,c4,4,43,128,0.669804
Qwen/Qwen3-32B,c4,4,43,512,0.336195
Qwen/Qwen3-32B,c4,4,43,2048,0.115393
Qwen/Qwen3-32B,c4,4,44,128,0.644255
Qwen/Qwen3-32B,c4,4,44,512,0.368868
Qwen/Qwen3-32B,c4,4,44,2048,0.082110
Qwen/Qwen3-32B,c4,4,45,128,0.690334
Qwen/Qwen3-32B,c4,4,45,512,0.403227
Qwen/Qwen3-32B,c4,4,45,2048,0.107442
Qwen/Qwen3-32B,c4,4,46,128,0.770144
Qwen/Qwen3-32B,c4,4,46,512,0.553697
Qwen/Qwen3-32B,c4,4,46,2048,0.254004
Qwen/Qwen3-32B,c4,4,47,128,0.526706
Qwen/Qwen3-32B,c4,4,47,512,0.353992
Qwen/Qwen3-32B,c4,4,47,2048,0.131565
Qwen/Qwen3-32B,c4,4,48,128,0.582292
Qwen/Qwen3-32B,c4,4,48,512,0.407982
Qwen/Qwen3-32B,c4,4,48,2048,0.154040
Qwen/Qwen3-32B,c4,4,49,128,0.678728
Qwen/Qwen3-32B,c4,4,49,512,0.490803
Qwen/Qwen3-32B,c4,4,49,2048,0.215331
Qwen/Qwen3-32B,c4,4,50,128,0.537242
Qwen/Qwen3-32B,c4,4,50,512,0.388067
Qwen/Qwen3-32B,c4,4,50,2048,0.151064
Qwen/Qwen3-32B,c4,4,51,128,0.455502
Qwen/Qwen3-32B,c4,4,51,512,0.312426
Qwen/Qwen3-32B,c4,4,51,2048,0.107527
Qwen/Qwen3-32B,c4,4,52,128,0.487387
Qwen/Qwen3-32B,c4,4,52,512,0.363503
Qwen/Qwen3-32B,c4,4,52,2048,0.147529
Qwen/Qwen3-32B,c4,4,53,128,0.370992
Qwen/Qwen3-32B,c4,4,53,512,0.277032
Qwen/Qwen3-32B,c4,4,53,2048,0.087675
Qwen/Qwen3-32B,c4,4,54,128,0.274551
Qwen/Qwen3-32B,c4,4,54,512,0.205406
Qwen/Qwen3-32B,c4,4,54,2048,0.036407
Qwen/Qwen3-32B,c4,4,55,128,0.471355
Qwen/Qwen3-32B,c4,4,55,512,0.298876
Qwen/Qwen3-32B,c4,4,55,2048,0.112899
Qwen/Qwen3-32B,c4,4,56,128,0.782662
Qwen/Qwen3-32B,c4,4,56,512,0.637947
Qwen/Qwen3-32B,c4,4,56,2048,0.224011
Qwen/Qwen3-32B,c4,4,57,128,0.496411
Qwen/Qwen3-32B,c4,4,57,512,0.341332
Qwen/Qwen3-32B,c4,4,57,2048,0.129959
Qwen/Qwen3-32B,c4,4,58,128,0.623101
Qwen/Qwen3-32B,c4,4,58,512,0.448998
Qwen/Qwen3-32B,c4,4,58,2048,0.170884
Qwen/Qwen3-32B,c4,4,59,128,0.613558
Qwen/Qwen3-32B,c4,4,59,512,0.423622
Qwen/Qwen3-32B,c4,4,59,2048,0.113315
Qwen/Qwen3-32B,c4,4,60,128,0.302371
Qwen/Qwen3-32B,c4,4,60,512,0.205679
Qwen/Qwen3-32B,c4,4,60,2048,0.067050
Qwen/Qwen3-32B,c4,4,61,128,0.344229
Qwen/Qwen3-32B,c4,4,61,512,0.233542
Qwen/Qwen3-32B,c4,4,61,2048,0.070880
Qwen/Qwen3-32B,c4,4,62,128,0.497572
Qwen/Qwen3-32B,c4,4,62,512,0.358361
Qwen/Qwen3-32B,c4,4,62,2048,0.099562
Qwen/Qwen3-32B,c4,4,63,128,0.453412
Qwen/Qwen3-32B,c4,4,63,512,0.277141
Qwen/Qwen3-32B,c4,4,63,2048,0.077754
Qwen/Qwen3-32B,c4,5,0,128,0.856054
Qwen/Qwen3-32B,c4,5,0,512,0.671082
Qwen/Qwen3-32B,c4,5,0,2048,0.305131
Qwen/Qwen3-32B,c4,5,1,128,0.726242
Qwen/Qwen3-32B,c4,5,1,512,0.401989
Qwen/Qwen3-32B,c4,5,1,2048,0.065261
Qwen/Qwen3-32B,c4,5,2,128,0.890219
Qwen/Qwen3-32B,c4,5,2,512,0.771413
Qwen/Qwen3-32B,c4,5,2,2048,0.407384
Qwen/Qwen3-32B,c4,5,3,128,0.868240
Qwen/Qwen3-32B,c4,5,3,512,0.733973
Qwen/Qwen3-32B,c4,5,3,2048,0.322797
Qwen/Qwen3-32B,c4,5,4,128,0.702118
Qwen/Qwen3-32B,c4,5,4,512,0.475513
Qwen/Qwen3-32B,c4,5,4,2048,0.130678
Qwen/Qwen3-32B,c4,5,5,128,0.862872
Qwen/Qwen3-32B,c4,5,5,512,0.736529
Qwen/Qwen3-32B,c4,5,5,2048,0.408116
Qwen/Qwen3-32B,c4,5,6,128,0.851958
Qwen/Qwen3-32B,c4,5,6,512,0.705628
Qwen/Qwen3-32B,c4,5,6,2048,0.303060
Qwen/Qwen3-32B,c4,5,7,128,0.738855
Qwen/Qwen3-32B,c4,5,7,512,0.553852
Qwen/Qwen3-32B,c4,5,7,2048,0.250176
Qwen/Qwen3-32B,c4,5,8,128,0.524778
Qwen/Qwen3-32B,c4,5,8,512,0.376349
Qwen/Qwen3-32B,c4,5,8,2048,0.156180
Qwen/Qwen3-32B,c4,5,9,128,0.699985
Qwen/Qwen3-32B,c4,5,9,512,0.472070
Qwen/Qwen3-32B,c4,5,9,2048,0.162177
Qwen/Qwen3-32B,c4,5,10,128,0.722779
Qwen/Qwen3-32B,c4,5,10,512,0.562263
Qwen/Qwen3-32B,c4,5,10,2048,0.242119
Qwen/Qwen3-32B,c4,5,11,128,0.342050
Qwen/Qwen3-32B,c4,5,11,512,0.235630
Qwen/Qwen3-32B,c4,5,11,2048,0.080999
Qwen/Qwen3-32B,c4,5,12,128,0.597792
Qwen/Qwen3-32B,c4,5,12,512,0.389094
Qwen/Qwen3-32B,c4,5,12,2048,0.173552
Qwen/Qwen3-32B,c4,5,13,128,0.790224
Qwen/Qwen3-32B,c4,5,13,512,0.616598
Qwen/Qwen3-32B,c4,5,13,2048,0.233660
Qwen/Qwen3-32B,c4,5,14,128,0.510397
Qwen/Qwen3-32B,c4,5,14,512,0.332365
Qwen/Qwen3-32B,c4,5,14,2048,0.093873
Qwen/Qwen3-32B,c4,5,15,128,0.392297
Qwen/Qwen3-32B,c4,5,15,512,0.292795
Qwen/Qwen3-32B,c4,5,15,2048,0.087642
Qwen/Qwen3-32B,c4,5,16,128,0.613583
Qwen/Qwen3-32B,c4,5,16,512,0.448830
Qwen/Qwen3-32B,c4,5,16,2048,0.161458
Qwen/Qwen3-32B,c4,5,17,128,0.631021
Qwen/Qwen3-32B,c4,5,17,512,0.462666
Qwen/Qwen3-32B,c4,5,17,2048,0.158225
Qwen/Qwen3-32B,c4,5,18,128,0.625765
Qwen/Qwen3-32B,c4,5,18,512,0.418693
Qwen/Qwen3-32B,c4,5,18,2048,0.153674
Qwen/Qwen3-32B,c4,5,19,128,0.328521
Qwen/Qwen3-32B,c4,5,19,512,0.232648
Qwen/Qwen3-32B,c4,5,19,2048,0.052965
Qwen/Qwen3-32B,c4,5,20,128,0.400802
Qwen/Qwen3-32B,c4,5,20,512,0.257951
Qwen/Qwen3-32B,c4,5,20,2048,0.090477
Qwen/Qwen3-32B,c4,5,21,128,0.364311
Qwen/Qwen3-32B,c4,5,21,512,0.249275
Qwen/Qwen3-32B,c4,5,21,2048,0.053327
Qwen/Qwen3-32B,c4,5,22,128,0.448996
Qwen/Qwen3-32B,c4,5,22,512,0.305921
Qwen/Qwen3-32B,c4,5,22,2048,0.119050
Qwen/Qwen3-32B,c4,5,23,128,0.460879
Qwen/Qwen3-32B,c4,5,23,512,0.309857
Qwen/Qwen3-32B,c4,5,23,2048,0.074387
Qwen/Qwen3-32B,c4,5,24,128,0.843171
Qwen/Qwen3-32B,c4,5,24,512,0.727938
Qwen/Qwen3-32B,c4,5,24,2048,0.380482
Qwen/Qwen3-32B,c4,5,25,128,0.854084
Qwen/Qwen3-32B,c4,5,25,512,0.754762
Qwen/Qwen3-32B,c4,5,25,2048,0.466927
Qwen/Qwen3-32B,c4,5,26,128,0.867006
Qwen/Qwen3-32B,c4,5,26,512,0.731131
Qwen/Qwen3-32B,c4,5,26,2048,0.381296
Qwen/Qwen3-32B,c4,5,27,128,0.720587
Qwen/Qwen3-32B,c4,5,27,512,0.519525
Qwen/Qwen3-32B,c4,5,27,2048,0.259321
Qwen/Qwen3-32B,c4,5,28,128,0.815967
Qwen/Qwen3-32B,c4,5,28,512,0.723896
Qwen/Qwen3-32B,c4,5,28,2048,0.439954
Qwen/Qwen3-32B,c4,5,29,128,0.800097
Qwen/Qwen3-32B,c4,5,29,512,0.735093
Qwen/Qwen3-32B,c4,5,29,2048,0.446691
Qwen/Qwen3-32B,c4,5,30,128,0.795793
Qwen/Qwen3-32B,c4,5,30,512,0.662095
Qwen/Qwen3-32B,c4,5,30,2048,0.327854
Qwen/Qwen3-32B,c4,5,31,128,0.863531
Qwen/Qwen3-32B,c4,5,31,512,0.721443
Qwen/Qwen3-32B,c4,5,31,2048,0.267629
Qwen/Qwen3-32B,c4,5,32,128,0.745685
Qwen/Qwen3-32B,c4,5,32,512,0.625413
Qwen/Qwen3-32B,c4,5,32,2048,0.269222
Qwen/Qwen3-32B,c4,5,33,128,0.691386
Qwen/Qwen3-32B,c4,5,33,512,0.559731
Qwen/Qwen3-32B,c4,5,33,2048,0.248175
Qwen/Qwen3-32B,c4,5,34,128,0.660969
Qwen/Qwen3-32B,c4,5,34,512,0.539485
Qwen/Qwen3-32B,c4,5,34,2048,0.226363
Qwen/Qwen3-32B,c4,5,35,128,0.807518
Qwen/Qwen3-32B,c4,5,35,512,0.672222
Qwen/Qwen3-32B,c4,5,35,2048,0.270815
Qwen/Qwen3-32B,c4,5,36,128,0.523988
Qwen/Qwen3-32B,c4,5,36,512,0.395238
Qwen/Qwen3-32B,c4,5,36,2048,0.145561
Qwen/Qwen3-32B,c4,5,37,128,0.614732
Qwen/Qwen3-32B,c4,5,37,512,0.503826
Qwen/Qwen3-32B,c4,5,37,2048,0.193741
Qwen/Qwen3-32B,c4,5,38,128,0.672578
Qwen/Qwen3-32B,c4,5,38,512,0.553408
Qwen/Qwen3-32B,c4,5,38,2048,0.253367
Qwen/Qwen3-32B,c4,5,39,128,0.612985
Qwen/Qwen3-32B,c4,5,39,512,0.473962
Qwen/Qwen3-32B,c4,5,39,2048,0.178167
Qwen/Qwen3-32B,c4,5,40,128,0.754361
Qwen/Qwen3-32B,c4,5,40,512,0.499335
Qwen/Qwen3-32B,c4,5,40,2048,0.190175
Qwen/Qwen3-32B,c4,5,41,128,0.693610
Qwen/Qwen3-32B,c4,5,41,512,0.508848
Qwen/Qwen3-32B,c4,5,41,2048,0.022661
Qwen/Qwen3-32B,c4,5,42,128,0.693021
Qwen/Qwen3-32B,c4,5,42,512,0.435196
Qwen/Qwen3-32B,c4,5,42,2048,0.120018
Qwen/Qwen3-32B,c4,5,43,128,0.766473
Qwen/Qwen3-32B,c4,5,43,512,0.581734
Qwen/Qwen3-32B,c4,5,43,2048,0.154227
Qwen/Qwen3-32B,c4,5,44,128,0.052761
Qwen/Qwen3-32B,c4,5,44,512,0.037429
Qwen/Qwen3-32B,c4,5,44,2048,0.002344
Qwen/Qwen3-32B,c4,5,45,128,0.609007
Qwen/Qwen3-32B,c4,5,45,512,0.426488
Qwen/Qwen3-32B,c4,5,45,2048,0.125898
Qwen/Qwen3-32B,c4,5,46,128,0.778242
Qwen/Qwen3-32B,c4,5,46,512,0.582185
Qwen/Qwen3-32B,c4,5,46,2048,0.195763
Qwen/Qwen3-32B,c4,5,47,128,0.042296
Qwen/Qwen3-32B,c4,5,47,512,0.035260
Qwen/Qwen3-32B,c4,5,47,2048,0.005147
Qwen/Qwen3-32B,c4,5,48,128,0.887899
Qwen/Qwen3-32B,c4,5,48,512,0.434363
Qwen/Qwen3-32B,c4,5,48,2048,0.070824
Qwen/Qwen3-32B,c4,5,49,128,0.224153
Qwen/Qwen3-32B,c4,5,49,512,0.158472
Qwen/Qwen3-32B,c4,5,49,2048,0.030645
Qwen/Qwen3-32B,c4,5,50,128,0.813562
Qwen/Qwen3-32B,c4,5,50,512,0.689021
Qwen/Qwen3-32B,c4,5,50,2048,0.356215
Qwen/Qwen3-32B,c4,5,51,128,0.337935
Qwen/Qwen3-32B,c4,5,51,512,0.042762
Qwen/Qwen3-32B,c4,5,51,2048,0.005137
Qwen/Qwen3-32B,c4,5,52,128,0.217750
Qwen/Qwen3-32B,c4,5,52,512,0.149974
Qwen/Qwen3-32B,c4,5,52,2048,0.039434
Qwen/Qwen3-32B,c4,5,53,128,0.699717
Qwen/Qwen3-32B,c4,5,53,512,0.553951
Qwen/Qwen3-32B,c4,5,53,2048,0.186543
Qwen/Qwen3-32B,c4,5,54,128,0.647589
Qwen/Qwen3-32B,c4,5,54,512,0.479576
Qwen/Qwen3-32B,c4,5,54,2048,0.046062
Qwen/Qwen3-32B,c4,5,55,128,0.037872
Qwen/Qwen3-32B,c4,5,55,512,0.015535
Qwen/Qwen3-32B,c4,5,55,2048,0.001623
Qwen/Qwen3-32B,c4,5,56,128,0.700581
Qwen/Qwen3-32B,c4,5,56,512,0.421770
Qwen/Qwen3-32B,c4,5,56,2048,0.107833
Qwen/Qwen3-32B,c4,5,57,128,0.422299
Qwen/Qwen3-32B,c4,5,57,512,0.290539
Qwen/Qwen3-32B,c4,5,57,2048,0.132589
Qwen/Qwen3-32B,c4,5,58,128,0.605040
Qwen/Qwen3-32B,c4,5,58,512,0.396781
Qwen/Qwen3-32B,c4,5,58,2048,0.099737
Qwen/Qwen3-32B,c4,5,59,128,0.350894
Qwen/Qwen3-32B,c4,5,59,512,0.157232
Qwen/Qwen3-32B,c4,5,59,2048,0.044603
Qwen/Qwen3-32B,c4,5,60,128,0.243925
Qwen/Qwen3-32B,c4,5,60,512,0.155741
Qwen/Qwen3-32B,c4,5,60,2048,0.052464
Qwen/Qwen3-32B,c4,5,61,128,0.540817
Qwen/Qwen3-32B,c4,5,61,512,0.282819
Qwen/Qwen3-32B,c4,5,61,2048,0.039835
Qwen/Qwen3-32B,c4,5,62,128,0.455095
Qwen/Qwen3-32B,c4,5,62,512,0.286599
Qwen/Qwen3-32B,c4,5,62,2048,0.091675
Qwen/Qwen3-32B,c4,5,63,128,0.406335
Qwen/Qwen3-32B,c4,5,63,512,0.162212
Qwen/Qwen3-32B,c4,5,63,2048,0.038253
Qwen/Qwen3-32B,c4,6,0,128,0.799955
Qwen/Qwen3-32B,c4,6,0,512,0.593462
Qwen/Qwen3-32B,c4,6,0,2048,0.242211
Qwen/Qwen3-32B,c4,6,1,128,0.680567
Qwen/Qwen3-32B,c4,6,1,512,0.391823
Qwen/Qwen3-32B,c4,6,1,2048,0.096621
Qwen/Qwen3-32B,c4,6,2,128,0.726160
Qwen/Qwen3-32B,c4,6,2,512,0.542369
Qwen/Qwen3-32B,c4,6,2,2048,0.171868
Qwen/Qwen3-32B,c4,6,3,128,0.489413
Qwen/Qwen3-32B,c4,6,3,512,0.400325
Qwen/Qwen3-32B,c4,6,3,2048,0.150237
Qwen/Qwen3-32B,c4,6,4,128,0.323557
Qwen/Qwen3-32B,c4,6,4,512,0.150982
Qwen/Qwen3-32B,c4,6,4,2048,0.026715
Qwen/Qwen3-32B,c4,6,5,128,0.375135
Qwen/Qwen3-32B,c4,6,5,512,0.281949
Qwen/Qwen3-32B,c4,6,5,2048,0.086235
Qwen/Qwen3-32B,c4,6,6,128,0.558828
Qwen/Qwen3-32B,c4,6,6,512,0.376665
Qwen/Qwen3-32B,c4,6,6,2048,0.102509
Qwen/Qwen3-32B,c4,6,7,128,0.201523
Qwen/Qwen3-32B,c4,6,7,512,0.131341
Qwen/Qwen3-32B,c4,6,7,2048,0.044810
Qwen/Qwen3-32B,c4,6,8,128,0.734020
Qwen/Qwen3-32B,c4,6,8,512,0.681813
Qwen/Qwen3-32B,c4,6,8,2048,0.456813
Qwen/Qwen3-32B,c4,6,9,128,0.540048
Qwen/Qwen3-32B,c4,6,9,512,0.452251
Qwen/Qwen3-32B,c4,6,9,2048,0.239771
Qwen/Qwen3-32B,c4,6,10,128,0.699056
Qwen/Qwen3-32B,c4,6,10,512,0.547207
Qwen/Qwen3-32B,c4,6,10,2048,0.327203
Qwen/Qwen3-32B,c4,6,11,128,0.673996
Qwen/Qwen3-32B,c4,6,11,512,0.556101
Qwen/Qwen3-32B,c4,6,11,2048,0.289776
Qwen/Qwen3-32B,c4,6,12,128,0.599381
Qwen/Qwen3-32B,c4,6,12,512,0.506713
Qwen/Qwen3-32B,c4,6,12,2048,0.337829
Qwen/Qwen3-32B,c4,6,13,128,0.011905
Qwen/Qwen3-32B,c4,6,13,512,0.006609
Qwen/Qwen3-32B,c4,6,13,2048,0.001339
Qwen/Qwen3-32B,c4,6,14,128,0.727286
Qwen/Qwen3-32B,c4,6,14,512,0.646929
Qwen/Qwen3-32B,c4,6,14,2048,0.414202
Qwen/Qwen3-32B,c4,6,15,128,0.144857
Qwen/Qwen3-32B,c4,6,15,512,0.104734
Qwen/Qwen3-32B,c4,6,15,2048,0.029022
Qwen/Qwen3-32B,c4,6,16,128,0.462172
Qwen/Qwen3-32B,c4,6,16,512,0.224393
Qwen/Qwen3-32B,c4,6,16,2048,0.062683
Qwen/Qwen3-32B,c4,6,17,128,0.694436
Qwen/Qwen3-32B,c4,6,17,512,0.527911
Qwen/Qwen3-32B,c4,6,17,2048,0.146943
Qwen/Qwen3-32B,c4,6,18,128,0.675540
Qwen/Qwen3-32B,c4,6,18,512,0.445531
Qwen/Qwen3-32B,c4,6,18,2048,0.092995
Qwen/Qwen3-32B,c4,6,19,128,0.247562
Qwen/Qwen3-32B,c4,6,19,512,0.128612
Qwen/Qwen3-32B,c4,6,19,2048,0.031114
Qwen/Qwen3-32B,c4,6,20,128,0.461301
Qwen/Qwen3-32B,c4,6,20,512,0.335222
Qwen/Qwen3-32B,c4,6,20,2048,0.113872
Qwen/Qwen3-32B,c4,6,21,128,0.350737
Qwen/Qwen3-32B,c4,6,21,512,0.206751
Qwen/Qwen3-32B,c4,6,21,2048,0.045034
Qwen/Qwen3-32B,c4,6,22,128,0.356374
Qwen/Qwen3-32B,c4,6,22,512,0.151349
Qwen/Qwen3-32B,c4,6,22,2048,0.030120
Qwen/Qwen3-32B,c4,6,23,128,0.359378
Qwen/Qwen3-32B,c4,6,23,512,0.254831
Qwen/Qwen3-32B,c4,6,23,2048,0.092366
Qwen/Qwen3-32B,c4,6,24,128,0.573315
Qwen/Qwen3-32B,c4,6,24,512,0.433701
Qwen/Qwen3-32B,c4,6,24,2048,0.156578
Qwen/Qwen3-32B,c4,6,25,128,0.491831
Qwen/Qwen3-32B,c4,6,25,512,0.382873
Qwen/Qwen3-32B,c4,6,25,2048,0.135896
Qwen/Qwen3-32B,c4,6,26,128,0.567469
Qwen/Qwen3-32B,c4,6,26,512,0.431492
Qwen/Qwen3-32B,c4,6,26,2048,0.143950
Qwen/Qwen3-32B,c4,6,27,128,0.217508
Qwen/Qwen3-32B,c4,6,27,512,0.142116
Qwen/Qwen3-32B,c4,6,27,2048,0.024355
Qwen/Qwen3-32B,c4,6,28,128,0.199798
Qwen/Qwen3-32B,c4,6,28,512,0.149798
Qwen/Qwen3-32B,c4,6,28,2048,0.041354
Qwen/Qwen3-32B,c4,6,29,128,0.240339
Qwen/Qwen3-32B,c4,6,29,512,0.172505
Qwen/Qwen3-32B,c4,6,29,2048,0.057731
Qwen/Qwen3-32B,c4,6,30,128,0.156213
Qwen/Qwen3-32B,c4,6,30,512,0.104156
Qwen/Qwen3-32B,c4,6,30,2048,0.022409
Qwen/Qwen3-32B,c4,6,31,128,0.396550
Qwen/Qwen3-32B,c4,6,31,512,0.302139
Qwen/Qwen3-32B,c4,6,31,2048,0.094517
Qwen/Qwen3-32B,c4,6,32,128,0.604689
Qwen/Qwen3-32B,c4,6,32,512,0.316352
Qwen/Qwen3-32B,c4,6,32,2048,0.065712
Qwen/Qwen3-32B,c4,6,33,128,0.673137
Qwen/Qwen3-32B,c4,6,33,512,0.477979
Qwen/Qwen3-32B,c4,6,33,2048,0.127489
Qwen/Qwen3-32B,c4,6,34,128,0.554537
Qwen/Qwen3-32B,c4,6,34,512,0.316034
Qwen/Qwen3-32B,c4,6,34,2048,0.110289
Qwen/Qwen3-32B,c4,6,35,128,0.356048
Qwen/Qwen3-32B,c4,6,35,512,0.169827
Qwen/Qwen3-32B,c4,6,35,2048,0.034572
Qwen/Qwen3-32B,c4,6,36,128,0.565698
Qwen/Qwen3-32B,c4,6,36,512,0.416046
Qwen/Qwen3-32B,c4,6,36,2048,0.116703
Qwen/Qwen3-32B,c4,6,37,128,0.360200
Qwen/Qwen3-32B,c4,6,37,512,0.220623
Qwen/Qwen3-32B,c4,6,37,2048,0.092531
Qwen/Qwen3-32B,c4,6,38,128,0.404815
Qwen/Qwen3-32B,c4,6,38,512,0.255562
Qwen/Qwen3-32B,c4,6,38,2048,0.057135
Qwen/Qwen3-32B,c4,6,39,128,0.462705
Qwen/Qwen3-32B,c4,6,39,512,0.279187
Qwen/Qwen3-32B,c4,6,39,2048,0.061545
Qwen/Qwen3-32B,c4,6,40,128,0.628649
Qwen/Qwen3-32B,c4,6,40,512,0.343493
Qwen/Qwen3-32B,c4,6,40,2048,0.073916
Qwen/Qwen3-32B,c4,6,41,128,0.647672
Qwen/Qwen3-32B,c4,6,41,512,0.385305
Qwen/Qwen3-32B,c4,6,41,2048,0.101688
Qwen/Qwen3-32B,c4,6,42,128,0.805321
Qwen/Qwen3-32B,c4,6,42,512,0.467374
Qwen/Qwen3-32B,c4,6,42,2048,0.090207
Qwen/Qwen3-32B,c4,6,43,128,0.279843
Qwen/Qwen3-32B,c4,6,43,512,0.173040
Qwen/Qwen3-32B,c4,6,43,2048,0.059371
Qwen/Qwen3-32B,c4,6,44,128,0.352672
Qwen/Qwen3-32B,c4,6,44,512,0.214154
Qwen/Qwen3-32B,c4,6,44,2048,0.065199
Qwen/Qwen3-32B,c4,6,45,128,0.353062
Qwen/Qwen3-32B,c4,6,45,512,0.180647
Qwen/Qwen3-32B,c4,6,45,2048,0.036562
Qwen/Qwen3-32B,c4,6,46,128,0.583580
Qwen/Qwen3-32B,c4,6,46,512,0.300137
Qwen/Qwen3-32B,c4,6,46,2048,0.056887
Qwen/Qwen3-32B,c4,6,47,128,0.433067
Qwen/Qwen3-32B,c4,6,47,512,0.294408
Qwen/Qwen3-32B,c4,6,47,2048,0.093908
Qwen/Qwen3-32B,c4,6,48,128,0.807244
Qwen/Qwen3-32B,c4,6,48,512,0.661914
Qwen/Qwen3-32B,c4,6,48,2048,0.278676
Qwen/Qwen3-32B,c4,6,49,128,0.811949
Qwen/Qwen3-32B,c4,6,49,512,0.706194
Qwen/Qwen3-32B,c4,6,49,2048,0.322072
Qwen/Qwen3-32B,c4,6,50,128,0.709632
Qwen/Qwen3-32B,c4,6,50,512,0.525233
Qwen/Qwen3-32B,c4,6,50,2048,0.184283
Qwen/Qwen3-32B,c4,6,51,128,0.809718
Qwen/Qwen3-32B,c4,6,51,512,0.655562
Qwen/Qwen3-32B,c4,6,51,2048,0.294789
Qwen/Qwen3-32B,c4,6,52,128,0.651077
Qwen/Qwen3-32B,c4,6,52,512,0.465594
Qwen/Qwen3-32B,c4,6,52,2048,0.187843
Qwen/Qwen3-32B,c4,6,53,128,0.758716
Qwen/Qwen3-32B,c4,6,53,512,0.623306
Qwen/Qwen3-32B,c4,6,53,2048,0.261609
Qwen/Qwen3-32B,c4,6,54,128,0.649752
Qwen/Qwen3-32B,c4,6,54,512,0.473478
Qwen/Qwen3-32B,c4,6,54,2048,0.178835
Qwen/Qwen3-32B,c4,6,55,128,0.633841
Qwen/Qwen3-32B,c4,6,55,512,0.416953
Qwen/Qwen3-32B,c4,6,55,2048,0.138518
Qwen/Qwen3-32B,c4,6,56,128,0.454715
Qwen/Qwen3-32B,c4,6,56,512,0.217997
Qwen/Qwen3-32B,c4,6,56,2048,0.053946
Qwen/Qwen3-32B,c4,6,57,128,0.531363
Qwen/Qwen3-32B,c4,6,57,512,0.334501
Qwen/Qwen3-32B,c4,6,57,2048,0.093367
Qwen/Qwen3-32B,c4,6,58,128,0.525557
Qwen/Qwen3-32B,c4,6,58,512,0.272443
Qwen/Qwen3-32B,c4,6,58,2048,0.058700
Qwen/Qwen3-32B,c4,6,59,128,0.471579
Qwen/Qwen3-32B,c4,6,59,512,0.218897
Qwen/Qwen3-32B,c4,6,59,2048,0.038724
Qwen/Qwen3-32B,c4,6,60,128,0.579452
Qwen/Qwen3-32B,c4,6,60,512,0.306684
Qwen/Qwen3-32B,c4,6,60,2048,0.086894
Qwen/Qwen3-32B,c4,6,61,128,0.578740
Qwen/Qwen3-32B,c4,6,61,512,0.305581
Qwen/Qwen3-32B,c4,6,61,2048,0.054224
Qwen/Qwen3-32B,c4,6,62,128,0.502893
Qwen/Qwen3-32B,c4,6,62,512,0.281591
Qwen/Qwen3-32B,c4,6,62,2048,0.095929
Qwen/Qwen3-32B,c4,6,63,128,0.337209
Qwen/Qwen3-32B,c4,6,63,512,0.109472
Qwen/Qwen3-32B,c4,6,63,2048,0.017714
Qwen/Qwen3-32B,c4,7,0,128,0.075084
Qwen/Qwen3-32B,c4,7,0,512,0.053168
Qwen/Qwen3-32B,c4,7,0,2048,0.017032
Qwen/Qwen3-32B,c4,7,1,128,0.048938
Qwen/Qwen3-32B,c4,7,1,512,0.031635
Qwen/Qwen3-32B,c4,7,1,2048,0.013442
Qwen/Qwen3-32B,c4,7,2,128,0.143103
Qwen/Qwen3-32B,c4,7,2,512,0.102499
Qwen/Qwen3-32B,c4,7,2,2048,0.034285
Qwen/Qwen3-32B,c4,7,3,128,0.136840
Qwen/Qwen3-32B,c4,7,3,512,0.092045
Qwen/Qwen3-32B,c4,7,3,2048,0.030330
Qwen/Qwen3-32B,c4,7,4,128,0.109541
Qwen/Qwen3-32B,c4,7,4,512,0.066054
Qwen/Qwen3-32B,c4,7,4,2048,0.025014
Qwen/Qwen3-32B,c4,7,5,128,0.118398
Qwen/Qwen3-32B,c4,7,5,512,0.082069
Qwen/Qwen3-32B,c4,7,5,2048,0.026272
Qwen/Qwen3-32B,c4,7,6,128,0.097362
Qwen/Qwen3-32B,c4,7,6,512,0.067052
Qwen/Qwen3-32B,c4,7,6,2048,0.022715
Qwen/Qwen3-32B,c4,7,7,128,0.036768
Qwen/Qwen3-32B,c4,7,7,512,0.024646
Qwen/Qwen3-32B,c4,7,7,2048,0.005380
Qwen/Qwen3-32B,c4,7,8,128,0.041760
Qwen/Qwen3-32B,c4,7,8,512,0.028922
Qwen/Qwen3-32B,c4,7,8,2048,0.010147
Qwen/Qwen3-32B,c4,7,9,128,0.074517
Qwen/Qwen3-32B,c4,7,9,512,0.036307
Qwen/Qwen3-32B,c4,7,9,2048,0.009554
Qwen/Qwen3-32B,c4,7,10,128,0.062585
Qwen/Qwen3-32B,c4,7,10,512,0.034338
Qwen/Qwen3-32B,c4,7,10,2048,0.008331
Qwen/Qwen3-32B,c4,7,11,128,0.069131
Qwen/Qwen3-32B,c4,7,11,512,0.039404
Qwen/Qwen3-32B,c4,7,11,2048,0.013831
Qwen/Qwen3-32B,c4,7,12,128,0.149085
Qwen/Qwen3-32B,c4,7,12,512,0.072658
Qwen/Qwen3-32B,c4,7,12,2048,0.024458
Qwen/Qwen3-32B,c4,7,13,128,0.112865
Qwen/Qwen3-32B,c4,7,13,512,0.056304
Qwen/Qwen3-32B,c4,7,13,2048,0.014699
Qwen/Qwen3-32B,c4,7,14,128,0.252893
Qwen/Qwen3-32B,c4,7,14,512,0.160654
Qwen/Qwen3-32B,c4,7,14,2048,0.050035
Qwen/Qwen3-32B,c4,7,15,128,0.161868
Qwen/Qwen3-32B,c4,7,15,512,0.072800
Qwen/Qwen3-32B,c4,7,15,2048,0.019779
Qwen/Qwen3-32B,c4,7,16,128,0.086947
Qwen/Qwen3-32B,c4,7,16,512,0.057853
Qwen/Qwen3-32B,c4,7,16,2048,0.012130
Qwen/Qwen3-32B,c4,7,17,128,0.107358
Qwen/Qwen3-32B,c4,7,17,512,0.068792
Qwen/Qwen3-32B,c4,7,17,2048,0.013749
Qwen/Qwen3-32B,c4,7,18,128,0.087763
Qwen/Qwen3-32B,c4,7,18,512,0.053183
Qwen/Qwen3-32B,c4,7,18,2048,0.012518
Qwen/Qwen3-32B,c4,7,19,128,0.150436
Qwen/Qwen3-32B,c4,7,19,512,0.096185
Qwen/Qwen3-32B,c4,7,19,2048,0.017777
Qwen/Qwen3-32B,c4,7,20,128,0.126394
Qwen/Qwen3-32B,c4,7,20,512,0.076136
Qwen/Qwen3-32B,c4,7,20,2048,0.014589
Qwen/Qwen3-32B,c4,7,21,128,0.069197
Qwen/Qwen3-32B,c4,7,21,512,0.043777
Qwen/Qwen3-32B,c4,7,21,2048,0.008595
Qwen/Qwen3-32B,c4,7,22,128,0.235192
Qwen/Qwen3-32B,c4,7,22,512,0.152690
Qwen/Qwen3-32B,c4,7,22,2048,0.031764
Qwen/Qwen3-32B,c4,7,23,128,0.151021
Qwen/Qwen3-32B,c4,7,23,512,0.101455
Qwen/Qwen3-32B,c4,7,23,2048,0.019740
Qwen/Qwen3-32B,c4,7,24,128,0.166909
Qwen/Qwen3-32B,c4,7,24,512,0.081028
Qwen/Qwen3-32B,c4,7,24,2048,0.014229
Qwen/Qwen3-32B,c4,7,25,128,0.058577
Qwen/Qwen3-32B,c4,7,25,512,0.035413
Qwen/Qwen3-32B,c4,7,25,2048,0.011944
Qwen/Qwen3-32B,c4,7,26,128,0.014355
Qwen/Qwen3-32B,c4,7,26,512,0.007893
Qwen/Qwen3-32B,c4,7,26,2048,0.001203
Qwen/Qwen3-32B,c4,7,27,128,0.072094
Qwen/Qwen3-32B,c4,7,27,512,0.034803
Qwen/Qwen3-32B,c4,7,27,2048,0.008113
Qwen/Qwen3-32B,c4,7,28,128,0.105687
Qwen/Qwen3-32B,c4,7,28,512,0.048824
Qwen/Qwen3-32B,c4,7,28,2048,0.017851
Qwen/Qwen3-32B,c4,7,29,128,0.102170
Qwen/Qwen3-32B,c4,7,29,512,0.053225
Qwen/Qwen3-32B,c4,7,29,2048,0.008707
Qwen/Qwen3-32B,c4,7,30,128,0.334396
Qwen/Qwen3-32B,c4,7,30,512,0.204052
Qwen/Qwen3-32B,c4,7,30,2048,0.032725
Qwen/Qwen3-32B,c4,7,31,128,0.181687
Qwen/Qwen3-32B,c4,7,31,512,0.079428
Qwen/Qwen3-32B,c4,7,31,2048,0.016133
Qwen/Qwen3-32B,c4,7,32,128,0.062910
Qwen/Qwen3-32B,c4,7,32,512,0.048436
Qwen/Qwen3-32B,c4,7,32,2048,0.011889
Qwen/Qwen3-32B,c4,7,33,128,0.062834
Qwen/Qwen3-32B,c4,7,33,512,0.044149
Qwen/Qwen3-32B,c4,7,33,2048,0.010317
Qwen/Qwen3-32B,c4,7,34,128,0.061754
Qwen/Qwen3-32B,c4,7,34,512,0.042484
Qwen/Qwen3-32B,c4,7,34,2048,0.009218
Qwen/Qwen3-32B,c4,7,35,128,0.064680
Qwen/Qwen3-32B,c4,7,35,512,0.045561
Qwen/Qwen3-32B,c4,7,35,2048,0.012517
Qwen/Qwen3-32B,c4,7,36,128,0.084783
Qwen/Qwen3-32B,c4,7,36,512,0.056269
Qwen/Qwen3-32B,c4,7,36,2048,0.014569
Qwen/Qwen3-32B,c4,7,37,128,0.109081
Qwen/Qwen3-32B,c4,7,37,512,0.069534
Qwen/Qwen3-32B,c4,7,37,2048,0.017159
Qwen/Qwen3-32B,c4,7,38,128,0.088153
Qwen/Qwen3-32B,c4,7,38,512,0.060042
Qwen/Qwen3-32B,c4,7,38,2048,0.014133
Qwen/Qwen3-32B,c4,7,39,128,0.086534
Qwen/Qwen3-32B,c4,7,39,512,0.061560
Qwen/Qwen3-32B,c4,7,39,2048,0.015307
Qwen/Qwen3-32B,c4,7,40,128,0.043284
Qwen/Qwen3-32B,c4,7,40,512,0.027115
Qwen/Qwen3-32B,c4,7,40,2048,0.008592
Qwen/Qwen3-32B,c4,7,41,128,0.183709
Qwen/Qwen3-32B,c4,7,41,512,0.119480
Qwen/Qwen3-32B,c4,7,41,2048,0.044364
Qwen/Qwen3-32B,c4,7,42,128,0.036079
Qwen/Qwen3-32B,c4,7,42,512,0.024300
Qwen/Qwen3-32B,c4,7,42,2048,0.006672
Qwen/Qwen3-32B,c4,7,43,128,0.112846
Qwen/Qwen3-32B,c4,7,43,512,0.061945
Qwen/Qwen3-32B,c4,7,43,2048,0.025283
Qwen/Qwen3-32B,c4,7,44,128,0.350385
Qwen/Qwen3-32B,c4,7,44,512,0.201201
Qwen/Qwen3-32B,c4,7,44,2048,0.056669
Qwen/Qwen3-32B,c4,7,45,128,0.088012
Qwen/Qwen3-32B,c4,7,45,512,0.054505
Qwen/Qwen3-32B,c4,7,45,2048,0.016039
Qwen/Qwen3-32B,c4,7,46,128,0.015997
Qwen/Qwen3-32B,c4,7,46,512,0.012041
Qwen/Qwen3-32B,c4,7,46,2048,0.003449
Qwen/Qwen3-32B,c4,7,47,128,0.069383
Qwen/Qwen3-32B,c4,7,47,512,0.041973
Qwen/Qwen3-32B,c4,7,47,2048,0.017024
Qwen/Qwen3-32B,c4,7,48,128,0.045140
Qwen/Qwen3-32B,c4,7,48,512,0.028423
Qwen/Qwen3-32B,c4,7,48,2048,0.009614
Qwen/Qwen3-32B,c4,7,49,128,0.032504
Qwen/Qwen3-32B,c4,7,49,512,0.018501
Qwen/Qwen3-32B,c4,7,49,2048,0.004419
Qwen/Qwen3-32B,c4,7,50,128,0.177819
Qwen/Qwen3-32B,c4,7,50,512,0.087934
Qwen/Qwen3-32B,c4,7,50,2048,0.028466
Qwen/Qwen3-32B,c4,7,51,128,0.057575
Qwen/Qwen3-32B,c4,7,51,512,0.029395
Qwen/Qwen3-32B,c4,7,51,2048,0.010199
Qwen/Qwen3-32B,c4,7,52,128,0.044553
Qwen/Qwen3-32B,c4,7,52,512,0.030837
Qwen/Qwen3-32B,c4,7,52,2048,0.012056
Qwen/Qwen3-32B,c4,7,53,128,0.187755
Qwen/Qwen3-32B,c4,7,53,512,0.103775
Qwen/Qwen3-32B,c4,7,53,2048,0.020440
Qwen/Qwen3-32B,c4,7,54,128,0.100891
Qwen/Qwen3-32B,c4,7,54,512,0.058690
Qwen/Qwen3-32B,c4,7,54,2048,0.021567
Qwen/Qwen3-32B,c4,7,55,128,0.298159
Qwen/Qwen3-32B,c4,7,55,512,0.093927
Qwen/Qwen3-32B,c4,7,55,2048,0.008966
Qwen/Qwen3-32B,c4,7,56,128,0.154060
Qwen/Qwen3-32B,c4,7,56,512,0.083301
Qwen/Qwen3-32B,c4,7,56,2048,0.025006
Qwen/Qwen3-32B,c4,7,57,128,0.542073
Qwen/Qwen3-32B,c4,7,57,512,0.410916
Qwen/Qwen3-32B,c4,7,57,2048,0.122793
Qwen/Qwen3-32B,c4,7,58,128,0.383655
Qwen/Qwen3-32B,c4,7,58,512,0.269115
Qwen/Qwen3-32B,c4,7,58,2048,0.076799
Qwen/Qwen3-32B,c4,7,59,128,0.100010
Qwen/Qwen3-32B,c4,7,59,512,0.061359
Qwen/Qwen3-32B,c4,7,59,2048,0.025671
Qwen/Qwen3-32B,c4,7,60,128,0.302616
Qwen/Qwen3-32B,c4,7,60,512,0.235277
Qwen/Qwen3-32B,c4,7,60,2048,0.060509
Qwen/Qwen3-32B,c4,7,61,128,0.133459
Qwen/Qwen3-32B,c4,7,61,512,0.072757
Qwen/Qwen3-32B,c4,7,61,2048,0.017747
Qwen/Qwen3-32B,c4,7,62,128,0.191837
Qwen/Qwen3-32B,c4,7,62,512,0.084871
Qwen/Qwen3-32B,c4,7,62,2048,0.029762
Qwen/Qwen3-32B,c4,7,63,128,0.296651
Qwen/Qwen3-32B,c4,7,63,512,0.123631
Qwen/Qwen3-32B,c4,7,63,2048,0.028911
Qwen/Qwen3-32B,c4,8,0,128,0.020625
Qwen/Qwen3-32B,c4,8,0,512,0.012883
Qwen/Qwen3-32B,c4,8,0,2048,0.000106
Qwen/Qwen3-32B,c4,8,1,128,0.019512
Qwen/Qwen3-32B,c4,8,1,512,0.014785
Qwen/Qwen3-32B,c4,8,1,2048,0.000360
Qwen/Qwen3-32B,c4,8,2,128,0.017642
Qwen/Qwen3-32B,c4,8,2,512,0.013069
Qwen/Qwen3-32B,c4,8,2,2048,0.000219
Qwen/Qwen3-32B,c4,8,3,128,0.036015
Qwen/Qwen3-32B,c4,8,3,512,0.021759
Qwen/Qwen3-32B,c4,8,3,2048,0.000213
Qwen/Qwen3-32B,c4,8,4,128,0.017908
Qwen/Qwen3-32B,c4,8,4,512,0.012706
Qwen/Qwen3-32B,c4,8,4,2048,0.000174
Qwen/Qwen3-32B,c4,8,5,128,0.009665
Qwen/Qwen3-32B,c4,8,5,512,0.006568
Qwen/Qwen3-32B,c4,8,5,2048,0.000070
Qwen/Qwen3-32B,c4,8,6,128,0.032928
Qwen/Qwen3-32B,c4,8,6,512,0.018026
Qwen/Qwen3-32B,c4,8,6,2048,0.000340
Qwen/Qwen3-32B,c4,8,7,128,0.083832
Qwen/Qwen3-32B,c4,8,7,512,0.053395
Qwen/Qwen3-32B,c4,8,7,2048,0.000581
Qwen/Qwen3-32B,c4,8,8,128,0.007152
Qwen/Qwen3-32B,c4,8,8,512,0.005106
Qwen/Qwen3-32B,c4,8,8,2048,0.000048
Qwen/Qwen3-32B,c4,8,9,128,0.005874
Qwen/Qwen3-32B,c4,8,9,512,0.002812
Qwen/Qwen3-32B,c4,8,9,2048,0.000042
Qwen/Qwen3-32B,c4,8,10,128,0.051425
Qwen/Qwen3-32B,c4,8,10,512,0.046692
Qwen/Qwen3-32B,c4,8,10,2048,0.000329
Qwen/Qwen3-32B,c4,8,11,128,0.015007
Qwen/Qwen3-32B,c4,8,11,512,0.011949
Qwen/Qwen3-32B,c4,8,11,2048,0.000109
Qwen/Qwen3-32B,c4,8,12,128,0.015085
Qwen/Qwen3-32B,c4,8,12,512,0.011600
Qwen/Qwen3-32B,c4,8,12,2048,0.000128
Qwen/Qwen3-32B,c4,8,13,128,0.045311
Qwen/Qwen3-32B,c4,8,13,512,0.032397
Qwen/Qwen3-32B,c4,8,13,2048,0.000290
Qwen/Qwen3-32B,c4,8,14,128,0.035514
Qwen/Qwen3-32B,c4,8,14,512,0.015901
Qwen/Qwen3-32B,c4,8,14,2048,0.000219
Qwen/Qwen3-32B,c4,8,15,128,0.020238
Qwen/Qwen3-32B,c4,8,15,512,0.015989
Qwen/Qwen3-32B,c4,8,15,2048,0.000172
Qwen/Qwen3-32B,c4,8,16,128,0.085575
Qwen/Qwen3-32B,c4,8,16,512,0.051314
Qwen/Qwen3-32B,c4,8,16,2048,0.003516
Qwen/Qwen3-32B,c4,8,17,128,0.092042
Qwen/Qwen3-32B,c4,8,17,512,0.053481
Qwen/Qwen3-32B,c4,8,17,2048,0.004177
Qwen/Qwen3-32B,c4,8,18,128,0.100412
Qwen/Qwen3-32B,c4,8,18,512,0.065260
Qwen/Qwen3-32B,c4,8,18,2048,0.003875
Qwen/Qwen3-32B,c4,8,19,128,0.118768
Qwen/Qwen3-32B,c4,8,19,512,0.074285
Qwen/Qwen3-32B,c4,8,19,2048,0.004814
Qwen/Qwen3-32B,c4,8,20,128,0.130472
Qwen/Qwen3-32B,c4,8,20,512,0.077286
Qwen/Qwen3-32B,c4,8,20,2048,0.005026
Qwen/Qwen3-32B,c4,8,21,128,0.082385
Qwen/Qwen3-32B,c4,8,21,512,0.047344
Qwen/Qwen3-32B,c4,8,21,2048,0.002929
Qwen/Qwen3-32B,c4,8,22,128,0.086385
Qwen/Qwen3-32B,c4,8,22,512,0.050240
Qwen/Qwen3-32B,c4,8,22,2048,0.002554
Qwen/Qwen3-32B,c4,8,23,128,0.161238
Qwen/Qwen3-32B,c4,8,23,512,0.097914
Qwen/Qwen3-32B,c4,8,23,2048,0.005816
Qwen/Qwen3-32B,c4,8,24,128,0.049253
Qwen/Qwen3-32B,c4,8,24,512,0.028288
Qwen/Qwen3-32B,c4,8,24,2048,0.004334
Qwen/Qwen3-32B,c4,8,25,128,0.038401
Qwen/Qwen3-32B,c4,8,25,512,0.025363
Qwen/Qwen3-32B,c4,8,25,2048,0.003477
Qwen/Qwen3-32B,c4,8,26,128,0.064053
Qwen/Qwen3-32B,c4,8,26,512,0.044925
Qwen/Qwen3-32B,c4,8,26,2048,0.009113
Qwen/Qwen3-32B,c4,8,27,128,0.073546
Qwen/Qwen3-32B,c4,8,27,512,0.038811
Qwen/Qwen3-32B,c4,8,27,2048,0.005009
Qwen/Qwen3-32B,c4,8,28,128,0.061622
Qwen/Qwen3-32B,c4,8,28,512,0.037793
Qwen/Qwen3-32B,c4,8,28,2048,0.004608
Qwen/Qwen3-32B,c4,8,29,128,0.144768
Qwen/Qwen3-32B,c4,8,29,512,0.083322
Qwen/Qwen3-32B,c4,8,29,2048,0.017430
Qwen/Qwen3-32B,c4,8,30,128,0.034136
Qwen/Qwen3-32B,c4,8,30,512,0.019500
Qwen/Qwen3-32B,c4,8,30,2048,0.001302
Qwen/Qwen3-32B,c4,8,31,128,0.294029
Qwen/Qwen3-32B,c4,8,31,512,0.159464
Qwen/Qwen3-32B,c4,8,31,2048,0.035811
Qwen/Qwen3-32B,c4,8,32,128,0.150226
Qwen/Qwen3-32B,c4,8,32,512,0.049115
Qwen/Qwen3-32B,c4,8,32,2048,0.003273
Qwen/Qwen3-32B,c4,8,33,128,0.016377
Qwen/Qwen3-32B,c4,8,33,512,0.010950
Qwen/Qwen3-32B,c4,8,33,2048,0.000751
Qwen/Qwen3-32B,c4,8,34,128,0.070055
Qwen/Qwen3-32B,c4,8,34,512,0.032055
Qwen/Qwen3-32B,c4,8,34,2048,0.001396
Qwen/Qwen3-32B,c4,8,35,128,0.058982
Qwen/Qwen3-32B,c4,8,35,512,0.030344
Qwen/Qwen3-32B,c4,8,35,2048,0.000744
Qwen/Qwen3-32B,c4,8,36,128,0.031338
Qwen/Qwen3-32B,c4,8,36,512,0.018581
Qwen/Qwen3-32B,c4,8,36,2048,0.000338
Qwen/Qwen3-32B,c4,8,37,128,0.074737
Qwen/Qwen3-32B,c4,8,37,512,0.029247
Qwen/Qwen3-32B,c4,8,37,2048,0.000487
Qwen/Qwen3-32B,c4,8,38,128,0.276440
Qwen/Qwen3-32B,c4,8,38,512,0.201587
Qwen/Qwen3-32B,c4,8,38,2048,0.018661
Qwen/Qwen3-32B,c4,8,39,128,0.053274
Qwen/Qwen3-32B,c4,8,39,512,0.034960
Qwen/Qwen3-32B,c4,8,39,2048,0.000533
Qwen/Qwen3-32B,c4,8,40,128,0.062131
Qwen/Qwen3-32B,c4,8,40,512,0.030042
Qwen/Qwen3-32B,c4,8,40,2048,0.001385
Qwen/Qwen3-32B,c4,8,41,128,0.026801
Qwen/Qwen3-32B,c4,8,41,512,0.010977
Qwen/Qwen3-32B,c4,8,41,2048,0.000074
Qwen/Qwen3-32B,c4,8,42,128,0.027711
Qwen/Qwen3-32B,c4,8,42,512,0.016117
Qwen/Qwen3-32B,c4,8,42,2048,0.000277
Qwen/Qwen3-32B,c4,8,43,128,0.176955
Qwen/Qwen3-32B,c4,8,43,512,0.099341
Qwen/Qwen3-32B,c4,8,43,2048,0.013636
Qwen/Qwen3-32B,c4,8,44,128,0.054066
Qwen/Qwen3-32B,c4,8,44,512,0.019476
Qwen/Qwen3-32B,c4,8,44,2048,0.000161
Qwen/Qwen3-32B,c4,8,45,128,0.050366
Qwen/Qwen3-32B,c4,8,45,512,0.022248
Qwen/Qwen3-32B,c4,8,45,2048,0.000368
Qwen/Qwen3-32B,c4,8,46,128,0.072545
Qwen/Qwen3-32B,c4,8,46,512,0.026457
Qwen/Qwen3-32B,c4,8,46,2048,0.000822
Qwen/Qwen3-32B,c4,8,47,128,0.235155
Qwen/Qwen3-32B,c4,8,47,512,0.133148
Qwen/Qwen3-32B,c4,8,47,2048,0.006199
Qwen/Qwen3-32B,c4,8,48,128,0.031417
Qwen/Qwen3-32B,c4,8,48,512,0.022832
Qwen/Qwen3-32B,c4,8,48,2048,0.000379
Qwen/Qwen3-32B,c4,8,49,128,0.031014
Qwen/Qwen3-32B,c4,8,49,512,0.021099
Qwen/Qwen3-32B,c4,8,49,2048,0.000180
Qwen/Qwen3-32B,c4,8,50,128,0.048061
Qwen/Qwen3-32B,c4,8,50,512,0.030992
Qwen/Qwen3-32B,c4,8,50,2048,0.000269
Qwen/Qwen3-32B,c4,8,51,128,0.035757
Qwen/Qwen3-32B,c4,8,51,512,0.027054
Qwen/Qwen3-32B,c4,8,51,2048,0.000221
Qwen/Qwen3-32B,c4,8,52,128,0.088274
Qwen/Qwen3-32B,c4,8,52,512,0.049957
Qwen/Qwen3-32B,c4,8,52,2048,0.000380
Qwen/Qwen3-32B,c4,8,53,128,0.108952
Qwen/Qwen3-32B,c4,8,53,512,0.070549
Qwen/Qwen3-32B,c4,8,53,2048,0.000728
Qwen/Qwen3-32B,c4,8,54,128,0.099331
Qwen/Qwen3-32B,c4,8,54,512,0.057744
Qwen/Qwen3-32B,c4,8,54,2048,0.000702
Qwen/Qwen3-32B,c4,8,55,128,0.041375
Qwen/Qwen3-32B,c4,8,55,512,0.024628
Qwen/Qwen3-32B,c4,8,55,2048,0.000276
Qwen/Qwen3-32B,c4,8,56,128,0.307562
Qwen/Qwen3-32B,c4,8,56,512,0.197617
Qwen/Qwen3-32B,c4,8,56,2048,0.033614
Qwen/Qwen3-32B,c4,8,57,128,0.088023
Qwen/Qwen3-32B,c4,8,57,512,0.046445
Qwen/Qwen3-32B,c4,8,57,2048,0.004418
Qwen/Qwen3-32B,c4,8,58,128,0.084439
Qwen/Qwen3-32B,c4,8,58,512,0.043931
Qwen/Qwen3-32B,c4,8,58,2048,0.003634
Qwen/Qwen3-32B,c4,8,59,128,0.252075
Qwen/Qwen3-32B,c4,8,59,512,0.150319
Qwen/Qwen3-32B,c4,8,59,2048,0.017478
Qwen/Qwen3-32B,c4,8,60,128,0.081688
Qwen/Qwen3-32B,c4,8,60,512,0.047096
Qwen/Qwen3-32B,c4,8,60,2048,0.002818
Qwen/Qwen3-32B,c4,8,61,128,0.110615
Qwen/Qwen3-32B,c4,8,61,512,0.050902
Qwen/Qwen3-32B,c4,8,61,2048,0.005824
Qwen/Qwen3-32B,c4,8,62,128,0.151993
Qwen/Qwen3-32B,c4,8,62,512,0.099647
Qwen/Qwen3-32B,c4,8,62,2048,0.008138
Qwen/Qwen3-32B,c4,8,63,128,0.227400
Qwen/Qwen3-32B,c4,8,63,512,0.112598
Qwen/Qwen3-32B,c4,8,63,2048,0.011858
Qwen/Qwen3-32B,c4,9,0,128,0.011152
Qwen/Qwen3-32B,c4,9,0,512,0.007497
Qwen/Qwen3-32B,c4,9,0,2048,0.002768
Qwen/Qwen3-32B,c4,9,1,128,0.024149
Qwen/Qwen3-32B,c4,9,1,512,0.015040
Qwen/Qwen3-32B,c4,9,1,2048,0.003962
Qwen/Qwen3-32B,c4,9,2,128,0.005841
Qwen/Qwen3-32B,c4,9,2,512,0.002953
Qwen/Qwen3-32B,c4,9,2,2048,0.000705
Qwen/Qwen3-32B,c4,9,3,128,0.073642
Qwen/Qwen3-32B,c4,9,3,512,0.054954
Qwen/Qwen3-32B,c4,9,3,2048,0.012994
Qwen/Qwen3-32B,c4,9,4,128,0.021675
Qwen/Qwen3-32B,c4,9,4,512,0.019327
Qwen/Qwen3-32B,c4,9,4,2048,0.005562
Qwen/Qwen3-32B,c4,9,5,128,0.127055
Qwen/Qwen3-32B,c4,9,5,512,0.069807
Qwen/Qwen3-32B,c4,9,5,2048,0.013864
Qwen/Qwen3-32B,c4,9,6,128,0.084227
Qwen/Qwen3-32B,c4,9,6,512,0.024430
Qwen/Qwen3-32B,c4,9,6,2048,0.004444
Qwen/Qwen3-32B,c4,9,7,128,0.056584
Qwen/Qwen3-32B,c4,9,7,512,0.043270
Qwen/Qwen3-32B,c4,9,7,2048,0.011374
Qwen/Qwen3-32B,c4,9,8,128,0.044046
Qwen/Qwen3-32B,c4,9,8,512,0.024882
Qwen/Qwen3-32B,c4,9,8,2048,0.004367
Qwen/Qwen3-32B,c4,9,9,128,0.040350
Qwen/Qwen3-32B,c4,9,9,512,0.019930
Qwen/Qwen3-32B,c4,9,9,2048,0.002933
Qwen/Qwen3-32B,c4,9,10,128,0.196544
Qwen/Qwen3-32B,c4,9,10,512,0.086879
Qwen/Qwen3-32B,c4,9,10,2048,0.010765
Qwen/Qwen3-32B,c4,9,11,128,0.044402
Qwen/Qwen3-32B,c4,9,11,512,0.020802
Qwen/Qwen3-32B,c4,9,11,2048,0.003269
Qwen/Qwen3-32B,c4,9,12,128,0.066765
Qwen/Qwen3-32B,c4,9,12,512,0.032962
Qwen/Qwen3-32B,c4,9,12,2048,0.004678
Qwen/Qwen3-32B,c4,9,13,128,0.078013
Qwen/Qwen3-32B,c4,9,13,512,0.041494
Qwen/Qwen3-32B,c4,9,13,2048,0.007869
Qwen/Qwen3-32B,c4,9,14,128,0.141755
Qwen/Qwen3-32B,c4,9,14,512,0.069653
Qwen/Qwen3-32B,c4,9,14,2048,0.011693
Qwen/Qwen3-32B,c4,9,15,128,0.237828
Qwen/Qwen3-32B,c4,9,15,512,0.121792
Qwen/Qwen3-32B,c4,9,15,2048,0.020001
Qwen/Qwen3-32B,c4,9,16,128,0.038550
Qwen/Qwen3-32B,c4,9,16,512,0.019888
Qwen/Qwen3-32B,c4,9,16,2048,0.001450
Qwen/Qwen3-32B,c4,9,17,128,0.058367
Qwen/Qwen3-32B,c4,9,17,512,0.025916
Qwen/Qwen3-32B,c4,9,17,2048,0.003624
Qwen/Qwen3-32B,c4,9,18,128,0.015282
Qwen/Qwen3-32B,c4,9,18,512,0.007091
Qwen/Qwen3-32B,c4,9,18,2048,0.000488
Qwen/Qwen3-32B,c4,9,19,128,0.045778
Qwen/Qwen3-32B,c4,9,19,512,0.022503
Qwen/Qwen3-32B,c4,9,19,2048,0.001721
Qwen/Qwen3-32B,c4,9,20,128,0.169298
Qwen/Qwen3-32B,c4,9,20,512,0.062899
Qwen/Qwen3-32B,c4,9,20,2048,0.006000
Qwen/Qwen3-32B,c4,9,21,128,0.018477
Qwen/Qwen3-32B,c4,9,21,512,0.009471
Qwen/Qwen3-32B,c4,9,21,2048,0.000719
Qwen/Qwen3-32B,c4,9,22,128,0.035207
Qwen/Qwen3-32B,c4,9,22,512,0.014946
Qwen/Qwen3-32B,c4,9,22,2048,0.001400
Qwen/Qwen3-32B,c4,9,23,128,0.021350
Qwen/Qwen3-32B,c4,9,23,512,0.012389
Qwen/Qwen3-32B,c4,9,23,2048,0.001970
Qwen/Qwen3-32B,c4,9,24,128,0.029466
Qwen/Qwen3-32B,c4,9,24,512,0.017046
Qwen/Qwen3-32B,c4,9,24,2048,0.003212
Qwen/Qwen3-32B,c4,9,25,128,0.102092
Qwen/Qwen3-32B,c4,9,25,512,0.056123
Qwen/Qwen3-32B,c4,9,25,2048,0.011200
Qwen/Qwen3-32B,c4,9,26,128,0.165676
Qwen/Qwen3-32B,c4,9,26,512,0.104038
Qwen/Qwen3-32B,c4,9,26,2048,0.022313
Qwen/Qwen3-32B,c4,9,27,128,0.023631
Qwen/Qwen3-32B,c4,9,27,512,0.011725
Qwen/Qwen3-32B,c4,9,27,2048,0.001732
Qwen/Qwen3-32B,c4,9,28,128,0.079896
Qwen/Qwen3-32B,c4,9,28,512,0.036498
Qwen/Qwen3-32B,c4,9,28,2048,0.007597
Qwen/Qwen3-32B,c4,9,29,128,0.219687
Qwen/Qwen3-32B,c4,9,29,512,0.130621
Qwen/Qwen3-32B,c4,9,29,2048,0.033985
Qwen/Qwen3-32B,c4,9,30,128,0.092995
Qwen/Qwen3-32B,c4,9,30,512,0.046452
Qwen/Qwen3-32B,c4,9,30,2048,0.007665
Qwen/Qwen3-32B,c4,9,31,128,0.104884
Qwen/Qwen3-32B,c4,9,31,512,0.052533
Qwen/Qwen3-32B,c4,9,31,2048,0.009385
Qwen/Qwen3-32B,c4,9,32,128,0.030175
Qwen/Qwen3-32B,c4,9,32,512,0.014942
Qwen/Qwen3-32B,c4,9,32,2048,0.002024
Qwen/Qwen3-32B,c4,9,33,128,0.032473
Qwen/Qwen3-32B,c4,9,33,512,0.015970
Qwen/Qwen3-32B,c4,9,33,2048,0.002170
Qwen/Qwen3-32B,c4,9,34,128,0.036011
Qwen/Qwen3-32B,c4,9,34,512,0.019937
Qwen/Qwen3-32B,c4,9,34,2048,0.003476
Qwen/Qwen3-32B,c4,9,35,128,0.067924
Qwen/Qwen3-32B,c4,9,35,512,0.040751
Qwen/Qwen3-32B,c4,9,35,2048,0.007245
Qwen/Qwen3-32B,c4,9,36,128,0.057075
Qwen/Qwen3-32B,c4,9,36,512,0.030472
Qwen/Qwen3-32B,c4,9,36,2048,0.003482
Qwen/Qwen3-32B,c4,9,37,128,0.096107
Qwen/Qwen3-32B,c4,9,37,512,0.048921
Qwen/Qwen3-32B,c4,9,37,2048,0.006626
Qwen/Qwen3-32B,c4,9,38,128,0.059589
Qwen/Qwen3-32B,c4,9,38,512,0.036124
Qwen/Qwen3-32B,c4,9,38,2048,0.005985
Qwen/Qwen3-32B,c4,9,39,128,0.198660
Qwen/Qwen3-32B,c4,9,39,512,0.123534
Qwen/Qwen3-32B,c4,9,39,2048,0.024441
Qwen/Qwen3-32B,c4,9,40,128,0.058509
Qwen/Qwen3-32B,c4,9,40,512,0.023558
Qwen/Qwen3-32B,c4,9,40,2048,0.001853
Qwen/Qwen3-32B,c4,9,41,128,0.090182
Qwen/Qwen3-32B,c4,9,41,512,0.042111
Qwen/Qwen3-32B,c4,9,41,2048,0.002969
Qwen/Qwen3-32B,c4,9,42,128,0.025648
Qwen/Qwen3-32B,c4,9,42,512,0.008739
Qwen/Qwen3-32B,c4,9,42,2048,0.000519
Qwen/Qwen3-32B,c4,9,43,128,0.070116
Qwen/Qwen3-32B,c4,9,43,512,0.026619
Qwen/Qwen3-32B,c4,9,43,2048,0.001900
Qwen/Qwen3-32B,c4,9,44,128,0.132574
Qwen/Qwen3-32B,c4,9,44,512,0.044803
Qwen/Qwen3-32B,c4,9,44,2048,0.003236
Qwen/Qwen3-32B,c4,9,45,128,0.024784
Qwen/Qwen3-32B,c4,9,45,512,0.009489
Qwen/Qwen3-32B,c4,9,45,2048,0.000613
Qwen/Qwen3-32B,c4,9,46,128,0.030815
Qwen/Qwen3-32B,c4,9,46,512,0.012852
Qwen/Qwen3-32B,c4,9,46,2048,0.000709
Qwen/Qwen3-32B,c4,9,47,128,0.040887
Qwen/Qwen3-32B,c4,9,47,512,0.019905
Qwen/Qwen3-32B,c4,9,47,2048,0.000908
Qwen/Qwen3-32B,c4,9,48,128,0.028936
Qwen/Qwen3-32B,c4,9,48,512,0.019843
Qwen/Qwen3-32B,c4,9,48,2048,0.003223
Qwen/Qwen3-32B,c4,9,49,128,0.003383
Qwen/Qwen3-32B,c4,9,49,512,0.001859
Qwen/Qwen3-32B,c4,9,49,2048,0.000152
Qwen/Qwen3-32B,c4,9,50,128,0.000002
Qwen/Qwen3-32B,c4,9,50,512,0.000001
Qwen/Qwen3-32B,c4,9,50,2048,0.000000
Qwen/Qwen3-32B,c4,9,51,128,0.022658
Qwen/Qwen3-32B,c4,9,51,512,0.013673
Qwen/Qwen3-32B,c4,9,51,2048,0.002669
Qwen/Qwen3-32B,c4,9,52,128,0.008097
Qwen/Qwen3-32B,c4,9,52,512,0.004493
Qwen/Qwen3-32B,c4,9,52,2048,0.000657
Qwen/Qwen3-32B,c4,9,53,128,0.000016
Qwen/Qwen3-32B,c4,9,53,512,0.000013
Qwen/Qwen3-32B,c4,9,53,2048,0.000001
Qwen/Qwen3-32B,c4,9,54,128,0.043360
Qwen/Qwen3-32B,c4,9,54,512,0.028363
Qwen/Qwen3-32B,c4,9,54,2048,0.005043
Qwen/Qwen3-32B,c4,9,55,128,0.033602
Qwen/Qwen3-32B,c4,9,55,512,0.021991
Qwen/Qwen3-32B,c4,9,55,2048,0.003249
Qwen/Qwen3-32B,c4,9,56,128,0.000215
Qwen/Qwen3-32B,c4,9,56,512,0.000127
Qwen/Qwen3-32B,c4,9,56,2048,0.000134
Qwen/Qwen3-32B,c4,9,57,128,0.009308
Qwen/Qwen3-32B,c4,9,57,512,0.002235
Qwen/Qwen3-32B,c4,9,57,2048,0.000348
Qwen/Qwen3-32B,c4,9,58,128,0.000004
Qwen/Qwen3-32B,c4,9,58,512,0.000004
Qwen/Qwen3-32B,c4,9,58,2048,0.000000
Qwen/Qwen3-32B,c4,9,59,128,0.000391
Qwen/Qwen3-32B,c4,9,59,512,0.000317
Qwen/Qwen3-32B,c4,9,59,2048,0.000124
Qwen/Qwen3-32B,c4,9,60,128,0.014083
Qwen/Qwen3-32B,c4,9,60,512,0.004548
Qwen/Qwen3-32B,c4,9,60,2048,0.000526
Qwen/Qwen3-32B,c4,9,61,128,0.001366
Qwen/Qwen3-32B,c4,9,61,512,0.000964
Qwen/Qwen3-32B,c4,9,61,2048,0.000220
Qwen/Qwen3-32B,c4,9,62,128,0.000321
Qwen/Qwen3-32B,c4,9,62,512,0.000125
Qwen/Qwen3-32B,c4,9,62,2048,0.000030
Qwen/Qwen3-32B,c4,9,63,128,0.008125
Qwen/Qwen3-32B,c4,9,63,512,0.006022
Qwen/Qwen3-32B,c4,9,63,2048,0.000871
Qwen/Qwen3-32B,c4,10,0,128,0.029548
Qwen/Qwen3-32B,c4,10,0,512,0.015580
Qwen/Qwen3-32B,c4,10,0,2048,0.008944
Qwen/Qwen3-32B,c4,10,1,128,0.038921
Qwen/Qwen3-32B,c4,10,1,512,0.023712
Qwen/Qwen3-32B,c4,10,1,2048,0.013109
Qwen/Qwen3-32B,c4,10,2,128,0.016416
Qwen/Qwen3-32B,c4,10,2,512,0.010204
Qwen/Qwen3-32B,c4,10,2,2048,0.006274
Qwen/Qwen3-32B,c4,10,3,128,0.072602
Qwen/Qwen3-32B,c4,10,3,512,0.035578
Qwen/Qwen3-32B,c4,10,3,2048,0.020055
Qwen/Qwen3-32B,c4,10,4,128,0.047131
Qwen/Qwen3-32B,c4,10,4,512,0.024235
Qwen/Qwen3-32B,c4,10,4,2048,0.016430
Qwen/Qwen3-32B,c4,10,5,128,0.031254
Qwen/Qwen3-32B,c4,10,5,512,0.016171
Qwen/Qwen3-32B,c4,10,5,2048,0.008412
Qwen/Qwen3-32B,c4,10,6,128,0.111906
Qwen/Qwen3-32B,c4,10,6,512,0.067587
Qwen/Qwen3-32B,c4,10,6,2048,0.035477
Qwen/Qwen3-32B,c4,10,7,128,0.022518
Qwen/Qwen3-32B,c4,10,7,512,0.012507
Qwen/Qwen3-32B,c4,10,7,2048,0.006693
Qwen/Qwen3-32B,c4,10,8,128,0.007403
Qwen/Qwen3-32B,c4,10,8,512,0.003776
Qwen/Qwen3-32B,c4,10,8,2048,0.000755
Qwen/Qwen3-32B,c4,10,9,128,0.108927
Qwen/Qwen3-32B,c4,10,9,512,0.074039
Qwen/Qwen3-32B,c4,10,9,2048,0.020004
Qwen/Qwen3-32B,c4,10,10,128,0.155116
Qwen/Qwen3-32B,c4,10,10,512,0.097600
Qwen/Qwen3-32B,c4,10,10,2048,0.022378
Qwen/Qwen3-32B,c4,10,11,128,0.028242
Qwen/Qwen3-32B,c4,10,11,512,0.012536
Qwen/Qwen3-32B,c4,10,11,2048,0.002466
Qwen/Qwen3-32B,c4,10,12,128,0.117399
Qwen/Qwen3-32B,c4,10,12,512,0.061939
Qwen/Qwen3-32B,c4,10,12,2048,0.016002
Qwen/Qwen3-32B,c4,10,13,128,0.177626
Qwen/Qwen3-32B,c4,10,13,512,0.066631
Qwen/Qwen3-32B,c4,10,13,2048,0.011437
Qwen/Qwen3-32B,c4,10,14,128,0.130775
Qwen/Qwen3-32B,c4,10,14,512,0.060058
Qwen/Qwen3-32B,c4,10,14,2048,0.014721
Qwen/Qwen3-32B,c4,10,15,128,0.108121
Qwen/Qwen3-32B,c4,10,15,512,0.055710
Qwen/Qwen3-32B,c4,10,15,2048,0.013328
Qwen/Qwen3-32B,c4,10,16,128,0.075975
Qwen/Qwen3-32B,c4,10,16,512,0.041730
Qwen/Qwen3-32B,c4,10,16,2048,0.021230
Qwen/Qwen3-32B,c4,10,17,128,0.045700
Qwen/Qwen3-32B,c4,10,17,512,0.029078
Qwen/Qwen3-32B,c4,10,17,2048,0.021987
Qwen/Qwen3-32B,c4,10,18,128,0.059578
Qwen/Qwen3-32B,c4,10,18,512,0.034320
Qwen/Qwen3-32B,c4,10,18,2048,0.016326
Qwen/Qwen3-32B,c4,10,19,128,0.146143
Qwen/Qwen3-32B,c4,10,19,512,0.081725
Qwen/Qwen3-32B,c4,10,19,2048,0.037520
Qwen/Qwen3-32B,c4,10,20,128,0.075215
Qwen/Qwen3-32B,c4,10,20,512,0.044449
Qwen/Qwen3-32B,c4,10,20,2048,0.022280
Qwen/Qwen3-32B,c4,10,21,128,0.122740
Qwen/Qwen3-32B,c4,10,21,512,0.072170
Qwen/Qwen3-32B,c4,10,21,2048,0.026654
Qwen/Qwen3-32B,c4,10,22,128,0.108185
Qwen/Qwen3-32B,c4,10,22,512,0.059413
Qwen/Qwen3-32B,c4,10,22,2048,0.027303
Qwen/Qwen3-32B,c4,10,23,128,0.131647
Qwen/Qwen3-32B,c4,10,23,512,0.072362
Qwen/Qwen3-32B,c4,10,23,2048,0.037129
Qwen/Qwen3-32B,c4,10,24,128,0.065134
Qwen/Qwen3-32B,c4,10,24,512,0.030501
Qwen/Qwen3-32B,c4,10,24,2048,0.008095
Qwen/Qwen3-32B,c4,10,25,128,0.114644
Qwen/Qwen3-32B,c4,10,25,512,0.048869
Qwen/Qwen3-32B,c4,10,25,2048,0.009377
Qwen/Qwen3-32B,c4,10,26,128,0.112872
Qwen/Qwen3-32B,c4,10,26,512,0.066627
Qwen/Qwen3-32B,c4,10,26,2048,0.013629
Qwen/Qwen3-32B,c4,10,27,128,0.111054
Qwen/Qwen3-32B,c4,10,27,512,0.056694
Qwen/Qwen3-32B,c4,10,27,2048,0.014027
Qwen/Qwen3-32B,c4,10,28,128,0.086148
Qwen/Qwen3-32B,c4,10,28,512,0.044108
Qwen/Qwen3-32B,c4,10,28,2048,0.009295
Qwen/Qwen3-32B,c4,10,29,128,0.027713
Qwen/Qwen3-32B,c4,10,29,512,0.015373
Qwen/Qwen3-32B,c4,10,29,2048,0.002131
Qwen/Qwen3-32B,c4,10,30,128,0.055298
Qwen/Qwen3-32B,c4,10,30,512,0.035340
Qwen/Qwen3-32B,c4,10,30,2048,0.007741
Qwen/Qwen3-32B,c4,10,31,128,0.288032
Qwen/Qwen3-32B,c4,10,31,512,0.134600
Qwen/Qwen3-32B,c4,10,31,2048,0.024380
Qwen/Qwen3-32B,c4,10,32,128,0.052411
Qwen/Qwen3-32B,c4,10,32,512,0.031488
Qwen/Qwen3-32B,c4,10,32,2048,0.019532
Qwen/Qwen3-32B,c4,10,33,128,0.032625
Qwen/Qwen3-32B,c4,10,33,512,0.021039
Qwen/Qwen3-32B,c4,10,33,2048,0.015651
Qwen/Qwen3-32B,c4,10,34,128,0.054897
Qwen/Qwen3-32B,c4,10,34,512,0.032740
Qwen/Qwen3-32B,c4,10,34,2048,0.016623
Qwen/Qwen3-32B,c4,10,35,128,0.065103
Qwen/Qwen3-32B,c4,10,35,512,0.039998
Qwen/Qwen3-32B,c4,10,35,2048,0.027909
Qwen/Qwen3-32B,c4,10,36,128,0.070954
Qwen/Qwen3-32B,c4,10,36,512,0.040511
Qwen/Qwen3-32B,c4,10,36,2048,0.025115
Qwen/Qwen3-32B,c4,10,37,128,0.118993
Qwen/Qwen3-32B,c4,10,37,512,0.059780
Qwen/Qwen3-32B,c4,10,37,2048,0.032034
Qwen/Qwen3-32B,c4,10,38,128,0.087403
Qwen/Qwen3-32B,c4,10,38,512,0.038203
Qwen/Qwen3-32B,c4,10,38,2048,0.015652
Qwen/Qwen3-32B,c4,10,39,128,0.062007
Qwen/Qwen3-32B,c4,10,39,512,0.036961
Qwen/Qwen3-32B,c4,10,39,2048,0.021777
Qwen/Qwen3-32B,c4,10,40,128,0.078154
Qwen/Qwen3-32B,c4,10,40,512,0.044895
Qwen/Qwen3-32B,c4,10,40,2048,0.037828
Qwen/Qwen3-32B,c4,10,41,128,0.064441
Qwen/Qwen3-32B,c4,10,41,512,0.034583
Qwen/Qwen3-32B,c4,10,41,2048,0.017836
Qwen/Qwen3-32B,c4,10,42,128,0.059979
Qwen/Qwen3-32B,c4,10,42,512,0.033503
Qwen/Qwen3-32B,c4,10,42,2048,0.018493
Qwen/Qwen3-32B,c4,10,43,128,0.062320
Qwen/Qwen3-32B,c4,10,43,512,0.035639
Qwen/Qwen3-32B,c4,10,43,2048,0.023445
Qwen/Qwen3-32B,c4,10,44,128,0.054638
Qwen/Qwen3-32B,c4,10,44,512,0.029412
Qwen/Qwen3-32B,c4,10,44,2048,0.019394
Qwen/Qwen3-32B,c4,10,45,128,0.071263
Qwen/Qwen3-32B,c4,10,45,512,0.037179
Qwen/Qwen3-32B,c4,10,45,2048,0.018150
Qwen/Qwen3-32B,c4,10,46,128,0.051157
Qwen/Qwen3-32B,c4,10,46,512,0.029331
Qwen/Qwen3-32B,c4,10,46,2048,0.025215
Qwen/Qwen3-32B,c4,10,47,128,0.045797
Qwen/Qwen3-32B,c4,10,47,512,0.023758
Qwen/Qwen3-32B,c4,10,47,2048,0.015506
Qwen/Qwen3-32B,c4,10,48,128,0.013386
Qwen/Qwen3-32B,c4,10,48,512,0.007062
Qwen/Qwen3-32B,c4,10,48,2048,0.003633
Qwen/Qwen3-32B,c4,10,49,128,0.018654
Qwen/Qwen3-32B,c4,10,49,512,0.010919
Qwen/Qwen3-32B,c4,10,49,2048,0.005444
Qwen/Qwen3-32B,c4,10,50,128,0.018637
Qwen/Qwen3-32B,c4,10,50,512,0.009637
Qwen/Qwen3-32B,c4,10,50,2048,0.006610
Qwen/Qwen3-32B,c4,10,51,128,0.031975
Qwen/Qwen3-32B,c4,10,51,512,0.017089
Qwen/Qwen3-32B,c4,10,51,2048,0.006689
Qwen/Qwen3-32B,c4,10,52,128,0.055574
Qwen/Qwen3-32B,c4,10,52,512,0.027131
Qwen/Qwen3-32B,c4,10,52,2048,0.011720
Qwen/Qwen3-32B,c4,10,53,128,0.051369
Qwen/Qwen3-32B,c4,10,53,512,0.022701
Qwen/Qwen3-32B,c4,10,53,2048,0.009753
Qwen/Qwen3-32B,c4,10,54,128,0.216885
Qwen/Qwen3-32B,c4,10,54,512,0.097535
Qwen/Qwen3-32B,c4,10,54,2048,0.018079
Qwen/Qwen3-32B,c4,10,55,128,0.047623
Qwen/Qwen3-32B,c4,10,55,512,0.024449
Qwen/Qwen3-32B,c4,10,55,2048,0.012619
Qwen/Qwen3-32B,c4,10,56,128,0.157689
Qwen/Qwen3-32B,c4,10,56,512,0.058720
Qwen/Qwen3-32B,c4,10,56,2048,0.026521
Qwen/Qwen3-32B,c4,10,57,128,0.029194
Qwen/Qwen3-32B,c4,10,57,512,0.016989
Qwen/Qwen3-32B,c4,10,57,2048,0.012304
Qwen/Qwen3-32B,c4,10,58,128,0.340744
Qwen/Qwen3-32B,c4,10,58,512,0.190931
Qwen/Qwen3-32B,c4,10,58,2048,0.061814
Qwen/Qwen3-32B,c4,10,59,128,0.067352
Qwen/Qwen3-32B,c4,10,59,512,0.031311
Qwen/Qwen3-32B,c4,10,59,2048,0.022143
Qwen/Qwen3-32B,c4,10,60,128,0.038461
Qwen/Qwen3-32B,c4,10,60,512,0.017764
Qwen/Qwen3-32B,c4,10,60,2048,0.011189
Qwen/Qwen3-32B,c4,10,61,128,0.128146
Qwen/Qwen3-32B,c4,10,61,512,0.062150
Qwen/Qwen3-32B,c4,10,61,2048,0.035913
Qwen/Qwen3-32B,c4,10,62,128,0.023640
Qwen/Qwen3-32B,c4,10,62,512,0.009976
Qwen/Qwen3-32B,c4,10,62,2048,0.009029
Qwen/Qwen3-32B,c4,10,63,128,0.062993
Qwen/Qwen3-32B,c4,10,63,512,0.029358
Qwen/Qwen3-32B,c4,10,63,2048,0.021611
Qwen/Qwen3-32B,c4,11,0,128,0.275243
Qwen/Qwen3-32B,c4,11,0,512,0.143245
Qwen/Qwen3-32B,c4,11,0,2048,0.031568
Qwen/Qwen3-32B,c4,11,1,128,0.037191
Qwen/Qwen3-32B,c4,11,1,512,0.018393
Qwen/Qwen3-32B,c4,11,1,2048,0.006118
Qwen/Qwen3-32B,c4,11,2,128,0.029094
Qwen/Qwen3-32B,c4,11,2,512,0.017339
Qwen/Qwen3-32B,c4,11,2,2048,0.005880
Qwen/Qwen3-32B,c4,11,3,128,0.235431
Qwen/Qwen3-32B,c4,11,3,512,0.131789
Qwen/Qwen3-32B,c4,11,3,2048,0.032950
Qwen/Qwen3-32B,c4,11,4,128,0.060781
Qwen/Qwen3-32B,c4,11,4,512,0.031035
Qwen/Qwen3-32B,c4,11,4,2048,0.009203
Qwen/Qwen3-32B,c4,11,5,128,0.043587
Qwen/Qwen3-32B,c4,11,5,512,0.022465
Qwen/Qwen3-32B,c4,11,5,2048,0.007407
Qwen/Qwen3-32B,c4,11,6,128,0.073754
Qwen/Qwen3-32B,c4,11,6,512,0.041814
Qwen/Qwen3-32B,c4,11,6,2048,0.013593
Qwen/Qwen3-32B,c4,11,7,128,0.029474
Qwen/Qwen3-32B,c4,11,7,512,0.017862
Qwen/Qwen3-32B,c4,11,7,2048,0.005953
Qwen/Qwen3-32B,c4,11,8,128,0.240629
Qwen/Qwen3-32B,c4,11,8,512,0.177509
Qwen/Qwen3-32B,c4,11,8,2048,0.062100
Qwen/Qwen3-32B,c4,11,9,128,0.025764
Qwen/Qwen3-32B,c4,11,9,512,0.013152
Qwen/Qwen3-32B,c4,11,9,2048,0.002976
Qwen/Qwen3-32B,c4,11,10,128,0.198057
Qwen/Qwen3-32B,c4,11,10,512,0.112174
Qwen/Qwen3-32B,c4,11,10,2048,0.021687
Qwen/Qwen3-32B,c4,11,11,128,0.279238
Qwen/Qwen3-32B,c4,11,11,512,0.163493
Qwen/Qwen3-32B,c4,11,11,2048,0.030651
Qwen/Qwen3-32B,c4,11,12,128,0.084324
Qwen/Qwen3-32B,c4,11,12,512,0.036273
Qwen/Qwen3-32B,c4,11,12,2048,0.006307
Qwen/Qwen3-32B,c4,11,13,128,0.116922
Qwen/Qwen3-32B,c4,11,13,512,0.074259
Qwen/Qwen3-32B,c4,11,13,2048,0.013750
Qwen/Qwen3-32B,c4,11,14,128,0.075707
Qwen/Qwen3-32B,c4,11,14,512,0.030838
Qwen/Qwen3-32B,c4,11,14,2048,0.004499
Qwen/Qwen3-32B,c4,11,15,128,0.220182
Qwen/Qwen3-32B,c4,11,15,512,0.085360
Qwen/Qwen3-32B,c4,11,15,2048,0.012506
Qwen/Qwen3-32B,c4,11,16,128,0.115870
Qwen/Qwen3-32B,c4,11,16,512,0.046556
Qwen/Qwen3-32B,c4,11,16,2048,0.007039
Qwen/Qwen3-32B,c4,11,17,128,0.036952
Qwen/Qwen3-32B,c4,11,17,512,0.015445
Qwen/Qwen3-32B,c4,11,17,2048,0.003479
Qwen/Qwen3-32B,c4,11,18,128,0.055732
Qwen/Qwen3-32B,c4,11,18,512,0.029360
Qwen/Qwen3-32B,c4,11,18,2048,0.004511
Qwen/Qwen3-32B,c4,11,19,128,0.052723
Qwen/Qwen3-32B,c4,11,19,512,0.026847
Qwen/Qwen3-32B,c4,11,19,2048,0.005767
Qwen/Qwen3-32B,c4,11,20,128,0.016841
Qwen/Qwen3-32B,c4,11,20,512,0.007831
Qwen/Qwen3-32B,c4,11,20,2048,0.002411
Qwen/Qwen3-32B,c4,11,21,128,0.070586
Qwen/Qwen3-32B,c4,11,21,512,0.028425
Qwen/Qwen3-32B,c4,11,21,2048,0.004858
Qwen/Qwen3-32B,c4,11,22,128,0.356288
Qwen/Qwen3-32B,c4,11,22,512,0.198227
Qwen/Qwen3-32B,c4,11,22,2048,0.040001
Qwen/Qwen3-32B,c4,11,23,128,0.190942
Qwen/Qwen3-32B,c4,11,23,512,0.073336
Qwen/Qwen3-32B,c4,11,23,2048,0.010545
Qwen/Qwen3-32B,c4,11,24,128,0.102183
Qwen/Qwen3-32B,c4,11,24,512,0.039444
Qwen/Qwen3-32B,c4,11,24,2048,0.004009
Qwen/Qwen3-32B,c4,11,25,128,0.027295
Qwen/Qwen3-32B,c4,11,25,512,0.012205
Qwen/Qwen3-32B,c4,11,25,2048,0.004096
Qwen/Qwen3-32B,c4,11,26,128,0.019179
Qwen/Qwen3-32B,c4,11,26,512,0.009242
Qwen/Qwen3-32B,c4,11,26,2048,0.001695
Qwen/Qwen3-32B,c4,11,27,128,0.383545
Qwen/Qwen3-32B,c4,11,27,512,0.082892
Qwen/Qwen3-32B,c4,11,27,2048,0.005719
Qwen/Qwen3-32B,c4,11,28,128,0.075682
Qwen/Qwen3-32B,c4,11,28,512,0.032194
Qwen/Qwen3-32B,c4,11,28,2048,0.008467
Qwen/Qwen3-32B,c4,11,29,128,0.045893
Qwen/Qwen3-32B,c4,11,29,512,0.014941
Qwen/Qwen3-32B,c4,11,29,2048,0.003545
Qwen/Qwen3-32B,c4,11,30,128,0.059738
Qwen/Qwen3-32B,c4,11,30,512,0.024893
Qwen/Qwen3-32B,c4,11,30,2048,0.004492
Qwen/Qwen3-32B,c4,11,31,128,0.271773
Qwen/Qwen3-32B,c4,11,31,512,0.158435
Qwen/Qwen3-32B,c4,11,31,2048,0.031988
Qwen/Qwen3-32B,c4,11,32,128,0.020623
Qwen/Qwen3-32B,c4,11,32,512,0.010162
Qwen/Qwen3-32B,c4,11,32,2048,0.002607
Qwen/Qwen3-32B,c4,11,33,128,0.006612
Qwen/Qwen3-32B,c4,11,33,512,0.003533
Qwen/Qwen3-32B,c4,11,33,2048,0.001820
Qwen/Qwen3-32B,c4,11,34,128,0.025065
Qwen/Qwen3-32B,c4,11,34,512,0.010534
Qwen/Qwen3-32B,c4,11,34,2048,0.002573
Qwen/Qwen3-32B,c4,11,35,128,0.038415
Qwen/Qwen3-32B,c4,11,35,512,0.018196
Qwen/Qwen3-32B,c4,11,35,2048,0.004806
Qwen/Qwen3-32B,c4,11,36,128,0.012555
Qwen/Qwen3-32B,c4,11,36,512,0.007002
Qwen/Qwen3-32B,c4,11,36,2048,0.002776
Qwen/Qwen3-32B,c4,11,37,128,0.046663
Qwen/Qwen3-32B,c4,11,37,512,0.019321
Qwen/Qwen3-32B,c4,11,37,2048,0.004390
Qwen/Qwen3-32B,c4,11,38,128,0.051352
Qwen/Qwen3-32B,c4,11,38,512,0.024334
Qwen/Qwen3-32B,c4,11,38,2048,0.008028
Qwen/Qwen3-32B,c4,11,39,128,0.059816
Qwen/Qwen3-32B,c4,11,39,512,0.031497
Qwen/Qwen3-32B,c4,11,39,2048,0.007511
Qwen/Qwen3-32B,c4,11,40,128,0.035356
Qwen/Qwen3-32B,c4,11,40,512,0.016915
Qwen/Qwen3-32B,c4,11,40,2048,0.003255
Qwen/Qwen3-32B,c4,11,41,128,0.035469
Qwen/Qwen3-32B,c4,11,41,512,0.014608
Qwen/Qwen3-32B,c4,11,41,2048,0.002812
Qwen/Qwen3-32B,c4,11,42,128,0.043560
Qwen/Qwen3-32B,c4,11,42,512,0.020780
Qwen/Qwen3-32B,c4,11,42,2048,0.004098
Qwen/Qwen3-32B,c4,11,43,128,0.085179
Qwen/Qwen3-32B,c4,11,43,512,0.035489
Qwen/Qwen3-32B,c4,11,43,2048,0.007749
Qwen/Qwen3-32B,c4,11,44,128,0.067873
Qwen/Qwen3-32B,c4,11,44,512,0.027712
Qwen/Qwen3-32B,c4,11,44,2048,0.005495
Qwen/Qwen3-32B,c4,11,45,128,0.073769
Qwen/Qwen3-32B,c4,11,45,512,0.040905
Qwen/Qwen3-32B,c4,11,45,2048,0.008324
Qwen/Qwen3-32B,c4,11,46,128,0.069810
Qwen/Qwen3-32B,c4,11,46,512,0.030546
Qwen/Qwen3-32B,c4,11,46,2048,0.007085
Qwen/Qwen3-32B,c4,11,47,128,0.086492
Qwen/Qwen3-32B,c4,11,47,512,0.038998
Qwen/Qwen3-32B,c4,11,47,2048,0.006517
Qwen/Qwen3-32B,c4,11,48,128,0.025859
Qwen/Qwen3-32B,c4,11,48,512,0.012455
Qwen/Qwen3-32B,c4,11,48,2048,0.001969
Qwen/Qwen3-32B,c4,11,49,128,0.031193
Qwen/Qwen3-32B,c4,11,49,512,0.014960
Qwen/Qwen3-32B,c4,11,49,2048,0.002204
Qwen/Qwen3-32B,c4,11,50,128,0.192281
Qwen/Qwen3-32B,c4,11,50,512,0.110556
Qwen/Qwen3-32B,c4,11,50,2048,0.021105
Qwen/Qwen3-32B,c4,11,51,128,0.046643
Qwen/Qwen3-32B,c4,11,51,512,0.021992
Qwen/Qwen3-32B,c4,11,51,2048,0.003407
Qwen/Qwen3-32B,c4,11,52,128,0.061914
Qwen/Qwen3-32B,c4,11,52,512,0.024516
Qwen/Qwen3-32B,c4,11,52,2048,0.003610
Qwen/Qwen3-32B,c4,11,53,128,0.193851
Qwen/Qwen3-32B,c4,11,53,512,0.084428
Qwen/Qwen3-32B,c4,11,53,2048,0.012324
Qwen/Qwen3-32B,c4,11,54,128,0.100358
Qwen/Qwen3-32B,c4,11,54,512,0.050080
Qwen/Qwen3-32B,c4,11,54,2048,0.007844
Qwen/Qwen3-32B,c4,11,55,128,0.077240
Qwen/Qwen3-32B,c4,11,55,512,0.034252
Qwen/Qwen3-32B,c4,11,55,2048,0.005196
Qwen/Qwen3-32B,c4,11,56,128,0.018127
Qwen/Qwen3-32B,c4,11,56,512,0.010081
Qwen/Qwen3-32B,c4,11,56,2048,0.001811
Qwen/Qwen3-32B,c4,11,57,128,0.064576
Qwen/Qwen3-32B,c4,11,57,512,0.031600
Qwen/Qwen3-32B,c4,11,57,2048,0.007584
Qwen/Qwen3-32B,c4,11,58,128,0.100238
Qwen/Qwen3-32B,c4,11,58,512,0.052625
Qwen/Qwen3-32B,c4,11,58,2048,0.009603
Qwen/Qwen3-32B,c4,11,59,128,0.017608
Qwen/Qwen3-32B,c4,11,59,512,0.011469
Qwen/Qwen3-32B,c4,11,59,2048,0.002224
Qwen/Qwen3-32B,c4,11,60,128,0.098285
Qwen/Qwen3-32B,c4,11,60,512,0.050658
Qwen/Qwen3-32B,c4,11,60,2048,0.009691
Qwen/Qwen3-32B,c4,11,61,128,0.014429
Qwen/Qwen3-32B,c4,11,61,512,0.009402
Qwen/Qwen3-32B,c4,11,61,2048,0.002492
Qwen/Qwen3-32B,c4,11,62,128,0.064048
Qwen/Qwen3-32B,c4,11,62,512,0.035526
Qwen/Qwen3-32B,c4,11,62,2048,0.005561
Qwen/Qwen3-32B,c4,11,63,128,0.068553
Qwen/Qwen3-32B,c4,11,63,512,0.037348
Qwen/Qwen3-32B,c4,11,63,2048,0.006697
Qwen/Qwen3-32B,c4,12,0,128,0.058068
Qwen/Qwen3-32B,c4,12,0,512,0.048403
Qwen/Qwen3-32B,c4,12,0,2048,0.016440
Qwen/Qwen3-32B,c4,12,1,128,0.171204
Qwen/Qwen3-32B,c4,12,1,512,0.131309
Qwen/Qwen3-32B,c4,12,1,2048,0.038501
Qwen/Qwen3-32B,c4,12,2,128,0.023925
Qwen/Qwen3-32B,c4,12,2,512,0.018512
Qwen/Qwen3-32B,c4,12,2,2048,0.005139
Qwen/Qwen3-32B,c4,12,3,128,0.038149
Qwen/Qwen3-32B,c4,12,3,512,0.033934
Qwen/Qwen3-32B,c4,12,3,2048,0.011064
Qwen/Qwen3-32B,c4,12,4,128,0.294831
Qwen/Qwen3-32B,c4,12,4,512,0.238502
Qwen/Qwen3-32B,c4,12,4,2048,0.072375
Qwen/Qwen3-32B,c4,12,5,128,0.051544
Qwen/Qwen3-32B,c4,12,5,512,0.020555
Qwen/Qwen3-32B,c4,12,5,2048,0.004871
Qwen/Qwen3-32B,c4,12,6,128,0.049619
Qwen/Qwen3-32B,c4,12,6,512,0.038448
Qwen/Qwen3-32B,c4,12,6,2048,0.015410
Qwen/Qwen3-32B,c4,12,7,128,0.072777
Qwen/Qwen3-32B,c4,12,7,512,0.061199
Qwen/Qwen3-32B,c4,12,7,2048,0.019826
Qwen/Qwen3-32B,c4,12,8,128,0.257824
Qwen/Qwen3-32B,c4,12,8,512,0.125884
Qwen/Qwen3-32B,c4,12,8,2048,0.023688
Qwen/Qwen3-32B,c4,12,9,128,0.219825
Qwen/Qwen3-32B,c4,12,9,512,0.078351
Qwen/Qwen3-32B,c4,12,9,2048,0.018811
Qwen/Qwen3-32B,c4,12,10,128,0.038731
Qwen/Qwen3-32B,c4,12,10,512,0.026447
Qwen/Qwen3-32B,c4,12,10,2048,0.004986
Qwen/Qwen3-32B,c4,12,11,128,0.084510
Qwen/Qwen3-32B,c4,12,11,512,0.039000
Qwen/Qwen3-32B,c4,12,11,2048,0.011489
Qwen/Qwen3-32B,c4,12,12,128,0.096030
Qwen/Qwen3-32B,c4,12,12,512,0.041838
Qwen/Qwen3-32B,c4,12,12,2048,0.009143
Qwen/Qwen3-32B,c4,12,13,128,0.079432
Qwen/Qwen3-32B,c4,12,13,512,0.045069
Qwen/Qwen3-32B,c4,12,13,2048,0.017403
Qwen/Qwen3-32B,c4,12,14,128,0.131287
Qwen/Qwen3-32B,c4,12,14,512,0.065626
Qwen/Qwen3-32B,c4,12,14,2048,0.016781
Qwen/Qwen3-32B,c4,12,15,128,0.040070
Qwen/Qwen3-32B,c4,12,15,512,0.018441
Qwen/Qwen3-32B,c4,12,15,2048,0.003038
Qwen/Qwen3-32B,c4,12,16,128,0.009045
Qwen/Qwen3-32B,c4,12,16,512,0.008131
Qwen/Qwen3-32B,c4,12,16,2048,0.004035
Qwen/Qwen3-32B,c4,12,17,128,0.000000
Qwen/Qwen3-32B,c4,12,17,512,0.000000
Qwen/Qwen3-32B,c4,12,17,2048,0.000000
Qwen/Qwen3-32B,c4,12,18,128,0.021548
Qwen/Qwen3-32B,c4,12,18,512,0.016491
Qwen/Qwen3-32B,c4,12,18,2048,0.005500
Qwen/Qwen3-32B,c4,12,19,128,0.012711
Qwen/Qwen3-32B,c4,12,19,512,0.013502
Qwen/Qwen3-32B,c4,12,19,2048,0.004353
Qwen/Qwen3-32B,c4,12,20,128,0.071916
Qwen/Qwen3-32B,c4,12,20,512,0.043429
Qwen/Qwen3-32B,c4,12,20,2048,0.002973
Qwen/Qwen3-32B,c4,12,21,128,0.039593
Qwen/Qwen3-32B,c4,12,21,512,0.024218
Qwen/Qwen3-32B,c4,12,21,2048,0.009589
Qwen/Qwen3-32B,c4,12,22,128,0.021077
Qwen/Qwen3-32B,c4,12,22,512,0.014578
Qwen/Qwen3-32B,c4,12,22,2048,0.003632
Qwen/Qwen3-32B,c4,12,23,128,0.055673
Qwen/Qwen3-32B,c4,12,23,512,0.018351
Qwen/Qwen3-32B,c4,12,23,2048,0.005781
Qwen/Qwen3-32B,c4,12,24,128,0.076539
Qwen/Qwen3-32B,c4,12,24,512,0.040252
Qwen/Qwen3-32B,c4,12,24,2048,0.007487
Qwen/Qwen3-32B,c4,12,25,128,0.138498
Qwen/Qwen3-32B,c4,12,25,512,0.129231
Qwen/Qwen3-32B,c4,12,25,2048,0.070286
Qwen/Qwen3-32B,c4,12,26,128,0.095956
Qwen/Qwen3-32B,c4,12,26,512,0.059414
Qwen/Qwen3-32B,c4,12,26,2048,0.011443
Qwen/Qwen3-32B,c4,12,27,128,0.203303
Qwen/Qwen3-32B,c4,12,27,512,0.103915
Qwen/Qwen3-32B,c4,12,27,2048,0.019770
Qwen/Qwen3-32B,c4,12,28,128,0.343835
Qwen/Qwen3-32B,c4,12,28,512,0.193679
Qwen/Qwen3-32B,c4,12,28,2048,0.046211
Qwen/Qwen3-32B,c4,12,29,128,0.254944
Qwen/Qwen3-32B,c4,12,29,512,0.142320
Qwen/Qwen3-32B,c4,12,29,2048,0.024752
Qwen/Qwen3-32B,c4,12,30,128,0.147371
Qwen/Qwen3-32B,c4,12,30,512,0.064575
Qwen/Qwen3-32B,c4,12,30,2048,0.009921
Qwen/Qwen3-32B,c4,12,31,128,0.400046
Qwen/Qwen3-32B,c4,12,31,512,0.312848
Qwen/Qwen3-32B,c4,12,31,2048,0.094404
Qwen/Qwen3-32B,c4,12,32,128,0.097260
Qwen/Qwen3-32B,c4,12,32,512,0.062756
Qwen/Qwen3-32B,c4,12,32,2048,0.017150
Qwen/Qwen3-32B,c4,12,33,128,0.099159
Qwen/Qwen3-32B,c4,12,33,512,0.064128
Qwen/Qwen3-32B,c4,12,33,2048,0.016827
Qwen/Qwen3-32B,c4,12,34,128,0.107731
Qwen/Qwen3-32B,c4,12,34,512,0.072961
Qwen/Qwen3-32B,c4,12,34,2048,0.022747
Qwen/Qwen3-32B,c4,12,35,128,0.131061
Qwen/Qwen3-32B,c4,12,35,512,0.082755
Qwen/Qwen3-32B,c4,12,35,2048,0.021731
Qwen/Qwen3-32B,c4,12,36,128,0.077061
Qwen/Qwen3-32B,c4,12,36,512,0.057441
Qwen/Qwen3-32B,c4,12,36,2048,0.020719
Qwen/Qwen3-32B,c4,12,37,128,0.095557
Qwen/Qwen3-32B,c4,12,37,512,0.073145
Qwen/Qwen3-32B,c4,12,37,2048,0.024206
Qwen/Qwen3-32B,c4,12,38,128,0.118114
Qwen/Qwen3-32B,c4,12,38,512,0.073336
Qwen/Qwen3-32B,c4,12,38,2048,0.019891
Qwen/Qwen3-32B,c4,12,39,128,0.115003
Qwen/Qwen3-32B,c4,12,39,512,0.077678
Qwen/Qwen3-32B,c4,12,39,2048,0.030176
Qwen/Qwen3-32B,c4,12,40,128,0.008956
Qwen/Qwen3-32B,c4,12,40,512,0.006299
Qwen/Qwen3-32B,c4,12,40,2048,0.001504
Qwen/Qwen3-32B,c4,12,41,128,0.005289
Qwen/Qwen3-32B,c4,12,41,512,0.002966
Qwen/Qwen3-32B,c4,12,41,2048,0.000424
Qwen/Qwen3-32B,c4,12,42,128,0.001974
Qwen/Qwen3-32B,c4,12,42,512,0.000936
Qwen/Qwen3-32B,c4,12,42,2048,0.000138
Qwen/Qwen3-32B,c4,12,43,128,0.063719
Qwen/Qwen3-32B,c4,12,43,512,0.032546
Qwen/Qwen3-32B,c4,12,43,2048,0.005411
Qwen/Qwen3-32B,c4,12,44,128,0.012858
Qwen/Qwen3-32B,c4,12,44,512,0.006368
Qwen/Qwen3-32B,c4,12,44,2048,0.000773
Qwen/Qwen3-32B,c4,12,45,128,0.059523
Qwen/Qwen3-32B,c4,12,45,512,0.028315
Qwen/Qwen3-32B,c4,12,45,2048,0.006716
Qwen/Qwen3-32B,c4,12,46,128,0.120399
Qwen/Qwen3-32B,c4,12,46,512,0.059632
Qwen/Qwen3-32B,c4,12,46,2048,0.015387
Qwen/Qwen3-32B,c4,12,47,128,0.057512
Qwen/Qwen3-32B,c4,12,47,512,0.027301
Qwen/Qwen3-32B,c4,12,47,2048,0.006056
Qwen/Qwen3-32B,c4,12,48,128,0.014469
Qwen/Qwen3-32B,c4,12,48,512,0.009898
Qwen/Qwen3-32B,c4,12,48,2048,0.004552
Qwen/Qwen3-32B,c4,12,49,128,0.063180
Qwen/Qwen3-32B,c4,12,49,512,0.033848
Qwen/Qwen3-32B,c4,12,49,2048,0.011736
Qwen/Qwen3-32B,c4,12,50,128,0.033328
Qwen/Qwen3-32B,c4,12,50,512,0.021492
Qwen/Qwen3-32B,c4,12,50,2048,0.006841
Qwen/Qwen3-32B,c4,12,51,128,0.059434
Qwen/Qwen3-32B,c4,12,51,512,0.026498
Qwen/Qwen3-32B,c4,12,51,2048,0.009462
Qwen/Qwen3-32B,c4,12,52,128,0.082393
Qwen/Qwen3-32B,c4,12,52,512,0.046085
Qwen/Qwen3-32B,c4,12,52,2048,0.010693
Qwen/Qwen3-32B,c4,12,53,128,0.043890
Qwen/Qwen3-32B,c4,12,53,512,0.026751
Qwen/Qwen3-32B,c4,12,53,2048,0.006408
Qwen/Qwen3-32B,c4,12,54,128,0.013408
Qwen/Qwen3-32B,c4,12,54,512,0.010369
Qwen/Qwen3-32B,c4,12,54,2048,0.003601
Qwen/Qwen3-32B,c4,12,55,128,0.160114
Qwen/Qwen3-32B,c4,12,55,512,0.064171
Qwen/Qwen3-32B,c4,12,55,2048,0.017794
Qwen/Qwen3-32B,c4,12,56,128,0.151767
Qwen/Qwen3-32B,c4,12,56,512,0.090132
Qwen/Qwen3-32B,c4,12,56,2048,0.036456
Qwen/Qwen3-32B,c4,12,57,128,0.453098
Qwen/Qwen3-32B,c4,12,57,512,0.239035
Qwen/Qwen3-32B,c4,12,57,2048,0.063998
Qwen/Qwen3-32B,c4,12,58,128,0.140705
Qwen/Qwen3-32B,c4,12,58,512,0.054391
Qwen/Qwen3-32B,c4,12,58,2048,0.010125
Qwen/Qwen3-32B,c4,12,59,128,0.112348
Qwen/Qwen3-32B,c4,12,59,512,0.053225
Qwen/Qwen3-32B,c4,12,59,2048,0.016453
Qwen/Qwen3-32B,c4,12,60,128,0.332224
Qwen/Qwen3-32B,c4,12,60,512,0.129261
Qwen/Qwen3-32B,c4,12,60,2048,0.026360
Qwen/Qwen3-32B,c4,12,61,128,0.132855
Qwen/Qwen3-32B,c4,12,61,512,0.041077
Qwen/Qwen3-32B,c4,12,61,2048,0.008086
Qwen/Qwen3-32B,c4,12,62,128,0.502442
Qwen/Qwen3-32B,c4,12,62,512,0.256630
Qwen/Qwen3-32B,c4,12,62,2048,0.061754
Qwen/Qwen3-32B,c4,12,63,128,0.169653
Qwen/Qwen3-32B,c4,12,63,512,0.089954
Qwen/Qwen3-32B,c4,12,63,2048,0.022277
Qwen/Qwen3-32B,c4,13,0,128,0.095351
Qwen/Qwen3-32B,c4,13,0,512,0.058778
Qwen/Qwen3-32B,c4,13,0,2048,0.014025
Qwen/Qwen3-32B,c4,13,1,128,0.135683
Qwen/Qwen3-32B,c4,13,1,512,0.048493
Qwen/Qwen3-32B,c4,13,1,2048,0.006951
Qwen/Qwen3-32B,c4,13,2,128,0.045198
Qwen/Qwen3-32B,c4,13,2,512,0.034968
Qwen/Qwen3-32B,c4,13,2,2048,0.009635
Qwen/Qwen3-32B,c4,13,3,128,0.091398
Qwen/Qwen3-32B,c4,13,3,512,0.045367
Qwen/Qwen3-32B,c4,13,3,2048,0.009720
Qwen/Qwen3-32B,c4,13,4,128,0.071087
Qwen/Qwen3-32B,c4,13,4,512,0.032114
Qwen/Qwen3-32B,c4,13,4,2048,0.003638
Qwen/Qwen3-32B,c4,13,5,128,0.113278
Qwen/Qwen3-32B,c4,13,5,512,0.093584
Qwen/Qwen3-32B,c4,13,5,2048,0.026462
Qwen/Qwen3-32B,c4,13,6,128,0.013370
Qwen/Qwen3-32B,c4,13,6,512,0.006298
Qwen/Qwen3-32B,c4,13,6,2048,0.000738
Qwen/Qwen3-32B,c4,13,7,128,0.017864
Qwen/Qwen3-32B,c4,13,7,512,0.011217
Qwen/Qwen3-32B,c4,13,7,2048,0.002570
Qwen/Qwen3-32B,c4,13,8,128,0.262589
Qwen/Qwen3-32B,c4,13,8,512,0.113656
Qwen/Qwen3-32B,c4,13,8,2048,0.024752
Qwen/Qwen3-32B,c4,13,9,128,0.036697
Qwen/Qwen3-32B,c4,13,9,512,0.019252
Qwen/Qwen3-32B,c4,13,9,2048,0.004768
Qwen/Qwen3-32B,c4,13,10,128,0.118646
Qwen/Qwen3-32B,c4,13,10,512,0.054749
Qwen/Qwen3-32B,c4,13,10,2048,0.010298
Qwen/Qwen3-32B,c4,13,11,128,0.109221
Qwen/Qwen3-32B,c4,13,11,512,0.044257
Qwen/Qwen3-32B,c4,13,11,2048,0.008143
Qwen/Qwen3-32B,c4,13,12,128,0.076686
Qwen/Qwen3-32B,c4,13,12,512,0.043635
Qwen/Qwen3-32B,c4,13,12,2048,0.008831
Qwen/Qwen3-32B,c4,13,13,128,0.104870
Qwen/Qwen3-32B,c4,13,13,512,0.052152
Qwen/Qwen3-32B,c4,13,13,2048,0.012530
Qwen/Qwen3-32B,c4,13,14,128,0.178803
Qwen/Qwen3-32B,c4,13,14,512,0.112091
Qwen/Qwen3-32B,c4,13,14,2048,0.029516
Qwen/Qwen3-32B,c4,13,15,128,0.109871
Qwen/Qwen3-32B,c4,13,15,512,0.058593
Qwen/Qwen3-32B,c4,13,15,2048,0.007852
Qwen/Qwen3-32B,c4,13,16,128,0.089984
Qwen/Qwen3-32B,c4,13,16,512,0.057425
Qwen/Qwen3-32B,c4,13,16,2048,0.015469
Qwen/Qwen3-32B,c4,13,17,128,0.159176
Qwen/Qwen3-32B,c4,13,17,512,0.074015
Qwen/Qwen3-32B,c4,13,17,2048,0.012852
Qwen/Qwen3-32B,c4,13,18,128,0.117534
Qwen/Qwen3-32B,c4,13,18,512,0.067888
Qwen/Qwen3-32B,c4,13,18,2048,0.015379
Qwen/Qwen3-32B,c4,13,19,128,0.265587
Qwen/Qwen3-32B,c4,13,19,512,0.167804
Qwen/Qwen3-32B,c4,13,19,2048,0.055994
Qwen/Qwen3-32B,c4,13,20,128,0.624760
Qwen/Qwen3-32B,c4,13,20,512,0.335904
Qwen/Qwen3-32B,c4,13,20,2048,0.087558
Qwen/Qwen3-32B,c4,13,21,128,0.055096
Qwen/Qwen3-32B,c4,13,21,512,0.026751
Qwen/Qwen3-32B,c4,13,21,2048,0.007313
Qwen/Qwen3-32B,c4,13,22,128,0.116988
Qwen/Qwen3-32B,c4,13,22,512,0.062050
Qwen/Qwen3-32B,c4,13,22,2048,0.013834
Qwen/Qwen3-32B,c4,13,23,128,0.229544
Qwen/Qwen3-32B,c4,13,23,512,0.100666
Qwen/Qwen3-32B,c4,13,23,2048,0.022724
Qwen/Qwen3-32B,c4,13,24,128,0.169678
Qwen/Qwen3-32B,c4,13,24,512,0.079024
Qwen/Qwen3-32B,c4,13,24,2048,0.016869
Qwen/Qwen3-32B,c4,13,25,128,0.046106
Qwen/Qwen3-32B,c4,13,25,512,0.019491
Qwen/Qwen3-32B,c4,13,25,2048,0.004889
Qwen/Qwen3-32B,c4,13,26,128,0.011066
Qwen/Qwen3-32B,c4,13,26,512,0.004324
Qwen/Qwen3-32B,c4,13,26,2048,0.001677
Qwen/Qwen3-32B,c4,13,27,128,0.129469
Qwen/Qwen3-32B,c4,13,27,512,0.049762
Qwen/Qwen3-32B,c4,13,27,2048,0.009930
Qwen/Qwen3-32B,c4,13,28,128,0.104818
Qwen/Qwen3-32B,c4,13,28,512,0.052502
Qwen/Qwen3-32B,c4,13,28,2048,0.010474
Qwen/Qwen3-32B,c4,13,29,128,0.013590
Qwen/Qwen3-32B,c4,13,29,512,0.007560
Qwen/Qwen3-32B,c4,13,29,2048,0.001630
Qwen/Qwen3-32B,c4,13,30,128,0.263575
Qwen/Qwen3-32B,c4,13,30,512,0.092341
Qwen/Qwen3-32B,c4,13,30,2048,0.019477
Qwen/Qwen3-32B,c4,13,31,128,0.282150
Qwen/Qwen3-32B,c4,13,31,512,0.198431
Qwen/Qwen3-32B,c4,13,31,2048,0.050376
Qwen/Qwen3-32B,c4,13,32,128,0.185999
Qwen/Qwen3-32B,c4,13,32,512,0.066355
Qwen/Qwen3-32B,c4,13,32,2048,0.009369
Qwen/Qwen3-32B,c4,13,33,128,0.307099
Qwen/Qwen3-32B,c4,13,33,512,0.100894
Qwen/Qwen3-32B,c4,13,33,2048,0.019391
Qwen/Qwen3-32B,c4,13,34,128,0.396700
Qwen/Qwen3-32B,c4,13,34,512,0.214540
Qwen/Qwen3-32B,c4,13,34,2048,0.028582
Qwen/Qwen3-32B,c4,13,35,128,0.166509
Qwen/Qwen3-32B,c4,13,35,512,0.074870
Qwen/Qwen3-32B,c4,13,35,2048,0.011257
Qwen/Qwen3-32B,c4,13,36,128,0.185335
Qwen/Qwen3-32B,c4,13,36,512,0.089990
Qwen/Qwen3-32B,c4,13,36,2048,0.018902
Qwen/Qwen3-32B,c4,13,37,128,0.228563
Qwen/Qwen3-32B,c4,13,37,512,0.112965
Qwen/Qwen3-32B,c4,13,37,2048,0.017689
Qwen/Qwen3-32B,c4,13,38,128,0.140308
Qwen/Qwen3-32B,c4,13,38,512,0.060214
Qwen/Qwen3-32B,c4,13,38,2048,0.011112
Qwen/Qwen3-32B,c4,13,39,128,0.184418
Qwen/Qwen3-32B,c4,13,39,512,0.084911
Qwen/Qwen3-32B,c4,13,39,2048,0.009923
Qwen/Qwen3-32B,c4,13,40,128,0.333814
Qwen/Qwen3-32B,c4,13,40,512,0.195025
Qwen/Qwen3-32B,c4,13,40,2048,0.041891
Qwen/Qwen3-32B,c4,13,41,128,0.291195
Qwen/Qwen3-32B,c4,13,41,512,0.131808
Qwen/Qwen3-32B,c4,13,41,2048,0.025306
Qwen/Qwen3-32B,c4,13,42,128,0.067744
Qwen/Qwen3-32B,c4,13,42,512,0.037378
Qwen/Qwen3-32B,c4,13,42,2048,0.012731
Qwen/Qwen3-32B,c4,13,43,128,0.312530
Qwen/Qwen3-32B,c4,13,43,512,0.199925
Qwen/Qwen3-32B,c4,13,43,2048,0.053828
Qwen/Qwen3-32B,c4,13,44,128,0.132509
Qwen/Qwen3-32B,c4,13,44,512,0.069015
Qwen/Qwen3-32B,c4,13,44,2048,0.011782
Qwen/Qwen3-32B,c4,13,45,128,0.114796
Qwen/Qwen3-32B,c4,13,45,512,0.077256
Qwen/Qwen3-32B,c4,13,45,2048,0.022745
Qwen/Qwen3-32B,c4,13,46,128,0.120985
Qwen/Qwen3-32B,c4,13,46,512,0.059591
Qwen/Qwen3-32B,c4,13,46,2048,0.013911
Qwen/Qwen3-32B,c4,13,47,128,0.063664
Qwen/Qwen3-32B,c4,13,47,512,0.026961
Qwen/Qwen3-32B,c4,13,47,2048,0.005424
Qwen/Qwen3-32B,c4,13,48,128,0.087525
Qwen/Qwen3-32B,c4,13,48,512,0.038726
Qwen/Qwen3-32B,c4,13,48,2048,0.006159
Qwen/Qwen3-32B,c4,13,49,128,0.156461
Qwen/Qwen3-32B,c4,13,49,512,0.117623
Qwen/Qwen3-32B,c4,13,49,2048,0.035467
Qwen/Qwen3-32B,c4,13,50,128,0.077029
Qwen/Qwen3-32B,c4,13,50,512,0.040755
Qwen/Qwen3-32B,c4,13,50,2048,0.006106
Qwen/Qwen3-32B,c4,13,51,128,0.034249
Qwen/Qwen3-32B,c4,13,51,512,0.017743
Qwen/Qwen3-32B,c4,13,51,2048,0.004375
Qwen/Qwen3-32B,c4,13,52,128,0.166668
Qwen/Qwen3-32B,c4,13,52,512,0.072951
Qwen/Qwen3-32B,c4,13,52,2048,0.011355
Qwen/Qwen3-32B,c4,13,53,128,0.133727
Qwen/Qwen3-32B,c4,13,53,512,0.063824
Qwen/Qwen3-32B,c4,13,53,2048,0.011747
Qwen/Qwen3-32B,c4,13,54,128,0.078557
Qwen/Qwen3-32B,c4,13,54,512,0.035596
Qwen/Qwen3-32B,c4,13,54,2048,0.005637
Qwen/Qwen3-32B,c4,13,55,128,0.060722
Qwen/Qwen3-32B,c4,13,55,512,0.030444
Qwen/Qwen3-32B,c4,13,55,2048,0.007663
Qwen/Qwen3-32B,c4,13,56,128,0.010029
Qwen/Qwen3-32B,c4,13,56,512,0.006194
Qwen/Qwen3-32B,c4,13,56,2048,0.001322
Qwen/Qwen3-32B,c4,13,57,128,0.040047
Qwen/Qwen3-32B,c4,13,57,512,0.020432
Qwen/Qwen3-32B,c4,13,57,2048,0.003630
Qwen/Qwen3-32B,c4,13,58,128,0.047964
Qwen/Qwen3-32B,c4,13,58,512,0.025608
Qwen/Qwen3-32B,c4,13,58,2048,0.006577
Qwen/Qwen3-32B,c4,13,59,128,0.075329
Qwen/Qwen3-32B,c4,13,59,512,0.027875
Qwen/Qwen3-32B,c4,13,59,2048,0.003323
Qwen/Qwen3-32B,c4,13,60,128,0.069714
Qwen/Qwen3-32B,c4,13,60,512,0.028894
Qwen/Qwen3-32B,c4,13,60,2048,0.005990
Qwen/Qwen3-32B,c4,13,61,128,0.115739
Qwen/Qwen3-32B,c4,13,61,512,0.054148
Qwen/Qwen3-32B,c4,13,61,2048,0.010970
Qwen/Qwen3-32B,c4,13,62,128,0.071960
Qwen/Qwen3-32B,c4,13,62,512,0.029215
Qwen/Qwen3-32B,c4,13,62,2048,0.005310
Qwen/Qwen3-32B,c4,13,63,128,0.040558
Qwen/Qwen3-32B,c4,13,63,512,0.015230
Qwen/Qwen3-32B,c4,13,63,2048,0.003106
Qwen/Qwen3-32B,c4,14,0,128,0.126654
Qwen/Qwen3-32B,c4,14,0,512,0.058534
Qwen/Qwen3-32B,c4,14,0,2048,0.013164
Qwen/Qwen3-32B,c4,14,1,128,0.006971
Qwen/Qwen3-32B,c4,14,1,512,0.004676
Qwen/Qwen3-32B,c4,14,1,2048,0.001251
Qwen/Qwen3-32B,c4,14,2,128,0.115369
Qwen/Qwen3-32B,c4,14,2,512,0.051246
Qwen/Qwen3-32B,c4,14,2,2048,0.010538
Qwen/Qwen3-32B,c4,14,3,128,0.101998
Qwen/Qwen3-32B,c4,14,3,512,0.060392
Qwen/Qwen3-32B,c4,14,3,2048,0.019230
Qwen/Qwen3-32B,c4,14,4,128,0.029772
Qwen/Qwen3-32B,c4,14,4,512,0.015336
Qwen/Qwen3-32B,c4,14,4,2048,0.004072
Qwen/Qwen3-32B,c4,14,5,128,0.181831
Qwen/Qwen3-32B,c4,14,5,512,0.079355
Qwen/Qwen3-32B,c4,14,5,2048,0.019094
Qwen/Qwen3-32B,c4,14,6,128,0.090377
Qwen/Qwen3-32B,c4,14,6,512,0.036396
Qwen/Qwen3-32B,c4,14,6,2048,0.008453
Qwen/Qwen3-32B,c4,14,7,128,0.215197
Qwen/Qwen3-32B,c4,14,7,512,0.123281
Qwen/Qwen3-32B,c4,14,7,2048,0.029670
Qwen/Qwen3-32B,c4,14,8,128,0.292341
Qwen/Qwen3-32B,c4,14,8,512,0.092529
Qwen/Qwen3-32B,c4,14,8,2048,0.018734
Qwen/Qwen3-32B,c4,14,9,128,0.023818
Qwen/Qwen3-32B,c4,14,9,512,0.012067
Qwen/Qwen3-32B,c4,14,9,2048,0.002216
Qwen/Qwen3-32B,c4,14,10,128,0.192107
Qwen/Qwen3-32B,c4,14,10,512,0.103699
Qwen/Qwen3-32B,c4,14,10,2048,0.027394
Qwen/Qwen3-32B,c4,14,11,128,0.296785
Qwen/Qwen3-32B,c4,14,11,512,0.124313
Qwen/Qwen3-32B,c4,14,11,2048,0.024228
Qwen/Qwen3-32B,c4,14,12,128,0.040047
Qwen/Qwen3-32B,c4,14,12,512,0.018812
Qwen/Qwen3-32B,c4,14,12,2048,0.007997
Qwen/Qwen3-32B,c4,14,13,128,0.245107
Qwen/Qwen3-32B,c4,14,13,512,0.146208
Qwen/Qwen3-32B,c4,14,13,2048,0.037720
Qwen/Qwen3-32B,c4,14,14,128,0.155495
Qwen/Qwen3-32B,c4,14,14,512,0.082392
Qwen/Qwen3-32B,c4,14,14,2048,0.018118
Qwen/Qwen3-32B,c4,14,15,128,0.436832
Qwen/Qwen3-32B,c4,14,15,512,0.171177
Qwen/Qwen3-32B,c4,14,15,2048,0.041933
Qwen/Qwen3-32B,c4,14,16,128,0.050314
Qwen/Qwen3-32B,c4,14,16,512,0.031421
Qwen/Qwen3-32B,c4,14,16,2048,0.006368
Qwen/Qwen3-32B,c4,14,17,128,0.021616
Qwen/Qwen3-32B,c4,14,17,512,0.015607
Qwen/Qwen3-32B,c4,14,17,2048,0.003771
Qwen/Qwen3-32B,c4,14,18,128,0.071852
Qwen/Qwen3-32B,c4,14,18,512,0.049841
Qwen/Qwen3-32B,c4,14,18,2048,0.010866
Qwen/Qwen3-32B,c4,14,19,128,0.063086
Qwen/Qwen3-32B,c4,14,19,512,0.034018
Qwen/Qwen3-32B,c4,14,19,2048,0.010549
Qwen/Qwen3-32B,c4,14,20,128,0.024130
Qwen/Qwen3-32B,c4,14,20,512,0.014728
Qwen/Qwen3-32B,c4,14,20,2048,0.003781
Qwen/Qwen3-32B,c4,14,21,128,0.170043
Qwen/Qwen3-32B,c4,14,21,512,0.099701
Qwen/Qwen3-32B,c4,14,21,2048,0.025389
Qwen/Qwen3-32B,c4,14,22,128,0.041910
Qwen/Qwen3-32B,c4,14,22,512,0.019499
Qwen/Qwen3-32B,c4,14,22,2048,0.004176
Qwen/Qwen3-32B,c4,14,23,128,0.057950
Qwen/Qwen3-32B,c4,14,23,512,0.032290
Qwen/Qwen3-32B,c4,14,23,2048,0.008279
Qwen/Qwen3-32B,c4,14,24,128,0.001319
Qwen/Qwen3-32B,c4,14,24,512,0.000644
Qwen/Qwen3-32B,c4,14,24,2048,0.000191
Qwen/Qwen3-32B,c4,14,25,128,0.010086
Qwen/Qwen3-32B,c4,14,25,512,0.008967
Qwen/Qwen3-32B,c4,14,25,2048,0.004800
Qwen/Qwen3-32B,c4,14,26,128,0.052698
Qwen/Qwen3-32B,c4,14,26,512,0.031082
Qwen/Qwen3-32B,c4,14,26,2048,0.006233
Qwen/Qwen3-32B,c4,14,27,128,0.118720
Qwen/Qwen3-32B,c4,14,27,512,0.064331
Qwen/Qwen3-32B,c4,14,27,2048,0.003170
Qwen/Qwen3-32B,c4,14,28,128,0.074448
Qwen/Qwen3-32B,c4,14,28,512,0.045125
Qwen/Qwen3-32B,c4,14,28,2048,0.008687
Qwen/Qwen3-32B,c4,14,29,128,0.006961
Qwen/Qwen3-32B,c4,14,29,512,0.006174
Qwen/Qwen3-32B,c4,14,29,2048,0.002416
Qwen/Qwen3-32B,c4,14,30,128,0.086783
Qwen/Qwen3-32B,c4,14,30,512,0.048975
Qwen/Qwen3-32B,c4,14,30,2048,0.008763
Qwen/Qwen3-32B,c4,14,31,128,0.102770
Qwen/Qwen3-32B,c4,14,31,512,0.025563
Qwen/Qwen3-32B,c4,14,31,2048,0.003322
Qwen/Qwen3-32B,c4,14,32,128,0.001023
Qwen/Qwen3-32B,c4,14,32,512,0.000812
Qwen/Qwen3-32B,c4,14,32,2048,0.000459
Qwen/Qwen3-32B,c4,14,33,128,0.008285
Qwen/Qwen3-32B,c4,14,33,512,0.008234
Qwen/Qwen3-32B,c4,14,33,2048,0.001842
Qwen/Qwen3-32B,c4,14,34,128,0.000000
Qwen/Qwen3-32B,c4,14,34,512,0.000000
Qwen/Qwen3-32B,c4,14,34,2048,0.000000
Qwen/Qwen3-32B,c4,14,35,128,0.019011
Qwen/Qwen3-32B,c4,14,35,512,0.018346
Qwen/Qwen3-32B,c4,14,35,2048,0.013995
Qwen/Qwen3-32B,c4,14,36,128,0.000004
Qwen/Qwen3-32B,c4,14,36,512,0.000002
Qwen/Qwen3-32B,c4,14,36,2048,0.000000
Qwen/Qwen3-32B,c4,14,37,128,0.022178
Qwen/Qwen3-32B,c4,14,37,512,0.020218
Qwen/Qwen3-32B,c4,14,37,2048,0.010828
Qwen/Qwen3-32B,c4,14,38,128,0.000022
Qwen/Qwen3-32B,c4,14,38,512,0.000021
Qwen/Qwen3-32B,c4,14,38,2048,0.000003
Qwen/Qwen3-32B,c4,14,39,128,0.003073
Qwen/Qwen3-32B,c4,14,39,512,0.002621
Qwen/Qwen3-32B,c4,14,39,2048,0.000968
Qwen/Qwen3-32B,c4,14,40,128,0.008760
Qwen/Qwen3-32B,c4,14,40,512,0.007061
Qwen/Qwen3-32B,c4,14,40,2048,0.001289
Qwen/Qwen3-32B,c4,14,41,128,0.007953
Qwen/Qwen3-32B,c4,14,41,512,0.002500
Qwen/Qwen3-32B,c4,14,41,2048,0.000528
Qwen/Qwen3-32B,c4,14,42,128,0.047735
Qwen/Qwen3-32B,c4,14,42,512,0.033956
Qwen/Qwen3-32B,c4,14,42,2048,0.006243
Qwen/Qwen3-32B,c4,14,43,128,0.035388
Qwen/Qwen3-32B,c4,14,43,512,0.027381
Qwen/Qwen3-32B,c4,14,43,2048,0.007074
Qwen/Qwen3-32B,c4,14,44,128,0.035735
Qwen/Qwen3-32B,c4,14,44,512,0.020827
Qwen/Qwen3-32B,c4,14,44,2048,0.006658
Qwen/Qwen3-32B,c4,14,45,128,0.060593
Qwen/Qwen3-32B,c4,14,45,512,0.045584
Qwen/Qwen3-32B,c4,14,45,2048,0.010439
Qwen/Qwen3-32B,c4,14,46,128,0.016587
Qwen/Qwen3-32B,c4,14,46,512,0.011960
Qwen/Qwen3-32B,c4,14,46,2048,0.003489
Qwen/Qwen3-32B,c4,14,47,128,0.047831
Qwen/Qwen3-32B,c4,14,47,512,0.023797
Qwen/Qwen3-32B,c4,14,47,2048,0.004672
Qwen/Qwen3-32B,c4,14,48,128,0.279826
Qwen/Qwen3-32B,c4,14,48,512,0.106175
Qwen/Qwen3-32B,c4,14,48,2048,0.030642
Qwen/Qwen3-32B,c4,14,49,128,0.365873
Qwen/Qwen3-32B,c4,14,49,512,0.169606
Qwen/Qwen3-32B,c4,14,49,2048,0.040263
Qwen/Qwen3-32B,c4,14,50,128,0.503003
Qwen/Qwen3-32B,c4,14,50,512,0.355305
Qwen/Qwen3-32B,c4,14,50,2048,0.120414
Qwen/Qwen3-32B,c4,14,51,128,0.091728
Qwen/Qwen3-32B,c4,14,51,512,0.043809
Qwen/Qwen3-32B,c4,14,51,2048,0.016918
Qwen/Qwen3-32B,c4,14,52,128,0.154875
Qwen/Qwen3-32B,c4,14,52,512,0.066399
Qwen/Qwen3-32B,c4,14,52,2048,0.019190
Qwen/Qwen3-32B,c4,14,53,128,0.304266
Qwen/Qwen3-32B,c4,14,53,512,0.130980
Qwen/Qwen3-32B,c4,14,53,2048,0.037246
Qwen/Qwen3-32B,c4,14,54,128,0.071739
Qwen/Qwen3-32B,c4,14,54,512,0.048799
Qwen/Qwen3-32B,c4,14,54,2048,0.015218
Qwen/Qwen3-32B,c4,14,55,128,0.027989
Qwen/Qwen3-32B,c4,14,55,512,0.014287
Qwen/Qwen3-32B,c4,14,55,2048,0.002859
Qwen/Qwen3-32B,c4,14,56,128,0.030762
Qwen/Qwen3-32B,c4,14,56,512,0.019560
Qwen/Qwen3-32B,c4,14,56,2048,0.006302
Qwen/Qwen3-32B,c4,14,57,128,0.089368
Qwen/Qwen3-32B,c4,14,57,512,0.056502
Qwen/Qwen3-32B,c4,14,57,2048,0.009322
Qwen/Qwen3-32B,c4,14,58,128,0.015117
Qwen/Qwen3-32B,c4,14,58,512,0.011198
Qwen/Qwen3-32B,c4,14,58,2048,0.002629
Qwen/Qwen3-32B,c4,14,59,128,0.063709
Qwen/Qwen3-32B,c4,14,59,512,0.040904
Qwen/Qwen3-32B,c4,14,59,2048,0.010236
Qwen/Qwen3-32B,c4,14,60,128,0.167567
Qwen/Qwen3-32B,c4,14,60,512,0.112481
Qwen/Qwen3-32B,c4,14,60,2048,0.019533
Qwen/Qwen3-32B,c4,14,61,128,0.035224
Qwen/Qwen3-32B,c4,14,61,512,0.020719
Qwen/Qwen3-32B,c4,14,61,2048,0.006293
Qwen/Qwen3-32B,c4,14,62,128,0.129781
Qwen/Qwen3-32B,c4,14,62,512,0.092476
Qwen/Qwen3-32B,c4,14,62,2048,0.027395
Qwen/Qwen3-32B,c4,14,63,128,0.043756
Qwen/Qwen3-32B,c4,14,63,512,0.027756
Qwen/Qwen3-32B,c4,14,63,2048,0.006837
Qwen/Qwen3-32B,c4,15,0,128,0.263240
Qwen/Qwen3-32B,c4,15,0,512,0.183852
Qwen/Qwen3-32B,c4,15,0,2048,0.058274
Qwen/Qwen3-32B,c4,15,1,128,0.273402
Qwen/Qwen3-32B,c4,15,1,512,0.129363
Qwen/Qwen3-32B,c4,15,1,2048,0.042631
Qwen/Qwen3-32B,c4,15,2,128,0.006562
Qwen/Qwen3-32B,c4,15,2,512,0.006270
Qwen/Qwen3-32B,c4,15,2,2048,0.001514
Qwen/Qwen3-32B,c4,15,3,128,0.269701
Qwen/Qwen3-32B,c4,15,3,512,0.156181
Qwen/Qwen3-32B,c4,15,3,2048,0.046135
Qwen/Qwen3-32B,c4,15,4,128,0.083538
Qwen/Qwen3-32B,c4,15,4,512,0.038693
Qwen/Qwen3-32B,c4,15,4,2048,0.009054
Qwen/Qwen3-32B,c4,15,5,128,0.029057
Qwen/Qwen3-32B,c4,15,5,512,0.021948
Qwen/Qwen3-32B,c4,15,5,2048,0.003265
Qwen/Qwen3-32B,c4,15,6,128,0.010622
Qwen/Qwen3-32B,c4,15,6,512,0.008067
Qwen/Qwen3-32B,c4,15,6,2048,0.002008
Qwen/Qwen3-32B,c4,15,7,128,0.058379
Qwen/Qwen3-32B,c4,15,7,512,0.030696
Qwen/Qwen3-32B,c4,15,7,2048,0.006433
Qwen/Qwen3-32B,c4,15,8,128,0.219652
Qwen/Qwen3-32B,c4,15,8,512,0.167550
Qwen/Qwen3-32B,c4,15,8,2048,0.054278
Qwen/Qwen3-32B,c4,15,9,128,0.103681
Qwen/Qwen3-32B,c4,15,9,512,0.037425
Qwen/Qwen3-32B,c4,15,9,2048,0.011537
Qwen/Qwen3-32B,c4,15,10,128,0.099797
Qwen/Qwen3-32B,c4,15,10,512,0.045164
Qwen/Qwen3-32B,c4,15,10,2048,0.008805
Qwen/Qwen3-32B,c4,15,11,128,0.338715
Qwen/Qwen3-32B,c4,15,11,512,0.177076
Qwen/Qwen3-32B,c4,15,11,2048,0.041795
Qwen/Qwen3-32B,c4,15,12,128,0.250781
Qwen/Qwen3-32B,c4,15,12,512,0.111724
Qwen/Qwen3-32B,c4,15,12,2048,0.026099
Qwen/Qwen3-32B,c4,15,13,128,0.145454
Qwen/Qwen3-32B,c4,15,13,512,0.055813
Qwen/Qwen3-32B,c4,15,13,2048,0.011509
Qwen/Qwen3-32B,c4,15,14,128,0.055832
Qwen/Qwen3-32B,c4,15,14,512,0.042890
Qwen/Qwen3-32B,c4,15,14,2048,0.010217
Qwen/Qwen3-32B,c4,15,15,128,0.145480
Qwen/Qwen3-32B,c4,15,15,512,0.059331
Qwen/Qwen3-32B,c4,15,15,2048,0.016842
Qwen/Qwen3-32B,c4,15,16,128,0.026490
Qwen/Qwen3-32B,c4,15,16,512,0.020313
Qwen/Qwen3-32B,c4,15,16,2048,0.003641
Qwen/Qwen3-32B,c4,15,17,128,0.045276
Qwen/Qwen3-32B,c4,15,17,512,0.035654
Qwen/Qwen3-32B,c4,15,17,2048,0.005559
Qwen/Qwen3-32B,c4,15,18,128,0.026835
Qwen/Qwen3-32B,c4,15,18,512,0.024858
Qwen/Qwen3-32B,c4,15,18,2048,0.006321
Qwen/Qwen3-32B,c4,15,19,128,0.030520
Qwen/Qwen3-32B,c4,15,19,512,0.021762
Qwen/Qwen3-32B,c4,15,19,2048,0.003400
Qwen/Qwen3-32B,c4,15,20,128,0.035085
Qwen/Qwen3-32B,c4,15,20,512,0.027241
Qwen/Qwen3-32B,c4,15,20,2048,0.005665
Qwen/Qwen3-32B,c4,15,21,128,0.032586
Qwen/Qwen3-32B,c4,15,21,512,0.027382
Qwen/Qwen3-32B,c4,15,21,2048,0.005581
Qwen/Qwen3-32B,c4,15,22,128,0.076534
Qwen/Qwen3-32B,c4,15,22,512,0.056669
Qwen/Qwen3-32B,c4,15,22,2048,0.009188
Qwen/Qwen3-32B,c4,15,23,128,0.070588
Qwen/Qwen3-32B,c4,15,23,512,0.058076
Qwen/Qwen3-32B,c4,15,23,2048,0.012354
Qwen/Qwen3-32B,c4,15,24,128,0.013341
Qwen/Qwen3-32B,c4,15,24,512,0.010814
Qwen/Qwen3-32B,c4,15,24,2048,0.001116
Qwen/Qwen3-32B,c4,15,25,128,0.007667
Qwen/Qwen3-32B,c4,15,25,512,0.004213
Qwen/Qwen3-32B,c4,15,25,2048,0.000851
Qwen/Qwen3-32B,c4,15,26,128,0.034240
Qwen/Qwen3-32B,c4,15,26,512,0.019762
Qwen/Qwen3-32B,c4,15,26,2048,0.002296
Qwen/Qwen3-32B,c4,15,27,128,0.023788
Qwen/Qwen3-32B,c4,15,27,512,0.015719
Qwen/Qwen3-32B,c4,15,27,2048,0.003045
Qwen/Qwen3-32B,c4,15,28,128,0.046562
Qwen/Qwen3-32B,c4,15,28,512,0.017986
Qwen/Qwen3-32B,c4,15,28,2048,0.004254
Qwen/Qwen3-32B,c4,15,29,128,0.045444
Qwen/Qwen3-32B,c4,15,29,512,0.026456
Qwen/Qwen3-32B,c4,15,29,2048,0.004957
Qwen/Qwen3-32B,c4,15,30,128,0.231099
Qwen/Qwen3-32B,c4,15,30,512,0.124079
Qwen/Qwen3-32B,c4,15,30,2048,0.027011
Qwen/Qwen3-32B,c4,15,31,128,0.156440
Qwen/Qwen3-32B,c4,15,31,512,0.063433
Qwen/Qwen3-32B,c4,15,31,2048,0.010985
Qwen/Qwen3-32B,c4,15,32,128,0.011987
Qwen/Qwen3-32B,c4,15,32,512,0.008217
Qwen/Qwen3-32B,c4,15,32,2048,0.003680
Qwen/Qwen3-32B,c4,15,33,128,0.003895
Qwen/Qwen3-32B,c4,15,33,512,0.001828
Qwen/Qwen3-32B,c4,15,33,2048,0.000396
Qwen/Qwen3-32B,c4,15,34,128,0.017011
Qwen/Qwen3-32B,c4,15,34,512,0.015875
Qwen/Qwen3-32B,c4,15,34,2048,0.009425
Qwen/Qwen3-32B,c4,15,35,128,0.132860
Qwen/Qwen3-32B,c4,15,35,512,0.007049
Qwen/Qwen3-32B,c4,15,35,2048,0.002814
Qwen/Qwen3-32B,c4,15,36,128,0.039299
Qwen/Qwen3-32B,c4,15,36,512,0.017484
Qwen/Qwen3-32B,c4,15,36,2048,0.004586
Qwen/Qwen3-32B,c4,15,37,128,0.134513
Qwen/Qwen3-32B,c4,15,37,512,0.149075
Qwen/Qwen3-32B,c4,15,37,2048,0.087173
Qwen/Qwen3-32B,c4,15,38,128,0.304174
Qwen/Qwen3-32B,c4,15,38,512,0.115627
Qwen/Qwen3-32B,c4,15,38,2048,0.002370
Qwen/Qwen3-32B,c4,15,39,128,0.104801
Qwen/Qwen3-32B,c4,15,39,512,0.051617
Qwen/Qwen3-32B,c4,15,39,2048,0.015944
Qwen/Qwen3-32B,c4,15,40,128,0.026593
Qwen/Qwen3-32B,c4,15,40,512,0.012233
Qwen/Qwen3-32B,c4,15,40,2048,0.001452
Qwen/Qwen3-32B,c4,15,41,128,0.231509
Qwen/Qwen3-32B,c4,15,41,512,0.094316
Qwen/Qwen3-32B,c4,15,41,2048,0.018757
Qwen/Qwen3-32B,c4,15,42,128,0.070042
Qwen/Qwen3-32B,c4,15,42,512,0.026849
Qwen/Qwen3-32B,c4,15,42,2048,0.004747
Qwen/Qwen3-32B,c4,15,43,128,0.003896
Qwen/Qwen3-32B,c4,15,43,512,0.002217
Qwen/Qwen3-32B,c4,15,43,2048,0.000486
Qwen/Qwen3-32B,c4,15,44,128,0.211748
Qwen/Qwen3-32B,c4,15,44,512,0.063009
Qwen/Qwen3-32B,c4,15,44,2048,0.012238
Qwen/Qwen3-32B,c4,15,45,128,0.028051
Qwen/Qwen3-32B,c4,15,45,512,0.015001
Qwen/Qwen3-32B,c4,15,45,2048,0.002064
Qwen/Qwen3-32B,c4,15,46,128,0.125918
Qwen/Qwen3-32B,c4,15,46,512,0.075117
Qwen/Qwen3-32B,c4,15,46,2048,0.010812
Qwen/Qwen3-32B,c4,15,47,128,0.322049
Qwen/Qwen3-32B,c4,15,47,512,0.169961
Qwen/Qwen3-32B,c4,15,47,2048,0.038906
Qwen/Qwen3-32B,c4,15,48,128,0.033443
Qwen/Qwen3-32B,c4,15,48,512,0.025722
Qwen/Qwen3-32B,c4,15,48,2048,0.006210
Qwen/Qwen3-32B,c4,15,49,128,0.029636
Qwen/Qwen3-32B,c4,15,49,512,0.022751
Qwen/Qwen3-32B,c4,15,49,2048,0.005180
Qwen/Qwen3-32B,c4,15,50,128,0.018077
Qwen/Qwen3-32B,c4,15,50,512,0.012805
Qwen/Qwen3-32B,c4,15,50,2048,0.002489
Qwen/Qwen3-32B,c4,15,51,128,0.086489
Qwen/Qwen3-32B,c4,15,51,512,0.060597
Qwen/Qwen3-32B,c4,15,51,2048,0.012029
Qwen/Qwen3-32B,c4,15,52,128,0.024973
Qwen/Qwen3-32B,c4,15,52,512,0.017726
Qwen/Qwen3-32B,c4,15,52,2048,0.004559
Qwen/Qwen3-32B,c4,15,53,128,0.029187
Qwen/Qwen3-32B,c4,15,53,512,0.022653
Qwen/Qwen3-32B,c4,15,53,2048,0.007013
Qwen/Qwen3-32B,c4,15,54,128,0.065540
Qwen/Qwen3-32B,c4,15,54,512,0.047579
Qwen/Qwen3-32B,c4,15,54,2048,0.015556
Qwen/Qwen3-32B,c4,15,55,128,0.041809
Qwen/Qwen3-32B,c4,15,55,512,0.034481
Qwen/Qwen3-32B,c4,15,55,2048,0.010250
Qwen/Qwen3-32B,c4,15,56,128,0.079864
Qwen/Qwen3-32B,c4,15,56,512,0.053504
Qwen/Qwen3-32B,c4,15,56,2048,0.009072
Qwen/Qwen3-32B,c4,15,57,128,0.055482
Qwen/Qwen3-32B,c4,15,57,512,0.037613
Qwen/Qwen3-32B,c4,15,57,2048,0.008187
Qwen/Qwen3-32B,c4,15,58,128,0.045640
Qwen/Qwen3-32B,c4,15,58,512,0.029638
Qwen/Qwen3-32B,c4,15,58,2048,0.006678
Qwen/Qwen3-32B,c4,15,59,128,0.061116
Qwen/Qwen3-32B,c4,15,59,512,0.044689
Qwen/Qwen3-32B,c4,15,59,2048,0.010135
Qwen/Qwen3-32B,c4,15,60,128,0.035065
Qwen/Qwen3-32B,c4,15,60,512,0.023009
Qwen/Qwen3-32B,c4,15,60,2048,0.006019
Qwen/Qwen3-32B,c4,15,61,128,0.099489
Qwen/Qwen3-32B,c4,15,61,512,0.076658
Qwen/Qwen3-32B,c4,15,61,2048,0.022013
Qwen/Qwen3-32B,c4,15,62,128,0.156983
Qwen/Qwen3-32B,c4,15,62,512,0.126091
Qwen/Qwen3-32B,c4,15,62,2048,0.024243
Qwen/Qwen3-32B,c4,15,63,128,0.070538
Qwen/Qwen3-32B,c4,15,63,512,0.053756
Qwen/Qwen3-32B,c4,15,63,2048,0.011181
Qwen/Qwen3-32B,c4,16,0,128,0.039547
Qwen/Qwen3-32B,c4,16,0,512,0.026664
Qwen/Qwen3-32B,c4,16,0,2048,0.007294
Qwen/Qwen3-32B,c4,16,1,128,0.020535
Qwen/Qwen3-32B,c4,16,1,512,0.013907
Qwen/Qwen3-32B,c4,16,1,2048,0.004526
Qwen/Qwen3-32B,c4,16,2,128,0.012174
Qwen/Qwen3-32B,c4,16,2,512,0.009071
Qwen/Qwen3-32B,c4,16,2,2048,0.002282
Qwen/Qwen3-32B,c4,16,3,128,0.107767
Qwen/Qwen3-32B,c4,16,3,512,0.067377
Qwen/Qwen3-32B,c4,16,3,2048,0.018056
Qwen/Qwen3-32B,c4,16,4,128,0.062446
Qwen/Qwen3-32B,c4,16,4,512,0.040917
Qwen/Qwen3-32B,c4,16,4,2048,0.011798
Qwen/Qwen3-32B,c4,16,5,128,0.046648
Qwen/Qwen3-32B,c4,16,5,512,0.029765
Qwen/Qwen3-32B,c4,16,5,2048,0.009327
Qwen/Qwen3-32B,c4,16,6,128,0.084690
Qwen/Qwen3-32B,c4,16,6,512,0.053344
Qwen/Qwen3-32B,c4,16,6,2048,0.011703
Qwen/Qwen3-32B,c4,16,7,128,0.061703
Qwen/Qwen3-32B,c4,16,7,512,0.039973
Qwen/Qwen3-32B,c4,16,7,2048,0.012103
Qwen/Qwen3-32B,c4,16,8,128,0.005528
Qwen/Qwen3-32B,c4,16,8,512,0.002816
Qwen/Qwen3-32B,c4,16,8,2048,0.000522
Qwen/Qwen3-32B,c4,16,9,128,0.021805
Qwen/Qwen3-32B,c4,16,9,512,0.013982
Qwen/Qwen3-32B,c4,16,9,2048,0.003430
Qwen/Qwen3-32B,c4,16,10,128,0.105797
Qwen/Qwen3-32B,c4,16,10,512,0.066616
Qwen/Qwen3-32B,c4,16,10,2048,0.018470
Qwen/Qwen3-32B,c4,16,11,128,0.052052
Qwen/Qwen3-32B,c4,16,11,512,0.033456
Qwen/Qwen3-32B,c4,16,11,2048,0.006004
Qwen/Qwen3-32B,c4,16,12,128,0.193303
Qwen/Qwen3-32B,c4,16,12,512,0.061257
Qwen/Qwen3-32B,c4,16,12,2048,0.008597
Qwen/Qwen3-32B,c4,16,13,128,0.238384
Qwen/Qwen3-32B,c4,16,13,512,0.200765
Qwen/Qwen3-32B,c4,16,13,2048,0.040311
Qwen/Qwen3-32B,c4,16,14,128,0.220769
Qwen/Qwen3-32B,c4,16,14,512,0.138339
Qwen/Qwen3-32B,c4,16,14,2048,0.026026
Qwen/Qwen3-32B,c4,16,15,128,0.000301
Qwen/Qwen3-32B,c4,16,15,512,0.000218
Qwen/Qwen3-32B,c4,16,15,2048,0.000155
Qwen/Qwen3-32B,c4,16,16,128,0.164250
Qwen/Qwen3-32B,c4,16,16,512,0.081880
Qwen/Qwen3-32B,c4,16,16,2048,0.013251
Qwen/Qwen3-32B,c4,16,17,128,0.137607
Qwen/Qwen3-32B,c4,16,17,512,0.055725
Qwen/Qwen3-32B,c4,16,17,2048,0.009259
Qwen/Qwen3-32B,c4,16,18,128,0.020599
Qwen/Qwen3-32B,c4,16,18,512,0.009996
Qwen/Qwen3-32B,c4,16,18,2048,0.001336
Qwen/Qwen3-32B,c4,16,19,128,0.068545
Qwen/Qwen3-32B,c4,16,19,512,0.034114
Qwen/Qwen3-32B,c4,16,19,2048,0.004469
Qwen/Qwen3-32B,c4,16,20,128,0.400828
Qwen/Qwen3-32B,c4,16,20,512,0.122334
Qwen/Qwen3-32B,c4,16,20,2048,0.014105
Qwen/Qwen3-32B,c4,16,21,128,0.134073
Qwen/Qwen3-32B,c4,16,21,512,0.053176
Qwen/Qwen3-32B,c4,16,21,2048,0.011069
Qwen/Qwen3-32B,c4,16,22,128,0.080921
Qwen/Qwen3-32B,c4,16,22,512,0.023159
Qwen/Qwen3-32B,c4,16,22,2048,0.006250
Qwen/Qwen3-32B,c4,16,23,128,0.111469
Qwen/Qwen3-32B,c4,16,23,512,0.050658
Qwen/Qwen3-32B,c4,16,23,2048,0.006099
Qwen/Qwen3-32B,c4,16,24,128,0.052531
Qwen/Qwen3-32B,c4,16,24,512,0.033672
Qwen/Qwen3-32B,c4,16,24,2048,0.004462
Qwen/Qwen3-32B,c4,16,25,128,0.019945
Qwen/Qwen3-32B,c4,16,25,512,0.015213
Qwen/Qwen3-32B,c4,16,25,2048,0.003372
Qwen/Qwen3-32B,c4,16,26,128,0.030384
Qwen/Qwen3-32B,c4,16,26,512,0.017533
Qwen/Qwen3-32B,c4,16,26,2048,0.004373
Qwen/Qwen3-32B,c4,16,27,128,0.074203
Qwen/Qwen3-32B,c4,16,27,512,0.051280
Qwen/Qwen3-32B,c4,16,27,2048,0.005949
Qwen/Qwen3-32B,c4,16,28,128,0.042812
Qwen/Qwen3-32B,c4,16,28,512,0.031761
Qwen/Qwen3-32B,c4,16,28,2048,0.008125
Qwen/Qwen3-32B,c4,16,29,128,0.037985
Qwen/Qwen3-32B,c4,16,29,512,0.026693
Qwen/Qwen3-32B,c4,16,29,2048,0.005334
Qwen/Qwen3-32B,c4,16,30,128,0.053320
Qwen/Qwen3-32B,c4,16,30,512,0.035998
Qwen/Qwen3-32B,c4,16,30,2048,0.008376
Qwen/Qwen3-32B,c4,16,31,128,0.150856
Qwen/Qwen3-32B,c4,16,31,512,0.096453
Qwen/Qwen3-32B,c4,16,31,2048,0.012766
Qwen/Qwen3-32B,c4,16,32,128,0.460052
Qwen/Qwen3-32B,c4,16,32,512,0.228227
Qwen/Qwen3-32B,c4,16,32,2048,0.052843
Qwen/Qwen3-32B,c4,16,33,128,0.227762
Qwen/Qwen3-32B,c4,16,33,512,0.135185
Qwen/Qwen3-32B,c4,16,33,2048,0.030492
Qwen/Qwen3-32B,c4,16,34,128,0.142458
Qwen/Qwen3-32B,c4,16,34,512,0.090200
Qwen/Qwen3-32B,c4,16,34,2048,0.018055
Qwen/Qwen3-32B,c4,16,35,128,0.192243
Qwen/Qwen3-32B,c4,16,35,512,0.091080
Qwen/Qwen3-32B,c4,16,35,2048,0.021211
Qwen/Qwen3-32B,c4,16,36,128,0.230525
Qwen/Qwen3-32B,c4,16,36,512,0.149368
Qwen/Qwen3-32B,c4,16,36,2048,0.032735
Qwen/Qwen3-32B,c4,16,37,128,0.121100
Qwen/Qwen3-32B,c4,16,37,512,0.073362
Qwen/Qwen3-32B,c4,16,37,2048,0.018276
Qwen/Qwen3-32B,c4,16,38,128,0.246117
Qwen/Qwen3-32B,c4,16,38,512,0.134560
Qwen/Qwen3-32B,c4,16,38,2048,0.033154
Qwen/Qwen3-32B,c4,16,39,128,0.490320
Qwen/Qwen3-32B,c4,16,39,512,0.276995
Qwen/Qwen3-32B,c4,16,39,2048,0.071096
Qwen/Qwen3-32B,c4,16,40,128,0.041944
Qwen/Qwen3-32B,c4,16,40,512,0.021498
Qwen/Qwen3-32B,c4,16,40,2048,0.004657
Qwen/Qwen3-32B,c4,16,41,128,0.134931
Qwen/Qwen3-32B,c4,16,41,512,0.065050
Qwen/Qwen3-32B,c4,16,41,2048,0.007668
Qwen/Qwen3-32B,c4,16,42,128,0.010441
Qwen/Qwen3-32B,c4,16,42,512,0.006928
Qwen/Qwen3-32B,c4,16,42,2048,0.002528
Qwen/Qwen3-32B,c4,16,43,128,0.051832
Qwen/Qwen3-32B,c4,16,43,512,0.028905
Qwen/Qwen3-32B,c4,16,43,2048,0.003643
Qwen/Qwen3-32B,c4,16,44,128,0.063116
Qwen/Qwen3-32B,c4,16,44,512,0.038874
Qwen/Qwen3-32B,c4,16,44,2048,0.010649
Qwen/Qwen3-32B,c4,16,45,128,0.050490
Qwen/Qwen3-32B,c4,16,45,512,0.027758
Qwen/Qwen3-32B,c4,16,45,2048,0.005507
Qwen/Qwen3-32B,c4,16,46,128,0.050593
Qwen/Qwen3-32B,c4,16,46,512,0.019891
Qwen/Qwen3-32B,c4,16,46,2048,0.002188
Qwen/Qwen3-32B,c4,16,47,128,0.038253
Qwen/Qwen3-32B,c4,16,47,512,0.015185
Qwen/Qwen3-32B,c4,16,47,2048,0.002313
Qwen/Qwen3-32B,c4,16,48,128,0.174085
Qwen/Qwen3-32B,c4,16,48,512,0.091798
Qwen/Qwen3-32B,c4,16,48,2048,0.022356
Qwen/Qwen3-32B,c4,16,49,128,0.063004
Qwen/Qwen3-32B,c4,16,49,512,0.023521
Qwen/Qwen3-32B,c4,16,49,2048,0.002759
Qwen/Qwen3-32B,c4,16,50,128,0.026689
Qwen/Qwen3-32B,c4,16,50,512,0.017674
Qwen/Qwen3-32B,c4,16,50,2048,0.003907
Qwen/Qwen3-32B,c4,16,51,128,0.088767
Qwen/Qwen3-32B,c4,16,51,512,0.047255
Qwen/Qwen3-32B,c4,16,51,2048,0.011268
Qwen/Qwen3-32B,c4,16,52,128,0.088759
Qwen/Qwen3-32B,c4,16,52,512,0.039155
Qwen/Qwen3-32B,c4,16,52,2048,0.007427
Qwen/Qwen3-32B,c4,16,53,128,0.035870
Qwen/Qwen3-32B,c4,16,53,512,0.022399
Qwen/Qwen3-32B,c4,16,53,2048,0.004625
Qwen/Qwen3-32B,c4,16,54,128,0.103921
Qwen/Qwen3-32B,c4,16,54,512,0.042488
Qwen/Qwen3-32B,c4,16,54,2048,0.006816
Qwen/Qwen3-32B,c4,16,55,128,0.032141
Qwen/Qwen3-32B,c4,16,55,512,0.015921
Qwen/Qwen3-32B,c4,16,55,2048,0.002806
Qwen/Qwen3-32B,c4,16,56,128,0.023328
Qwen/Qwen3-32B,c4,16,56,512,0.012946
Qwen/Qwen3-32B,c4,16,56,2048,0.001066
Qwen/Qwen3-32B,c4,16,57,128,0.011439
Qwen/Qwen3-32B,c4,16,57,512,0.007138
Qwen/Qwen3-32B,c4,16,57,2048,0.001614
Qwen/Qwen3-32B,c4,16,58,128,0.022226
Qwen/Qwen3-32B,c4,16,58,512,0.009904
Qwen/Qwen3-32B,c4,16,58,2048,0.001874
Qwen/Qwen3-32B,c4,16,59,128,0.008276
Qwen/Qwen3-32B,c4,16,59,512,0.006002
Qwen/Qwen3-32B,c4,16,59,2048,0.000624
Qwen/Qwen3-32B,c4,16,60,128,0.002196
Qwen/Qwen3-32B,c4,16,60,512,0.001658
Qwen/Qwen3-32B,c4,16,60,2048,0.000478
Qwen/Qwen3-32B,c4,16,61,128,0.010465
Qwen/Qwen3-32B,c4,16,61,512,0.006913
Qwen/Qwen3-32B,c4,16,61,2048,0.001261
Qwen/Qwen3-32B,c4,16,62,128,0.172173
Qwen/Qwen3-32B,c4,16,62,512,0.093075
Qwen/Qwen3-32B,c4,16,62,2048,0.016112
Qwen/Qwen3-32B,c4,16,63,128,0.007721
Qwen/Qwen3-32B,c4,16,63,512,0.002391
Qwen/Qwen3-32B,c4,16,63,2048,0.000285
Qwen/Qwen3-32B,c4,17,0,128,0.005385
Qwen/Qwen3-32B,c4,17,0,512,0.004097
Qwen/Qwen3-32B,c4,17,0,2048,0.001079
Qwen/Qwen3-32B,c4,17,1,128,0.020870
Qwen/Qwen3-32B,c4,17,1,512,0.014487
Qwen/Qwen3-32B,c4,17,1,2048,0.005581
Qwen/Qwen3-32B,c4,17,2,128,0.068744
Qwen/Qwen3-32B,c4,17,2,512,0.028584
Qwen/Qwen3-32B,c4,17,2,2048,0.006487
Qwen/Qwen3-32B,c4,17,3,128,0.202680
Qwen/Qwen3-32B,c4,17,3,512,0.094608
Qwen/Qwen3-32B,c4,17,3,2048,0.022348
Qwen/Qwen3-32B,c4,17,4,128,0.044861
Qwen/Qwen3-32B,c4,17,4,512,0.027643
Qwen/Qwen3-32B,c4,17,4,2048,0.009290
Qwen/Qwen3-32B,c4,17,5,128,0.162079
Qwen/Qwen3-32B,c4,17,5,512,0.064313
Qwen/Qwen3-32B,c4,17,5,2048,0.008910
Qwen/Qwen3-32B,c4,17,6,128,0.190480
Qwen/Qwen3-32B,c4,17,6,512,0.115574
Qwen/Qwen3-32B,c4,17,6,2048,0.026702
Qwen/Qwen3-32B,c4,17,7,128,0.134537
Qwen/Qwen3-32B,c4,17,7,512,0.056383
Qwen/Qwen3-32B,c4,17,7,2048,0.012609
Qwen/Qwen3-32B,c4,17,8,128,0.014940
Qwen/Qwen3-32B,c4,17,8,512,0.008351
Qwen/Qwen3-32B,c4,17,8,2048,0.001751
Qwen/Qwen3-32B,c4,17,9,128,0.013773
Qwen/Qwen3-32B,c4,17,9,512,0.008467
Qwen/Qwen3-32B,c4,17,9,2048,0.002252
Qwen/Qwen3-32B,c4,17,10,128,0.000000
Qwen/Qwen3-32B,c4,17,10,512,0.000000
Qwen/Qwen3-32B,c4,17,10,2048,0.000000
Qwen/Qwen3-32B,c4,17,11,128,0.009077
Qwen/Qwen3-32B,c4,17,11,512,0.002648
Qwen/Qwen3-32B,c4,17,11,2048,0.000307
Qwen/Qwen3-32B,c4,17,12,128,0.003108
Qwen/Qwen3-32B,c4,17,12,512,0.001916
Qwen/Qwen3-32B,c4,17,12,2048,0.000342
Qwen/Qwen3-32B,c4,17,13,128,0.000000
Qwen/Qwen3-32B,c4,17,13,512,0.000000
Qwen/Qwen3-32B,c4,17,13,2048,0.000000
Qwen/Qwen3-32B,c4,17,14,128,0.002520
Qwen/Qwen3-32B,c4,17,14,512,0.001190
Qwen/Qwen3-32B,c4,17,14,2048,0.000135
Qwen/Qwen3-32B,c4,17,15,128,0.000008
Qwen/Qwen3-32B,c4,17,15,512,0.000008
Qwen/Qwen3-32B,c4,17,15,2048,0.000000
Qwen/Qwen3-32B,c4,17,16,128,0.052045
Qwen/Qwen3-32B,c4,17,16,512,0.017883
Qwen/Qwen3-32B,c4,17,16,2048,0.002787
Qwen/Qwen3-32B,c4,17,17,128,0.006711
Qwen/Qwen3-32B,c4,17,17,512,0.006762
Qwen/Qwen3-32B,c4,17,17,2048,0.001882
Qwen/Qwen3-32B,c4,17,18,128,0.021806
Qwen/Qwen3-32B,c4,17,18,512,0.018306
Qwen/Qwen3-32B,c4,17,18,2048,0.003538
Qwen/Qwen3-32B,c4,17,19,128,0.024934
Qwen/Qwen3-32B,c4,17,19,512,0.013316
Qwen/Qwen3-32B,c4,17,19,2048,0.002588
Qwen/Qwen3-32B,c4,17,20,128,0.050591
Qwen/Qwen3-32B,c4,17,20,512,0.020886
Qwen/Qwen3-32B,c4,17,20,2048,0.004961
Qwen/Qwen3-32B,c4,17,21,128,0.056728
Qwen/Qwen3-32B,c4,17,21,512,0.027267
Qwen/Qwen3-32B,c4,17,21,2048,0.006140
Qwen/Qwen3-32B,c4,17,22,128,0.092499
Qwen/Qwen3-32B,c4,17,22,512,0.036298
Qwen/Qwen3-32B,c4,17,22,2048,0.005177
Qwen/Qwen3-32B,c4,17,23,128,0.046095
Qwen/Qwen3-32B,c4,17,23,512,0.037013
Qwen/Qwen3-32B,c4,17,23,2048,0.011570
Qwen/Qwen3-32B,c4,17,24,128,0.743385
Qwen/Qwen3-32B,c4,17,24,512,0.487778
Qwen/Qwen3-32B,c4,17,24,2048,0.162121
Qwen/Qwen3-32B,c4,17,25,128,0.007775
Qwen/Qwen3-32B,c4,17,25,512,0.006009
Qwen/Qwen3-32B,c4,17,25,2048,0.002141
Qwen/Qwen3-32B,c4,17,26,128,0.197077
Qwen/Qwen3-32B,c4,17,26,512,0.070421
Qwen/Qwen3-32B,c4,17,26,2048,0.017870
Qwen/Qwen3-32B,c4,17,27,128,0.520995
Qwen/Qwen3-32B,c4,17,27,512,0.214144
Qwen/Qwen3-32B,c4,17,27,2048,0.059764
Qwen/Qwen3-32B,c4,17,28,128,0.014532
Qwen/Qwen3-32B,c4,17,28,512,0.008169
Qwen/Qwen3-32B,c4,17,28,2048,0.002417
Qwen/Qwen3-32B,c4,17,29,128,0.036357
Qwen/Qwen3-32B,c4,17,29,512,0.013569
Qwen/Qwen3-32B,c4,17,29,2048,0.001681
Qwen/Qwen3-32B,c4,17,30,128,0.015242
Qwen/Qwen3-32B,c4,17,30,512,0.012094
Qwen/Qwen3-32B,c4,17,30,2048,0.002853
Qwen/Qwen3-32B,c4,17,31,128,0.042141
Qwen/Qwen3-32B,c4,17,31,512,0.027926
Qwen/Qwen3-32B,c4,17,31,2048,0.006751
Qwen/Qwen3-32B,c4,17,32,128,0.058054
Qwen/Qwen3-32B,c4,17,32,512,0.038158
Qwen/Qwen3-32B,c4,17,32,2048,0.009778
Qwen/Qwen3-32B,c4,17,33,128,0.034002
Qwen/Qwen3-32B,c4,17,33,512,0.029069
Qwen/Qwen3-32B,c4,17,33,2048,0.005586
Qwen/Qwen3-32B,c4,17,34,128,0.026119
Qwen/Qwen3-32B,c4,17,34,512,0.022427
Qwen/Qwen3-32B,c4,17,34,2048,0.005071
Qwen/Qwen3-32B,c4,17,35,128,0.058805
Qwen/Qwen3-32B,c4,17,35,512,0.045253
Qwen/Qwen3-32B,c4,17,35,2048,0.012431
Qwen/Qwen3-32B,c4,17,36,128,0.089094
Qwen/Qwen3-32B,c4,17,36,512,0.068127
Qwen/Qwen3-32B,c4,17,36,2048,0.014880
Qwen/Qwen3-32B,c4,17,37,128,0.052084
Qwen/Qwen3-32B,c4,17,37,512,0.042377
Qwen/Qwen3-32B,c4,17,37,2048,0.009032
Qwen/Qwen3-32B,c4,17,38,128,0.099281
Qwen/Qwen3-32B,c4,17,38,512,0.060359
Qwen/Qwen3-32B,c4,17,38,2048,0.013650
Qwen/Qwen3-32B,c4,17,39,128,0.076275
Qwen/Qwen3-32B,c4,17,39,512,0.059246
Qwen/Qwen3-32B,c4,17,39,2048,0.012188
Qwen/Qwen3-32B,c4,17,40,128,0.141362
Qwen/Qwen3-32B,c4,17,40,512,0.090615
Qwen/Qwen3-32B,c4,17,40,2048,0.011471
Qwen/Qwen3-32B,c4,17,41,128,0.435302
Qwen/Qwen3-32B,c4,17,41,512,0.255115
Qwen/Qwen3-32B,c4,17,41,2048,0.065303
Qwen/Qwen3-32B,c4,17,42,128,0.100592
Qwen/Qwen3-32B,c4,17,42,512,0.053926
Qwen/Qwen3-32B,c4,17,42,2048,0.007484
Qwen/Qwen3-32B,c4,17,43,128,0.310719
Qwen/Qwen3-32B,c4,17,43,512,0.140880
Qwen/Qwen3-32B,c4,17,43,2048,0.026051
Qwen/Qwen3-32B,c4,17,44,128,0.055143
Qwen/Qwen3-32B,c4,17,44,512,0.015464
Qwen/Qwen3-32B,c4,17,44,2048,0.003556
Qwen/Qwen3-32B,c4,17,45,128,0.236422
Qwen/Qwen3-32B,c4,17,45,512,0.106254
Qwen/Qwen3-32B,c4,17,45,2048,0.021931
Qwen/Qwen3-32B,c4,17,46,128,0.056088
Qwen/Qwen3-32B,c4,17,46,512,0.038346
Qwen/Qwen3-32B,c4,17,46,2048,0.009137
Qwen/Qwen3-32B,c4,17,47,128,0.537074
Qwen/Qwen3-32B,c4,17,47,512,0.372721
Qwen/Qwen3-32B,c4,17,47,2048,0.089647
Qwen/Qwen3-32B,c4,17,48,128,0.014201
Qwen/Qwen3-32B,c4,17,48,512,0.012202
Qwen/Qwen3-32B,c4,17,48,2048,0.006888
Qwen/Qwen3-32B,c4,17,49,128,0.314314
Qwen/Qwen3-32B,c4,17,49,512,0.112671
Qwen/Qwen3-32B,c4,17,49,2048,0.018535
Qwen/Qwen3-32B,c4,17,50,128,0.350895
Qwen/Qwen3-32B,c4,17,50,512,0.131941
Qwen/Qwen3-32B,c4,17,50,2048,0.021524
Qwen/Qwen3-32B,c4,17,51,128,0.009656
Qwen/Qwen3-32B,c4,17,51,512,0.006512
Qwen/Qwen3-32B,c4,17,51,2048,0.002808
Qwen/Qwen3-32B,c4,17,52,128,0.073551
Qwen/Qwen3-32B,c4,17,52,512,0.024909
Qwen/Qwen3-32B,c4,17,52,2048,0.006092
Qwen/Qwen3-32B,c4,17,53,128,0.171647
Qwen/Qwen3-32B,c4,17,53,512,0.088083
Qwen/Qwen3-32B,c4,17,53,2048,0.020477
Qwen/Qwen3-32B,c4,17,54,128,0.231892
Qwen/Qwen3-32B,c4,17,54,512,0.086275
Qwen/Qwen3-32B,c4,17,54,2048,0.018397
Qwen/Qwen3-32B,c4,17,55,128,0.162847
Qwen/Qwen3-32B,c4,17,55,512,0.041500
Qwen/Qwen3-32B,c4,17,55,2048,0.006599
Qwen/Qwen3-32B,c4,17,56,128,0.312214
Qwen/Qwen3-32B,c4,17,56,512,0.121690
Qwen/Qwen3-32B,c4,17,56,2048,0.021761
Qwen/Qwen3-32B,c4,17,57,128,0.343005
Qwen/Qwen3-32B,c4,17,57,512,0.211432
Qwen/Qwen3-32B,c4,17,57,2048,0.055202
Qwen/Qwen3-32B,c4,17,58,128,0.063012
Qwen/Qwen3-32B,c4,17,58,512,0.041513
Qwen/Qwen3-32B,c4,17,58,2048,0.011249
Qwen/Qwen3-32B,c4,17,59,128,0.131420
Qwen/Qwen3-32B,c4,17,59,512,0.080699
Qwen/Qwen3-32B,c4,17,59,2048,0.017365
Qwen/Qwen3-32B,c4,17,60,128,0.241784
Qwen/Qwen3-32B,c4,17,60,512,0.067472
Qwen/Qwen3-32B,c4,17,60,2048,0.012008
Qwen/Qwen3-32B,c4,17,61,128,0.098754
Qwen/Qwen3-32B,c4,17,61,512,0.045991
Qwen/Qwen3-32B,c4,17,61,2048,0.012473
Qwen/Qwen3-32B,c4,17,62,128,0.079620
Qwen/Qwen3-32B,c4,17,62,512,0.045984
Qwen/Qwen3-32B,c4,17,62,2048,0.011097
Qwen/Qwen3-32B,c4,17,63,128,0.132165
Qwen/Qwen3-32B,c4,17,63,512,0.064004
Qwen/Qwen3-32B,c4,17,63,2048,0.016067
Qwen/Qwen3-32B,c4,18,0,128,0.002056
Qwen/Qwen3-32B,c4,18,0,512,0.002018
Qwen/Qwen3-32B,c4,18,0,2048,0.001663
Qwen/Qwen3-32B,c4,18,1,128,0.014441
Qwen/Qwen3-32B,c4,18,1,512,0.014148
Qwen/Qwen3-32B,c4,18,1,2048,0.003350
Qwen/Qwen3-32B,c4,18,2,128,0.068507
Qwen/Qwen3-32B,c4,18,2,512,0.054643
Qwen/Qwen3-32B,c4,18,2,2048,0.014593
Qwen/Qwen3-32B,c4,18,3,128,0.113518
Qwen/Qwen3-32B,c4,18,3,512,0.076875
Qwen/Qwen3-32B,c4,18,3,2048,0.026644
Qwen/Qwen3-32B,c4,18,4,128,0.070537
Qwen/Qwen3-32B,c4,18,4,512,0.033457
Qwen/Qwen3-32B,c4,18,4,2048,0.004400
Qwen/Qwen3-32B,c4,18,5,128,0.118967
Qwen/Qwen3-32B,c4,18,5,512,0.070388
Qwen/Qwen3-32B,c4,18,5,2048,0.016539
Qwen/Qwen3-32B,c4,18,6,128,0.032671
Qwen/Qwen3-32B,c4,18,6,512,0.009913
Qwen/Qwen3-32B,c4,18,6,2048,0.000851
Qwen/Qwen3-32B,c4,18,7,128,0.225398
Qwen/Qwen3-32B,c4,18,7,512,0.101507
Qwen/Qwen3-32B,c4,18,7,2048,0.021310
Qwen/Qwen3-32B,c4,18,8,128,0.258922
Qwen/Qwen3-32B,c4,18,8,512,0.110288
Qwen/Qwen3-32B,c4,18,8,2048,0.018015
Qwen/Qwen3-32B,c4,18,9,128,0.025521
Qwen/Qwen3-32B,c4,18,9,512,0.009364
Qwen/Qwen3-32B,c4,18,9,2048,0.001238
Qwen/Qwen3-32B,c4,18,10,128,0.350383
Qwen/Qwen3-32B,c4,18,10,512,0.117146
Qwen/Qwen3-32B,c4,18,10,2048,0.009551
Qwen/Qwen3-32B,c4,18,11,128,0.309069
Qwen/Qwen3-32B,c4,18,11,512,0.159014
Qwen/Qwen3-32B,c4,18,11,2048,0.027977
Qwen/Qwen3-32B,c4,18,12,128,0.097385
Qwen/Qwen3-32B,c4,18,12,512,0.046497
Qwen/Qwen3-32B,c4,18,12,2048,0.008345
Qwen/Qwen3-32B,c4,18,13,128,0.322391
Qwen/Qwen3-32B,c4,18,13,512,0.126289
Qwen/Qwen3-32B,c4,18,13,2048,0.019009
Qwen/Qwen3-32B,c4,18,14,128,0.161791
Qwen/Qwen3-32B,c4,18,14,512,0.078177
Qwen/Qwen3-32B,c4,18,14,2048,0.010119
Qwen/Qwen3-32B,c4,18,15,128,0.197306
Qwen/Qwen3-32B,c4,18,15,512,0.067316
Qwen/Qwen3-32B,c4,18,15,2048,0.008665
Qwen/Qwen3-32B,c4,18,16,128,0.260954
Qwen/Qwen3-32B,c4,18,16,512,0.157878
Qwen/Qwen3-32B,c4,18,16,2048,0.027091
Qwen/Qwen3-32B,c4,18,17,128,0.043552
Qwen/Qwen3-32B,c4,18,17,512,0.032909
Qwen/Qwen3-32B,c4,18,17,2048,0.008891
Qwen/Qwen3-32B,c4,18,18,128,0.076547
Qwen/Qwen3-32B,c4,18,18,512,0.027266
Qwen/Qwen3-32B,c4,18,18,2048,0.003484
Qwen/Qwen3-32B,c4,18,19,128,0.112227
Qwen/Qwen3-32B,c4,18,19,512,0.076435
Qwen/Qwen3-32B,c4,18,19,2048,0.019423
Qwen/Qwen3-32B,c4,18,20,128,0.050259
Qwen/Qwen3-32B,c4,18,20,512,0.034491
Qwen/Qwen3-32B,c4,18,20,2048,0.012097
Qwen/Qwen3-32B,c4,18,21,128,0.075365
Qwen/Qwen3-32B,c4,18,21,512,0.030412
Qwen/Qwen3-32B,c4,18,21,2048,0.006955
Qwen/Qwen3-32B,c4,18,22,128,0.033324
Qwen/Qwen3-32B,c4,18,22,512,0.026828
Qwen/Qwen3-32B,c4,18,22,2048,0.010277
Qwen/Qwen3-32B,c4,18,23,128,0.038258
Qwen/Qwen3-32B,c4,18,23,512,0.029772
Qwen/Qwen3-32B,c4,18,23,2048,0.012238
Qwen/Qwen3-32B,c4,18,24,128,0.410429
Qwen/Qwen3-32B,c4,18,24,512,0.215455
Qwen/Qwen3-32B,c4,18,24,2048,0.066650
Qwen/Qwen3-32B,c4,18,25,128,0.441152
Qwen/Qwen3-32B,c4,18,25,512,0.203538
Qwen/Qwen3-32B,c4,18,25,2048,0.046151
Qwen/Qwen3-32B,c4,18,26,128,0.049857
Qwen/Qwen3-32B,c4,18,26,512,0.040367
Qwen/Qwen3-32B,c4,18,26,2048,0.016632
Qwen/Qwen3-32B,c4,18,27,128,0.128413
Qwen/Qwen3-32B,c4,18,27,512,0.060150
Qwen/Qwen3-32B,c4,18,27,2048,0.020627
Qwen/Qwen3-32B,c4,18,28,128,0.124757
Qwen/Qwen3-32B,c4,18,28,512,0.059789
Qwen/Qwen3-32B,c4,18,28,2048,0.016887
Qwen/Qwen3-32B,c4,18,29,128,0.007147
Qwen/Qwen3-32B,c4,18,29,512,0.005470
Qwen/Qwen3-32B,c4,18,29,2048,0.002567
Qwen/Qwen3-32B,c4,18,30,128,0.286265
Qwen/Qwen3-32B,c4,18,30,512,0.136783
Qwen/Qwen3-32B,c4,18,30,2048,0.039038
Qwen/Qwen3-32B,c4,18,31,128,0.217507
Qwen/Qwen3-32B,c4,18,31,512,0.084032
Qwen/Qwen3-32B,c4,18,31,2048,0.019859
Qwen/Qwen3-32B,c4,18,32,128,0.080683
Qwen/Qwen3-32B,c4,18,32,512,0.045816
Qwen/Qwen3-32B,c4,18,32,2048,0.008863
Qwen/Qwen3-32B,c4,18,33,128,0.128011
Qwen/Qwen3-32B,c4,18,33,512,0.072119
Qwen/Qwen3-32B,c4,18,33,2048,0.011561
Qwen/Qwen3-32B,c4,18,34,128,0.016665
Qwen/Qwen3-32B,c4,18,34,512,0.009694
Qwen/Qwen3-32B,c4,18,34,2048,0.001314
Qwen/Qwen3-32B,c4,18,35,128,0.165242
Qwen/Qwen3-32B,c4,18,35,512,0.092078
Qwen/Qwen3-32B,c4,18,35,2048,0.015656
Qwen/Qwen3-32B,c4,18,36,128,0.036837
Qwen/Qwen3-32B,c4,18,36,512,0.018876
Qwen/Qwen3-32B,c4,18,36,2048,0.001924
Qwen/Qwen3-32B,c4,18,37,128,0.003519
Qwen/Qwen3-32B,c4,18,37,512,0.002104
Qwen/Qwen3-32B,c4,18,37,2048,0.000299
Qwen/Qwen3-32B,c4,18,38,128,0.002963
Qwen/Qwen3-32B,c4,18,38,512,0.001787
Qwen/Qwen3-32B,c4,18,38,2048,0.000134
Qwen/Qwen3-32B,c4,18,39,128,0.056286
Qwen/Qwen3-32B,c4,18,39,512,0.027243
Qwen/Qwen3-32B,c4,18,39,2048,0.003125
Qwen/Qwen3-32B,c4,18,40,128,0.131755
Qwen/Qwen3-32B,c4,18,40,512,0.081563
Qwen/Qwen3-32B,c4,18,40,2048,0.026867
Qwen/Qwen3-32B,c4,18,41,128,0.178203
Qwen/Qwen3-32B,c4,18,41,512,0.080884
Qwen/Qwen3-32B,c4,18,41,2048,0.016982
Qwen/Qwen3-32B,c4,18,42,128,0.034415
Qwen/Qwen3-32B,c4,18,42,512,0.021421
Qwen/Qwen3-32B,c4,18,42,2048,0.009417
Qwen/Qwen3-32B,c4,18,43,128,0.150893
Qwen/Qwen3-32B,c4,18,43,512,0.061886
Qwen/Qwen3-32B,c4,18,43,2048,0.012744
Qwen/Qwen3-32B,c4,18,44,128,0.131918
Qwen/Qwen3-32B,c4,18,44,512,0.074035
Qwen/Qwen3-32B,c4,18,44,2048,0.019627
Qwen/Qwen3-32B,c4,18,45,128,0.147155
Qwen/Qwen3-32B,c4,18,45,512,0.092478
Qwen/Qwen3-32B,c4,18,45,2048,0.038915
Qwen/Qwen3-32B,c4,18,46,128,0.284367
Qwen/Qwen3-32B,c4,18,46,512,0.136494
Qwen/Qwen3-32B,c4,18,46,2048,0.033153
Qwen/Qwen3-32B,c4,18,47,128,0.119755
Qwen/Qwen3-32B,c4,18,47,512,0.060263
Qwen/Qwen3-32B,c4,18,47,2048,0.021326
Qwen/Qwen3-32B,c4,18,48,128,0.092785
Qwen/Qwen3-32B,c4,18,48,512,0.042751
Qwen/Qwen3-32B,c4,18,48,2048,0.007794
Qwen/Qwen3-32B,c4,18,49,128,0.061589
Qwen/Qwen3-32B,c4,18,49,512,0.031582
Qwen/Qwen3-32B,c4,18,49,2048,0.004091
Qwen/Qwen3-32B,c4,18,50,128,0.135503
Qwen/Qwen3-32B,c4,18,50,512,0.069378
Qwen/Qwen3-32B,c4,18,50,2048,0.007951
Qwen/Qwen3-32B,c4,18,51,128,0.129227
Qwen/Qwen3-32B,c4,18,51,512,0.059499
Qwen/Qwen3-32B,c4,18,51,2048,0.008902
Qwen/Qwen3-32B,c4,18,52,128,0.106747
Qwen/Qwen3-32B,c4,18,52,512,0.050096
Qwen/Qwen3-32B,c4,18,52,2048,0.009877
Qwen/Qwen3-32B,c4,18,53,128,0.293617
Qwen/Qwen3-32B,c4,18,53,512,0.143543
Qwen/Qwen3-32B,c4,18,53,2048,0.017094
Qwen/Qwen3-32B,c4,18,54,128,0.035078
Qwen/Qwen3-32B,c4,18,54,512,0.016637
Qwen/Qwen3-32B,c4,18,54,2048,0.002951
Qwen/Qwen3-32B,c4,18,55,128,0.039134
Qwen/Qwen3-32B,c4,18,55,512,0.018241
Qwen/Qwen3-32B,c4,18,55,2048,0.002474
Qwen/Qwen3-32B,c4,18,56,128,0.095469
Qwen/Qwen3-32B,c4,18,56,512,0.063729
Qwen/Qwen3-32B,c4,18,56,2048,0.021013
Qwen/Qwen3-32B,c4,18,57,128,0.168123
Qwen/Qwen3-32B,c4,18,57,512,0.103034
Qwen/Qwen3-32B,c4,18,57,2048,0.033234
Qwen/Qwen3-32B,c4,18,58,128,0.017636
Qwen/Qwen3-32B,c4,18,58,512,0.014528
Qwen/Qwen3-32B,c4,18,58,2048,0.008232
Qwen/Qwen3-32B,c4,18,59,128,0.205021
Qwen/Qwen3-32B,c4,18,59,512,0.129127
Qwen/Qwen3-32B,c4,18,59,2048,0.032752
Qwen/Qwen3-32B,c4,18,60,128,0.220558
Qwen/Qwen3-32B,c4,18,60,512,0.132717
Qwen/Qwen3-32B,c4,18,60,2048,0.034373
Qwen/Qwen3-32B,c4,18,61,128,0.072075
Qwen/Qwen3-32B,c4,18,61,512,0.048546
Qwen/Qwen3-32B,c4,18,61,2048,0.020112
Qwen/Qwen3-32B,c4,18,62,128,0.167394
Qwen/Qwen3-32B,c4,18,62,512,0.116305
Qwen/Qwen3-32B,c4,18,62,2048,0.037537
Qwen/Qwen3-32B,c4,18,63,128,0.097532
Qwen/Qwen3-32B,c4,18,63,512,0.060924
Qwen/Qwen3-32B,c4,18,63,2048,0.022523
Qwen/Qwen3-32B,c4,19,0,128,0.076205
Qwen/Qwen3-32B,c4,19,0,512,0.053691
Qwen/Qwen3-32B,c4,19,0,2048,0.006644
Qwen/Qwen3-32B,c4,19,1,128,0.088304
Qwen/Qwen3-32B,c4,19,1,512,0.060720
Qwen/Qwen3-32B,c4,19,1,2048,0.007413
Qwen/Qwen3-32B,c4,19,2,128,0.097653
Qwen/Qwen3-32B,c4,19,2,512,0.068410
Qwen/Qwen3-32B,c4,19,2,2048,0.008768
Qwen/Qwen3-32B,c4,19,3,128,0.112163
Qwen/Qwen3-32B,c4,19,3,512,0.072900
Qwen/Qwen3-32B,c4,19,3,2048,0.010418
Qwen/Qwen3-32B,c4,19,4,128,0.139409
Qwen/Qwen3-32B,c4,19,4,512,0.084755
Qwen/Qwen3-32B,c4,19,4,2048,0.011195
Qwen/Qwen3-32B,c4,19,5,128,0.166735
Qwen/Qwen3-32B,c4,19,5,512,0.112391
Qwen/Qwen3-32B,c4,19,5,2048,0.014436
Qwen/Qwen3-32B,c4,19,6,128,0.082802
Qwen/Qwen3-32B,c4,19,6,512,0.053810
Qwen/Qwen3-32B,c4,19,6,2048,0.008418
Qwen/Qwen3-32B,c4,19,7,128,0.108638
Qwen/Qwen3-32B,c4,19,7,512,0.075274
Qwen/Qwen3-32B,c4,19,7,2048,0.008632
Qwen/Qwen3-32B,c4,19,8,128,0.018475
Qwen/Qwen3-32B,c4,19,8,512,0.011711
Qwen/Qwen3-32B,c4,19,8,2048,0.001008
Qwen/Qwen3-32B,c4,19,9,128,0.064961
Qwen/Qwen3-32B,c4,19,9,512,0.040689
Qwen/Qwen3-32B,c4,19,9,2048,0.005610
Qwen/Qwen3-32B,c4,19,10,128,0.276868
Qwen/Qwen3-32B,c4,19,10,512,0.152566
Qwen/Qwen3-32B,c4,19,10,2048,0.017240
Qwen/Qwen3-32B,c4,19,11,128,0.011366
Qwen/Qwen3-32B,c4,19,11,512,0.008605
Qwen/Qwen3-32B,c4,19,11,2048,0.000968
Qwen/Qwen3-32B,c4,19,12,128,0.112825
Qwen/Qwen3-32B,c4,19,12,512,0.065817
Qwen/Qwen3-32B,c4,19,12,2048,0.008397
Qwen/Qwen3-32B,c4,19,13,128,0.006749
Qwen/Qwen3-32B,c4,19,13,512,0.004661
Qwen/Qwen3-32B,c4,19,13,2048,0.000476
Qwen/Qwen3-32B,c4,19,14,128,0.031682
Qwen/Qwen3-32B,c4,19,14,512,0.019132
Qwen/Qwen3-32B,c4,19,14,2048,0.001771
Qwen/Qwen3-32B,c4,19,15,128,0.061761
Qwen/Qwen3-32B,c4,19,15,512,0.035388
Qwen/Qwen3-32B,c4,19,15,2048,0.004152
Qwen/Qwen3-32B,c4,19,16,128,0.046470
Qwen/Qwen3-32B,c4,19,16,512,0.025312
Qwen/Qwen3-32B,c4,19,16,2048,0.003281
Qwen/Qwen3-32B,c4,19,17,128,0.045920
Qwen/Qwen3-32B,c4,19,17,512,0.025602
Qwen/Qwen3-32B,c4,19,17,2048,0.004787
Qwen/Qwen3-32B,c4,19,18,128,0.031422
Qwen/Qwen3-32B,c4,19,18,512,0.021088
Qwen/Qwen3-32B,c4,19,18,2048,0.004186
Qwen/Qwen3-32B,c4,19,19,128,0.033461
Qwen/Qwen3-32B,c4,19,19,512,0.018680
Qwen/Qwen3-32B,c4,19,19,2048,0.004547
Qwen/Qwen3-32B,c4,19,20,128,0.049063
Qwen/Qwen3-32B,c4,19,20,512,0.025773
Qwen/Qwen3-32B,c4,19,20,2048,0.004667
Qwen/Qwen3-32B,c4,19,21,128,0.050164
Qwen/Qwen3-32B,c4,19,21,512,0.027915
Qwen/Qwen3-32B,c4,19,21,2048,0.004175
Qwen/Qwen3-32B,c4,19,22,128,0.181916
Qwen/Qwen3-32B,c4,19,22,512,0.097164
Qwen/Qwen3-32B,c4,19,22,2048,0.012132
Qwen/Qwen3-32B,c4,19,23,128,0.055246
Qwen/Qwen3-32B,c4,19,23,512,0.032680
Qwen/Qwen3-32B,c4,19,23,2048,0.004853
Qwen/Qwen3-32B,c4,19,24,128,0.047525
Qwen/Qwen3-32B,c4,19,24,512,0.019198
Qwen/Qwen3-32B,c4,19,24,2048,0.003188
Qwen/Qwen3-32B,c4,19,25,128,0.000277
Qwen/Qwen3-32B,c4,19,25,512,0.000243
Qwen/Qwen3-32B,c4,19,25,2048,0.000037
Qwen/Qwen3-32B,c4,19,26,128,0.008095
Qwen/Qwen3-32B,c4,19,26,512,0.004185
Qwen/Qwen3-32B,c4,19,26,2048,0.001961
Qwen/Qwen3-32B,c4,19,27,128,0.045352
Qwen/Qwen3-32B,c4,19,27,512,0.011220
Qwen/Qwen3-32B,c4,19,27,2048,0.001476
Qwen/Qwen3-32B,c4,19,28,128,0.002957
Qwen/Qwen3-32B,c4,19,28,512,0.003298
Qwen/Qwen3-32B,c4,19,28,2048,0.000560
Qwen/Qwen3-32B,c4,19,29,128,0.011720
Qwen/Qwen3-32B,c4,19,29,512,0.004600
Qwen/Qwen3-32B,c4,19,29,2048,0.001923
Qwen/Qwen3-32B,c4,19,30,128,0.085144
Qwen/Qwen3-32B,c4,19,30,512,0.048132
Qwen/Qwen3-32B,c4,19,30,2048,0.008056
Qwen/Qwen3-32B,c4,19,31,128,0.047878
Qwen/Qwen3-32B,c4,19,31,512,0.023021
Qwen/Qwen3-32B,c4,19,31,2048,0.003227
Qwen/Qwen3-32B,c4,19,32,128,0.064012
Qwen/Qwen3-32B,c4,19,32,512,0.025662
Qwen/Qwen3-32B,c4,19,32,2048,0.002981
Qwen/Qwen3-32B,c4,19,33,128,0.015178
Qwen/Qwen3-32B,c4,19,33,512,0.009569
Qwen/Qwen3-32B,c4,19,33,2048,0.001666
Qwen/Qwen3-32B,c4,19,34,128,0.242678
Qwen/Qwen3-32B,c4,19,34,512,0.164014
Qwen/Qwen3-32B,c4,19,34,2048,0.049678
Qwen/Qwen3-32B,c4,19,35,128,0.115409
Qwen/Qwen3-32B,c4,19,35,512,0.089095
Qwen/Qwen3-32B,c4,19,35,2048,0.014820
Qwen/Qwen3-32B,c4,19,36,128,0.099919
Qwen/Qwen3-32B,c4,19,36,512,0.051988
Qwen/Qwen3-32B,c4,19,36,2048,0.008470
Qwen/Qwen3-32B,c4,19,37,128,0.020482
Qwen/Qwen3-32B,c4,19,37,512,0.010738
Qwen/Qwen3-32B,c4,19,37,2048,0.003254
Qwen/Qwen3-32B,c4,19,38,128,0.022278
Qwen/Qwen3-32B,c4,19,38,512,0.019278
Qwen/Qwen3-32B,c4,19,38,2048,0.005582
Qwen/Qwen3-32B,c4,19,39,128,0.051213
Qwen/Qwen3-32B,c4,19,39,512,0.028033
Qwen/Qwen3-32B,c4,19,39,2048,0.004259
Qwen/Qwen3-32B,c4,19,40,128,0.025554
Qwen/Qwen3-32B,c4,19,40,512,0.018839
Qwen/Qwen3-32B,c4,19,40,2048,0.003110
Qwen/Qwen3-32B,c4,19,41,128,0.019851
Qwen/Qwen3-32B,c4,19,41,512,0.015701
Qwen/Qwen3-32B,c4,19,41,2048,0.003328
Qwen/Qwen3-32B,c4,19,42,128,0.032114
Qwen/Qwen3-32B,c4,19,42,512,0.023767
Qwen/Qwen3-32B,c4,19,42,2048,0.003403
Qwen/Qwen3-32B,c4,19,43,128,0.068512
Qwen/Qwen3-32B,c4,19,43,512,0.044503
Qwen/Qwen3-32B,c4,19,43,2048,0.004796
Qwen/Qwen3-32B,c4,19,44,128,0.082743
Qwen/Qwen3-32B,c4,19,44,512,0.054327
Qwen/Qwen3-32B,c4,19,44,2048,0.007969
Qwen/Qwen3-32B,c4,19,45,128,0.024432
Qwen/Qwen3-32B,c4,19,45,512,0.017811
Qwen/Qwen3-32B,c4,19,45,2048,0.001462
Qwen/Qwen3-32B,c4,19,46,128,0.067650
Qwen/Qwen3-32B,c4,19,46,512,0.046583
Qwen/Qwen3-32B,c4,19,46,2048,0.005947
Qwen/Qwen3-32B,c4,19,47,128,0.062376
Qwen/Qwen3-32B,c4,19,47,512,0.044654
Qwen/Qwen3-32B,c4,19,47,2048,0.006795
Qwen/Qwen3-32B,c4,19,48,128,0.068530
Qwen/Qwen3-32B,c4,19,48,512,0.042204
Qwen/Qwen3-32B,c4,19,48,2048,0.004953
Qwen/Qwen3-32B,c4,19,49,128,0.065771
Qwen/Qwen3-32B,c4,19,49,512,0.035883
Qwen/Qwen3-32B,c4,19,49,2048,0.002411
Qwen/Qwen3-32B,c4,19,50,128,0.058841
Qwen/Qwen3-32B,c4,19,50,512,0.035516
Qwen/Qwen3-32B,c4,19,50,2048,0.003200
Qwen/Qwen3-32B,c4,19,51,128,0.129735
Qwen/Qwen3-32B,c4,19,51,512,0.074856
Qwen/Qwen3-32B,c4,19,51,2048,0.006208
Qwen/Qwen3-32B,c4,19,52,128,0.071755
Qwen/Qwen3-32B,c4,19,52,512,0.039778
Qwen/Qwen3-32B,c4,19,52,2048,0.003093
Qwen/Qwen3-32B,c4,19,53,128,0.073692
Qwen/Qwen3-32B,c4,19,53,512,0.042688
Qwen/Qwen3-32B,c4,19,53,2048,0.002500
Qwen/Qwen3-32B,c4,19,54,128,0.084350
Qwen/Qwen3-32B,c4,19,54,512,0.041079
Qwen/Qwen3-32B,c4,19,54,2048,0.002477
Qwen/Qwen3-32B,c4,19,55,128,0.075709
Qwen/Qwen3-32B,c4,19,55,512,0.042770
Qwen/Qwen3-32B,c4,19,55,2048,0.002299
Qwen/Qwen3-32B,c4,19,56,128,0.049194
Qwen/Qwen3-32B,c4,19,56,512,0.014835
Qwen/Qwen3-32B,c4,19,56,2048,0.001632
Qwen/Qwen3-32B,c4,19,57,128,0.212455
Qwen/Qwen3-32B,c4,19,57,512,0.115046
Qwen/Qwen3-32B,c4,19,57,2048,0.033328
Qwen/Qwen3-32B,c4,19,58,128,0.264691
Qwen/Qwen3-32B,c4,19,58,512,0.118513
Qwen/Qwen3-32B,c4,19,58,2048,0.014253
Qwen/Qwen3-32B,c4,19,59,128,0.035007
Qwen/Qwen3-32B,c4,19,59,512,0.022282
Qwen/Qwen3-32B,c4,19,59,2048,0.001908
Qwen/Qwen3-32B,c4,19,60,128,0.146491
Qwen/Qwen3-32B,c4,19,60,512,0.073782
Qwen/Qwen3-32B,c4,19,60,2048,0.007139
Qwen/Qwen3-32B,c4,19,61,128,0.143207
Qwen/Qwen3-32B,c4,19,61,512,0.054180
Qwen/Qwen3-32B,c4,19,61,2048,0.005385
Qwen/Qwen3-32B,c4,19,62,128,0.094380
Qwen/Qwen3-32B,c4,19,62,512,0.064455
Qwen/Qwen3-32B,c4,19,62,2048,0.006649
Qwen/Qwen3-32B,c4,19,63,128,0.115617
Qwen/Qwen3-32B,c4,19,63,512,0.045767
Qwen/Qwen3-32B,c4,19,63,2048,0.004017
Qwen/Qwen3-32B,c4,20,0,128,0.363419
Qwen/Qwen3-32B,c4,20,0,512,0.210850
Qwen/Qwen3-32B,c4,20,0,2048,0.048344
Qwen/Qwen3-32B,c4,20,1,128,0.046940
Qwen/Qwen3-32B,c4,20,1,512,0.017580
Qwen/Qwen3-32B,c4,20,1,2048,0.004700
Qwen/Qwen3-32B,c4,20,2,128,0.210121
Qwen/Qwen3-32B,c4,20,2,512,0.072053
Qwen/Qwen3-32B,c4,20,2,2048,0.013291
Qwen/Qwen3-32B,c4,20,3,128,0.197724
Qwen/Qwen3-32B,c4,20,3,512,0.128530
Qwen/Qwen3-32B,c4,20,3,2048,0.038779
Qwen/Qwen3-32B,c4,20,4,128,0.063779
Qwen/Qwen3-32B,c4,20,4,512,0.040466
Qwen/Qwen3-32B,c4,20,4,2048,0.017923
Qwen/Qwen3-32B,c4,20,5,128,0.260876
Qwen/Qwen3-32B,c4,20,5,512,0.089413
Qwen/Qwen3-32B,c4,20,5,2048,0.014447
Qwen/Qwen3-32B,c4,20,6,128,0.057255
Qwen/Qwen3-32B,c4,20,6,512,0.034459
Qwen/Qwen3-32B,c4,20,6,2048,0.008557
Qwen/Qwen3-32B,c4,20,7,128,0.138180
Qwen/Qwen3-32B,c4,20,7,512,0.044538
Qwen/Qwen3-32B,c4,20,7,2048,0.008867
Qwen/Qwen3-32B,c4,20,8,128,0.003606
Qwen/Qwen3-32B,c4,20,8,512,0.003135
Qwen/Qwen3-32B,c4,20,8,2048,0.000176
Qwen/Qwen3-32B,c4,20,9,128,0.000824
Qwen/Qwen3-32B,c4,20,9,512,0.000724
Qwen/Qwen3-32B,c4,20,9,2048,0.000192
Qwen/Qwen3-32B,c4,20,10,128,0.042407
Qwen/Qwen3-32B,c4,20,10,512,0.018913
Qwen/Qwen3-32B,c4,20,10,2048,0.003724
Qwen/Qwen3-32B,c4,20,11,128,0.000693
Qwen/Qwen3-32B,c4,20,11,512,0.000582
Qwen/Qwen3-32B,c4,20,11,2048,0.000151
Qwen/Qwen3-32B,c4,20,12,128,0.000221
Qwen/Qwen3-32B,c4,20,12,512,0.000137
Qwen/Qwen3-32B,c4,20,12,2048,0.000003
Qwen/Qwen3-32B,c4,20,13,128,0.073961
Qwen/Qwen3-32B,c4,20,13,512,0.032085
Qwen/Qwen3-32B,c4,20,13,2048,0.005262
Qwen/Qwen3-32B,c4,20,14,128,0.046026
Qwen/Qwen3-32B,c4,20,14,512,0.025608
Qwen/Qwen3-32B,c4,20,14,2048,0.005060
Qwen/Qwen3-32B,c4,20,15,128,0.007133
Qwen/Qwen3-32B,c4,20,15,512,0.004043
Qwen/Qwen3-32B,c4,20,15,2048,0.000945
Qwen/Qwen3-32B,c4,20,16,128,0.055738
Qwen/Qwen3-32B,c4,20,16,512,0.033594
Qwen/Qwen3-32B,c4,20,16,2048,0.007152
Qwen/Qwen3-32B,c4,20,17,128,0.049189
Qwen/Qwen3-32B,c4,20,17,512,0.027883
Qwen/Qwen3-32B,c4,20,17,2048,0.006679
Qwen/Qwen3-32B,c4,20,18,128,0.037294
Qwen/Qwen3-32B,c4,20,18,512,0.033640
Qwen/Qwen3-32B,c4,20,18,2048,0.008770
Qwen/Qwen3-32B,c4,20,19,128,0.068742
Qwen/Qwen3-32B,c4,20,19,512,0.027962
Qwen/Qwen3-32B,c4,20,19,2048,0.007262
Qwen/Qwen3-32B,c4,20,20,128,0.026640
Qwen/Qwen3-32B,c4,20,20,512,0.007350
Qwen/Qwen3-32B,c4,20,20,2048,0.001122
Qwen/Qwen3-32B,c4,20,21,128,0.159848
Qwen/Qwen3-32B,c4,20,21,512,0.131372
Qwen/Qwen3-32B,c4,20,21,2048,0.040421
Qwen/Qwen3-32B,c4,20,22,128,0.004901
Qwen/Qwen3-32B,c4,20,22,512,0.004201
Qwen/Qwen3-32B,c4,20,22,2048,0.001230
Qwen/Qwen3-32B,c4,20,23,128,0.044717
Qwen/Qwen3-32B,c4,20,23,512,0.027914
Qwen/Qwen3-32B,c4,20,23,2048,0.003633
Qwen/Qwen3-32B,c4,20,24,128,0.006915
Qwen/Qwen3-32B,c4,20,24,512,0.005986
Qwen/Qwen3-32B,c4,20,24,2048,0.001774
Qwen/Qwen3-32B,c4,20,25,128,0.079103
Qwen/Qwen3-32B,c4,20,25,512,0.042152
Qwen/Qwen3-32B,c4,20,25,2048,0.007865
Qwen/Qwen3-32B,c4,20,26,128,0.059362
Qwen/Qwen3-32B,c4,20,26,512,0.033031
Qwen/Qwen3-32B,c4,20,26,2048,0.003311
Qwen/Qwen3-32B,c4,20,27,128,0.013048
Qwen/Qwen3-32B,c4,20,27,512,0.008350
Qwen/Qwen3-32B,c4,20,27,2048,0.002584
Qwen/Qwen3-32B,c4,20,28,128,0.116525
Qwen/Qwen3-32B,c4,20,28,512,0.070180
Qwen/Qwen3-32B,c4,20,28,2048,0.012003
Qwen/Qwen3-32B,c4,20,29,128,0.154506
Qwen/Qwen3-32B,c4,20,29,512,0.058559
Qwen/Qwen3-32B,c4,20,29,2048,0.006501
Qwen/Qwen3-32B,c4,20,30,128,0.013676
Qwen/Qwen3-32B,c4,20,30,512,0.010996
Qwen/Qwen3-32B,c4,20,30,2048,0.002649
Qwen/Qwen3-32B,c4,20,31,128,0.334695
Qwen/Qwen3-32B,c4,20,31,512,0.221084
Qwen/Qwen3-32B,c4,20,31,2048,0.037551
Qwen/Qwen3-32B,c4,20,32,128,0.223726
Qwen/Qwen3-32B,c4,20,32,512,0.120007
Qwen/Qwen3-32B,c4,20,32,2048,0.018019
Qwen/Qwen3-32B,c4,20,33,128,0.022583
Qwen/Qwen3-32B,c4,20,33,512,0.011814
Qwen/Qwen3-32B,c4,20,33,2048,0.002379
Qwen/Qwen3-32B,c4,20,34,128,0.013497
Qwen/Qwen3-32B,c4,20,34,512,0.007700
Qwen/Qwen3-32B,c4,20,34,2048,0.001991
Qwen/Qwen3-32B,c4,20,35,128,0.054211
Qwen/Qwen3-32B,c4,20,35,512,0.019930
Qwen/Qwen3-32B,c4,20,35,2048,0.002326
Qwen/Qwen3-32B,c4,20,36,128,0.049928
Qwen/Qwen3-32B,c4,20,36,512,0.022288
Qwen/Qwen3-32B,c4,20,36,2048,0.002957
Qwen/Qwen3-32B,c4,20,37,128,0.025629
Qwen/Qwen3-32B,c4,20,37,512,0.015208
Qwen/Qwen3-32B,c4,20,37,2048,0.005971
Qwen/Qwen3-32B,c4,20,38,128,0.112759
Qwen/Qwen3-32B,c4,20,38,512,0.051041
Qwen/Qwen3-32B,c4,20,38,2048,0.008838
Qwen/Qwen3-32B,c4,20,39,128,0.024995
Qwen/Qwen3-32B,c4,20,39,512,0.015481
Qwen/Qwen3-32B,c4,20,39,2048,0.005145
Qwen/Qwen3-32B,c4,20,40,128,0.025950
Qwen/Qwen3-32B,c4,20,40,512,0.013921
Qwen/Qwen3-32B,c4,20,40,2048,0.003942
Qwen/Qwen3-32B,c4,20,41,128,0.047052
Qwen/Qwen3-32B,c4,20,41,512,0.024572
Qwen/Qwen3-32B,c4,20,41,2048,0.008104
Qwen/Qwen3-32B,c4,20,42,128,0.306113
Qwen/Qwen3-32B,c4,20,42,512,0.194721
Qwen/Qwen3-32B,c4,20,42,2048,0.042955
Qwen/Qwen3-32B,c4,20,43,128,0.047617
Qwen/Qwen3-32B,c4,20,43,512,0.029070
Qwen/Qwen3-32B,c4,20,43,2048,0.008173
Qwen/Qwen3-32B,c4,20,44,128,0.026554
Qwen/Qwen3-32B,c4,20,44,512,0.014067
Qwen/Qwen3-32B,c4,20,44,2048,0.005027
Qwen/Qwen3-32B,c4,20,45,128,0.227362
Qwen/Qwen3-32B,c4,20,45,512,0.124357
Qwen/Qwen3-32B,c4,20,45,2048,0.031186
Qwen/Qwen3-32B,c4,20,46,128,0.041990
Qwen/Qwen3-32B,c4,20,46,512,0.027399
Qwen/Qwen3-32B,c4,20,46,2048,0.006468
Qwen/Qwen3-32B,c4,20,47,128,0.094293
Qwen/Qwen3-32B,c4,20,47,512,0.041295
Qwen/Qwen3-32B,c4,20,47,2048,0.008642
Qwen/Qwen3-32B,c4,20,48,128,0.012218
Qwen/Qwen3-32B,c4,20,48,512,0.007992
Qwen/Qwen3-32B,c4,20,48,2048,0.002044
Qwen/Qwen3-32B,c4,20,49,128,0.036915
Qwen/Qwen3-32B,c4,20,49,512,0.025156
Qwen/Qwen3-32B,c4,20,49,2048,0.008486
Qwen/Qwen3-32B,c4,20,50,128,0.128048
Qwen/Qwen3-32B,c4,20,50,512,0.048710
Qwen/Qwen3-32B,c4,20,50,2048,0.010976
Qwen/Qwen3-32B,c4,20,51,128,0.055406
Qwen/Qwen3-32B,c4,20,51,512,0.031703
Qwen/Qwen3-32B,c4,20,51,2048,0.011169
Qwen/Qwen3-32B,c4,20,52,128,0.091682
Qwen/Qwen3-32B,c4,20,52,512,0.058432
Qwen/Qwen3-32B,c4,20,52,2048,0.017015
Qwen/Qwen3-32B,c4,20,53,128,0.105608
Qwen/Qwen3-32B,c4,20,53,512,0.065035
Qwen/Qwen3-32B,c4,20,53,2048,0.016644
Qwen/Qwen3-32B,c4,20,54,128,0.078866
Qwen/Qwen3-32B,c4,20,54,512,0.057791
Qwen/Qwen3-32B,c4,20,54,2048,0.015097
Qwen/Qwen3-32B,c4,20,55,128,0.079783
Qwen/Qwen3-32B,c4,20,55,512,0.050252
Qwen/Qwen3-32B,c4,20,55,2048,0.014444
Qwen/Qwen3-32B,c4,20,56,128,0.019741
Qwen/Qwen3-32B,c4,20,56,512,0.009277
Qwen/Qwen3-32B,c4,20,56,2048,0.002028
Qwen/Qwen3-32B,c4,20,57,128,0.060807
Qwen/Qwen3-32B,c4,20,57,512,0.033837
Qwen/Qwen3-32B,c4,20,57,2048,0.006177
Qwen/Qwen3-32B,c4,20,58,128,0.010919
Qwen/Qwen3-32B,c4,20,58,512,0.006634
Qwen/Qwen3-32B,c4,20,58,2048,0.001451
Qwen/Qwen3-32B,c4,20,59,128,0.052006
Qwen/Qwen3-32B,c4,20,59,512,0.026412
Qwen/Qwen3-32B,c4,20,59,2048,0.005345
Qwen/Qwen3-32B,c4,20,60,128,0.124502
Qwen/Qwen3-32B,c4,20,60,512,0.047695
Qwen/Qwen3-32B,c4,20,60,2048,0.007792
Qwen/Qwen3-32B,c4,20,61,128,0.026750
Qwen/Qwen3-32B,c4,20,61,512,0.014597
Qwen/Qwen3-32B,c4,20,61,2048,0.003371
Qwen/Qwen3-32B,c4,20,62,128,0.319904
Qwen/Qwen3-32B,c4,20,62,512,0.183515
Qwen/Qwen3-32B,c4,20,62,2048,0.036824
Qwen/Qwen3-32B,c4,20,63,128,0.231911
Qwen/Qwen3-32B,c4,20,63,512,0.111577
Qwen/Qwen3-32B,c4,20,63,2048,0.011441
Qwen/Qwen3-32B,c4,21,0,128,0.355809
Qwen/Qwen3-32B,c4,21,0,512,0.195266
Qwen/Qwen3-32B,c4,21,0,2048,0.044911
Qwen/Qwen3-32B,c4,21,1,128,0.077617
Qwen/Qwen3-32B,c4,21,1,512,0.025134
Qwen/Qwen3-32B,c4,21,1,2048,0.005467
Qwen/Qwen3-32B,c4,21,2,128,0.040901
Qwen/Qwen3-32B,c4,21,2,512,0.018416
Qwen/Qwen3-32B,c4,21,2,2048,0.007185
Qwen/Qwen3-32B,c4,21,3,128,0.279453
Qwen/Qwen3-32B,c4,21,3,512,0.128312
Qwen/Qwen3-32B,c4,21,3,2048,0.026912
Qwen/Qwen3-32B,c4,21,4,128,0.247209
Qwen/Qwen3-32B,c4,21,4,512,0.090560
Qwen/Qwen3-32B,c4,21,4,2048,0.016372
Qwen/Qwen3-32B,c4,21,5,128,0.189630
Qwen/Qwen3-32B,c4,21,5,512,0.070285
Qwen/Qwen3-32B,c4,21,5,2048,0.015904
Qwen/Qwen3-32B,c4,21,6,128,0.089631
Qwen/Qwen3-32B,c4,21,6,512,0.040515
Qwen/Qwen3-32B,c4,21,6,2048,0.007166
Qwen/Qwen3-32B,c4,21,7,128,0.250732
Qwen/Qwen3-32B,c4,21,7,512,0.083092
Qwen/Qwen3-32B,c4,21,7,2048,0.019913
Qwen/Qwen3-32B,c4,21,8,128,0.062464
Qwen/Qwen3-32B,c4,21,8,512,0.028043
Qwen/Qwen3-32B,c4,21,8,2048,0.004808
Qwen/Qwen3-32B,c4,21,9,128,0.008849
Qwen/Qwen3-32B,c4,21,9,512,0.004904
Qwen/Qwen3-32B,c4,21,9,2048,0.001180
Qwen/Qwen3-32B,c4,21,10,128,0.009500
Qwen/Qwen3-32B,c4,21,10,512,0.009297
Qwen/Qwen3-32B,c4,21,10,2048,0.003587
Qwen/Qwen3-32B,c4,21,11,128,0.125251
Qwen/Qwen3-32B,c4,21,11,512,0.056164
Qwen/Qwen3-32B,c4,21,11,2048,0.011188
Qwen/Qwen3-32B,c4,21,12,128,0.022372
Qwen/Qwen3-32B,c4,21,12,512,0.010955
Qwen/Qwen3-32B,c4,21,12,2048,0.002256
Qwen/Qwen3-32B,c4,21,13,128,0.106943
Qwen/Qwen3-32B,c4,21,13,512,0.058870
Qwen/Qwen3-32B,c4,21,13,2048,0.010820
Qwen/Qwen3-32B,c4,21,14,128,0.023159
Qwen/Qwen3-32B,c4,21,14,512,0.012645
Qwen/Qwen3-32B,c4,21,14,2048,0.001443
Qwen/Qwen3-32B,c4,21,15,128,0.122509
Qwen/Qwen3-32B,c4,21,15,512,0.066715
Qwen/Qwen3-32B,c4,21,15,2048,0.011950
Qwen/Qwen3-32B,c4,21,16,128,0.024276
Qwen/Qwen3-32B,c4,21,16,512,0.009211
Qwen/Qwen3-32B,c4,21,16,2048,0.001784
Qwen/Qwen3-32B,c4,21,17,128,0.001049
Qwen/Qwen3-32B,c4,21,17,512,0.001018
Qwen/Qwen3-32B,c4,21,17,2048,0.000400
Qwen/Qwen3-32B,c4,21,18,128,0.042327
Qwen/Qwen3-32B,c4,21,18,512,0.023824
Qwen/Qwen3-32B,c4,21,18,2048,0.008129
Qwen/Qwen3-32B,c4,21,19,128,0.109239
Qwen/Qwen3-32B,c4,21,19,512,0.040887
Qwen/Qwen3-32B,c4,21,19,2048,0.009994
Qwen/Qwen3-32B,c4,21,20,128,0.033241
Qwen/Qwen3-32B,c4,21,20,512,0.012408
Qwen/Qwen3-32B,c4,21,20,2048,0.003616
Qwen/Qwen3-32B,c4,21,21,128,0.147399
Qwen/Qwen3-32B,c4,21,21,512,0.057332
Qwen/Qwen3-32B,c4,21,21,2048,0.014870
Qwen/Qwen3-32B,c4,21,22,128,0.119766
Qwen/Qwen3-32B,c4,21,22,512,0.045100
Qwen/Qwen3-32B,c4,21,22,2048,0.011493
Qwen/Qwen3-32B,c4,21,23,128,0.100230
Qwen/Qwen3-32B,c4,21,23,512,0.057210
Qwen/Qwen3-32B,c4,21,23,2048,0.014168
Qwen/Qwen3-32B,c4,21,24,128,0.069488
Qwen/Qwen3-32B,c4,21,24,512,0.033902
Qwen/Qwen3-32B,c4,21,24,2048,0.009226
Qwen/Qwen3-32B,c4,21,25,128,0.145969
Qwen/Qwen3-32B,c4,21,25,512,0.054162
Qwen/Qwen3-32B,c4,21,25,2048,0.018018
Qwen/Qwen3-32B,c4,21,26,128,0.074700
Qwen/Qwen3-32B,c4,21,26,512,0.020525
Qwen/Qwen3-32B,c4,21,26,2048,0.006019
Qwen/Qwen3-32B,c4,21,27,128,0.178537
Qwen/Qwen3-32B,c4,21,27,512,0.079094
Qwen/Qwen3-32B,c4,21,27,2048,0.025447
Qwen/Qwen3-32B,c4,21,28,128,0.061226
Qwen/Qwen3-32B,c4,21,28,512,0.032025
Qwen/Qwen3-32B,c4,21,28,2048,0.012350
Qwen/Qwen3-32B,c4,21,29,128,0.081080
Qwen/Qwen3-32B,c4,21,29,512,0.032602
Qwen/Qwen3-32B,c4,21,29,2048,0.011644
Qwen/Qwen3-32B,c4,21,30,128,0.088912
Qwen/Qwen3-32B,c4,21,30,512,0.035585
Qwen/Qwen3-32B,c4,21,30,2048,0.010520
Qwen/Qwen3-32B,c4,21,31,128,0.040550
Qwen/Qwen3-32B,c4,21,31,512,0.017812
Qwen/Qwen3-32B,c4,21,31,2048,0.008222
Qwen/Qwen3-32B,c4,21,32,128,0.006703
Qwen/Qwen3-32B,c4,21,32,512,0.004525
Qwen/Qwen3-32B,c4,21,32,2048,0.001358
Qwen/Qwen3-32B,c4,21,33,128,0.010278
Qwen/Qwen3-32B,c4,21,33,512,0.005220
Qwen/Qwen3-32B,c4,21,33,2048,0.000891
Qwen/Qwen3-32B,c4,21,34,128,0.006536
Qwen/Qwen3-32B,c4,21,34,512,0.002816
Qwen/Qwen3-32B,c4,21,34,2048,0.000451
Qwen/Qwen3-32B,c4,21,35,128,0.007066
Qwen/Qwen3-32B,c4,21,35,512,0.005056
Qwen/Qwen3-32B,c4,21,35,2048,0.001282
Qwen/Qwen3-32B,c4,21,36,128,0.099969
Qwen/Qwen3-32B,c4,21,36,512,0.036066
Qwen/Qwen3-32B,c4,21,36,2048,0.006519
Qwen/Qwen3-32B,c4,21,37,128,0.011358
Qwen/Qwen3-32B,c4,21,37,512,0.006797
Qwen/Qwen3-32B,c4,21,37,2048,0.002339
Qwen/Qwen3-32B,c4,21,38,128,0.082600
Qwen/Qwen3-32B,c4,21,38,512,0.031384
Qwen/Qwen3-32B,c4,21,38,2048,0.006532
Qwen/Qwen3-32B,c4,21,39,128,0.106458
Qwen/Qwen3-32B,c4,21,39,512,0.043455
Qwen/Qwen3-32B,c4,21,39,2048,0.010057
Qwen/Qwen3-32B,c4,21,40,128,0.362103
Qwen/Qwen3-32B,c4,21,40,512,0.194651
Qwen/Qwen3-32B,c4,21,40,2048,0.047186
Qwen/Qwen3-32B,c4,21,41,128,0.020485
Qwen/Qwen3-32B,c4,21,41,512,0.008332
Qwen/Qwen3-32B,c4,21,41,2048,0.002197
Qwen/Qwen3-32B,c4,21,42,128,0.058528
Qwen/Qwen3-32B,c4,21,42,512,0.045293
Qwen/Qwen3-32B,c4,21,42,2048,0.016414
Qwen/Qwen3-32B,c4,21,43,128,0.334736
Qwen/Qwen3-32B,c4,21,43,512,0.089725
Qwen/Qwen3-32B,c4,21,43,2048,0.013203
Qwen/Qwen3-32B,c4,21,44,128,0.076611
Qwen/Qwen3-32B,c4,21,44,512,0.020784
Qwen/Qwen3-32B,c4,21,44,2048,0.010499
Qwen/Qwen3-32B,c4,21,45,128,0.061164
Qwen/Qwen3-32B,c4,21,45,512,0.039477
Qwen/Qwen3-32B,c4,21,45,2048,0.015538
Qwen/Qwen3-32B,c4,21,46,128,0.391790
Qwen/Qwen3-32B,c4,21,46,512,0.181179
Qwen/Qwen3-32B,c4,21,46,2048,0.038213
Qwen/Qwen3-32B,c4,21,47,128,0.038053
Qwen/Qwen3-32B,c4,21,47,512,0.027001
Qwen/Qwen3-32B,c4,21,47,2048,0.007642
Qwen/Qwen3-32B,c4,21,48,128,0.014652
Qwen/Qwen3-32B,c4,21,48,512,0.004089
Qwen/Qwen3-32B,c4,21,48,2048,0.001246
Qwen/Qwen3-32B,c4,21,49,128,0.003610
Qwen/Qwen3-32B,c4,21,49,512,0.001826
Qwen/Qwen3-32B,c4,21,49,2048,0.000553
Qwen/Qwen3-32B,c4,21,50,128,0.188793
Qwen/Qwen3-32B,c4,21,50,512,0.109435
Qwen/Qwen3-32B,c4,21,50,2048,0.024237
Qwen/Qwen3-32B,c4,21,51,128,0.032345
Qwen/Qwen3-32B,c4,21,51,512,0.015833
Qwen/Qwen3-32B,c4,21,51,2048,0.003860
Qwen/Qwen3-32B,c4,21,52,128,0.075070
Qwen/Qwen3-32B,c4,21,52,512,0.029496
Qwen/Qwen3-32B,c4,21,52,2048,0.005340
Qwen/Qwen3-32B,c4,21,53,128,0.170654
Qwen/Qwen3-32B,c4,21,53,512,0.084204
Qwen/Qwen3-32B,c4,21,53,2048,0.016984
Qwen/Qwen3-32B,c4,21,54,128,0.227301
Qwen/Qwen3-32B,c4,21,54,512,0.064711
Qwen/Qwen3-32B,c4,21,54,2048,0.011326
Qwen/Qwen3-32B,c4,21,55,128,0.235859
Qwen/Qwen3-32B,c4,21,55,512,0.103613
Qwen/Qwen3-32B,c4,21,55,2048,0.025307
Qwen/Qwen3-32B,c4,21,56,128,0.049487
Qwen/Qwen3-32B,c4,21,56,512,0.022148
Qwen/Qwen3-32B,c4,21,56,2048,0.002852
Qwen/Qwen3-32B,c4,21,57,128,0.044633
Qwen/Qwen3-32B,c4,21,57,512,0.025938
Qwen/Qwen3-32B,c4,21,57,2048,0.006293
Qwen/Qwen3-32B,c4,21,58,128,0.074881
Qwen/Qwen3-32B,c4,21,58,512,0.028028
Qwen/Qwen3-32B,c4,21,58,2048,0.005903
Qwen/Qwen3-32B,c4,21,59,128,0.149081
Qwen/Qwen3-32B,c4,21,59,512,0.056698
Qwen/Qwen3-32B,c4,21,59,2048,0.011802
Qwen/Qwen3-32B,c4,21,60,128,0.057851
Qwen/Qwen3-32B,c4,21,60,512,0.024334
Qwen/Qwen3-32B,c4,21,60,2048,0.005620
Qwen/Qwen3-32B,c4,21,61,128,0.141151
Qwen/Qwen3-32B,c4,21,61,512,0.052393
Qwen/Qwen3-32B,c4,21,61,2048,0.014730
Qwen/Qwen3-32B,c4,21,62,128,0.081462
Qwen/Qwen3-32B,c4,21,62,512,0.028997
Qwen/Qwen3-32B,c4,21,62,2048,0.005447
Qwen/Qwen3-32B,c4,21,63,128,0.021477
Qwen/Qwen3-32B,c4,21,63,512,0.010761
Qwen/Qwen3-32B,c4,21,63,2048,0.003124
Qwen/Qwen3-32B,c4,22,0,128,0.092619
Qwen/Qwen3-32B,c4,22,0,512,0.051579
Qwen/Qwen3-32B,c4,22,0,2048,0.016416
Qwen/Qwen3-32B,c4,22,1,128,0.043763
Qwen/Qwen3-32B,c4,22,1,512,0.020536
Qwen/Qwen3-32B,c4,22,1,2048,0.008899
Qwen/Qwen3-32B,c4,22,2,128,0.046359
Qwen/Qwen3-32B,c4,22,2,512,0.034979
Qwen/Qwen3-32B,c4,22,2,2048,0.014821
Qwen/Qwen3-32B,c4,22,3,128,0.115100
Qwen/Qwen3-32B,c4,22,3,512,0.084588
Qwen/Qwen3-32B,c4,22,3,2048,0.022747
Qwen/Qwen3-32B,c4,22,4,128,0.048198
Qwen/Qwen3-32B,c4,22,4,512,0.027732
Qwen/Qwen3-32B,c4,22,4,2048,0.011463
Qwen/Qwen3-32B,c4,22,5,128,0.010776
Qwen/Qwen3-32B,c4,22,5,512,0.010378
Qwen/Qwen3-32B,c4,22,5,2048,0.004609
Qwen/Qwen3-32B,c4,22,6,128,0.028842
Qwen/Qwen3-32B,c4,22,6,512,0.019017
Qwen/Qwen3-32B,c4,22,6,2048,0.005249
Qwen/Qwen3-32B,c4,22,7,128,0.065222
Qwen/Qwen3-32B,c4,22,7,512,0.053248
Qwen/Qwen3-32B,c4,22,7,2048,0.015350
Qwen/Qwen3-32B,c4,22,8,128,0.033833
Qwen/Qwen3-32B,c4,22,8,512,0.027682
Qwen/Qwen3-32B,c4,22,8,2048,0.010741
Qwen/Qwen3-32B,c4,22,9,128,0.288147
Qwen/Qwen3-32B,c4,22,9,512,0.157155
Qwen/Qwen3-32B,c4,22,9,2048,0.040722
Qwen/Qwen3-32B,c4,22,10,128,0.049561
Qwen/Qwen3-32B,c4,22,10,512,0.038175
Qwen/Qwen3-32B,c4,22,10,2048,0.014588
Qwen/Qwen3-32B,c4,22,11,128,0.044335
Qwen/Qwen3-32B,c4,22,11,512,0.038072
Qwen/Qwen3-32B,c4,22,11,2048,0.010759
Qwen/Qwen3-32B,c4,22,12,128,0.085923
Qwen/Qwen3-32B,c4,22,12,512,0.065452
Qwen/Qwen3-32B,c4,22,12,2048,0.018839
Qwen/Qwen3-32B,c4,22,13,128,0.076526
Qwen/Qwen3-32B,c4,22,13,512,0.056109
Qwen/Qwen3-32B,c4,22,13,2048,0.022184
Qwen/Qwen3-32B,c4,22,14,128,0.091176
Qwen/Qwen3-32B,c4,22,14,512,0.069533
Qwen/Qwen3-32B,c4,22,14,2048,0.024497
Qwen/Qwen3-32B,c4,22,15,128,0.071446
Qwen/Qwen3-32B,c4,22,15,512,0.054896
Qwen/Qwen3-32B,c4,22,15,2048,0.022892
Qwen/Qwen3-32B,c4,22,16,128,0.020398
Qwen/Qwen3-32B,c4,22,16,512,0.008977
Qwen/Qwen3-32B,c4,22,16,2048,0.004273
Qwen/Qwen3-32B,c4,22,17,128,0.009983
Qwen/Qwen3-32B,c4,22,17,512,0.006450
Qwen/Qwen3-32B,c4,22,17,2048,0.002522
Qwen/Qwen3-32B,c4,22,18,128,0.025906
Qwen/Qwen3-32B,c4,22,18,512,0.015857
Qwen/Qwen3-32B,c4,22,18,2048,0.006471
Qwen/Qwen3-32B,c4,22,19,128,0.027261
Qwen/Qwen3-32B,c4,22,19,512,0.021277
Qwen/Qwen3-32B,c4,22,19,2048,0.010515
Qwen/Qwen3-32B,c4,22,20,128,0.031681
Qwen/Qwen3-32B,c4,22,20,512,0.024886
Qwen/Qwen3-32B,c4,22,20,2048,0.011498
Qwen/Qwen3-32B,c4,22,21,128,0.033980
Qwen/Qwen3-32B,c4,22,21,512,0.027929
Qwen/Qwen3-32B,c4,22,21,2048,0.010948
Qwen/Qwen3-32B,c4,22,22,128,0.029047
Qwen/Qwen3-32B,c4,22,22,512,0.024201
Qwen/Qwen3-32B,c4,22,22,2048,0.010157
Qwen/Qwen3-32B,c4,22,23,128,0.069636
Qwen/Qwen3-32B,c4,22,23,512,0.050504
Qwen/Qwen3-32B,c4,22,23,2048,0.013506
Qwen/Qwen3-32B,c4,22,24,128,0.007452
Qwen/Qwen3-32B,c4,22,24,512,0.006976
Qwen/Qwen3-32B,c4,22,24,2048,0.005080
Qwen/Qwen3-32B,c4,22,25,128,0.033370
Qwen/Qwen3-32B,c4,22,25,512,0.019115
Qwen/Qwen3-32B,c4,22,25,2048,0.004008
Qwen/Qwen3-32B,c4,22,26,128,0.078492
Qwen/Qwen3-32B,c4,22,26,512,0.032409
Qwen/Qwen3-32B,c4,22,26,2048,0.005751
Qwen/Qwen3-32B,c4,22,27,128,0.234342
Qwen/Qwen3-32B,c4,22,27,512,0.195988
Qwen/Qwen3-32B,c4,22,27,2048,0.060923
Qwen/Qwen3-32B,c4,22,28,128,0.198093
Qwen/Qwen3-32B,c4,22,28,512,0.054979
Qwen/Qwen3-32B,c4,22,28,2048,0.009284
Qwen/Qwen3-32B,c4,22,29,128,0.377352
Qwen/Qwen3-32B,c4,22,29,512,0.129813
Qwen/Qwen3-32B,c4,22,29,2048,0.027424
Qwen/Qwen3-32B,c4,22,30,128,0.107582
Qwen/Qwen3-32B,c4,22,30,512,0.046575
Qwen/Qwen3-32B,c4,22,30,2048,0.010238
Qwen/Qwen3-32B,c4,22,31,128,0.274381
Qwen/Qwen3-32B,c4,22,31,512,0.115370
Qwen/Qwen3-32B,c4,22,31,2048,0.027605
Qwen/Qwen3-32B,c4,22,32,128,0.104799
Qwen/Qwen3-32B,c4,22,32,512,0.037178
Qwen/Qwen3-32B,c4,22,32,2048,0.005972
Qwen/Qwen3-32B,c4,22,33,128,0.046790
Qwen/Qwen3-32B,c4,22,33,512,0.017203
Qwen/Qwen3-32B,c4,22,33,2048,0.004458
Qwen/Qwen3-32B,c4,22,34,128,0.034846
Qwen/Qwen3-32B,c4,22,34,512,0.019731
Qwen/Qwen3-32B,c4,22,34,2048,0.005269
Qwen/Qwen3-32B,c4,22,35,128,0.136181
Qwen/Qwen3-32B,c4,22,35,512,0.048827
Qwen/Qwen3-32B,c4,22,35,2048,0.010467
Qwen/Qwen3-32B,c4,22,36,128,0.067380
Qwen/Qwen3-32B,c4,22,36,512,0.033756
Qwen/Qwen3-32B,c4,22,36,2048,0.009848
Qwen/Qwen3-32B,c4,22,37,128,0.075846
Qwen/Qwen3-32B,c4,22,37,512,0.048036
Qwen/Qwen3-32B,c4,22,37,2048,0.009717
Qwen/Qwen3-32B,c4,22,38,128,0.143620
Qwen/Qwen3-32B,c4,22,38,512,0.074121
Qwen/Qwen3-32B,c4,22,38,2048,0.020524
Qwen/Qwen3-32B,c4,22,39,128,0.174890
Qwen/Qwen3-32B,c4,22,39,512,0.077535
Qwen/Qwen3-32B,c4,22,39,2048,0.024256
Qwen/Qwen3-32B,c4,22,40,128,0.530981
Qwen/Qwen3-32B,c4,22,40,512,0.194087
Qwen/Qwen3-32B,c4,22,40,2048,0.014632
Qwen/Qwen3-32B,c4,22,41,128,0.038395
Qwen/Qwen3-32B,c4,22,41,512,0.016839
Qwen/Qwen3-32B,c4,22,41,2048,0.004594
Qwen/Qwen3-32B,c4,22,42,128,0.040825
Qwen/Qwen3-32B,c4,22,42,512,0.014249
Qwen/Qwen3-32B,c4,22,42,2048,0.003868
Qwen/Qwen3-32B,c4,22,43,128,0.094400
Qwen/Qwen3-32B,c4,22,43,512,0.014095
Qwen/Qwen3-32B,c4,22,43,2048,0.001278
Qwen/Qwen3-32B,c4,22,44,128,0.060153
Qwen/Qwen3-32B,c4,22,44,512,0.020598
Qwen/Qwen3-32B,c4,22,44,2048,0.007980
Qwen/Qwen3-32B,c4,22,45,128,0.044764
Qwen/Qwen3-32B,c4,22,45,512,0.029179
Qwen/Qwen3-32B,c4,22,45,2048,0.008233
Qwen/Qwen3-32B,c4,22,46,128,0.136687
Qwen/Qwen3-32B,c4,22,46,512,0.026313
Qwen/Qwen3-32B,c4,22,46,2048,0.005780
Qwen/Qwen3-32B,c4,22,47,128,0.080742
Qwen/Qwen3-32B,c4,22,47,512,0.031726
Qwen/Qwen3-32B,c4,22,47,2048,0.011195
Qwen/Qwen3-32B,c4,22,48,128,0.197227
Qwen/Qwen3-32B,c4,22,48,512,0.087451
Qwen/Qwen3-32B,c4,22,48,2048,0.025744
Qwen/Qwen3-32B,c4,22,49,128,0.029784
Qwen/Qwen3-32B,c4,22,49,512,0.017081
Qwen/Qwen3-32B,c4,22,49,2048,0.006756
Qwen/Qwen3-32B,c4,22,50,128,0.013749
Qwen/Qwen3-32B,c4,22,50,512,0.006814
Qwen/Qwen3-32B,c4,22,50,2048,0.000839
Qwen/Qwen3-32B,c4,22,51,128,0.186711
Qwen/Qwen3-32B,c4,22,51,512,0.073573
Qwen/Qwen3-32B,c4,22,51,2048,0.015808
Qwen/Qwen3-32B,c4,22,52,128,0.084025
Qwen/Qwen3-32B,c4,22,52,512,0.030250
Qwen/Qwen3-32B,c4,22,52,2048,0.008640
Qwen/Qwen3-32B,c4,22,53,128,0.071973
Qwen/Qwen3-32B,c4,22,53,512,0.026678
Qwen/Qwen3-32B,c4,22,53,2048,0.005815
Qwen/Qwen3-32B,c4,22,54,128,0.108399
Qwen/Qwen3-32B,c4,22,54,512,0.035661
Qwen/Qwen3-32B,c4,22,54,2048,0.006556
Qwen/Qwen3-32B,c4,22,55,128,0.168742
Qwen/Qwen3-32B,c4,22,55,512,0.078812
Qwen/Qwen3-32B,c4,22,55,2048,0.016649
Qwen/Qwen3-32B,c4,22,56,128,0.000160
Qwen/Qwen3-32B,c4,22,56,512,0.000119
Qwen/Qwen3-32B,c4,22,56,2048,0.000037
Qwen/Qwen3-32B,c4,22,57,128,0.119749
Qwen/Qwen3-32B,c4,22,57,512,0.066043
Qwen/Qwen3-32B,c4,22,57,2048,0.018017
Qwen/Qwen3-32B,c4,22,58,128,0.002794
Qwen/Qwen3-32B,c4,22,58,512,0.002374
Qwen/Qwen3-32B,c4,22,58,2048,0.001469
Qwen/Qwen3-32B,c4,22,59,128,0.051938
Qwen/Qwen3-32B,c4,22,59,512,0.027417
Qwen/Qwen3-32B,c4,22,59,2048,0.010591
Qwen/Qwen3-32B,c4,22,60,128,0.164015
Qwen/Qwen3-32B,c4,22,60,512,0.079087
Qwen/Qwen3-32B,c4,22,60,2048,0.023289
Qwen/Qwen3-32B,c4,22,61,128,0.000332
Qwen/Qwen3-32B,c4,22,61,512,0.000284
Qwen/Qwen3-32B,c4,22,61,2048,0.000184
Qwen/Qwen3-32B,c4,22,62,128,0.197194
Qwen/Qwen3-32B,c4,22,62,512,0.079484
Qwen/Qwen3-32B,c4,22,62,2048,0.021440
Qwen/Qwen3-32B,c4,22,63,128,0.012713
Qwen/Qwen3-32B,c4,22,63,512,0.010505
Qwen/Qwen3-32B,c4,22,63,2048,0.003192
Qwen/Qwen3-32B,c4,23,0,128,0.027995
Qwen/Qwen3-32B,c4,23,0,512,0.010807
Qwen/Qwen3-32B,c4,23,0,2048,0.004483
Qwen/Qwen3-32B,c4,23,1,128,0.121697
Qwen/Qwen3-32B,c4,23,1,512,0.029203
Qwen/Qwen3-32B,c4,23,1,2048,0.003142
Qwen/Qwen3-32B,c4,23,2,128,0.193658
Qwen/Qwen3-32B,c4,23,2,512,0.117471
Qwen/Qwen3-32B,c4,23,2,2048,0.017026
Qwen/Qwen3-32B,c4,23,3,128,0.066160
Qwen/Qwen3-32B,c4,23,3,512,0.028724
Qwen/Qwen3-32B,c4,23,3,2048,0.008469
Qwen/Qwen3-32B,c4,23,4,128,0.036459
Qwen/Qwen3-32B,c4,23,4,512,0.017177
Qwen/Qwen3-32B,c4,23,4,2048,0.006188
Qwen/Qwen3-32B,c4,23,5,128,0.135773
Qwen/Qwen3-32B,c4,23,5,512,0.086016
Qwen/Qwen3-32B,c4,23,5,2048,0.027855
Qwen/Qwen3-32B,c4,23,6,128,0.007047
Qwen/Qwen3-32B,c4,23,6,512,0.006259
Qwen/Qwen3-32B,c4,23,6,2048,0.003162
Qwen/Qwen3-32B,c4,23,7,128,0.033185
Qwen/Qwen3-32B,c4,23,7,512,0.013230
Qwen/Qwen3-32B,c4,23,7,2048,0.002721
Qwen/Qwen3-32B,c4,23,8,128,0.084055
Qwen/Qwen3-32B,c4,23,8,512,0.044988
Qwen/Qwen3-32B,c4,23,8,2048,0.006538
Qwen/Qwen3-32B,c4,23,9,128,0.014098
Qwen/Qwen3-32B,c4,23,9,512,0.005644
Qwen/Qwen3-32B,c4,23,9,2048,0.001219
Qwen/Qwen3-32B,c4,23,10,128,0.004004
Qwen/Qwen3-32B,c4,23,10,512,0.002116
Qwen/Qwen3-32B,c4,23,10,2048,0.000468
Qwen/Qwen3-32B,c4,23,11,128,0.080575
Qwen/Qwen3-32B,c4,23,11,512,0.038393
Qwen/Qwen3-32B,c4,23,11,2048,0.005273
Qwen/Qwen3-32B,c4,23,12,128,0.029296
Qwen/Qwen3-32B,c4,23,12,512,0.014380
Qwen/Qwen3-32B,c4,23,12,2048,0.002920
Qwen/Qwen3-32B,c4,23,13,128,0.001691
Qwen/Qwen3-32B,c4,23,13,512,0.001278
Qwen/Qwen3-32B,c4,23,13,2048,0.000136
Qwen/Qwen3-32B,c4,23,14,128,0.027665
Qwen/Qwen3-32B,c4,23,14,512,0.016618
Qwen/Qwen3-32B,c4,23,14,2048,0.003008
Qwen/Qwen3-32B,c4,23,15,128,0.032192
Qwen/Qwen3-32B,c4,23,15,512,0.016078
Qwen/Qwen3-32B,c4,23,15,2048,0.002764
Qwen/Qwen3-32B,c4,23,16,128,0.002022
Qwen/Qwen3-32B,c4,23,16,512,0.001021
Qwen/Qwen3-32B,c4,23,16,2048,0.000223
Qwen/Qwen3-32B,c4,23,17,128,0.003260
Qwen/Qwen3-32B,c4,23,17,512,0.002647
Qwen/Qwen3-32B,c4,23,17,2048,0.000910
Qwen/Qwen3-32B,c4,23,18,128,0.000158
Qwen/Qwen3-32B,c4,23,18,512,0.000054
Qwen/Qwen3-32B,c4,23,18,2048,0.000020
Qwen/Qwen3-32B,c4,23,19,128,0.001874
Qwen/Qwen3-32B,c4,23,19,512,0.001306
Qwen/Qwen3-32B,c4,23,19,2048,0.000281
Qwen/Qwen3-32B,c4,23,20,128,0.005218
Qwen/Qwen3-32B,c4,23,20,512,0.004230
Qwen/Qwen3-32B,c4,23,20,2048,0.000764
Qwen/Qwen3-32B,c4,23,21,128,0.013774
Qwen/Qwen3-32B,c4,23,21,512,0.006703
Qwen/Qwen3-32B,c4,23,21,2048,0.001749
Qwen/Qwen3-32B,c4,23,22,128,0.002498
Qwen/Qwen3-32B,c4,23,22,512,0.001620
Qwen/Qwen3-32B,c4,23,22,2048,0.000685
Qwen/Qwen3-32B,c4,23,23,128,0.000042
Qwen/Qwen3-32B,c4,23,23,512,0.000039
Qwen/Qwen3-32B,c4,23,23,2048,0.000030
Qwen/Qwen3-32B,c4,23,24,128,0.021142
Qwen/Qwen3-32B,c4,23,24,512,0.013410
Qwen/Qwen3-32B,c4,23,24,2048,0.003972
Qwen/Qwen3-32B,c4,23,25,128,0.174680
Qwen/Qwen3-32B,c4,23,25,512,0.095878
Qwen/Qwen3-32B,c4,23,25,2048,0.017347
Qwen/Qwen3-32B,c4,23,26,128,0.072788
Qwen/Qwen3-32B,c4,23,26,512,0.036382
Qwen/Qwen3-32B,c4,23,26,2048,0.006386
Qwen/Qwen3-32B,c4,23,27,128,0.043032
Qwen/Qwen3-32B,c4,23,27,512,0.030615
Qwen/Qwen3-32B,c4,23,27,2048,0.012553
Qwen/Qwen3-32B,c4,23,28,128,0.326151
Qwen/Qwen3-32B,c4,23,28,512,0.182575
Qwen/Qwen3-32B,c4,23,28,2048,0.051228
Qwen/Qwen3-32B,c4,23,29,128,0.059446
Qwen/Qwen3-32B,c4,23,29,512,0.021775
Qwen/Qwen3-32B,c4,23,29,2048,0.003779
Qwen/Qwen3-32B,c4,23,30,128,0.035868
Qwen/Qwen3-32B,c4,23,30,512,0.016363
Qwen/Qwen3-32B,c4,23,30,2048,0.003510
Qwen/Qwen3-32B,c4,23,31,128,0.030587
Qwen/Qwen3-32B,c4,23,31,512,0.019780
Qwen/Qwen3-32B,c4,23,31,2048,0.006893
Qwen/Qwen3-32B,c4,23,32,128,0.040588
Qwen/Qwen3-32B,c4,23,32,512,0.016212
Qwen/Qwen3-32B,c4,23,32,2048,0.002762
Qwen/Qwen3-32B,c4,23,33,128,0.034600
Qwen/Qwen3-32B,c4,23,33,512,0.025237
Qwen/Qwen3-32B,c4,23,33,2048,0.009948
Qwen/Qwen3-32B,c4,23,34,128,0.100817
Qwen/Qwen3-32B,c4,23,34,512,0.063003
Qwen/Qwen3-32B,c4,23,34,2048,0.013278
Qwen/Qwen3-32B,c4,23,35,128,0.029069
Qwen/Qwen3-32B,c4,23,35,512,0.016813
Qwen/Qwen3-32B,c4,23,35,2048,0.002292
Qwen/Qwen3-32B,c4,23,36,128,0.076165
Qwen/Qwen3-32B,c4,23,36,512,0.049006
Qwen/Qwen3-32B,c4,23,36,2048,0.019904
Qwen/Qwen3-32B,c4,23,37,128,0.088142
Qwen/Qwen3-32B,c4,23,37,512,0.043751
Qwen/Qwen3-32B,c4,23,37,2048,0.009719
Qwen/Qwen3-32B,c4,23,38,128,0.352415
Qwen/Qwen3-32B,c4,23,38,512,0.185310
Qwen/Qwen3-32B,c4,23,38,2048,0.034292
Qwen/Qwen3-32B,c4,23,39,128,0.146702
Qwen/Qwen3-32B,c4,23,39,512,0.048360
Qwen/Qwen3-32B,c4,23,39,2048,0.008922
Qwen/Qwen3-32B,c4,23,40,128,0.016215
Qwen/Qwen3-32B,c4,23,40,512,0.011968
Qwen/Qwen3-32B,c4,23,40,2048,0.003144
Qwen/Qwen3-32B,c4,23,41,128,0.014479
Qwen/Qwen3-32B,c4,23,41,512,0.011522
Qwen/Qwen3-32B,c4,23,41,2048,0.004013
Qwen/Qwen3-32B,c4,23,42,128,0.006060
Qwen/Qwen3-32B,c4,23,42,512,0.004164
Qwen/Qwen3-32B,c4,23,42,2048,0.001354
Qwen/Qwen3-32B,c4,23,43,128,0.019216
Qwen/Qwen3-32B,c4,23,43,512,0.016815
Qwen/Qwen3-32B,c4,23,43,2048,0.003672
Qwen/Qwen3-32B,c4,23,44,128,0.024034
Qwen/Qwen3-32B,c4,23,44,512,0.012607
Qwen/Qwen3-32B,c4,23,44,2048,0.004546
Qwen/Qwen3-32B,c4,23,45,128,0.018450
Qwen/Qwen3-32B,c4,23,45,512,0.011132
Qwen/Qwen3-32B,c4,23,45,2048,0.002244
Qwen/Qwen3-32B,c4,23,46,128,0.053927
Qwen/Qwen3-32B,c4,23,46,512,0.018247
Qwen/Qwen3-32B,c4,23,46,2048,0.002938
Qwen/Qwen3-32B,c4,23,47,128,0.061368
Qwen/Qwen3-32B,c4,23,47,512,0.014617
Qwen/Qwen3-32B,c4,23,47,2048,0.003255
Qwen/Qwen3-32B,c4,23,48,128,0.005033
Qwen/Qwen3-32B,c4,23,48,512,0.003218
Qwen/Qwen3-32B,c4,23,48,2048,0.000685
Qwen/Qwen3-32B,c4,23,49,128,0.024169
Qwen/Qwen3-32B,c4,23,49,512,0.011236
Qwen/Qwen3-32B,c4,23,49,2048,0.001528
Qwen/Qwen3-32B,c4,23,50,128,0.040055
Qwen/Qwen3-32B,c4,23,50,512,0.019623
Qwen/Qwen3-32B,c4,23,50,2048,0.001614
Qwen/Qwen3-32B,c4,23,51,128,0.018739
Qwen/Qwen3-32B,c4,23,51,512,0.010935
Qwen/Qwen3-32B,c4,23,51,2048,0.001708
Qwen/Qwen3-32B,c4,23,52,128,0.071391
Qwen/Qwen3-32B,c4,23,52,512,0.035287
Qwen/Qwen3-32B,c4,23,52,2048,0.002459
Qwen/Qwen3-32B,c4,23,53,128,0.029727
Qwen/Qwen3-32B,c4,23,53,512,0.013131
Qwen/Qwen3-32B,c4,23,53,2048,0.001388
Qwen/Qwen3-32B,c4,23,54,128,0.010676
Qwen/Qwen3-32B,c4,23,54,512,0.006255
Qwen/Qwen3-32B,c4,23,54,2048,0.001026
Qwen/Qwen3-32B,c4,23,55,128,0.049794
Qwen/Qwen3-32B,c4,23,55,512,0.024236
Qwen/Qwen3-32B,c4,23,55,2048,0.001788
Qwen/Qwen3-32B,c4,23,56,128,0.001669
Qwen/Qwen3-32B,c4,23,56,512,0.001086
Qwen/Qwen3-32B,c4,23,56,2048,0.000228
Qwen/Qwen3-32B,c4,23,57,128,0.012398
Qwen/Qwen3-32B,c4,23,57,512,0.007245
Qwen/Qwen3-32B,c4,23,57,2048,0.003612
Qwen/Qwen3-32B,c4,23,58,128,0.075517
Qwen/Qwen3-32B,c4,23,58,512,0.045804
Qwen/Qwen3-32B,c4,23,58,2048,0.009200
Qwen/Qwen3-32B,c4,23,59,128,0.022548
Qwen/Qwen3-32B,c4,23,59,512,0.013628
Qwen/Qwen3-32B,c4,23,59,2048,0.003547
Qwen/Qwen3-32B,c4,23,60,128,0.005804
Qwen/Qwen3-32B,c4,23,60,512,0.003087
Qwen/Qwen3-32B,c4,23,60,2048,0.001478
Qwen/Qwen3-32B,c4,23,61,128,0.150310
Qwen/Qwen3-32B,c4,23,61,512,0.027623
Qwen/Qwen3-32B,c4,23,61,2048,0.004764
Qwen/Qwen3-32B,c4,23,62,128,0.041057
Qwen/Qwen3-32B,c4,23,62,512,0.017738
Qwen/Qwen3-32B,c4,23,62,2048,0.004084
Qwen/Qwen3-32B,c4,23,63,128,0.166572
Qwen/Qwen3-32B,c4,23,63,512,0.107894
Qwen/Qwen3-32B,c4,23,63,2048,0.023009
Qwen/Qwen3-32B,c4,24,0,128,0.021124
Qwen/Qwen3-32B,c4,24,0,512,0.013575
Qwen/Qwen3-32B,c4,24,0,2048,0.000832
Qwen/Qwen3-32B,c4,24,1,128,0.005563
Qwen/Qwen3-32B,c4,24,1,512,0.002497
Qwen/Qwen3-32B,c4,24,1,2048,0.000182
Qwen/Qwen3-32B,c4,24,2,128,0.088549
Qwen/Qwen3-32B,c4,24,2,512,0.045274
Qwen/Qwen3-32B,c4,24,2,2048,0.007684
Qwen/Qwen3-32B,c4,24,3,128,0.070601
Qwen/Qwen3-32B,c4,24,3,512,0.028605
Qwen/Qwen3-32B,c4,24,3,2048,0.003082
Qwen/Qwen3-32B,c4,24,4,128,0.128573
Qwen/Qwen3-32B,c4,24,4,512,0.052004
Qwen/Qwen3-32B,c4,24,4,2048,0.007884
Qwen/Qwen3-32B,c4,24,5,128,0.012374
Qwen/Qwen3-32B,c4,24,5,512,0.009273
Qwen/Qwen3-32B,c4,24,5,2048,0.004268
Qwen/Qwen3-32B,c4,24,6,128,0.069187
Qwen/Qwen3-32B,c4,24,6,512,0.035311
Qwen/Qwen3-32B,c4,24,6,2048,0.011542
Qwen/Qwen3-32B,c4,24,7,128,0.020830
Qwen/Qwen3-32B,c4,24,7,512,0.013661
Qwen/Qwen3-32B,c4,24,7,2048,0.003622
Qwen/Qwen3-32B,c4,24,8,128,0.169356
Qwen/Qwen3-32B,c4,24,8,512,0.100646
Qwen/Qwen3-32B,c4,24,8,2048,0.019568
Qwen/Qwen3-32B,c4,24,9,128,0.178329
Qwen/Qwen3-32B,c4,24,9,512,0.101738
Qwen/Qwen3-32B,c4,24,9,2048,0.018204
Qwen/Qwen3-32B,c4,24,10,128,0.161338
Qwen/Qwen3-32B,c4,24,10,512,0.081012
Qwen/Qwen3-32B,c4,24,10,2048,0.027656
Qwen/Qwen3-32B,c4,24,11,128,0.239230
Qwen/Qwen3-32B,c4,24,11,512,0.131155
Qwen/Qwen3-32B,c4,24,11,2048,0.034796
Qwen/Qwen3-32B,c4,24,12,128,0.365916
Qwen/Qwen3-32B,c4,24,12,512,0.199069
Qwen/Qwen3-32B,c4,24,12,2048,0.036579
Qwen/Qwen3-32B,c4,24,13,128,0.333661
Qwen/Qwen3-32B,c4,24,13,512,0.132848
Qwen/Qwen3-32B,c4,24,13,2048,0.039263
Qwen/Qwen3-32B,c4,24,14,128,0.180983
Qwen/Qwen3-32B,c4,24,14,512,0.066618
Qwen/Qwen3-32B,c4,24,14,2048,0.026362
Qwen/Qwen3-32B,c4,24,15,128,0.069308
Qwen/Qwen3-32B,c4,24,15,512,0.027285
Qwen/Qwen3-32B,c4,24,15,2048,0.006463
Qwen/Qwen3-32B,c4,24,16,128,0.076883
Qwen/Qwen3-32B,c4,24,16,512,0.036108
Qwen/Qwen3-32B,c4,24,16,2048,0.004326
Qwen/Qwen3-32B,c4,24,17,128,0.120774
Qwen/Qwen3-32B,c4,24,17,512,0.077563
Qwen/Qwen3-32B,c4,24,17,2048,0.017774
Qwen/Qwen3-32B,c4,24,18,128,0.120155
Qwen/Qwen3-32B,c4,24,18,512,0.051945
Qwen/Qwen3-32B,c4,24,18,2048,0.010675
Qwen/Qwen3-32B,c4,24,19,128,0.007908
Qwen/Qwen3-32B,c4,24,19,512,0.004102
Qwen/Qwen3-32B,c4,24,19,2048,0.000987
Qwen/Qwen3-32B,c4,24,20,128,0.115303
Qwen/Qwen3-32B,c4,24,20,512,0.057746
Qwen/Qwen3-32B,c4,24,20,2048,0.011184
Qwen/Qwen3-32B,c4,24,21,128,0.134640
Qwen/Qwen3-32B,c4,24,21,512,0.050094
Qwen/Qwen3-32B,c4,24,21,2048,0.009274
Qwen/Qwen3-32B,c4,24,22,128,0.086036
Qwen/Qwen3-32B,c4,24,22,512,0.039029
Qwen/Qwen3-32B,c4,24,22,2048,0.008478
Qwen/Qwen3-32B,c4,24,23,128,0.078759
Qwen/Qwen3-32B,c4,24,23,512,0.031553
Qwen/Qwen3-32B,c4,24,23,2048,0.005215
Qwen/Qwen3-32B,c4,24,24,128,0.106713
Qwen/Qwen3-32B,c4,24,24,512,0.050354
Qwen/Qwen3-32B,c4,24,24,2048,0.014096
Qwen/Qwen3-32B,c4,24,25,128,0.025011
Qwen/Qwen3-32B,c4,24,25,512,0.011133
Qwen/Qwen3-32B,c4,24,25,2048,0.005064
Qwen/Qwen3-32B,c4,24,26,128,0.128960
Qwen/Qwen3-32B,c4,24,26,512,0.049348
Qwen/Qwen3-32B,c4,24,26,2048,0.018962
Qwen/Qwen3-32B,c4,24,27,128,0.078532
Qwen/Qwen3-32B,c4,24,27,512,0.031037
Qwen/Qwen3-32B,c4,24,27,2048,0.008920
Qwen/Qwen3-32B,c4,24,28,128,0.112803
Qwen/Qwen3-32B,c4,24,28,512,0.062985
Qwen/Qwen3-32B,c4,24,28,2048,0.017755
Qwen/Qwen3-32B,c4,24,29,128,0.148727
Qwen/Qwen3-32B,c4,24,29,512,0.055820
Qwen/Qwen3-32B,c4,24,29,2048,0.013840
Qwen/Qwen3-32B,c4,24,30,128,0.095876
Qwen/Qwen3-32B,c4,24,30,512,0.045813
Qwen/Qwen3-32B,c4,24,30,2048,0.011154
Qwen/Qwen3-32B,c4,24,31,128,0.089797
Qwen/Qwen3-32B,c4,24,31,512,0.039223
Qwen/Qwen3-32B,c4,24,31,2048,0.010325
Qwen/Qwen3-32B,c4,24,32,128,0.342005
Qwen/Qwen3-32B,c4,24,32,512,0.183505
Qwen/Qwen3-32B,c4,24,32,2048,0.045400
Qwen/Qwen3-32B,c4,24,33,128,0.190505
Qwen/Qwen3-32B,c4,24,33,512,0.081913
Qwen/Qwen3-32B,c4,24,33,2048,0.024338
Qwen/Qwen3-32B,c4,24,34,128,0.148772
Qwen/Qwen3-32B,c4,24,34,512,0.056819
Qwen/Qwen3-32B,c4,24,34,2048,0.016352
Qwen/Qwen3-32B,c4,24,35,128,0.051572
Qwen/Qwen3-32B,c4,24,35,512,0.022059
Qwen/Qwen3-32B,c4,24,35,2048,0.004759
Qwen/Qwen3-32B,c4,24,36,128,0.362581
Qwen/Qwen3-32B,c4,24,36,512,0.124719
Qwen/Qwen3-32B,c4,24,36,2048,0.036986
Qwen/Qwen3-32B,c4,24,37,128,0.085008
Qwen/Qwen3-32B,c4,24,37,512,0.027158
Qwen/Qwen3-32B,c4,24,37,2048,0.006749
Qwen/Qwen3-32B,c4,24,38,128,0.045662
Qwen/Qwen3-32B,c4,24,38,512,0.018250
Qwen/Qwen3-32B,c4,24,38,2048,0.007928
Qwen/Qwen3-32B,c4,24,39,128,0.188885
Qwen/Qwen3-32B,c4,24,39,512,0.071982
Qwen/Qwen3-32B,c4,24,39,2048,0.016980
Qwen/Qwen3-32B,c4,24,40,128,0.051528
Qwen/Qwen3-32B,c4,24,40,512,0.018882
Qwen/Qwen3-32B,c4,24,40,2048,0.008468
Qwen/Qwen3-32B,c4,24,41,128,0.071961
Qwen/Qwen3-32B,c4,24,41,512,0.015620
Qwen/Qwen3-32B,c4,24,41,2048,0.006600
Qwen/Qwen3-32B,c4,24,42,128,0.229722
Qwen/Qwen3-32B,c4,24,42,512,0.101885
Qwen/Qwen3-32B,c4,24,42,2048,0.027240
Qwen/Qwen3-32B,c4,24,43,128,0.070982
Qwen/Qwen3-32B,c4,24,43,512,0.034160
Qwen/Qwen3-32B,c4,24,43,2048,0.017185
Qwen/Qwen3-32B,c4,24,44,128,0.067450
Qwen/Qwen3-32B,c4,24,44,512,0.019535
Qwen/Qwen3-32B,c4,24,44,2048,0.006578
Qwen/Qwen3-32B,c4,24,45,128,0.097464
Qwen/Qwen3-32B,c4,24,45,512,0.049672
Qwen/Qwen3-32B,c4,24,45,2048,0.011981
Qwen/Qwen3-32B,c4,24,46,128,0.209716
Qwen/Qwen3-32B,c4,24,46,512,0.092671
Qwen/Qwen3-32B,c4,24,46,2048,0.025200
Qwen/Qwen3-32B,c4,24,47,128,0.077884
Qwen/Qwen3-32B,c4,24,47,512,0.025711
Qwen/Qwen3-32B,c4,24,47,2048,0.011499
Qwen/Qwen3-32B,c4,24,48,128,0.007883
Qwen/Qwen3-32B,c4,24,48,512,0.005957
Qwen/Qwen3-32B,c4,24,48,2048,0.001775
Qwen/Qwen3-32B,c4,24,49,128,0.027197
Qwen/Qwen3-32B,c4,24,49,512,0.021966
Qwen/Qwen3-32B,c4,24,49,2048,0.009012
Qwen/Qwen3-32B,c4,24,50,128,0.014524
Qwen/Qwen3-32B,c4,24,50,512,0.010344
Qwen/Qwen3-32B,c4,24,50,2048,0.003303
Qwen/Qwen3-32B,c4,24,51,128,0.004534
Qwen/Qwen3-32B,c4,24,51,512,0.003548
Qwen/Qwen3-32B,c4,24,51,2048,0.001293
Qwen/Qwen3-32B,c4,24,52,128,0.063076
Qwen/Qwen3-32B,c4,24,52,512,0.050905
Qwen/Qwen3-32B,c4,24,52,2048,0.021550
Qwen/Qwen3-32B,c4,24,53,128,0.046100
Qwen/Qwen3-32B,c4,24,53,512,0.031935
Qwen/Qwen3-32B,c4,24,53,2048,0.010455
Qwen/Qwen3-32B,c4,24,54,128,0.032460
Qwen/Qwen3-32B,c4,24,54,512,0.011645
Qwen/Qwen3-32B,c4,24,54,2048,0.002161
Qwen/Qwen3-32B,c4,24,55,128,0.024225
Qwen/Qwen3-32B,c4,24,55,512,0.015821
Qwen/Qwen3-32B,c4,24,55,2048,0.004904
Qwen/Qwen3-32B,c4,24,56,128,0.115252
Qwen/Qwen3-32B,c4,24,56,512,0.054830
Qwen/Qwen3-32B,c4,24,56,2048,0.023045
Qwen/Qwen3-32B,c4,24,57,128,0.067495
Qwen/Qwen3-32B,c4,24,57,512,0.033857
Qwen/Qwen3-32B,c4,24,57,2048,0.015809
Qwen/Qwen3-32B,c4,24,58,128,0.088894
Qwen/Qwen3-32B,c4,24,58,512,0.033401
Qwen/Qwen3-32B,c4,24,58,2048,0.015654
Qwen/Qwen3-32B,c4,24,59,128,0.124047
Qwen/Qwen3-32B,c4,24,59,512,0.054742
Qwen/Qwen3-32B,c4,24,59,2048,0.024949
Qwen/Qwen3-32B,c4,24,60,128,0.121522
Qwen/Qwen3-32B,c4,24,60,512,0.045888
Qwen/Qwen3-32B,c4,24,60,2048,0.017206
Qwen/Qwen3-32B,c4,24,61,128,0.076497
Qwen/Qwen3-32B,c4,24,61,512,0.024197
Qwen/Qwen3-32B,c4,24,61,2048,0.011019
Qwen/Qwen3-32B,c4,24,62,128,0.115060
Qwen/Qwen3-32B,c4,24,62,512,0.041476
Qwen/Qwen3-32B,c4,24,62,2048,0.016979
Qwen/Qwen3-32B,c4,24,63,128,0.082810
Qwen/Qwen3-32B,c4,24,63,512,0.033711
Qwen/Qwen3-32B,c4,24,63,2048,0.014251
Qwen/Qwen3-32B,c4,25,0,128,0.133930
Qwen/Qwen3-32B,c4,25,0,512,0.056981
Qwen/Qwen3-32B,c4,25,0,2048,0.013218
Qwen/Qwen3-32B,c4,25,1,128,0.002018
Qwen/Qwen3-32B,c4,25,1,512,0.001340
Qwen/Qwen3-32B,c4,25,1,2048,0.000751
Qwen/Qwen3-32B,c4,25,2,128,0.242574
Qwen/Qwen3-32B,c4,25,2,512,0.115860
Qwen/Qwen3-32B,c4,25,2,2048,0.024233
Qwen/Qwen3-32B,c4,25,3,128,0.306385
Qwen/Qwen3-32B,c4,25,3,512,0.130795
Qwen/Qwen3-32B,c4,25,3,2048,0.026940
Qwen/Qwen3-32B,c4,25,4,128,0.083666
Qwen/Qwen3-32B,c4,25,4,512,0.033787
Qwen/Qwen3-32B,c4,25,4,2048,0.007205
Qwen/Qwen3-32B,c4,25,5,128,0.099677
Qwen/Qwen3-32B,c4,25,5,512,0.043547
Qwen/Qwen3-32B,c4,25,5,2048,0.008776
Qwen/Qwen3-32B,c4,25,6,128,0.295651
Qwen/Qwen3-32B,c4,25,6,512,0.094467
Qwen/Qwen3-32B,c4,25,6,2048,0.013371
Qwen/Qwen3-32B,c4,25,7,128,0.293186
Qwen/Qwen3-32B,c4,25,7,512,0.125314
Qwen/Qwen3-32B,c4,25,7,2048,0.018272
Qwen/Qwen3-32B,c4,25,8,128,0.034799
Qwen/Qwen3-32B,c4,25,8,512,0.019005
Qwen/Qwen3-32B,c4,25,8,2048,0.003568
Qwen/Qwen3-32B,c4,25,9,128,0.049105
Qwen/Qwen3-32B,c4,25,9,512,0.028008
Qwen/Qwen3-32B,c4,25,9,2048,0.008280
Qwen/Qwen3-32B,c4,25,10,128,0.066037
Qwen/Qwen3-32B,c4,25,10,512,0.019085
Qwen/Qwen3-32B,c4,25,10,2048,0.003737
Qwen/Qwen3-32B,c4,25,11,128,0.044472
Qwen/Qwen3-32B,c4,25,11,512,0.026017
Qwen/Qwen3-32B,c4,25,11,2048,0.004459
Qwen/Qwen3-32B,c4,25,12,128,0.122223
Qwen/Qwen3-32B,c4,25,12,512,0.048564
Qwen/Qwen3-32B,c4,25,12,2048,0.013947
Qwen/Qwen3-32B,c4,25,13,128,0.042927
Qwen/Qwen3-32B,c4,25,13,512,0.021039
Qwen/Qwen3-32B,c4,25,13,2048,0.004988
Qwen/Qwen3-32B,c4,25,14,128,0.060289
Qwen/Qwen3-32B,c4,25,14,512,0.021671
Qwen/Qwen3-32B,c4,25,14,2048,0.003685
Qwen/Qwen3-32B,c4,25,15,128,0.126982
Qwen/Qwen3-32B,c4,25,15,512,0.061113
Qwen/Qwen3-32B,c4,25,15,2048,0.013298
Qwen/Qwen3-32B,c4,25,16,128,0.025373
Qwen/Qwen3-32B,c4,25,16,512,0.005854
Qwen/Qwen3-32B,c4,25,16,2048,0.001200
Qwen/Qwen3-32B,c4,25,17,128,0.051162
Qwen/Qwen3-32B,c4,25,17,512,0.025069
Qwen/Qwen3-32B,c4,25,17,2048,0.004879
Qwen/Qwen3-32B,c4,25,18,128,0.026906
Qwen/Qwen3-32B,c4,25,18,512,0.013830
Qwen/Qwen3-32B,c4,25,18,2048,0.004496
Qwen/Qwen3-32B,c4,25,19,128,0.012753
Qwen/Qwen3-32B,c4,25,19,512,0.006060
Qwen/Qwen3-32B,c4,25,19,2048,0.000955
Qwen/Qwen3-32B,c4,25,20,128,0.052091
Qwen/Qwen3-32B,c4,25,20,512,0.014285
Qwen/Qwen3-32B,c4,25,20,2048,0.001645
Qwen/Qwen3-32B,c4,25,21,128,0.036808
Qwen/Qwen3-32B,c4,25,21,512,0.018109
Qwen/Qwen3-32B,c4,25,21,2048,0.002702
Qwen/Qwen3-32B,c4,25,22,128,0.025943
Qwen/Qwen3-32B,c4,25,22,512,0.013677
Qwen/Qwen3-32B,c4,25,22,2048,0.001784
Qwen/Qwen3-32B,c4,25,23,128,0.071973
Qwen/Qwen3-32B,c4,25,23,512,0.030603
Qwen/Qwen3-32B,c4,25,23,2048,0.003735
Qwen/Qwen3-32B,c4,25,24,128,0.077171
Qwen/Qwen3-32B,c4,25,24,512,0.030138
Qwen/Qwen3-32B,c4,25,24,2048,0.006492
Qwen/Qwen3-32B,c4,25,25,128,0.073256
Qwen/Qwen3-32B,c4,25,25,512,0.029823
Qwen/Qwen3-32B,c4,25,25,2048,0.011162
Qwen/Qwen3-32B,c4,25,26,128,0.074943
Qwen/Qwen3-32B,c4,25,26,512,0.036785
Qwen/Qwen3-32B,c4,25,26,2048,0.010322
Qwen/Qwen3-32B,c4,25,27,128,0.058026
Qwen/Qwen3-32B,c4,25,27,512,0.027224
Qwen/Qwen3-32B,c4,25,27,2048,0.006731
Qwen/Qwen3-32B,c4,25,28,128,0.052591
Qwen/Qwen3-32B,c4,25,28,512,0.028521
Qwen/Qwen3-32B,c4,25,28,2048,0.004146
Qwen/Qwen3-32B,c4,25,29,128,0.078615
Qwen/Qwen3-32B,c4,25,29,512,0.040093
Qwen/Qwen3-32B,c4,25,29,2048,0.011042
Qwen/Qwen3-32B,c4,25,30,128,0.071801
Qwen/Qwen3-32B,c4,25,30,512,0.027448
Qwen/Qwen3-32B,c4,25,30,2048,0.005186
Qwen/Qwen3-32B,c4,25,31,128,0.077294
Qwen/Qwen3-32B,c4,25,31,512,0.039239
Qwen/Qwen3-32B,c4,25,31,2048,0.010052
Qwen/Qwen3-32B,c4,25,32,128,0.025702
Qwen/Qwen3-32B,c4,25,32,512,0.015057
Qwen/Qwen3-32B,c4,25,32,2048,0.004199
Qwen/Qwen3-32B,c4,25,33,128,0.023242
Qwen/Qwen3-32B,c4,25,33,512,0.013103
Qwen/Qwen3-32B,c4,25,33,2048,0.003475
Qwen/Qwen3-32B,c4,25,34,128,0.033746
Qwen/Qwen3-32B,c4,25,34,512,0.011110
Qwen/Qwen3-32B,c4,25,34,2048,0.001572
Qwen/Qwen3-32B,c4,25,35,128,0.069336
Qwen/Qwen3-32B,c4,25,35,512,0.045738
Qwen/Qwen3-32B,c4,25,35,2048,0.022202
Qwen/Qwen3-32B,c4,25,36,128,0.027866
Qwen/Qwen3-32B,c4,25,36,512,0.014288
Qwen/Qwen3-32B,c4,25,36,2048,0.002188
Qwen/Qwen3-32B,c4,25,37,128,0.009117
Qwen/Qwen3-32B,c4,25,37,512,0.004635
Qwen/Qwen3-32B,c4,25,37,2048,0.000575
Qwen/Qwen3-32B,c4,25,38,128,0.046543
Qwen/Qwen3-32B,c4,25,38,512,0.024617
Qwen/Qwen3-32B,c4,25,38,2048,0.001871
Qwen/Qwen3-32B,c4,25,39,128,0.109817
Qwen/Qwen3-32B,c4,25,39,512,0.027590
Qwen/Qwen3-32B,c4,25,39,2048,0.001611
Qwen/Qwen3-32B,c4,25,40,128,0.031951
Qwen/Qwen3-32B,c4,25,40,512,0.014560
Qwen/Qwen3-32B,c4,25,40,2048,0.002302
Qwen/Qwen3-32B,c4,25,41,128,0.016334
Qwen/Qwen3-32B,c4,25,41,512,0.010041
Qwen/Qwen3-32B,c4,25,41,2048,0.003096
Qwen/Qwen3-32B,c4,25,42,128,0.051520
Qwen/Qwen3-32B,c4,25,42,512,0.025186
Qwen/Qwen3-32B,c4,25,42,2048,0.003668
Qwen/Qwen3-32B,c4,25,43,128,0.082540
Qwen/Qwen3-32B,c4,25,43,512,0.041838
Qwen/Qwen3-32B,c4,25,43,2048,0.004599
Qwen/Qwen3-32B,c4,25,44,128,0.069449
Qwen/Qwen3-32B,c4,25,44,512,0.033618
Qwen/Qwen3-32B,c4,25,44,2048,0.002850
Qwen/Qwen3-32B,c4,25,45,128,0.150659
Qwen/Qwen3-32B,c4,25,45,512,0.093701
Qwen/Qwen3-32B,c4,25,45,2048,0.018167
Qwen/Qwen3-32B,c4,25,46,128,0.061025
Qwen/Qwen3-32B,c4,25,46,512,0.032313
Qwen/Qwen3-32B,c4,25,46,2048,0.004637
Qwen/Qwen3-32B,c4,25,47,128,0.064231
Qwen/Qwen3-32B,c4,25,47,512,0.032787
Qwen/Qwen3-32B,c4,25,47,2048,0.003278
Qwen/Qwen3-32B,c4,25,48,128,0.017145
Qwen/Qwen3-32B,c4,25,48,512,0.010008
Qwen/Qwen3-32B,c4,25,48,2048,0.002307
Qwen/Qwen3-32B,c4,25,49,128,0.113252
Qwen/Qwen3-32B,c4,25,49,512,0.050909
Qwen/Qwen3-32B,c4,25,49,2048,0.012734
Qwen/Qwen3-32B,c4,25,50,128,0.055824
Qwen/Qwen3-32B,c4,25,50,512,0.025443
Qwen/Qwen3-32B,c4,25,50,2048,0.004367
Qwen/Qwen3-32B,c4,25,51,128,0.085698
Qwen/Qwen3-32B,c4,25,51,512,0.037769
Qwen/Qwen3-32B,c4,25,51,2048,0.006216
Qwen/Qwen3-32B,c4,25,52,128,0.174617
Qwen/Qwen3-32B,c4,25,52,512,0.105806
Qwen/Qwen3-32B,c4,25,52,2048,0.022375
Qwen/Qwen3-32B,c4,25,53,128,0.103234
Qwen/Qwen3-32B,c4,25,53,512,0.037307
Qwen/Qwen3-32B,c4,25,53,2048,0.005317
Qwen/Qwen3-32B,c4,25,54,128,0.068620
Qwen/Qwen3-32B,c4,25,54,512,0.034393
Qwen/Qwen3-32B,c4,25,54,2048,0.008530
Qwen/Qwen3-32B,c4,25,55,128,0.053847
Qwen/Qwen3-32B,c4,25,55,512,0.022292
Qwen/Qwen3-32B,c4,25,55,2048,0.004311
Qwen/Qwen3-32B,c4,25,56,128,0.044843
Qwen/Qwen3-32B,c4,25,56,512,0.023292
Qwen/Qwen3-32B,c4,25,56,2048,0.003821
Qwen/Qwen3-32B,c4,25,57,128,0.004974
Qwen/Qwen3-32B,c4,25,57,512,0.002938
Qwen/Qwen3-32B,c4,25,57,2048,0.001051
Qwen/Qwen3-32B,c4,25,58,128,0.051497
Qwen/Qwen3-32B,c4,25,58,512,0.021394
Qwen/Qwen3-32B,c4,25,58,2048,0.003134
Qwen/Qwen3-32B,c4,25,59,128,0.077130
Qwen/Qwen3-32B,c4,25,59,512,0.026368
Qwen/Qwen3-32B,c4,25,59,2048,0.003763
Qwen/Qwen3-32B,c4,25,60,128,0.004827
Qwen/Qwen3-32B,c4,25,60,512,0.003894
Qwen/Qwen3-32B,c4,25,60,2048,0.000599
Qwen/Qwen3-32B,c4,25,61,128,0.029623
Qwen/Qwen3-32B,c4,25,61,512,0.017509
Qwen/Qwen3-32B,c4,25,61,2048,0.003309
Qwen/Qwen3-32B,c4,25,62,128,0.212539
Qwen/Qwen3-32B,c4,25,62,512,0.118108
Qwen/Qwen3-32B,c4,25,62,2048,0.017897
Qwen/Qwen3-32B,c4,25,63,128,0.092512
Qwen/Qwen3-32B,c4,25,63,512,0.039559
Qwen/Qwen3-32B,c4,25,63,2048,0.007257
Qwen/Qwen3-32B,c4,26,0,128,0.000521
Qwen/Qwen3-32B,c4,26,0,512,0.000450
Qwen/Qwen3-32B,c4,26,0,2048,0.000129
Qwen/Qwen3-32B,c4,26,1,128,0.031780
Qwen/Qwen3-32B,c4,26,1,512,0.016538
Qwen/Qwen3-32B,c4,26,1,2048,0.005411
Qwen/Qwen3-32B,c4,26,2,128,0.020987
Qwen/Qwen3-32B,c4,26,2,512,0.007220
Qwen/Qwen3-32B,c4,26,2,2048,0.001816
Qwen/Qwen3-32B,c4,26,3,128,0.026621
Qwen/Qwen3-32B,c4,26,3,512,0.021300
Qwen/Qwen3-32B,c4,26,3,2048,0.009156
Qwen/Qwen3-32B,c4,26,4,128,0.015124
Qwen/Qwen3-32B,c4,26,4,512,0.006912
Qwen/Qwen3-32B,c4,26,4,2048,0.002428
Qwen/Qwen3-32B,c4,26,5,128,0.024060
Qwen/Qwen3-32B,c4,26,5,512,0.010481
Qwen/Qwen3-32B,c4,26,5,2048,0.004397
Qwen/Qwen3-32B,c4,26,6,128,0.023682
Qwen/Qwen3-32B,c4,26,6,512,0.011569
Qwen/Qwen3-32B,c4,26,6,2048,0.003683
Qwen/Qwen3-32B,c4,26,7,128,0.034188
Qwen/Qwen3-32B,c4,26,7,512,0.015967
Qwen/Qwen3-32B,c4,26,7,2048,0.005655
Qwen/Qwen3-32B,c4,26,8,128,0.012606
Qwen/Qwen3-32B,c4,26,8,512,0.009509
Qwen/Qwen3-32B,c4,26,8,2048,0.002742
Qwen/Qwen3-32B,c4,26,9,128,0.003653
Qwen/Qwen3-32B,c4,26,9,512,0.002731
Qwen/Qwen3-32B,c4,26,9,2048,0.000643
Qwen/Qwen3-32B,c4,26,10,128,0.106834
Qwen/Qwen3-32B,c4,26,10,512,0.066626
Qwen/Qwen3-32B,c4,26,10,2048,0.021419
Qwen/Qwen3-32B,c4,26,11,128,0.023544
Qwen/Qwen3-32B,c4,26,11,512,0.019005
Qwen/Qwen3-32B,c4,26,11,2048,0.006826
Qwen/Qwen3-32B,c4,26,12,128,0.029767
Qwen/Qwen3-32B,c4,26,12,512,0.022447
Qwen/Qwen3-32B,c4,26,12,2048,0.004745
Qwen/Qwen3-32B,c4,26,13,128,0.005978
Qwen/Qwen3-32B,c4,26,13,512,0.005064
Qwen/Qwen3-32B,c4,26,13,2048,0.001257
Qwen/Qwen3-32B,c4,26,14,128,0.032508
Qwen/Qwen3-32B,c4,26,14,512,0.020498
Qwen/Qwen3-32B,c4,26,14,2048,0.006645
Qwen/Qwen3-32B,c4,26,15,128,0.016306
Qwen/Qwen3-32B,c4,26,15,512,0.011873
Qwen/Qwen3-32B,c4,26,15,2048,0.003122
Qwen/Qwen3-32B,c4,26,16,128,0.101850
Qwen/Qwen3-32B,c4,26,16,512,0.033364
Qwen/Qwen3-32B,c4,26,16,2048,0.006291
Qwen/Qwen3-32B,c4,26,17,128,0.064331
Qwen/Qwen3-32B,c4,26,17,512,0.017518
Qwen/Qwen3-32B,c4,26,17,2048,0.005508
Qwen/Qwen3-32B,c4,26,18,128,0.087960
Qwen/Qwen3-32B,c4,26,18,512,0.024820
Qwen/Qwen3-32B,c4,26,18,2048,0.007608
Qwen/Qwen3-32B,c4,26,19,128,0.164165
Qwen/Qwen3-32B,c4,26,19,512,0.047668
Qwen/Qwen3-32B,c4,26,19,2048,0.009952
Qwen/Qwen3-32B,c4,26,20,128,0.125938
Qwen/Qwen3-32B,c4,26,20,512,0.045889
Qwen/Qwen3-32B,c4,26,20,2048,0.009486
Qwen/Qwen3-32B,c4,26,21,128,0.014872
Qwen/Qwen3-32B,c4,26,21,512,0.003752
Qwen/Qwen3-32B,c4,26,21,2048,0.001415
Qwen/Qwen3-32B,c4,26,22,128,0.125543
Qwen/Qwen3-32B,c4,26,22,512,0.050056
Qwen/Qwen3-32B,c4,26,22,2048,0.014903
Qwen/Qwen3-32B,c4,26,23,128,0.023364
Qwen/Qwen3-32B,c4,26,23,512,0.010804
Qwen/Qwen3-32B,c4,26,23,2048,0.002896
Qwen/Qwen3-32B,c4,26,24,128,0.025827
Qwen/Qwen3-32B,c4,26,24,512,0.010708
Qwen/Qwen3-32B,c4,26,24,2048,0.003039
Qwen/Qwen3-32B,c4,26,25,128,0.083738
Qwen/Qwen3-32B,c4,26,25,512,0.030879
Qwen/Qwen3-32B,c4,26,25,2048,0.010141
Qwen/Qwen3-32B,c4,26,26,128,0.068876
Qwen/Qwen3-32B,c4,26,26,512,0.030596
Qwen/Qwen3-32B,c4,26,26,2048,0.008926
Qwen/Qwen3-32B,c4,26,27,128,0.124539
Qwen/Qwen3-32B,c4,26,27,512,0.036425
Qwen/Qwen3-32B,c4,26,27,2048,0.004702
Qwen/Qwen3-32B,c4,26,28,128,0.056516
Qwen/Qwen3-32B,c4,26,28,512,0.022884
Qwen/Qwen3-32B,c4,26,28,2048,0.007189
Qwen/Qwen3-32B,c4,26,29,128,0.103332
Qwen/Qwen3-32B,c4,26,29,512,0.039986
Qwen/Qwen3-32B,c4,26,29,2048,0.008679
Qwen/Qwen3-32B,c4,26,30,128,0.092473
Qwen/Qwen3-32B,c4,26,30,512,0.031367
Qwen/Qwen3-32B,c4,26,30,2048,0.008500
Qwen/Qwen3-32B,c4,26,31,128,0.127346
Qwen/Qwen3-32B,c4,26,31,512,0.056664
Qwen/Qwen3-32B,c4,26,31,2048,0.017483
Qwen/Qwen3-32B,c4,26,32,128,0.013001
Qwen/Qwen3-32B,c4,26,32,512,0.008014
Qwen/Qwen3-32B,c4,26,32,2048,0.001125
Qwen/Qwen3-32B,c4,26,33,128,0.035995
Qwen/Qwen3-32B,c4,26,33,512,0.015864
Qwen/Qwen3-32B,c4,26,33,2048,0.002221
Qwen/Qwen3-32B,c4,26,34,128,0.083702
Qwen/Qwen3-32B,c4,26,34,512,0.041424
Qwen/Qwen3-32B,c4,26,34,2048,0.006615
Qwen/Qwen3-32B,c4,26,35,128,0.010324
Qwen/Qwen3-32B,c4,26,35,512,0.006165
Qwen/Qwen3-32B,c4,26,35,2048,0.001109
Qwen/Qwen3-32B,c4,26,36,128,0.146803
Qwen/Qwen3-32B,c4,26,36,512,0.063714
Qwen/Qwen3-32B,c4,26,36,2048,0.011956
Qwen/Qwen3-32B,c4,26,37,128,0.074794
Qwen/Qwen3-32B,c4,26,37,512,0.035314
Qwen/Qwen3-32B,c4,26,37,2048,0.006612
Qwen/Qwen3-32B,c4,26,38,128,0.032657
Qwen/Qwen3-32B,c4,26,38,512,0.016412
Qwen/Qwen3-32B,c4,26,38,2048,0.001713
Qwen/Qwen3-32B,c4,26,39,128,0.076826
Qwen/Qwen3-32B,c4,26,39,512,0.032662
Qwen/Qwen3-32B,c4,26,39,2048,0.005487
Qwen/Qwen3-32B,c4,26,40,128,0.076975
Qwen/Qwen3-32B,c4,26,40,512,0.031052
Qwen/Qwen3-32B,c4,26,40,2048,0.011029
Qwen/Qwen3-32B,c4,26,41,128,0.020164
Qwen/Qwen3-32B,c4,26,41,512,0.008538
Qwen/Qwen3-32B,c4,26,41,2048,0.002047
Qwen/Qwen3-32B,c4,26,42,128,0.016949
Qwen/Qwen3-32B,c4,26,42,512,0.009881
Qwen/Qwen3-32B,c4,26,42,2048,0.005081
Qwen/Qwen3-32B,c4,26,43,128,0.107051
Qwen/Qwen3-32B,c4,26,43,512,0.042743
Qwen/Qwen3-32B,c4,26,43,2048,0.014791
Qwen/Qwen3-32B,c4,26,44,128,0.120348
Qwen/Qwen3-32B,c4,26,44,512,0.048845
Qwen/Qwen3-32B,c4,26,44,2048,0.011219
Qwen/Qwen3-32B,c4,26,45,128,0.061695
Qwen/Qwen3-32B,c4,26,45,512,0.025903
Qwen/Qwen3-32B,c4,26,45,2048,0.016954
Qwen/Qwen3-32B,c4,26,46,128,0.091469
Qwen/Qwen3-32B,c4,26,46,512,0.043924
Qwen/Qwen3-32B,c4,26,46,2048,0.010692
Qwen/Qwen3-32B,c4,26,47,128,0.133363
Qwen/Qwen3-32B,c4,26,47,512,0.049844
Qwen/Qwen3-32B,c4,26,47,2048,0.009500
Qwen/Qwen3-32B,c4,26,48,128,0.122904
Qwen/Qwen3-32B,c4,26,48,512,0.045665
Qwen/Qwen3-32B,c4,26,48,2048,0.015180
Qwen/Qwen3-32B,c4,26,49,128,0.307096
Qwen/Qwen3-32B,c4,26,49,512,0.081976
Qwen/Qwen3-32B,c4,26,49,2048,0.016624
Qwen/Qwen3-32B,c4,26,50,128,0.078218
Qwen/Qwen3-32B,c4,26,50,512,0.039161
Qwen/Qwen3-32B,c4,26,50,2048,0.007121
Qwen/Qwen3-32B,c4,26,51,128,0.180768
Qwen/Qwen3-32B,c4,26,51,512,0.076815
Qwen/Qwen3-32B,c4,26,51,2048,0.014078
Qwen/Qwen3-32B,c4,26,52,128,0.142463
Qwen/Qwen3-32B,c4,26,52,512,0.037690
Qwen/Qwen3-32B,c4,26,52,2048,0.006565
Qwen/Qwen3-32B,c4,26,53,128,0.200594
Qwen/Qwen3-32B,c4,26,53,512,0.083982
Qwen/Qwen3-32B,c4,26,53,2048,0.015245
Qwen/Qwen3-32B,c4,26,54,128,0.109015
Qwen/Qwen3-32B,c4,26,54,512,0.048824
Qwen/Qwen3-32B,c4,26,54,2048,0.007857
Qwen/Qwen3-32B,c4,26,55,128,0.294365
Qwen/Qwen3-32B,c4,26,55,512,0.194584
Qwen/Qwen3-32B,c4,26,55,2048,0.041950
Qwen/Qwen3-32B,c4,26,56,128,0.024015
Qwen/Qwen3-32B,c4,26,56,512,0.012565
Qwen/Qwen3-32B,c4,26,56,2048,0.004981
Qwen/Qwen3-32B,c4,26,57,128,0.050226
Qwen/Qwen3-32B,c4,26,57,512,0.019422
Qwen/Qwen3-32B,c4,26,57,2048,0.005630
Qwen/Qwen3-32B,c4,26,58,128,0.049737
Qwen/Qwen3-32B,c4,26,58,512,0.018134
Qwen/Qwen3-32B,c4,26,58,2048,0.006651
Qwen/Qwen3-32B,c4,26,59,128,0.113464
Qwen/Qwen3-32B,c4,26,59,512,0.044000
Qwen/Qwen3-32B,c4,26,59,2048,0.011353
Qwen/Qwen3-32B,c4,26,60,128,0.078722
Qwen/Qwen3-32B,c4,26,60,512,0.030186
Qwen/Qwen3-32B,c4,26,60,2048,0.006886
Qwen/Qwen3-32B,c4,26,61,128,0.116161
Qwen/Qwen3-32B,c4,26,61,512,0.037666
Qwen/Qwen3-32B,c4,26,61,2048,0.009278
Qwen/Qwen3-32B,c4,26,62,128,0.033411
Qwen/Qwen3-32B,c4,26,62,512,0.015013
Qwen/Qwen3-32B,c4,26,62,2048,0.004255
Qwen/Qwen3-32B,c4,26,63,128,0.115521
Qwen/Qwen3-32B,c4,26,63,512,0.042230
Qwen/Qwen3-32B,c4,26,63,2048,0.012133
Qwen/Qwen3-32B,c4,27,0,128,0.040240
Qwen/Qwen3-32B,c4,27,0,512,0.025088
Qwen/Qwen3-32B,c4,27,0,2048,0.006695
Qwen/Qwen3-32B,c4,27,1,128,0.039475
Qwen/Qwen3-32B,c4,27,1,512,0.016270
Qwen/Qwen3-32B,c4,27,1,2048,0.003504
Qwen/Qwen3-32B,c4,27,2,128,0.033058
Qwen/Qwen3-32B,c4,27,2,512,0.016391
Qwen/Qwen3-32B,c4,27,2,2048,0.004686
Qwen/Qwen3-32B,c4,27,3,128,0.131420
Qwen/Qwen3-32B,c4,27,3,512,0.077081
Qwen/Qwen3-32B,c4,27,3,2048,0.018754
Qwen/Qwen3-32B,c4,27,4,128,0.024038
Qwen/Qwen3-32B,c4,27,4,512,0.015878
Qwen/Qwen3-32B,c4,27,4,2048,0.003738
Qwen/Qwen3-32B,c4,27,5,128,0.002199
Qwen/Qwen3-32B,c4,27,5,512,0.001718
Qwen/Qwen3-32B,c4,27,5,2048,0.000543
Qwen/Qwen3-32B,c4,27,6,128,0.014967
Qwen/Qwen3-32B,c4,27,6,512,0.006231
Qwen/Qwen3-32B,c4,27,6,2048,0.001133
Qwen/Qwen3-32B,c4,27,7,128,0.017529
Qwen/Qwen3-32B,c4,27,7,512,0.010935
Qwen/Qwen3-32B,c4,27,7,2048,0.002294
Qwen/Qwen3-32B,c4,27,8,128,0.159892
Qwen/Qwen3-32B,c4,27,8,512,0.087892
Qwen/Qwen3-32B,c4,27,8,2048,0.017699
Qwen/Qwen3-32B,c4,27,9,128,0.019699
Qwen/Qwen3-32B,c4,27,9,512,0.011529
Qwen/Qwen3-32B,c4,27,9,2048,0.004099
Qwen/Qwen3-32B,c4,27,10,128,0.025823
Qwen/Qwen3-32B,c4,27,10,512,0.014945
Qwen/Qwen3-32B,c4,27,10,2048,0.002748
Qwen/Qwen3-32B,c4,27,11,128,0.154520
Qwen/Qwen3-32B,c4,27,11,512,0.111646
Qwen/Qwen3-32B,c4,27,11,2048,0.031706
Qwen/Qwen3-32B,c4,27,12,128,0.022310
Qwen/Qwen3-32B,c4,27,12,512,0.014376
Qwen/Qwen3-32B,c4,27,12,2048,0.004386
Qwen/Qwen3-32B,c4,27,13,128,0.028924
Qwen/Qwen3-32B,c4,27,13,512,0.017886
Qwen/Qwen3-32B,c4,27,13,2048,0.005678
Qwen/Qwen3-32B,c4,27,14,128,0.020803
Qwen/Qwen3-32B,c4,27,14,512,0.012207
Qwen/Qwen3-32B,c4,27,14,2048,0.003352
Qwen/Qwen3-32B,c4,27,15,128,0.026601
Qwen/Qwen3-32B,c4,27,15,512,0.019988
Qwen/Qwen3-32B,c4,27,15,2048,0.004421
Qwen/Qwen3-32B,c4,27,16,128,0.002480
Qwen/Qwen3-32B,c4,27,16,512,0.001776
Qwen/Qwen3-32B,c4,27,16,2048,0.000332
Qwen/Qwen3-32B,c4,27,17,128,0.025162
Qwen/Qwen3-32B,c4,27,17,512,0.013512
Qwen/Qwen3-32B,c4,27,17,2048,0.001554
Qwen/Qwen3-32B,c4,27,18,128,0.002102
Qwen/Qwen3-32B,c4,27,18,512,0.001988
Qwen/Qwen3-32B,c4,27,18,2048,0.001472
Qwen/Qwen3-32B,c4,27,19,128,0.007028
Qwen/Qwen3-32B,c4,27,19,512,0.005091
Qwen/Qwen3-32B,c4,27,19,2048,0.000726
Qwen/Qwen3-32B,c4,27,20,128,0.005560
Qwen/Qwen3-32B,c4,27,20,512,0.003552
Qwen/Qwen3-32B,c4,27,20,2048,0.000823
Qwen/Qwen3-32B,c4,27,21,128,0.036468
Qwen/Qwen3-32B,c4,27,21,512,0.023315
Qwen/Qwen3-32B,c4,27,21,2048,0.004842
Qwen/Qwen3-32B,c4,27,22,128,0.029698
Qwen/Qwen3-32B,c4,27,22,512,0.013876
Qwen/Qwen3-32B,c4,27,22,2048,0.001428
Qwen/Qwen3-32B,c4,27,23,128,0.137322
Qwen/Qwen3-32B,c4,27,23,512,0.079560
Qwen/Qwen3-32B,c4,27,23,2048,0.009936
Qwen/Qwen3-32B,c4,27,24,128,0.038087
Qwen/Qwen3-32B,c4,27,24,512,0.015556
Qwen/Qwen3-32B,c4,27,24,2048,0.004301
Qwen/Qwen3-32B,c4,27,25,128,0.122791
Qwen/Qwen3-32B,c4,27,25,512,0.057982
Qwen/Qwen3-32B,c4,27,25,2048,0.016326
Qwen/Qwen3-32B,c4,27,26,128,0.012178
Qwen/Qwen3-32B,c4,27,26,512,0.008828
Qwen/Qwen3-32B,c4,27,26,2048,0.003562
Qwen/Qwen3-32B,c4,27,27,128,0.121795
Qwen/Qwen3-32B,c4,27,27,512,0.042795
Qwen/Qwen3-32B,c4,27,27,2048,0.011374
Qwen/Qwen3-32B,c4,27,28,128,0.056721
Qwen/Qwen3-32B,c4,27,28,512,0.027292
Qwen/Qwen3-32B,c4,27,28,2048,0.005199
Qwen/Qwen3-32B,c4,27,29,128,0.040378
Qwen/Qwen3-32B,c4,27,29,512,0.022408
Qwen/Qwen3-32B,c4,27,29,2048,0.008050
Qwen/Qwen3-32B,c4,27,30,128,0.197710
Qwen/Qwen3-32B,c4,27,30,512,0.097466
Qwen/Qwen3-32B,c4,27,30,2048,0.020720
Qwen/Qwen3-32B,c4,27,31,128,0.063506
Qwen/Qwen3-32B,c4,27,31,512,0.038823
Qwen/Qwen3-32B,c4,27,31,2048,0.008456
Qwen/Qwen3-32B,c4,27,32,128,0.037673
Qwen/Qwen3-32B,c4,27,32,512,0.015592
Qwen/Qwen3-32B,c4,27,32,2048,0.003515
Qwen/Qwen3-32B,c4,27,33,128,0.063382
Qwen/Qwen3-32B,c4,27,33,512,0.025181
Qwen/Qwen3-32B,c4,27,33,2048,0.007428
Qwen/Qwen3-32B,c4,27,34,128,0.030017
Qwen/Qwen3-32B,c4,27,34,512,0.013008
Qwen/Qwen3-32B,c4,27,34,2048,0.003280
Qwen/Qwen3-32B,c4,27,35,128,0.059094
Qwen/Qwen3-32B,c4,27,35,512,0.019637
Qwen/Qwen3-32B,c4,27,35,2048,0.007171
Qwen/Qwen3-32B,c4,27,36,128,0.101472
Qwen/Qwen3-32B,c4,27,36,512,0.039432
Qwen/Qwen3-32B,c4,27,36,2048,0.010365
Qwen/Qwen3-32B,c4,27,37,128,0.066023
Qwen/Qwen3-32B,c4,27,37,512,0.025047
Qwen/Qwen3-32B,c4,27,37,2048,0.008132
Qwen/Qwen3-32B,c4,27,38,128,0.106170
Qwen/Qwen3-32B,c4,27,38,512,0.038955
Qwen/Qwen3-32B,c4,27,38,2048,0.012065
Qwen/Qwen3-32B,c4,27,39,128,0.020710
Qwen/Qwen3-32B,c4,27,39,512,0.009527
Qwen/Qwen3-32B,c4,27,39,2048,0.002329
Qwen/Qwen3-32B,c4,27,40,128,0.025693
Qwen/Qwen3-32B,c4,27,40,512,0.014645
Qwen/Qwen3-32B,c4,27,40,2048,0.003678
Qwen/Qwen3-32B,c4,27,41,128,0.024816
Qwen/Qwen3-32B,c4,27,41,512,0.014362
Qwen/Qwen3-32B,c4,27,41,2048,0.003395
Qwen/Qwen3-32B,c4,27,42,128,0.090935
Qwen/Qwen3-32B,c4,27,42,512,0.058594
Qwen/Qwen3-32B,c4,27,42,2048,0.011209
Qwen/Qwen3-32B,c4,27,43,128,0.081130
Qwen/Qwen3-32B,c4,27,43,512,0.033720
Qwen/Qwen3-32B,c4,27,43,2048,0.004748
Qwen/Qwen3-32B,c4,27,44,128,0.072864
Qwen/Qwen3-32B,c4,27,44,512,0.046665
Qwen/Qwen3-32B,c4,27,44,2048,0.008348
Qwen/Qwen3-32B,c4,27,45,128,0.044056
Qwen/Qwen3-32B,c4,27,45,512,0.026349
Qwen/Qwen3-32B,c4,27,45,2048,0.004800
Qwen/Qwen3-32B,c4,27,46,128,0.047899
Qwen/Qwen3-32B,c4,27,46,512,0.028456
Qwen/Qwen3-32B,c4,27,46,2048,0.004784
Qwen/Qwen3-32B,c4,27,47,128,0.037823
Qwen/Qwen3-32B,c4,27,47,512,0.024267
Qwen/Qwen3-32B,c4,27,47,2048,0.004103
Qwen/Qwen3-32B,c4,27,48,128,0.022766
Qwen/Qwen3-32B,c4,27,48,512,0.018827
Qwen/Qwen3-32B,c4,27,48,2048,0.005631
Qwen/Qwen3-32B,c4,27,49,128,0.044678
Qwen/Qwen3-32B,c4,27,49,512,0.020044
Qwen/Qwen3-32B,c4,27,49,2048,0.003886
Qwen/Qwen3-32B,c4,27,50,128,0.345173
Qwen/Qwen3-32B,c4,27,50,512,0.229321
Qwen/Qwen3-32B,c4,27,50,2048,0.071009
Qwen/Qwen3-32B,c4,27,51,128,0.038327
Qwen/Qwen3-32B,c4,27,51,512,0.026742
Qwen/Qwen3-32B,c4,27,51,2048,0.010750
Qwen/Qwen3-32B,c4,27,52,128,0.167500
Qwen/Qwen3-32B,c4,27,52,512,0.069472
Qwen/Qwen3-32B,c4,27,52,2048,0.020171
Qwen/Qwen3-32B,c4,27,53,128,0.084444
Qwen/Qwen3-32B,c4,27,53,512,0.044610
Qwen/Qwen3-32B,c4,27,53,2048,0.014110
Qwen/Qwen3-32B,c4,27,54,128,0.106059
Qwen/Qwen3-32B,c4,27,54,512,0.045294
Qwen/Qwen3-32B,c4,27,54,2048,0.007652
Qwen/Qwen3-32B,c4,27,55,128,0.016190
Qwen/Qwen3-32B,c4,27,55,512,0.007493
Qwen/Qwen3-32B,c4,27,55,2048,0.001686
Qwen/Qwen3-32B,c4,27,56,128,0.043731
Qwen/Qwen3-32B,c4,27,56,512,0.029103
Qwen/Qwen3-32B,c4,27,56,2048,0.004142
Qwen/Qwen3-32B,c4,27,57,128,0.049066
Qwen/Qwen3-32B,c4,27,57,512,0.028090
Qwen/Qwen3-32B,c4,27,57,2048,0.002948
Qwen/Qwen3-32B,c4,27,58,128,0.085665
Qwen/Qwen3-32B,c4,27,58,512,0.047069
Qwen/Qwen3-32B,c4,27,58,2048,0.005415
Qwen/Qwen3-32B,c4,27,59,128,0.042322
Qwen/Qwen3-32B,c4,27,59,512,0.026785
Qwen/Qwen3-32B,c4,27,59,2048,0.006039
Qwen/Qwen3-32B,c4,27,60,128,0.065721
Qwen/Qwen3-32B,c4,27,60,512,0.036705
Qwen/Qwen3-32B,c4,27,60,2048,0.004728
Qwen/Qwen3-32B,c4,27,61,128,0.044147
Qwen/Qwen3-32B,c4,27,61,512,0.028083
Qwen/Qwen3-32B,c4,27,61,2048,0.004412
Qwen/Qwen3-32B,c4,27,62,128,0.068730
Qwen/Qwen3-32B,c4,27,62,512,0.038902
Qwen/Qwen3-32B,c4,27,62,2048,0.004307
Qwen/Qwen3-32B,c4,27,63,128,0.081165
Qwen/Qwen3-32B,c4,27,63,512,0.048787
Qwen/Qwen3-32B,c4,27,63,2048,0.008932
Qwen/Qwen3-32B,c4,28,0,128,0.039770
Qwen/Qwen3-32B,c4,28,0,512,0.023651
Qwen/Qwen3-32B,c4,28,0,2048,0.007905
Qwen/Qwen3-32B,c4,28,1,128,0.075396
Qwen/Qwen3-32B,c4,28,1,512,0.049565
Qwen/Qwen3-32B,c4,28,1,2048,0.015591
Qwen/Qwen3-32B,c4,28,2,128,0.022839
Qwen/Qwen3-32B,c4,28,2,512,0.009625
Qwen/Qwen3-32B,c4,28,2,2048,0.002583
Qwen/Qwen3-32B,c4,28,3,128,0.031635
Qwen/Qwen3-32B,c4,28,3,512,0.016260
Qwen/Qwen3-32B,c4,28,3,2048,0.006570
Qwen/Qwen3-32B,c4,28,4,128,0.090334
Qwen/Qwen3-32B,c4,28,4,512,0.050920
Qwen/Qwen3-32B,c4,28,4,2048,0.015013
Qwen/Qwen3-32B,c4,28,5,128,0.148572
Qwen/Qwen3-32B,c4,28,5,512,0.075378
Qwen/Qwen3-32B,c4,28,5,2048,0.017978
Qwen/Qwen3-32B,c4,28,6,128,0.054581
Qwen/Qwen3-32B,c4,28,6,512,0.020448
Qwen/Qwen3-32B,c4,28,6,2048,0.005859
Qwen/Qwen3-32B,c4,28,7,128,0.055634
Qwen/Qwen3-32B,c4,28,7,512,0.026420
Qwen/Qwen3-32B,c4,28,7,2048,0.007102
Qwen/Qwen3-32B,c4,28,8,128,0.027402
Qwen/Qwen3-32B,c4,28,8,512,0.013038
Qwen/Qwen3-32B,c4,28,8,2048,0.006603
Qwen/Qwen3-32B,c4,28,9,128,0.061016
Qwen/Qwen3-32B,c4,28,9,512,0.022842
Qwen/Qwen3-32B,c4,28,9,2048,0.005192
Qwen/Qwen3-32B,c4,28,10,128,0.017947
Qwen/Qwen3-32B,c4,28,10,512,0.007387
Qwen/Qwen3-32B,c4,28,10,2048,0.002551
Qwen/Qwen3-32B,c4,28,11,128,0.042553
Qwen/Qwen3-32B,c4,28,11,512,0.021523
Qwen/Qwen3-32B,c4,28,11,2048,0.009822
Qwen/Qwen3-32B,c4,28,12,128,0.091725
Qwen/Qwen3-32B,c4,28,12,512,0.035549
Qwen/Qwen3-32B,c4,28,12,2048,0.007153
Qwen/Qwen3-32B,c4,28,13,128,0.194123
Qwen/Qwen3-32B,c4,28,13,512,0.084622
Qwen/Qwen3-32B,c4,28,13,2048,0.022255
Qwen/Qwen3-32B,c4,28,14,128,0.020892
Qwen/Qwen3-32B,c4,28,14,512,0.008275
Qwen/Qwen3-32B,c4,28,14,2048,0.003631
Qwen/Qwen3-32B,c4,28,15,128,0.012729
Qwen/Qwen3-32B,c4,28,15,512,0.006969
Qwen/Qwen3-32B,c4,28,15,2048,0.001023
Qwen/Qwen3-32B,c4,28,16,128,0.034901
Qwen/Qwen3-32B,c4,28,16,512,0.021318
Qwen/Qwen3-32B,c4,28,16,2048,0.005051
Qwen/Qwen3-32B,c4,28,17,128,0.123556
Qwen/Qwen3-32B,c4,28,17,512,0.067009
Qwen/Qwen3-32B,c4,28,17,2048,0.019843
Qwen/Qwen3-32B,c4,28,18,128,0.002586
Qwen/Qwen3-32B,c4,28,18,512,0.001974
Qwen/Qwen3-32B,c4,28,18,2048,0.000670
Qwen/Qwen3-32B,c4,28,19,128,0.081368
Qwen/Qwen3-32B,c4,28,19,512,0.059972
Qwen/Qwen3-32B,c4,28,19,2048,0.016213
Qwen/Qwen3-32B,c4,28,20,128,0.019955
Qwen/Qwen3-32B,c4,28,20,512,0.014168
Qwen/Qwen3-32B,c4,28,20,2048,0.006100
Qwen/Qwen3-32B,c4,28,21,128,0.033020
Qwen/Qwen3-32B,c4,28,21,512,0.023868
Qwen/Qwen3-32B,c4,28,21,2048,0.008732
Qwen/Qwen3-32B,c4,28,22,128,0.024970
Qwen/Qwen3-32B,c4,28,22,512,0.018339
Qwen/Qwen3-32B,c4,28,22,2048,0.006558
Qwen/Qwen3-32B,c4,28,23,128,0.033522
Qwen/Qwen3-32B,c4,28,23,512,0.022054
Qwen/Qwen3-32B,c4,28,23,2048,0.007541
Qwen/Qwen3-32B,c4,28,24,128,0.037348
Qwen/Qwen3-32B,c4,28,24,512,0.020772
Qwen/Qwen3-32B,c4,28,24,2048,0.003272
Qwen/Qwen3-32B,c4,28,25,128,0.091311
Qwen/Qwen3-32B,c4,28,25,512,0.043419
Qwen/Qwen3-32B,c4,28,25,2048,0.009919
Qwen/Qwen3-32B,c4,28,26,128,0.128742
Qwen/Qwen3-32B,c4,28,26,512,0.062570
Qwen/Qwen3-32B,c4,28,26,2048,0.017790
Qwen/Qwen3-32B,c4,28,27,128,0.039881
Qwen/Qwen3-32B,c4,28,27,512,0.018497
Qwen/Qwen3-32B,c4,28,27,2048,0.003402
Qwen/Qwen3-32B,c4,28,28,128,0.051217
Qwen/Qwen3-32B,c4,28,28,512,0.026054
Qwen/Qwen3-32B,c4,28,28,2048,0.004795
Qwen/Qwen3-32B,c4,28,29,128,0.042308
Qwen/Qwen3-32B,c4,28,29,512,0.020438
Qwen/Qwen3-32B,c4,28,29,2048,0.004356
Qwen/Qwen3-32B,c4,28,30,128,0.032137
Qwen/Qwen3-32B,c4,28,30,512,0.012490
Qwen/Qwen3-32B,c4,28,30,2048,0.002478
Qwen/Qwen3-32B,c4,28,31,128,0.088671
Qwen/Qwen3-32B,c4,28,31,512,0.043501
Qwen/Qwen3-32B,c4,28,31,2048,0.012380
Qwen/Qwen3-32B,c4,28,32,128,0.052108
Qwen/Qwen3-32B,c4,28,32,512,0.016012
Qwen/Qwen3-32B,c4,28,32,2048,0.005226
Qwen/Qwen3-32B,c4,28,33,128,0.052469
Qwen/Qwen3-32B,c4,28,33,512,0.018763
Qwen/Qwen3-32B,c4,28,33,2048,0.007207
Qwen/Qwen3-32B,c4,28,34,128,0.001197
Qwen/Qwen3-32B,c4,28,34,512,0.000754
Qwen/Qwen3-32B,c4,28,34,2048,0.000393
Qwen/Qwen3-32B,c4,28,35,128,0.050825
Qwen/Qwen3-32B,c4,28,35,512,0.019291
Qwen/Qwen3-32B,c4,28,35,2048,0.004783
Qwen/Qwen3-32B,c4,28,36,128,0.015832
Qwen/Qwen3-32B,c4,28,36,512,0.005625
Qwen/Qwen3-32B,c4,28,36,2048,0.000931
Qwen/Qwen3-32B,c4,28,37,128,0.023342
Qwen/Qwen3-32B,c4,28,37,512,0.011177
Qwen/Qwen3-32B,c4,28,37,2048,0.005186
Qwen/Qwen3-32B,c4,28,38,128,0.030542
Qwen/Qwen3-32B,c4,28,38,512,0.019788
Qwen/Qwen3-32B,c4,28,38,2048,0.009644
Qwen/Qwen3-32B,c4,28,39,128,0.015203
Qwen/Qwen3-32B,c4,28,39,512,0.005491
Qwen/Qwen3-32B,c4,28,39,2048,0.001413
Qwen/Qwen3-32B,c4,28,40,128,0.120703
Qwen/Qwen3-32B,c4,28,40,512,0.053808
Qwen/Qwen3-32B,c4,28,40,2048,0.012639
Qwen/Qwen3-32B,c4,28,41,128,0.044883
Qwen/Qwen3-32B,c4,28,41,512,0.022371
Qwen/Qwen3-32B,c4,28,41,2048,0.005352
Qwen/Qwen3-32B,c4,28,42,128,0.062655
Qwen/Qwen3-32B,c4,28,42,512,0.023253
Qwen/Qwen3-32B,c4,28,42,2048,0.008871
Qwen/Qwen3-32B,c4,28,43,128,0.025002
Qwen/Qwen3-32B,c4,28,43,512,0.011238
Qwen/Qwen3-32B,c4,28,43,2048,0.001736
Qwen/Qwen3-32B,c4,28,44,128,0.021905
Qwen/Qwen3-32B,c4,28,44,512,0.016446
Qwen/Qwen3-32B,c4,28,44,2048,0.005102
Qwen/Qwen3-32B,c4,28,45,128,0.047175
Qwen/Qwen3-32B,c4,28,45,512,0.018486
Qwen/Qwen3-32B,c4,28,45,2048,0.004095
Qwen/Qwen3-32B,c4,28,46,128,0.038617
Qwen/Qwen3-32B,c4,28,46,512,0.021837
Qwen/Qwen3-32B,c4,28,46,2048,0.004986
Qwen/Qwen3-32B,c4,28,47,128,0.132242
Qwen/Qwen3-32B,c4,28,47,512,0.068104
Qwen/Qwen3-32B,c4,28,47,2048,0.014570
Qwen/Qwen3-32B,c4,28,48,128,0.003355
Qwen/Qwen3-32B,c4,28,48,512,0.002563
Qwen/Qwen3-32B,c4,28,48,2048,0.000965
Qwen/Qwen3-32B,c4,28,49,128,0.007707
Qwen/Qwen3-32B,c4,28,49,512,0.006061
Qwen/Qwen3-32B,c4,28,49,2048,0.001426
Qwen/Qwen3-32B,c4,28,50,128,0.003644
Qwen/Qwen3-32B,c4,28,50,512,0.002278
Qwen/Qwen3-32B,c4,28,50,2048,0.000658
Qwen/Qwen3-32B,c4,28,51,128,0.000546
Qwen/Qwen3-32B,c4,28,51,512,0.000321
Qwen/Qwen3-32B,c4,28,51,2048,0.000068
Qwen/Qwen3-32B,c4,28,52,128,0.005600
Qwen/Qwen3-32B,c4,28,52,512,0.002058
Qwen/Qwen3-32B,c4,28,52,2048,0.000388
Qwen/Qwen3-32B,c4,28,53,128,0.007424
Qwen/Qwen3-32B,c4,28,53,512,0.004258
Qwen/Qwen3-32B,c4,28,53,2048,0.001140
Qwen/Qwen3-32B,c4,28,54,128,0.024519
Qwen/Qwen3-32B,c4,28,54,512,0.011247
Qwen/Qwen3-32B,c4,28,54,2048,0.003843
Qwen/Qwen3-32B,c4,28,55,128,0.060797
Qwen/Qwen3-32B,c4,28,55,512,0.034819
Qwen/Qwen3-32B,c4,28,55,2048,0.010108
Qwen/Qwen3-32B,c4,28,56,128,0.040127
Qwen/Qwen3-32B,c4,28,56,512,0.022777
Qwen/Qwen3-32B,c4,28,56,2048,0.008237
Qwen/Qwen3-32B,c4,28,57,128,0.018206
Qwen/Qwen3-32B,c4,28,57,512,0.009340
Qwen/Qwen3-32B,c4,28,57,2048,0.004550
Qwen/Qwen3-32B,c4,28,58,128,0.063897
Qwen/Qwen3-32B,c4,28,58,512,0.029698
Qwen/Qwen3-32B,c4,28,58,2048,0.009245
Qwen/Qwen3-32B,c4,28,59,128,0.012648
Qwen/Qwen3-32B,c4,28,59,512,0.007384
Qwen/Qwen3-32B,c4,28,59,2048,0.004134
Qwen/Qwen3-32B,c4,28,60,128,0.063588
Qwen/Qwen3-32B,c4,28,60,512,0.026585
Qwen/Qwen3-32B,c4,28,60,2048,0.010856
Qwen/Qwen3-32B,c4,28,61,128,0.062884
Qwen/Qwen3-32B,c4,28,61,512,0.025865
Qwen/Qwen3-32B,c4,28,61,2048,0.008117
Qwen/Qwen3-32B,c4,28,62,128,0.062158
Qwen/Qwen3-32B,c4,28,62,512,0.027858
Qwen/Qwen3-32B,c4,28,62,2048,0.007610
Qwen/Qwen3-32B,c4,28,63,128,0.122357
Qwen/Qwen3-32B,c4,28,63,512,0.062402
Qwen/Qwen3-32B,c4,28,63,2048,0.023494
Qwen/Qwen3-32B,c4,29,0,128,0.044526
Qwen/Qwen3-32B,c4,29,0,512,0.022137
Qwen/Qwen3-32B,c4,29,0,2048,0.002811
Qwen/Qwen3-32B,c4,29,1,128,0.126448
Qwen/Qwen3-32B,c4,29,1,512,0.076656
Qwen/Qwen3-32B,c4,29,1,2048,0.020108
Qwen/Qwen3-32B,c4,29,2,128,0.026022
Qwen/Qwen3-32B,c4,29,2,512,0.015696
Qwen/Qwen3-32B,c4,29,2,2048,0.003608
Qwen/Qwen3-32B,c4,29,3,128,0.019991
Qwen/Qwen3-32B,c4,29,3,512,0.010092
Qwen/Qwen3-32B,c4,29,3,2048,0.001195
Qwen/Qwen3-32B,c4,29,4,128,0.059512
Qwen/Qwen3-32B,c4,29,4,512,0.031504
Qwen/Qwen3-32B,c4,29,4,2048,0.008476
Qwen/Qwen3-32B,c4,29,5,128,0.030435
Qwen/Qwen3-32B,c4,29,5,512,0.014848
Qwen/Qwen3-32B,c4,29,5,2048,0.001856
Qwen/Qwen3-32B,c4,29,6,128,0.047320
Qwen/Qwen3-32B,c4,29,6,512,0.023207
Qwen/Qwen3-32B,c4,29,6,2048,0.004557
Qwen/Qwen3-32B,c4,29,7,128,0.031462
Qwen/Qwen3-32B,c4,29,7,512,0.020183
Qwen/Qwen3-32B,c4,29,7,2048,0.002302
Qwen/Qwen3-32B,c4,29,8,128,0.022204
Qwen/Qwen3-32B,c4,29,8,512,0.016850
Qwen/Qwen3-32B,c4,29,8,2048,0.001309
Qwen/Qwen3-32B,c4,29,9,128,0.027300
Qwen/Qwen3-32B,c4,29,9,512,0.020710
Qwen/Qwen3-32B,c4,29,9,2048,0.001315
Qwen/Qwen3-32B,c4,29,10,128,0.027404
Qwen/Qwen3-32B,c4,29,10,512,0.018420
Qwen/Qwen3-32B,c4,29,10,2048,0.000958
Qwen/Qwen3-32B,c4,29,11,128,0.032962
Qwen/Qwen3-32B,c4,29,11,512,0.024410
Qwen/Qwen3-32B,c4,29,11,2048,0.001620
Qwen/Qwen3-32B,c4,29,12,128,0.036456
Qwen/Qwen3-32B,c4,29,12,512,0.026731
Qwen/Qwen3-32B,c4,29,12,2048,0.002180
Qwen/Qwen3-32B,c4,29,13,128,0.030414
Qwen/Qwen3-32B,c4,29,13,512,0.020581
Qwen/Qwen3-32B,c4,29,13,2048,0.001344
Qwen/Qwen3-32B,c4,29,14,128,0.054968
Qwen/Qwen3-32B,c4,29,14,512,0.037559
Qwen/Qwen3-32B,c4,29,14,2048,0.002182
Qwen/Qwen3-32B,c4,29,15,128,0.026054
Qwen/Qwen3-32B,c4,29,15,512,0.019532
Qwen/Qwen3-32B,c4,29,15,2048,0.001242
Qwen/Qwen3-32B,c4,29,16,128,0.039832
Qwen/Qwen3-32B,c4,29,16,512,0.019576
Qwen/Qwen3-32B,c4,29,16,2048,0.003275
Qwen/Qwen3-32B,c4,29,17,128,0.051178
Qwen/Qwen3-32B,c4,29,17,512,0.037998
Qwen/Qwen3-32B,c4,29,17,2048,0.007842
Qwen/Qwen3-32B,c4,29,18,128,0.031352
Qwen/Qwen3-32B,c4,29,18,512,0.017729
Qwen/Qwen3-32B,c4,29,18,2048,0.002221
Qwen/Qwen3-32B,c4,29,19,128,0.014196
Qwen/Qwen3-32B,c4,29,19,512,0.010630
Qwen/Qwen3-32B,c4,29,19,2048,0.002143
Qwen/Qwen3-32B,c4,29,20,128,0.027735
Qwen/Qwen3-32B,c4,29,20,512,0.018303
Qwen/Qwen3-32B,c4,29,20,2048,0.002865
Qwen/Qwen3-32B,c4,29,21,128,0.019683
Qwen/Qwen3-32B,c4,29,21,512,0.010768
Qwen/Qwen3-32B,c4,29,21,2048,0.001671
Qwen/Qwen3-32B,c4,29,22,128,0.041711
Qwen/Qwen3-32B,c4,29,22,512,0.032055
Qwen/Qwen3-32B,c4,29,22,2048,0.004193
Qwen/Qwen3-32B,c4,29,23,128,0.048425
Qwen/Qwen3-32B,c4,29,23,512,0.026962
Qwen/Qwen3-32B,c4,29,23,2048,0.004283
Qwen/Qwen3-32B,c4,29,24,128,0.037275
Qwen/Qwen3-32B,c4,29,24,512,0.018904
Qwen/Qwen3-32B,c4,29,24,2048,0.003158
Qwen/Qwen3-32B,c4,29,25,128,0.110938
Qwen/Qwen3-32B,c4,29,25,512,0.061490
Qwen/Qwen3-32B,c4,29,25,2048,0.009405
Qwen/Qwen3-32B,c4,29,26,128,0.055900
Qwen/Qwen3-32B,c4,29,26,512,0.028018
Qwen/Qwen3-32B,c4,29,26,2048,0.006446
Qwen/Qwen3-32B,c4,29,27,128,0.039111
Qwen/Qwen3-32B,c4,29,27,512,0.023673
Qwen/Qwen3-32B,c4,29,27,2048,0.002880
Qwen/Qwen3-32B,c4,29,28,128,0.168529
Qwen/Qwen3-32B,c4,29,28,512,0.093571
Qwen/Qwen3-32B,c4,29,28,2048,0.005434
Qwen/Qwen3-32B,c4,29,29,128,0.035550
Qwen/Qwen3-32B,c4,29,29,512,0.015437
Qwen/Qwen3-32B,c4,29,29,2048,0.004083
Qwen/Qwen3-32B,c4,29,30,128,0.008959
Qwen/Qwen3-32B,c4,29,30,512,0.004215
Qwen/Qwen3-32B,c4,29,30,2048,0.000532
Qwen/Qwen3-32B,c4,29,31,128,0.166037
Qwen/Qwen3-32B,c4,29,31,512,0.063160
Qwen/Qwen3-32B,c4,29,31,2048,0.005162
Qwen/Qwen3-32B,c4,29,32,128,0.041243
Qwen/Qwen3-32B,c4,29,32,512,0.023541
Qwen/Qwen3-32B,c4,29,32,2048,0.004146
Qwen/Qwen3-32B,c4,29,33,128,0.008240
Qwen/Qwen3-32B,c4,29,33,512,0.003956
Qwen/Qwen3-32B,c4,29,33,2048,0.001075
Qwen/Qwen3-32B,c4,29,34,128,0.002695
Qwen/Qwen3-32B,c4,29,34,512,0.001442
Qwen/Qwen3-32B,c4,29,34,2048,0.000190
Qwen/Qwen3-32B,c4,29,35,128,0.058031
Qwen/Qwen3-32B,c4,29,35,512,0.026183
Qwen/Qwen3-32B,c4,29,35,2048,0.005763
Qwen/Qwen3-32B,c4,29,36,128,0.027265
Qwen/Qwen3-32B,c4,29,36,512,0.011896
Qwen/Qwen3-32B,c4,29,36,2048,0.001893
Qwen/Qwen3-32B,c4,29,37,128,0.047854
Qwen/Qwen3-32B,c4,29,37,512,0.023152
Qwen/Qwen3-32B,c4,29,37,2048,0.005937
Qwen/Qwen3-32B,c4,29,38,128,0.013503
Qwen/Qwen3-32B,c4,29,38,512,0.006821
Qwen/Qwen3-32B,c4,29,38,2048,0.002049
Qwen/Qwen3-32B,c4,29,39,128,0.004424
Qwen/Qwen3-32B,c4,29,39,512,0.003926
Qwen/Qwen3-32B,c4,29,39,2048,0.002199
Qwen/Qwen3-32B,c4,29,40,128,0.039381
Qwen/Qwen3-32B,c4,29,40,512,0.022060
Qwen/Qwen3-32B,c4,29,40,2048,0.000500
Qwen/Qwen3-32B,c4,29,41,128,0.026568
Qwen/Qwen3-32B,c4,29,41,512,0.017050
Qwen/Qwen3-32B,c4,29,41,2048,0.000316
Qwen/Qwen3-32B,c4,29,42,128,0.023172
Qwen/Qwen3-32B,c4,29,42,512,0.018154
Qwen/Qwen3-32B,c4,29,42,2048,0.000435
Qwen/Qwen3-32B,c4,29,43,128,0.067573
Qwen/Qwen3-32B,c4,29,43,512,0.036131
Qwen/Qwen3-32B,c4,29,43,2048,0.000528
Qwen/Qwen3-32B,c4,29,44,128,0.018076
Qwen/Qwen3-32B,c4,29,44,512,0.013154
Qwen/Qwen3-32B,c4,29,44,2048,0.000244
Qwen/Qwen3-32B,c4,29,45,128,0.045515
Qwen/Qwen3-32B,c4,29,45,512,0.026054
Qwen/Qwen3-32B,c4,29,45,2048,0.000327
Qwen/Qwen3-32B,c4,29,46,128,0.025263
Qwen/Qwen3-32B,c4,29,46,512,0.012791
Qwen/Qwen3-32B,c4,29,46,2048,0.000335
Qwen/Qwen3-32B,c4,29,47,128,0.033580
Qwen/Qwen3-32B,c4,29,47,512,0.017339
Qwen/Qwen3-32B,c4,29,47,2048,0.000192
Qwen/Qwen3-32B,c4,29,48,128,0.021615
Qwen/Qwen3-32B,c4,29,48,512,0.009897
Qwen/Qwen3-32B,c4,29,48,2048,0.001848
Qwen/Qwen3-32B,c4,29,49,128,0.070454
Qwen/Qwen3-32B,c4,29,49,512,0.033884
Qwen/Qwen3-32B,c4,29,49,2048,0.005936
Qwen/Qwen3-32B,c4,29,50,128,0.035884
Qwen/Qwen3-32B,c4,29,50,512,0.015728
Qwen/Qwen3-32B,c4,29,50,2048,0.002922
Qwen/Qwen3-32B,c4,29,51,128,0.081574
Qwen/Qwen3-32B,c4,29,51,512,0.034061
Qwen/Qwen3-32B,c4,29,51,2048,0.007082
Qwen/Qwen3-32B,c4,29,52,128,0.027670
Qwen/Qwen3-32B,c4,29,52,512,0.018667
Qwen/Qwen3-32B,c4,29,52,2048,0.003322
Qwen/Qwen3-32B,c4,29,53,128,0.039386
Qwen/Qwen3-32B,c4,29,53,512,0.023749
Qwen/Qwen3-32B,c4,29,53,2048,0.003003
Qwen/Qwen3-32B,c4,29,54,128,0.036398
Qwen/Qwen3-32B,c4,29,54,512,0.017112
Qwen/Qwen3-32B,c4,29,54,2048,0.002030
Qwen/Qwen3-32B,c4,29,55,128,0.047651
Qwen/Qwen3-32B,c4,29,55,512,0.031361
Qwen/Qwen3-32B,c4,29,55,2048,0.004262
Qwen/Qwen3-32B,c4,29,56,128,0.052238
Qwen/Qwen3-32B,c4,29,56,512,0.031312
Qwen/Qwen3-32B,c4,29,56,2048,0.000380
Qwen/Qwen3-32B,c4,29,57,128,0.078374
Qwen/Qwen3-32B,c4,29,57,512,0.042702
Qwen/Qwen3-32B,c4,29,57,2048,0.000417
Qwen/Qwen3-32B,c4,29,58,128,0.053609
Qwen/Qwen3-32B,c4,29,58,512,0.033454
Qwen/Qwen3-32B,c4,29,58,2048,0.000660
Qwen/Qwen3-32B,c4,29,59,128,0.074204
Qwen/Qwen3-32B,c4,29,59,512,0.047036
Qwen/Qwen3-32B,c4,29,59,2048,0.000497
Qwen/Qwen3-32B,c4,29,60,128,0.073566
Qwen/Qwen3-32B,c4,29,60,512,0.046531
Qwen/Qwen3-32B,c4,29,60,2048,0.000468
Qwen/Qwen3-32B,c4,29,61,128,0.065865
Qwen/Qwen3-32B,c4,29,61,512,0.037309
Qwen/Qwen3-32B,c4,29,61,2048,0.000347
Qwen/Qwen3-32B,c4,29,62,128,0.072146
Qwen/Qwen3-32B,c4,29,62,512,0.048565
Qwen/Qwen3-32B,c4,29,62,2048,0.000919
Qwen/Qwen3-32B,c4,29,63,128,0.171692
Qwen/Qwen3-32B,c4,29,63,512,0.090917
Qwen/Qwen3-32B,c4,29,63,2048,0.000688
Qwen/Qwen3-32B,c4,30,0,128,0.012231
Qwen/Qwen3-32B,c4,30,0,512,0.007649
Qwen/Qwen3-32B,c4,30,0,2048,0.000791
Qwen/Qwen3-32B,c4,30,1,128,0.017919
Qwen/Qwen3-32B,c4,30,1,512,0.008773
Qwen/Qwen3-32B,c4,30,1,2048,0.001016
Qwen/Qwen3-32B,c4,30,2,128,0.013712
Qwen/Qwen3-32B,c4,30,2,512,0.007979
Qwen/Qwen3-32B,c4,30,2,2048,0.000731
Qwen/Qwen3-32B,c4,30,3,128,0.237060
Qwen/Qwen3-32B,c4,30,3,512,0.142411
Qwen/Qwen3-32B,c4,30,3,2048,0.016697
Qwen/Qwen3-32B,c4,30,4,128,0.037301
Qwen/Qwen3-32B,c4,30,4,512,0.024568
Qwen/Qwen3-32B,c4,30,4,2048,0.001951
Qwen/Qwen3-32B,c4,30,5,128,0.016191
Qwen/Qwen3-32B,c4,30,5,512,0.008877
Qwen/Qwen3-32B,c4,30,5,2048,0.000718
Qwen/Qwen3-32B,c4,30,6,128,0.013231
Qwen/Qwen3-32B,c4,30,6,512,0.009493
Qwen/Qwen3-32B,c4,30,6,2048,0.000830
Qwen/Qwen3-32B,c4,30,7,128,0.046706
Qwen/Qwen3-32B,c4,30,7,512,0.030370
Qwen/Qwen3-32B,c4,30,7,2048,0.002644
Qwen/Qwen3-32B,c4,30,8,128,0.004032
Qwen/Qwen3-32B,c4,30,8,512,0.002762
Qwen/Qwen3-32B,c4,30,8,2048,0.000682
Qwen/Qwen3-32B,c4,30,9,128,0.039859
Qwen/Qwen3-32B,c4,30,9,512,0.022688
Qwen/Qwen3-32B,c4,30,9,2048,0.005504
Qwen/Qwen3-32B,c4,30,10,128,0.004315
Qwen/Qwen3-32B,c4,30,10,512,0.002607
Qwen/Qwen3-32B,c4,30,10,2048,0.000676
Qwen/Qwen3-32B,c4,30,11,128,0.008667
Qwen/Qwen3-32B,c4,30,11,512,0.004961
Qwen/Qwen3-32B,c4,30,11,2048,0.000980
Qwen/Qwen3-32B,c4,30,12,128,0.024863
Qwen/Qwen3-32B,c4,30,12,512,0.009872
Qwen/Qwen3-32B,c4,30,12,2048,0.002289
Qwen/Qwen3-32B,c4,30,13,128,0.037044
Qwen/Qwen3-32B,c4,30,13,512,0.021288
Qwen/Qwen3-32B,c4,30,13,2048,0.004452
Qwen/Qwen3-32B,c4,30,14,128,0.043566
Qwen/Qwen3-32B,c4,30,14,512,0.022522
Qwen/Qwen3-32B,c4,30,14,2048,0.004295
Qwen/Qwen3-32B,c4,30,15,128,0.036316
Qwen/Qwen3-32B,c4,30,15,512,0.015539
Qwen/Qwen3-32B,c4,30,15,2048,0.002542
Qwen/Qwen3-32B,c4,30,16,128,0.028480
Qwen/Qwen3-32B,c4,30,16,512,0.016177
Qwen/Qwen3-32B,c4,30,16,2048,0.004604
Qwen/Qwen3-32B,c4,30,17,128,0.009159
Qwen/Qwen3-32B,c4,30,17,512,0.005993
Qwen/Qwen3-32B,c4,30,17,2048,0.001721
Qwen/Qwen3-32B,c4,30,18,128,0.032996
Qwen/Qwen3-32B,c4,30,18,512,0.023694
Qwen/Qwen3-32B,c4,30,18,2048,0.007131
Qwen/Qwen3-32B,c4,30,19,128,0.017432
Qwen/Qwen3-32B,c4,30,19,512,0.008804
Qwen/Qwen3-32B,c4,30,19,2048,0.001911
Qwen/Qwen3-32B,c4,30,20,128,0.017399
Qwen/Qwen3-32B,c4,30,20,512,0.010889
Qwen/Qwen3-32B,c4,30,20,2048,0.003429
Qwen/Qwen3-32B,c4,30,21,128,0.054846
Qwen/Qwen3-32B,c4,30,21,512,0.033214
Qwen/Qwen3-32B,c4,30,21,2048,0.009443
Qwen/Qwen3-32B,c4,30,22,128,0.002612
Qwen/Qwen3-32B,c4,30,22,512,0.001315
Qwen/Qwen3-32B,c4,30,22,2048,0.000490
Qwen/Qwen3-32B,c4,30,23,128,0.013468
Qwen/Qwen3-32B,c4,30,23,512,0.006591
Qwen/Qwen3-32B,c4,30,23,2048,0.001515
Qwen/Qwen3-32B,c4,30,24,128,0.183312
Qwen/Qwen3-32B,c4,30,24,512,0.117826
Qwen/Qwen3-32B,c4,30,24,2048,0.036959
Qwen/Qwen3-32B,c4,30,25,128,0.103152
Qwen/Qwen3-32B,c4,30,25,512,0.063048
Qwen/Qwen3-32B,c4,30,25,2048,0.021417
Qwen/Qwen3-32B,c4,30,26,128,0.016447
Qwen/Qwen3-32B,c4,30,26,512,0.011461
Qwen/Qwen3-32B,c4,30,26,2048,0.001013
Qwen/Qwen3-32B,c4,30,27,128,0.074383
Qwen/Qwen3-32B,c4,30,27,512,0.049429
Qwen/Qwen3-32B,c4,30,27,2048,0.007397
Qwen/Qwen3-32B,c4,30,28,128,0.071583
Qwen/Qwen3-32B,c4,30,28,512,0.042119
Qwen/Qwen3-32B,c4,30,28,2048,0.005071
Qwen/Qwen3-32B,c4,30,29,128,0.015373
Qwen/Qwen3-32B,c4,30,29,512,0.009487
Qwen/Qwen3-32B,c4,30,29,2048,0.000873
Qwen/Qwen3-32B,c4,30,30,128,0.003195
Qwen/Qwen3-32B,c4,30,30,512,0.001523
Qwen/Qwen3-32B,c4,30,30,2048,0.000349
Qwen/Qwen3-32B,c4,30,31,128,0.060528
Qwen/Qwen3-32B,c4,30,31,512,0.026124
Qwen/Qwen3-32B,c4,30,31,2048,0.001876
Qwen/Qwen3-32B,c4,30,32,128,0.014795
Qwen/Qwen3-32B,c4,30,32,512,0.009181
Qwen/Qwen3-32B,c4,30,32,2048,0.000602
Qwen/Qwen3-32B,c4,30,33,128,0.005437
Qwen/Qwen3-32B,c4,30,33,512,0.003991
Qwen/Qwen3-32B,c4,30,33,2048,0.000428
Qwen/Qwen3-32B,c4,30,34,128,0.012210
Qwen/Qwen3-32B,c4,30,34,512,0.008539
Qwen/Qwen3-32B,c4,30,34,2048,0.000718
Qwen/Qwen3-32B,c4,30,35,128,0.021768
Qwen/Qwen3-32B,c4,30,35,512,0.014592
Qwen/Qwen3-32B,c4,30,35,2048,0.000944
Qwen/Qwen3-32B,c4,30,36,128,0.020861
Qwen/Qwen3-32B,c4,30,36,512,0.013230
Qwen/Qwen3-32B,c4,30,36,2048,0.001188
Qwen/Qwen3-32B,c4,30,37,128,0.013702
Qwen/Qwen3-32B,c4,30,37,512,0.008962
Qwen/Qwen3-32B,c4,30,37,2048,0.000749
Qwen/Qwen3-32B,c4,30,38,128,0.022809
Qwen/Qwen3-32B,c4,30,38,512,0.012937
Qwen/Qwen3-32B,c4,30,38,2048,0.001004
Qwen/Qwen3-32B,c4,30,39,128,0.023336
Qwen/Qwen3-32B,c4,30,39,512,0.014875
Qwen/Qwen3-32B,c4,30,39,2048,0.001036
Qwen/Qwen3-32B,c4,30,40,128,0.010356
Qwen/Qwen3-32B,c4,30,40,512,0.006718
Qwen/Qwen3-32B,c4,30,40,2048,0.002379
Qwen/Qwen3-32B,c4,30,41,128,0.035819
Qwen/Qwen3-32B,c4,30,41,512,0.020888
Qwen/Qwen3-32B,c4,30,41,2048,0.005096
Qwen/Qwen3-32B,c4,30,42,128,0.008029
Qwen/Qwen3-32B,c4,30,42,512,0.003613
Qwen/Qwen3-32B,c4,30,42,2048,0.000959
Qwen/Qwen3-32B,c4,30,43,128,0.049811
Qwen/Qwen3-32B,c4,30,43,512,0.022150
Qwen/Qwen3-32B,c4,30,43,2048,0.006601
Qwen/Qwen3-32B,c4,30,44,128,0.056560
Qwen/Qwen3-32B,c4,30,44,512,0.037577
Qwen/Qwen3-32B,c4,30,44,2048,0.008195
Qwen/Qwen3-32B,c4,30,45,128,0.035882
Qwen/Qwen3-32B,c4,30,45,512,0.021342
Qwen/Qwen3-32B,c4,30,45,2048,0.005899
Qwen/Qwen3-32B,c4,30,46,128,0.034683
Qwen/Qwen3-32B,c4,30,46,512,0.017221
Qwen/Qwen3-32B,c4,30,46,2048,0.005131
Qwen/Qwen3-32B,c4,30,47,128,0.037841
Qwen/Qwen3-32B,c4,30,47,512,0.023630
Qwen/Qwen3-32B,c4,30,47,2048,0.005821
Qwen/Qwen3-32B,c4,30,48,128,0.072031
Qwen/Qwen3-32B,c4,30,48,512,0.038107
Qwen/Qwen3-32B,c4,30,48,2048,0.005424
Qwen/Qwen3-32B,c4,30,49,128,0.144192
Qwen/Qwen3-32B,c4,30,49,512,0.077900
Qwen/Qwen3-32B,c4,30,49,2048,0.007628
Qwen/Qwen3-32B,c4,30,50,128,0.019067
Qwen/Qwen3-32B,c4,30,50,512,0.011092
Qwen/Qwen3-32B,c4,30,50,2048,0.001404
Qwen/Qwen3-32B,c4,30,51,128,0.018693
Qwen/Qwen3-32B,c4,30,51,512,0.010596
Qwen/Qwen3-32B,c4,30,51,2048,0.001088
Qwen/Qwen3-32B,c4,30,52,128,0.033151
Qwen/Qwen3-32B,c4,30,52,512,0.017275
Qwen/Qwen3-32B,c4,30,52,2048,0.001436
Qwen/Qwen3-32B,c4,30,53,128,0.021150
Qwen/Qwen3-32B,c4,30,53,512,0.011431
Qwen/Qwen3-32B,c4,30,53,2048,0.001051
Qwen/Qwen3-32B,c4,30,54,128,0.019199
Qwen/Qwen3-32B,c4,30,54,512,0.010664
Qwen/Qwen3-32B,c4,30,54,2048,0.000847
Qwen/Qwen3-32B,c4,30,55,128,0.017166
Qwen/Qwen3-32B,c4,30,55,512,0.010769
Qwen/Qwen3-32B,c4,30,55,2048,0.000855
Qwen/Qwen3-32B,c4,30,56,128,0.013452
Qwen/Qwen3-32B,c4,30,56,512,0.009608
Qwen/Qwen3-32B,c4,30,56,2048,0.002836
Qwen/Qwen3-32B,c4,30,57,128,0.001420
Qwen/Qwen3-32B,c4,30,57,512,0.001034
Qwen/Qwen3-32B,c4,30,57,2048,0.000164
Qwen/Qwen3-32B,c4,30,58,128,0.009226
Qwen/Qwen3-32B,c4,30,58,512,0.007231
Qwen/Qwen3-32B,c4,30,58,2048,0.001754
Qwen/Qwen3-32B,c4,30,59,128,0.003187
Qwen/Qwen3-32B,c4,30,59,512,0.002147
Qwen/Qwen3-32B,c4,30,59,2048,0.000509
Qwen/Qwen3-32B,c4,30,60,128,0.007087
Qwen/Qwen3-32B,c4,30,60,512,0.005523
Qwen/Qwen3-32B,c4,30,60,2048,0.000738
Qwen/Qwen3-32B,c4,30,61,128,0.006132
Qwen/Qwen3-32B,c4,30,61,512,0.005301
Qwen/Qwen3-32B,c4,30,61,2048,0.001008
Qwen/Qwen3-32B,c4,30,62,128,0.001898
Qwen/Qwen3-32B,c4,30,62,512,0.000986
Qwen/Qwen3-32B,c4,30,62,2048,0.000158
Qwen/Qwen3-32B,c4,30,63,128,0.004071
Qwen/Qwen3-32B,c4,30,63,512,0.002128
Qwen/Qwen3-32B,c4,30,63,2048,0.000472
Qwen/Qwen3-32B,c4,31,0,128,0.016443
Qwen/Qwen3-32B,c4,31,0,512,0.008900
Qwen/Qwen3-32B,c4,31,0,2048,0.004441
Qwen/Qwen3-32B,c4,31,1,128,0.026027
Qwen/Qwen3-32B,c4,31,1,512,0.010779
Qwen/Qwen3-32B,c4,31,1,2048,0.007595
Qwen/Qwen3-32B,c4,31,2,128,0.070021
Qwen/Qwen3-32B,c4,31,2,512,0.043027
Qwen/Qwen3-32B,c4,31,2,2048,0.014345
Qwen/Qwen3-32B,c4,31,3,128,0.029563
Qwen/Qwen3-32B,c4,31,3,512,0.012995
Qwen/Qwen3-32B,c4,31,3,2048,0.007082
Qwen/Qwen3-32B,c4,31,4,128,0.067501
Qwen/Qwen3-32B,c4,31,4,512,0.030329
Qwen/Qwen3-32B,c4,31,4,2048,0.017106
Qwen/Qwen3-32B,c4,31,5,128,0.055078
Qwen/Qwen3-32B,c4,31,5,512,0.028666
Qwen/Qwen3-32B,c4,31,5,2048,0.015229
Qwen/Qwen3-32B,c4,31,6,128,0.027389
Qwen/Qwen3-32B,c4,31,6,512,0.013499
Qwen/Qwen3-32B,c4,31,6,2048,0.007897
Qwen/Qwen3-32B,c4,31,7,128,0.069699
Qwen/Qwen3-32B,c4,31,7,512,0.033426
Qwen/Qwen3-32B,c4,31,7,2048,0.024281
Qwen/Qwen3-32B,c4,31,8,128,0.199214
Qwen/Qwen3-32B,c4,31,8,512,0.137987
Qwen/Qwen3-32B,c4,31,8,2048,0.039876
Qwen/Qwen3-32B,c4,31,9,128,0.160477
Qwen/Qwen3-32B,c4,31,9,512,0.068549
Qwen/Qwen3-32B,c4,31,9,2048,0.015113
Qwen/Qwen3-32B,c4,31,10,128,0.002302
Qwen/Qwen3-32B,c4,31,10,512,0.001321
Qwen/Qwen3-32B,c4,31,10,2048,0.000700
Qwen/Qwen3-32B,c4,31,11,128,0.129844
Qwen/Qwen3-32B,c4,31,11,512,0.062392
Qwen/Qwen3-32B,c4,31,11,2048,0.016010
Qwen/Qwen3-32B,c4,31,12,128,0.016602
Qwen/Qwen3-32B,c4,31,12,512,0.011677
Qwen/Qwen3-32B,c4,31,12,2048,0.005416
Qwen/Qwen3-32B,c4,31,13,128,0.051238
Qwen/Qwen3-32B,c4,31,13,512,0.029091
Qwen/Qwen3-32B,c4,31,13,2048,0.006275
Qwen/Qwen3-32B,c4,31,14,128,0.015063
Qwen/Qwen3-32B,c4,31,14,512,0.010183
Qwen/Qwen3-32B,c4,31,14,2048,0.003444
Qwen/Qwen3-32B,c4,31,15,128,0.047685
Qwen/Qwen3-32B,c4,31,15,512,0.025971
Qwen/Qwen3-32B,c4,31,15,2048,0.013481
Qwen/Qwen3-32B,c4,31,16,128,0.041329
Qwen/Qwen3-32B,c4,31,16,512,0.024906
Qwen/Qwen3-32B,c4,31,16,2048,0.012689
Qwen/Qwen3-32B,c4,31,17,128,0.053448
Qwen/Qwen3-32B,c4,31,17,512,0.030389
Qwen/Qwen3-32B,c4,31,17,2048,0.012801
Qwen/Qwen3-32B,c4,31,18,128,0.000784
Qwen/Qwen3-32B,c4,31,18,512,0.000573
Qwen/Qwen3-32B,c4,31,18,2048,0.000246
Qwen/Qwen3-32B,c4,31,19,128,0.048499
Qwen/Qwen3-32B,c4,31,19,512,0.025857
Qwen/Qwen3-32B,c4,31,19,2048,0.014520
Qwen/Qwen3-32B,c4,31,20,128,0.041479
Qwen/Qwen3-32B,c4,31,20,512,0.025272
Qwen/Qwen3-32B,c4,31,20,2048,0.014406
Qwen/Qwen3-32B,c4,31,21,128,0.086205
Qwen/Qwen3-32B,c4,31,21,512,0.047223
Qwen/Qwen3-32B,c4,31,21,2048,0.014540
Qwen/Qwen3-32B,c4,31,22,128,0.125643
Qwen/Qwen3-32B,c4,31,22,512,0.068169
Qwen/Qwen3-32B,c4,31,22,2048,0.019310
Qwen/Qwen3-32B,c4,31,23,128,0.019681
Qwen/Qwen3-32B,c4,31,23,512,0.012999
Qwen/Qwen3-32B,c4,31,23,2048,0.005638
Qwen/Qwen3-32B,c4,31,24,128,0.021926
Qwen/Qwen3-32B,c4,31,24,512,0.012353
Qwen/Qwen3-32B,c4,31,24,2048,0.004100
Qwen/Qwen3-32B,c4,31,25,128,0.097833
Qwen/Qwen3-32B,c4,31,25,512,0.052109
Qwen/Qwen3-32B,c4,31,25,2048,0.024717
Qwen/Qwen3-32B,c4,31,26,128,0.054631
Qwen/Qwen3-32B,c4,31,26,512,0.030485
Qwen/Qwen3-32B,c4,31,26,2048,0.010033
Qwen/Qwen3-32B,c4,31,27,128,0.039083
Qwen/Qwen3-32B,c4,31,27,512,0.020914
Qwen/Qwen3-32B,c4,31,27,2048,0.012770
Qwen/Qwen3-32B,c4,31,28,128,0.043224
Qwen/Qwen3-32B,c4,31,28,512,0.018765
Qwen/Qwen3-32B,c4,31,28,2048,0.011463
Qwen/Qwen3-32B,c4,31,29,128,0.039265
Qwen/Qwen3-32B,c4,31,29,512,0.021168
Qwen/Qwen3-32B,c4,31,29,2048,0.012565
Qwen/Qwen3-32B,c4,31,30,128,0.041793
Qwen/Qwen3-32B,c4,31,30,512,0.017609
Qwen/Qwen3-32B,c4,31,30,2048,0.009215
Qwen/Qwen3-32B,c4,31,31,128,0.049154
Qwen/Qwen3-32B,c4,31,31,512,0.020861
Qwen/Qwen3-32B,c4,31,31,2048,0.009365
Qwen/Qwen3-32B,c4,31,32,128,0.000077
Qwen/Qwen3-32B,c4,31,32,512,0.000063
Qwen/Qwen3-32B,c4,31,32,2048,0.000039
Qwen/Qwen3-32B,c4,31,33,128,0.009506
Qwen/Qwen3-32B,c4,31,33,512,0.006199
Qwen/Qwen3-32B,c4,31,33,2048,0.002165
Qwen/Qwen3-32B,c4,31,34,128,0.041514
Qwen/Qwen3-32B,c4,31,34,512,0.027479
Qwen/Qwen3-32B,c4,31,34,2048,0.009899
Qwen/Qwen3-32B,c4,31,35,128,0.026800
Qwen/Qwen3-32B,c4,31,35,512,0.012083
Qwen/Qwen3-32B,c4,31,35,2048,0.003846
Qwen/Qwen3-32B,c4,31,36,128,0.036137
Qwen/Qwen3-32B,c4,31,36,512,0.018909
Qwen/Qwen3-32B,c4,31,36,2048,0.007379
Qwen/Qwen3-32B,c4,31,37,128,0.062511
Qwen/Qwen3-32B,c4,31,37,512,0.029917
Qwen/Qwen3-32B,c4,31,37,2048,0.009817
Qwen/Qwen3-32B,c4,31,38,128,0.030594
Qwen/Qwen3-32B,c4,31,38,512,0.010079
Qwen/Qwen3-32B,c4,31,38,2048,0.003572
Qwen/Qwen3-32B,c4,31,39,128,0.004473
Qwen/Qwen3-32B,c4,31,39,512,0.002240
Qwen/Qwen3-32B,c4,31,39,2048,0.000889
Qwen/Qwen3-32B,c4,31,40,128,0.027115
Qwen/Qwen3-32B,c4,31,40,512,0.017101
Qwen/Qwen3-32B,c4,31,40,2048,0.013505
Qwen/Qwen3-32B,c4,31,41,128,0.202565
Qwen/Qwen3-32B,c4,31,41,512,0.113815
Qwen/Qwen3-32B,c4,31,41,2048,0.047899
Qwen/Qwen3-32B,c4,31,42,128,0.008124
Qwen/Qwen3-32B,c4,31,42,512,0.005164
Qwen/Qwen3-32B,c4,31,42,2048,0.003165
Qwen/Qwen3-32B,c4,31,43,128,0.022230
Qwen/Qwen3-32B,c4,31,43,512,0.011328
Qwen/Qwen3-32B,c4,31,43,2048,0.010009
Qwen/Qwen3-32B,c4,31,44,128,0.073737
Qwen/Qwen3-32B,c4,31,44,512,0.040017
Qwen/Qwen3-32B,c4,31,44,2048,0.010779
Qwen/Qwen3-32B,c4,31,45,128,0.027377
Qwen/Qwen3-32B,c4,31,45,512,0.012930
Qwen/Qwen3-32B,c4,31,45,2048,0.009083
Qwen/Qwen3-32B,c4,31,46,128,0.024263
Qwen/Qwen3-32B,c4,31,46,512,0.011058
Qwen/Qwen3-32B,c4,31,46,2048,0.006810
Qwen/Qwen3-32B,c4,31,47,128,0.027779
Qwen/Qwen3-32B,c4,31,47,512,0.014834
Qwen/Qwen3-32B,c4,31,47,2048,0.010007
Qwen/Qwen3-32B,c4,31,48,128,0.133494
Qwen/Qwen3-32B,c4,31,48,512,0.088530
Qwen/Qwen3-32B,c4,31,48,2048,0.019902
Qwen/Qwen3-32B,c4,31,49,128,0.018736
Qwen/Qwen3-32B,c4,31,49,512,0.010039
Qwen/Qwen3-32B,c4,31,49,2048,0.004745
Qwen/Qwen3-32B,c4,31,50,128,0.139560
Qwen/Qwen3-32B,c4,31,50,512,0.076012
Qwen/Qwen3-32B,c4,31,50,2048,0.009585
Qwen/Qwen3-32B,c4,31,51,128,0.085059
Qwen/Qwen3-32B,c4,31,51,512,0.044224
Qwen/Qwen3-32B,c4,31,51,2048,0.013766
Qwen/Qwen3-32B,c4,31,52,128,0.045658
Qwen/Qwen3-32B,c4,31,52,512,0.021707
Qwen/Qwen3-32B,c4,31,52,2048,0.014652
Qwen/Qwen3-32B,c4,31,53,128,0.104418
Qwen/Qwen3-32B,c4,31,53,512,0.051323
Qwen/Qwen3-32B,c4,31,53,2048,0.016263
Qwen/Qwen3-32B,c4,31,54,128,0.042041
Qwen/Qwen3-32B,c4,31,54,512,0.020490
Qwen/Qwen3-32B,c4,31,54,2048,0.012138
Qwen/Qwen3-32B,c4,31,55,128,0.037202
Qwen/Qwen3-32B,c4,31,55,512,0.017105
Qwen/Qwen3-32B,c4,31,55,2048,0.010856
Qwen/Qwen3-32B,c4,31,56,128,0.034505
Qwen/Qwen3-32B,c4,31,56,512,0.018614
Qwen/Qwen3-32B,c4,31,56,2048,0.016839
Qwen/Qwen3-32B,c4,31,57,128,0.020286
Qwen/Qwen3-32B,c4,31,57,512,0.011264
Qwen/Qwen3-32B,c4,31,57,2048,0.008849
Qwen/Qwen3-32B,c4,31,58,128,0.145958
Qwen/Qwen3-32B,c4,31,58,512,0.076036
Qwen/Qwen3-32B,c4,31,58,2048,0.024317
Qwen/Qwen3-32B,c4,31,59,128,0.045630
Qwen/Qwen3-32B,c4,31,59,512,0.024067
Qwen/Qwen3-32B,c4,31,59,2048,0.017841
Qwen/Qwen3-32B,c4,31,60,128,0.018367
Qwen/Qwen3-32B,c4,31,60,512,0.009005
Qwen/Qwen3-32B,c4,31,60,2048,0.006519
Qwen/Qwen3-32B,c4,31,61,128,0.094121
Qwen/Qwen3-32B,c4,31,61,512,0.051036
Qwen/Qwen3-32B,c4,31,61,2048,0.018859
Qwen/Qwen3-32B,c4,31,62,128,0.023115
Qwen/Qwen3-32B,c4,31,62,512,0.011473
Qwen/Qwen3-32B,c4,31,62,2048,0.007705
Qwen/Qwen3-32B,c4,31,63,128,0.011775
Qwen/Qwen3-32B,c4,31,63,512,0.006045
Qwen/Qwen3-32B,c4,31,63,2048,0.005039
Qwen/Qwen3-32B,c4,32,0,128,0.011836
Qwen/Qwen3-32B,c4,32,0,512,0.007260
Qwen/Qwen3-32B,c4,32,0,2048,0.000088
Qwen/Qwen3-32B,c4,32,1,128,0.027548
Qwen/Qwen3-32B,c4,32,1,512,0.016865
Qwen/Qwen3-32B,c4,32,1,2048,0.000343
Qwen/Qwen3-32B,c4,32,2,128,0.020381
Qwen/Qwen3-32B,c4,32,2,512,0.013746
Qwen/Qwen3-32B,c4,32,2,2048,0.000147
Qwen/Qwen3-32B,c4,32,3,128,0.015477
Qwen/Qwen3-32B,c4,32,3,512,0.007657
Qwen/Qwen3-32B,c4,32,3,2048,0.000103
Qwen/Qwen3-32B,c4,32,4,128,0.005542
Qwen/Qwen3-32B,c4,32,4,512,0.003202
Qwen/Qwen3-32B,c4,32,4,2048,0.000040
Qwen/Qwen3-32B,c4,32,5,128,0.006816
Qwen/Qwen3-32B,c4,32,5,512,0.003733
Qwen/Qwen3-32B,c4,32,5,2048,0.000039
Qwen/Qwen3-32B,c4,32,6,128,0.020751
Qwen/Qwen3-32B,c4,32,6,512,0.011984
Qwen/Qwen3-32B,c4,32,6,2048,0.000156
Qwen/Qwen3-32B,c4,32,7,128,0.054238
Qwen/Qwen3-32B,c4,32,7,512,0.024152
Qwen/Qwen3-32B,c4,32,7,2048,0.000226
Qwen/Qwen3-32B,c4,32,8,128,0.008772
Qwen/Qwen3-32B,c4,32,8,512,0.005594
Qwen/Qwen3-32B,c4,32,8,2048,0.000033
Qwen/Qwen3-32B,c4,32,9,128,0.006099
Qwen/Qwen3-32B,c4,32,9,512,0.003290
Qwen/Qwen3-32B,c4,32,9,2048,0.000037
Qwen/Qwen3-32B,c4,32,10,128,0.017095
Qwen/Qwen3-32B,c4,32,10,512,0.009670
Qwen/Qwen3-32B,c4,32,10,2048,0.000046
Qwen/Qwen3-32B,c4,32,11,128,0.044987
Qwen/Qwen3-32B,c4,32,11,512,0.026708
Qwen/Qwen3-32B,c4,32,11,2048,0.000228
Qwen/Qwen3-32B,c4,32,12,128,0.032053
Qwen/Qwen3-32B,c4,32,12,512,0.018985
Qwen/Qwen3-32B,c4,32,12,2048,0.000140
Qwen/Qwen3-32B,c4,32,13,128,0.042069
Qwen/Qwen3-32B,c4,32,13,512,0.022241
Qwen/Qwen3-32B,c4,32,13,2048,0.000189
Qwen/Qwen3-32B,c4,32,14,128,0.035851
Qwen/Qwen3-32B,c4,32,14,512,0.011933
Qwen/Qwen3-32B,c4,32,14,2048,0.000243
Qwen/Qwen3-32B,c4,32,15,128,0.027729
Qwen/Qwen3-32B,c4,32,15,512,0.014639
Qwen/Qwen3-32B,c4,32,15,2048,0.000299
Qwen/Qwen3-32B,c4,32,16,128,0.024943
Qwen/Qwen3-32B,c4,32,16,512,0.014165
Qwen/Qwen3-32B,c4,32,16,2048,0.000460
Qwen/Qwen3-32B,c4,32,17,128,0.037932
Qwen/Qwen3-32B,c4,32,17,512,0.023383
Qwen/Qwen3-32B,c4,32,17,2048,0.000468
Qwen/Qwen3-32B,c4,32,18,128,0.037089
Qwen/Qwen3-32B,c4,32,18,512,0.023582
Qwen/Qwen3-32B,c4,32,18,2048,0.000453
Qwen/Qwen3-32B,c4,32,19,128,0.059299
Qwen/Qwen3-32B,c4,32,19,512,0.031305
Qwen/Qwen3-32B,c4,32,19,2048,0.000782
Qwen/Qwen3-32B,c4,32,20,128,0.076975
Qwen/Qwen3-32B,c4,32,20,512,0.041736
Qwen/Qwen3-32B,c4,32,20,2048,0.000434
Qwen/Qwen3-32B,c4,32,21,128,0.035103
Qwen/Qwen3-32B,c4,32,21,512,0.017801
Qwen/Qwen3-32B,c4,32,21,2048,0.000303
Qwen/Qwen3-32B,c4,32,22,128,0.055788
Qwen/Qwen3-32B,c4,32,22,512,0.031647
Qwen/Qwen3-32B,c4,32,22,2048,0.000400
Qwen/Qwen3-32B,c4,32,23,128,0.052648
Qwen/Qwen3-32B,c4,32,23,512,0.034209
Qwen/Qwen3-32B,c4,32,23,2048,0.000580
Qwen/Qwen3-32B,c4,32,24,128,0.074154
Qwen/Qwen3-32B,c4,32,24,512,0.046555
Qwen/Qwen3-32B,c4,32,24,2048,0.009676
Qwen/Qwen3-32B,c4,32,25,128,0.067428
Qwen/Qwen3-32B,c4,32,25,512,0.041350
Qwen/Qwen3-32B,c4,32,25,2048,0.006139
Qwen/Qwen3-32B,c4,32,26,128,0.105603
Qwen/Qwen3-32B,c4,32,26,512,0.066851
Qwen/Qwen3-32B,c4,32,26,2048,0.025227
Qwen/Qwen3-32B,c4,32,27,128,0.060700
Qwen/Qwen3-32B,c4,32,27,512,0.034344
Qwen/Qwen3-32B,c4,32,27,2048,0.006356
Qwen/Qwen3-32B,c4,32,28,128,0.054358
Qwen/Qwen3-32B,c4,32,28,512,0.032972
Qwen/Qwen3-32B,c4,32,28,2048,0.007547
Qwen/Qwen3-32B,c4,32,29,128,0.450884
Qwen/Qwen3-32B,c4,32,29,512,0.300749
Qwen/Qwen3-32B,c4,32,29,2048,0.109141
Qwen/Qwen3-32B,c4,32,30,128,0.076251
Qwen/Qwen3-32B,c4,32,30,512,0.048034
Qwen/Qwen3-32B,c4,32,30,2048,0.007023
Qwen/Qwen3-32B,c4,32,31,128,0.296163
Qwen/Qwen3-32B,c4,32,31,512,0.163795
Qwen/Qwen3-32B,c4,32,31,2048,0.063389
Qwen/Qwen3-32B,c4,32,32,128,0.203078
Qwen/Qwen3-32B,c4,32,32,512,0.077101
Qwen/Qwen3-32B,c4,32,32,2048,0.005576
Qwen/Qwen3-32B,c4,32,33,128,0.019132
Qwen/Qwen3-32B,c4,32,33,512,0.010700
Qwen/Qwen3-32B,c4,32,33,2048,0.000261
Qwen/Qwen3-32B,c4,32,34,128,0.112167
Qwen/Qwen3-32B,c4,32,34,512,0.055546
Qwen/Qwen3-32B,c4,32,34,2048,0.002883
Qwen/Qwen3-32B,c4,32,35,128,0.043887
Qwen/Qwen3-32B,c4,32,35,512,0.025873
Qwen/Qwen3-32B,c4,32,35,2048,0.000408
Qwen/Qwen3-32B,c4,32,36,128,0.024174
Qwen/Qwen3-32B,c4,32,36,512,0.014535
Qwen/Qwen3-32B,c4,32,36,2048,0.000281
Qwen/Qwen3-32B,c4,32,37,128,0.045480
Qwen/Qwen3-32B,c4,32,37,512,0.021259
Qwen/Qwen3-32B,c4,32,37,2048,0.000222
Qwen/Qwen3-32B,c4,32,38,128,0.063293
Qwen/Qwen3-32B,c4,32,38,512,0.034656
Qwen/Qwen3-32B,c4,32,38,2048,0.000666
Qwen/Qwen3-32B,c4,32,39,128,0.038835
Qwen/Qwen3-32B,c4,32,39,512,0.024786
Qwen/Qwen3-32B,c4,32,39,2048,0.000195
Qwen/Qwen3-32B,c4,32,40,128,0.149530
Qwen/Qwen3-32B,c4,32,40,512,0.083772
Qwen/Qwen3-32B,c4,32,40,2048,0.014208
Qwen/Qwen3-32B,c4,32,41,128,0.022259
Qwen/Qwen3-32B,c4,32,41,512,0.012698
Qwen/Qwen3-32B,c4,32,41,2048,0.000359
Qwen/Qwen3-32B,c4,32,42,128,0.027274
Qwen/Qwen3-32B,c4,32,42,512,0.016526
Qwen/Qwen3-32B,c4,32,42,2048,0.000340
Qwen/Qwen3-32B,c4,32,43,128,0.203036
Qwen/Qwen3-32B,c4,32,43,512,0.099734
Qwen/Qwen3-32B,c4,32,43,2048,0.023648
Qwen/Qwen3-32B,c4,32,44,128,0.054153
Qwen/Qwen3-32B,c4,32,44,512,0.030115
Qwen/Qwen3-32B,c4,32,44,2048,0.000491
Qwen/Qwen3-32B,c4,32,45,128,0.044251
Qwen/Qwen3-32B,c4,32,45,512,0.022586
Qwen/Qwen3-32B,c4,32,45,2048,0.000516
Qwen/Qwen3-32B,c4,32,46,128,0.067407
Qwen/Qwen3-32B,c4,32,46,512,0.038928
Qwen/Qwen3-32B,c4,32,46,2048,0.001007
Qwen/Qwen3-32B,c4,32,47,128,0.079855
Qwen/Qwen3-32B,c4,32,47,512,0.043317
Qwen/Qwen3-32B,c4,32,47,2048,0.001178
Qwen/Qwen3-32B,c4,32,48,128,0.016435
Qwen/Qwen3-32B,c4,32,48,512,0.012285
Qwen/Qwen3-32B,c4,32,48,2048,0.000103
Qwen/Qwen3-32B,c4,32,49,128,0.021382
Qwen/Qwen3-32B,c4,32,49,512,0.012951
Qwen/Qwen3-32B,c4,32,49,2048,0.000100
Qwen/Qwen3-32B,c4,32,50,128,0.023101
Qwen/Qwen3-32B,c4,32,50,512,0.011752
Qwen/Qwen3-32B,c4,32,50,2048,0.000061
Qwen/Qwen3-32B,c4,32,51,128,0.026526
Qwen/Qwen3-32B,c4,32,51,512,0.016501
Qwen/Qwen3-32B,c4,32,51,2048,0.000105
Qwen/Qwen3-32B,c4,32,52,128,0.042274
Qwen/Qwen3-32B,c4,32,52,512,0.025925
Qwen/Qwen3-32B,c4,32,52,2048,0.000111
Qwen/Qwen3-32B,c4,32,53,128,0.071086
Qwen/Qwen3-32B,c4,32,53,512,0.034071
Qwen/Qwen3-32B,c4,32,53,2048,0.000138
Qwen/Qwen3-32B,c4,32,54,128,0.077936
Qwen/Qwen3-32B,c4,32,54,512,0.042467
Qwen/Qwen3-32B,c4,32,54,2048,0.000206
Qwen/Qwen3-32B,c4,32,55,128,0.030182
Qwen/Qwen3-32B,c4,32,55,512,0.017313
Qwen/Qwen3-32B,c4,32,55,2048,0.000267
Qwen/Qwen3-32B,c4,32,56,128,0.095572
Qwen/Qwen3-32B,c4,32,56,512,0.032148
Qwen/Qwen3-32B,c4,32,56,2048,0.002313
Qwen/Qwen3-32B,c4,32,57,128,0.071449
Qwen/Qwen3-32B,c4,32,57,512,0.028574
Qwen/Qwen3-32B,c4,32,57,2048,0.002835
Qwen/Qwen3-32B,c4,32,58,128,0.044768
Qwen/Qwen3-32B,c4,32,58,512,0.025889
Qwen/Qwen3-32B,c4,32,58,2048,0.003082
Qwen/Qwen3-32B,c4,32,59,128,0.053905
Qwen/Qwen3-32B,c4,32,59,512,0.024912
Qwen/Qwen3-32B,c4,32,59,2048,0.001048
Qwen/Qwen3-32B,c4,32,60,128,0.106712
Qwen/Qwen3-32B,c4,32,60,512,0.033056
Qwen/Qwen3-32B,c4,32,60,2048,0.002948
Qwen/Qwen3-32B,c4,32,61,128,0.077848
Qwen/Qwen3-32B,c4,32,61,512,0.046365
Qwen/Qwen3-32B,c4,32,61,2048,0.004840
Qwen/Qwen3-32B,c4,32,62,128,0.067303
Qwen/Qwen3-32B,c4,32,62,512,0.052175
Qwen/Qwen3-32B,c4,32,62,2048,0.001542
Qwen/Qwen3-32B,c4,32,63,128,0.167357
Qwen/Qwen3-32B,c4,32,63,512,0.091528
Qwen/Qwen3-32B,c4,32,63,2048,0.025997
Qwen/Qwen3-32B,c4,33,0,128,0.230515
Qwen/Qwen3-32B,c4,33,0,512,0.126825
Qwen/Qwen3-32B,c4,33,0,2048,0.033242
Qwen/Qwen3-32B,c4,33,1,128,0.055753
Qwen/Qwen3-32B,c4,33,1,512,0.040512
Qwen/Qwen3-32B,c4,33,1,2048,0.012833
Qwen/Qwen3-32B,c4,33,2,128,0.057893
Qwen/Qwen3-32B,c4,33,2,512,0.025522
Qwen/Qwen3-32B,c4,33,2,2048,0.004994
Qwen/Qwen3-32B,c4,33,3,128,0.098941
Qwen/Qwen3-32B,c4,33,3,512,0.054121
Qwen/Qwen3-32B,c4,33,3,2048,0.016643
Qwen/Qwen3-32B,c4,33,4,128,0.029262
Qwen/Qwen3-32B,c4,33,4,512,0.021051
Qwen/Qwen3-32B,c4,33,4,2048,0.006843
Qwen/Qwen3-32B,c4,33,5,128,0.300634
Qwen/Qwen3-32B,c4,33,5,512,0.203454
Qwen/Qwen3-32B,c4,33,5,2048,0.049156
Qwen/Qwen3-32B,c4,33,6,128,0.156083
Qwen/Qwen3-32B,c4,33,6,512,0.037590
Qwen/Qwen3-32B,c4,33,6,2048,0.008124
Qwen/Qwen3-32B,c4,33,7,128,0.117586
Qwen/Qwen3-32B,c4,33,7,512,0.064254
Qwen/Qwen3-32B,c4,33,7,2048,0.021269
Qwen/Qwen3-32B,c4,33,8,128,0.062486
Qwen/Qwen3-32B,c4,33,8,512,0.029507
Qwen/Qwen3-32B,c4,33,8,2048,0.005432
Qwen/Qwen3-32B,c4,33,9,128,0.037500
Qwen/Qwen3-32B,c4,33,9,512,0.014056
Qwen/Qwen3-32B,c4,33,9,2048,0.002024
Qwen/Qwen3-32B,c4,33,10,128,0.128604
Qwen/Qwen3-32B,c4,33,10,512,0.047366
Qwen/Qwen3-32B,c4,33,10,2048,0.005896
Qwen/Qwen3-32B,c4,33,11,128,0.059832
Qwen/Qwen3-32B,c4,33,11,512,0.024840
Qwen/Qwen3-32B,c4,33,11,2048,0.004182
Qwen/Qwen3-32B,c4,33,12,128,0.054511
Qwen/Qwen3-32B,c4,33,12,512,0.020861
Qwen/Qwen3-32B,c4,33,12,2048,0.002817
Qwen/Qwen3-32B,c4,33,13,128,0.047263
Qwen/Qwen3-32B,c4,33,13,512,0.018329
Qwen/Qwen3-32B,c4,33,13,2048,0.003521
Qwen/Qwen3-32B,c4,33,14,128,0.149633
Qwen/Qwen3-32B,c4,33,14,512,0.050562
Qwen/Qwen3-32B,c4,33,14,2048,0.007436
Qwen/Qwen3-32B,c4,33,15,128,0.169106
Qwen/Qwen3-32B,c4,33,15,512,0.074479
Qwen/Qwen3-32B,c4,33,15,2048,0.012357
Qwen/Qwen3-32B,c4,33,16,128,0.033874
Qwen/Qwen3-32B,c4,33,16,512,0.014690
Qwen/Qwen3-32B,c4,33,16,2048,0.001225
Qwen/Qwen3-32B,c4,33,17,128,0.270896
Qwen/Qwen3-32B,c4,33,17,512,0.114631
Qwen/Qwen3-32B,c4,33,17,2048,0.020438
Qwen/Qwen3-32B,c4,33,18,128,0.017328
Qwen/Qwen3-32B,c4,33,18,512,0.009314
Qwen/Qwen3-32B,c4,33,18,2048,0.000786
Qwen/Qwen3-32B,c4,33,19,128,0.046229
Qwen/Qwen3-32B,c4,33,19,512,0.022690
Qwen/Qwen3-32B,c4,33,19,2048,0.002090
Qwen/Qwen3-32B,c4,33,20,128,0.160645
Qwen/Qwen3-32B,c4,33,20,512,0.093265
Qwen/Qwen3-32B,c4,33,20,2048,0.009014
Qwen/Qwen3-32B,c4,33,21,128,0.031226
Qwen/Qwen3-32B,c4,33,21,512,0.013619
Qwen/Qwen3-32B,c4,33,21,2048,0.001221
Qwen/Qwen3-32B,c4,33,22,128,0.037035
Qwen/Qwen3-32B,c4,33,22,512,0.016676
Qwen/Qwen3-32B,c4,33,22,2048,0.001555
Qwen/Qwen3-32B,c4,33,23,128,0.036748
Qwen/Qwen3-32B,c4,33,23,512,0.015654
Qwen/Qwen3-32B,c4,33,23,2048,0.002022
Qwen/Qwen3-32B,c4,33,24,128,0.034763
Qwen/Qwen3-32B,c4,33,24,512,0.015184
Qwen/Qwen3-32B,c4,33,24,2048,0.002162
Qwen/Qwen3-32B,c4,33,25,128,0.060439
Qwen/Qwen3-32B,c4,33,25,512,0.030805
Qwen/Qwen3-32B,c4,33,25,2048,0.006661
Qwen/Qwen3-32B,c4,33,26,128,0.100381
Qwen/Qwen3-32B,c4,33,26,512,0.050715
Qwen/Qwen3-32B,c4,33,26,2048,0.008789
Qwen/Qwen3-32B,c4,33,27,128,0.019412
Qwen/Qwen3-32B,c4,33,27,512,0.008114
Qwen/Qwen3-32B,c4,33,27,2048,0.000937
Qwen/Qwen3-32B,c4,33,28,128,0.069914
Qwen/Qwen3-32B,c4,33,28,512,0.028461
Qwen/Qwen3-32B,c4,33,28,2048,0.004201
Qwen/Qwen3-32B,c4,33,29,128,0.131204
Qwen/Qwen3-32B,c4,33,29,512,0.073642
Qwen/Qwen3-32B,c4,33,29,2048,0.014956
Qwen/Qwen3-32B,c4,33,30,128,0.080196
Qwen/Qwen3-32B,c4,33,30,512,0.039944
Qwen/Qwen3-32B,c4,33,30,2048,0.005546
Qwen/Qwen3-32B,c4,33,31,128,0.094151
Qwen/Qwen3-32B,c4,33,31,512,0.040466
Qwen/Qwen3-32B,c4,33,31,2048,0.006467
Qwen/Qwen3-32B,c4,33,32,128,0.019825
Qwen/Qwen3-32B,c4,33,32,512,0.012315
Qwen/Qwen3-32B,c4,33,32,2048,0.001712
Qwen/Qwen3-32B,c4,33,33,128,0.013883
Qwen/Qwen3-32B,c4,33,33,512,0.008324
Qwen/Qwen3-32B,c4,33,33,2048,0.000894
Qwen/Qwen3-32B,c4,33,34,128,0.010569
Qwen/Qwen3-32B,c4,33,34,512,0.006209
Qwen/Qwen3-32B,c4,33,34,2048,0.001062
Qwen/Qwen3-32B,c4,33,35,128,0.045822
Qwen/Qwen3-32B,c4,33,35,512,0.025054
Qwen/Qwen3-32B,c4,33,35,2048,0.002600
Qwen/Qwen3-32B,c4,33,36,128,0.053249
Qwen/Qwen3-32B,c4,33,36,512,0.027956
Qwen/Qwen3-32B,c4,33,36,2048,0.002310
Qwen/Qwen3-32B,c4,33,37,128,0.111019
Qwen/Qwen3-32B,c4,33,37,512,0.063742
Qwen/Qwen3-32B,c4,33,37,2048,0.011694
Qwen/Qwen3-32B,c4,33,38,128,0.039762
Qwen/Qwen3-32B,c4,33,38,512,0.020187
Qwen/Qwen3-32B,c4,33,38,2048,0.002915
Qwen/Qwen3-32B,c4,33,39,128,0.309059
Qwen/Qwen3-32B,c4,33,39,512,0.173611
Qwen/Qwen3-32B,c4,33,39,2048,0.047668
Qwen/Qwen3-32B,c4,33,40,128,0.045629
Qwen/Qwen3-32B,c4,33,40,512,0.014588
Qwen/Qwen3-32B,c4,33,40,2048,0.000435
Qwen/Qwen3-32B,c4,33,41,128,0.163667
Qwen/Qwen3-32B,c4,33,41,512,0.077485
Qwen/Qwen3-32B,c4,33,41,2048,0.004159
Qwen/Qwen3-32B,c4,33,42,128,0.045672
Qwen/Qwen3-32B,c4,33,42,512,0.008498
Qwen/Qwen3-32B,c4,33,42,2048,0.000075
Qwen/Qwen3-32B,c4,33,43,128,0.044906
Qwen/Qwen3-32B,c4,33,43,512,0.015842
Qwen/Qwen3-32B,c4,33,43,2048,0.000604
Qwen/Qwen3-32B,c4,33,44,128,0.063265
Qwen/Qwen3-32B,c4,33,44,512,0.018198
Qwen/Qwen3-32B,c4,33,44,2048,0.000773
Qwen/Qwen3-32B,c4,33,45,128,0.021061
Qwen/Qwen3-32B,c4,33,45,512,0.008360
Qwen/Qwen3-32B,c4,33,45,2048,0.000199
Qwen/Qwen3-32B,c4,33,46,128,0.034053
Qwen/Qwen3-32B,c4,33,46,512,0.010018
Qwen/Qwen3-32B,c4,33,46,2048,0.000565
Qwen/Qwen3-32B,c4,33,47,128,0.038566
Qwen/Qwen3-32B,c4,33,47,512,0.012773
Qwen/Qwen3-32B,c4,33,47,2048,0.000375
Qwen/Qwen3-32B,c4,33,48,128,0.012742
Qwen/Qwen3-32B,c4,33,48,512,0.007820
Qwen/Qwen3-32B,c4,33,48,2048,0.000838
Qwen/Qwen3-32B,c4,33,49,128,0.004362
Qwen/Qwen3-32B,c4,33,49,512,0.002269
Qwen/Qwen3-32B,c4,33,49,2048,0.000474
Qwen/Qwen3-32B,c4,33,50,128,0.000001
Qwen/Qwen3-32B,c4,33,50,512,0.000000
Qwen/Qwen3-32B,c4,33,50,2048,0.000000
Qwen/Qwen3-32B,c4,33,51,128,0.031215
Qwen/Qwen3-32B,c4,33,51,512,0.018215
Qwen/Qwen3-32B,c4,33,51,2048,0.001674
Qwen/Qwen3-32B,c4,33,52,128,0.003974
Qwen/Qwen3-32B,c4,33,52,512,0.001759
Qwen/Qwen3-32B,c4,33,52,2048,0.000272
Qwen/Qwen3-32B,c4,33,53,128,0.023825
Qwen/Qwen3-32B,c4,33,53,512,0.019371
Qwen/Qwen3-32B,c4,33,53,2048,0.004125
Qwen/Qwen3-32B,c4,33,54,128,0.016445
Qwen/Qwen3-32B,c4,33,54,512,0.011098
Qwen/Qwen3-32B,c4,33,54,2048,0.001481
Qwen/Qwen3-32B,c4,33,55,128,0.057232
Qwen/Qwen3-32B,c4,33,55,512,0.032172
Qwen/Qwen3-32B,c4,33,55,2048,0.006726
Qwen/Qwen3-32B,c4,33,56,128,0.000664
Qwen/Qwen3-32B,c4,33,56,512,0.000599
Qwen/Qwen3-32B,c4,33,56,2048,0.000398
Qwen/Qwen3-32B,c4,33,57,128,0.012490
Qwen/Qwen3-32B,c4,33,57,512,0.004919
Qwen/Qwen3-32B,c4,33,57,2048,0.000632
Qwen/Qwen3-32B,c4,33,58,128,0.000077
Qwen/Qwen3-32B,c4,33,58,512,0.000071
Qwen/Qwen3-32B,c4,33,58,2048,0.000014
Qwen/Qwen3-32B,c4,33,59,128,0.078247
Qwen/Qwen3-32B,c4,33,59,512,0.073198
Qwen/Qwen3-32B,c4,33,59,2048,0.028903
Qwen/Qwen3-32B,c4,33,60,128,0.008978
Qwen/Qwen3-32B,c4,33,60,512,0.002951
Qwen/Qwen3-32B,c4,33,60,2048,0.000732
Qwen/Qwen3-32B,c4,33,61,128,0.098670
Qwen/Qwen3-32B,c4,33,61,512,0.042668
Qwen/Qwen3-32B,c4,33,61,2048,0.004854
Qwen/Qwen3-32B,c4,33,62,128,0.040116
Qwen/Qwen3-32B,c4,33,62,512,0.029913
Qwen/Qwen3-32B,c4,33,62,2048,0.010407
Qwen/Qwen3-32B,c4,33,63,128,0.002652
Qwen/Qwen3-32B,c4,33,63,512,0.001946
Qwen/Qwen3-32B,c4,33,63,2048,0.000669
Qwen/Qwen3-32B,c4,34,0,128,0.017448
Qwen/Qwen3-32B,c4,34,0,512,0.007892
Qwen/Qwen3-32B,c4,34,0,2048,0.004332
Qwen/Qwen3-32B,c4,34,1,128,0.016082
Qwen/Qwen3-32B,c4,34,1,512,0.009263
Qwen/Qwen3-32B,c4,34,1,2048,0.006551
Qwen/Qwen3-32B,c4,34,2,128,0.007470
Qwen/Qwen3-32B,c4,34,2,512,0.003841
Qwen/Qwen3-32B,c4,34,2,2048,0.002333
Qwen/Qwen3-32B,c4,34,3,128,0.041027
Qwen/Qwen3-32B,c4,34,3,512,0.020469
Qwen/Qwen3-32B,c4,34,3,2048,0.010569
Qwen/Qwen3-32B,c4,34,4,128,0.039812
Qwen/Qwen3-32B,c4,34,4,512,0.016128
Qwen/Qwen3-32B,c4,34,4,2048,0.007595
Qwen/Qwen3-32B,c4,34,5,128,0.015481
Qwen/Qwen3-32B,c4,34,5,512,0.007693
Qwen/Qwen3-32B,c4,34,5,2048,0.004074
Qwen/Qwen3-32B,c4,34,6,128,0.075082
Qwen/Qwen3-32B,c4,34,6,512,0.034247
Qwen/Qwen3-32B,c4,34,6,2048,0.013178
Qwen/Qwen3-32B,c4,34,7,128,0.013627
Qwen/Qwen3-32B,c4,34,7,512,0.007887
Qwen/Qwen3-32B,c4,34,7,2048,0.003919
Qwen/Qwen3-32B,c4,34,8,128,0.075462
Qwen/Qwen3-32B,c4,34,8,512,0.024155
Qwen/Qwen3-32B,c4,34,8,2048,0.004320
Qwen/Qwen3-32B,c4,34,9,128,0.156344
Qwen/Qwen3-32B,c4,34,9,512,0.081299
Qwen/Qwen3-32B,c4,34,9,2048,0.017650
Qwen/Qwen3-32B,c4,34,10,128,0.239549
Qwen/Qwen3-32B,c4,34,10,512,0.134701
Qwen/Qwen3-32B,c4,34,10,2048,0.040577
Qwen/Qwen3-32B,c4,34,11,128,0.025324
Qwen/Qwen3-32B,c4,34,11,512,0.011301
Qwen/Qwen3-32B,c4,34,11,2048,0.002320
Qwen/Qwen3-32B,c4,34,12,128,0.304483
Qwen/Qwen3-32B,c4,34,12,512,0.170477
Qwen/Qwen3-32B,c4,34,12,2048,0.029318
Qwen/Qwen3-32B,c4,34,13,128,0.130856
Qwen/Qwen3-32B,c4,34,13,512,0.050617
Qwen/Qwen3-32B,c4,34,13,2048,0.010562
Qwen/Qwen3-32B,c4,34,14,128,0.122917
Qwen/Qwen3-32B,c4,34,14,512,0.049271
Qwen/Qwen3-32B,c4,34,14,2048,0.010014
Qwen/Qwen3-32B,c4,34,15,128,0.073421
Qwen/Qwen3-32B,c4,34,15,512,0.031085
Qwen/Qwen3-32B,c4,34,15,2048,0.007247
Qwen/Qwen3-32B,c4,34,16,128,0.063109
Qwen/Qwen3-32B,c4,34,16,512,0.033010
Qwen/Qwen3-32B,c4,34,16,2048,0.020187
Qwen/Qwen3-32B,c4,34,17,128,0.041330
Qwen/Qwen3-32B,c4,34,17,512,0.021878
Qwen/Qwen3-32B,c4,34,17,2048,0.013260
Qwen/Qwen3-32B,c4,34,18,128,0.035434
Qwen/Qwen3-32B,c4,34,18,512,0.017886
Qwen/Qwen3-32B,c4,34,18,2048,0.008023
Qwen/Qwen3-32B,c4,34,19,128,0.143730
Qwen/Qwen3-32B,c4,34,19,512,0.066642
Qwen/Qwen3-32B,c4,34,19,2048,0.030194
Qwen/Qwen3-32B,c4,34,20,128,0.078845
Qwen/Qwen3-32B,c4,34,20,512,0.040111
Qwen/Qwen3-32B,c4,34,20,2048,0.021563
Qwen/Qwen3-32B,c4,34,21,128,0.095434
Qwen/Qwen3-32B,c4,34,21,512,0.044548
Qwen/Qwen3-32B,c4,34,21,2048,0.024172
Qwen/Qwen3-32B,c4,34,22,128,0.084663
Qwen/Qwen3-32B,c4,34,22,512,0.041950
Qwen/Qwen3-32B,c4,34,22,2048,0.025380
Qwen/Qwen3-32B,c4,34,23,128,0.130980
Qwen/Qwen3-32B,c4,34,23,512,0.062370
Qwen/Qwen3-32B,c4,34,23,2048,0.032659
Qwen/Qwen3-32B,c4,34,24,128,0.025512
Qwen/Qwen3-32B,c4,34,24,512,0.010780
Qwen/Qwen3-32B,c4,34,24,2048,0.005960
Qwen/Qwen3-32B,c4,34,25,128,0.048367
Qwen/Qwen3-32B,c4,34,25,512,0.015324
Qwen/Qwen3-32B,c4,34,25,2048,0.007328
Qwen/Qwen3-32B,c4,34,26,128,0.034258
Qwen/Qwen3-32B,c4,34,26,512,0.018401
Qwen/Qwen3-32B,c4,34,26,2048,0.008443
Qwen/Qwen3-32B,c4,34,27,128,0.073004
Qwen/Qwen3-32B,c4,34,27,512,0.031286
Qwen/Qwen3-32B,c4,34,27,2048,0.018317
Qwen/Qwen3-32B,c4,34,28,128,0.069538
Qwen/Qwen3-32B,c4,34,28,512,0.032584
Qwen/Qwen3-32B,c4,34,28,2048,0.014255
Qwen/Qwen3-32B,c4,34,29,128,0.046800
Qwen/Qwen3-32B,c4,34,29,512,0.023198
Qwen/Qwen3-32B,c4,34,29,2048,0.008458
Qwen/Qwen3-32B,c4,34,30,128,0.022628
Qwen/Qwen3-32B,c4,34,30,512,0.010691
Qwen/Qwen3-32B,c4,34,30,2048,0.006338
Qwen/Qwen3-32B,c4,34,31,128,0.199029
Qwen/Qwen3-32B,c4,34,31,512,0.083790
Qwen/Qwen3-32B,c4,34,31,2048,0.029739
Qwen/Qwen3-32B,c4,34,32,128,0.061566
Qwen/Qwen3-32B,c4,34,32,512,0.040357
Qwen/Qwen3-32B,c4,34,32,2048,0.025934
Qwen/Qwen3-32B,c4,34,33,128,0.031939
Qwen/Qwen3-32B,c4,34,33,512,0.020101
Qwen/Qwen3-32B,c4,34,33,2048,0.011730
Qwen/Qwen3-32B,c4,34,34,128,0.138693
Qwen/Qwen3-32B,c4,34,34,512,0.060694
Qwen/Qwen3-32B,c4,34,34,2048,0.024791
Qwen/Qwen3-32B,c4,34,35,128,0.062304
Qwen/Qwen3-32B,c4,34,35,512,0.037278
Qwen/Qwen3-32B,c4,34,35,2048,0.023588
Qwen/Qwen3-32B,c4,34,36,128,0.050118
Qwen/Qwen3-32B,c4,34,36,512,0.024180
Qwen/Qwen3-32B,c4,34,36,2048,0.013619
Qwen/Qwen3-32B,c4,34,37,128,0.096048
Qwen/Qwen3-32B,c4,34,37,512,0.050278
Qwen/Qwen3-32B,c4,34,37,2048,0.028742
Qwen/Qwen3-32B,c4,34,38,128,0.122293
Qwen/Qwen3-32B,c4,34,38,512,0.047107
Qwen/Qwen3-32B,c4,34,38,2048,0.017887
Qwen/Qwen3-32B,c4,34,39,128,0.057388
Qwen/Qwen3-32B,c4,34,39,512,0.030364
Qwen/Qwen3-32B,c4,34,39,2048,0.015982
Qwen/Qwen3-32B,c4,34,40,128,0.065011
Qwen/Qwen3-32B,c4,34,40,512,0.033430
Qwen/Qwen3-32B,c4,34,40,2048,0.029027
Qwen/Qwen3-32B,c4,34,41,128,0.051005
Qwen/Qwen3-32B,c4,34,41,512,0.023702
Qwen/Qwen3-32B,c4,34,41,2048,0.014142
Qwen/Qwen3-32B,c4,34,42,128,0.053294
Qwen/Qwen3-32B,c4,34,42,512,0.028141
Qwen/Qwen3-32B,c4,34,42,2048,0.013909
Qwen/Qwen3-32B,c4,34,43,128,0.050560
Qwen/Qwen3-32B,c4,34,43,512,0.022270
Qwen/Qwen3-32B,c4,34,43,2048,0.011616
Qwen/Qwen3-32B,c4,34,44,128,0.050768
Qwen/Qwen3-32B,c4,34,44,512,0.023169
Qwen/Qwen3-32B,c4,34,44,2048,0.015389
Qwen/Qwen3-32B,c4,34,45,128,0.047944
Qwen/Qwen3-32B,c4,34,45,512,0.026288
Qwen/Qwen3-32B,c4,34,45,2048,0.024899
Qwen/Qwen3-32B,c4,34,46,128,0.037926
Qwen/Qwen3-32B,c4,34,46,512,0.016780
Qwen/Qwen3-32B,c4,34,46,2048,0.012222
Qwen/Qwen3-32B,c4,34,47,128,0.029316
Qwen/Qwen3-32B,c4,34,47,512,0.011556
Qwen/Qwen3-32B,c4,34,47,2048,0.007377
Qwen/Qwen3-32B,c4,34,48,128,0.036878
Qwen/Qwen3-32B,c4,34,48,512,0.015001
Qwen/Qwen3-32B,c4,34,48,2048,0.013407
Qwen/Qwen3-32B,c4,34,49,128,0.041549
Qwen/Qwen3-32B,c4,34,49,512,0.018165
Qwen/Qwen3-32B,c4,34,49,2048,0.011537
Qwen/Qwen3-32B,c4,34,50,128,0.024552
Qwen/Qwen3-32B,c4,34,50,512,0.011394
Qwen/Qwen3-32B,c4,34,50,2048,0.006287
Qwen/Qwen3-32B,c4,34,51,128,0.035180
Qwen/Qwen3-32B,c4,34,51,512,0.017066
Qwen/Qwen3-32B,c4,34,51,2048,0.012818
Qwen/Qwen3-32B,c4,34,52,128,0.035618
Qwen/Qwen3-32B,c4,34,52,512,0.019343
Qwen/Qwen3-32B,c4,34,52,2048,0.013698
Qwen/Qwen3-32B,c4,34,53,128,0.039393
Qwen/Qwen3-32B,c4,34,53,512,0.014582
Qwen/Qwen3-32B,c4,34,53,2048,0.007145
Qwen/Qwen3-32B,c4,34,54,128,0.158284
Qwen/Qwen3-32B,c4,34,54,512,0.083418
Qwen/Qwen3-32B,c4,34,54,2048,0.024711
Qwen/Qwen3-32B,c4,34,55,128,0.038866
Qwen/Qwen3-32B,c4,34,55,512,0.020048
Qwen/Qwen3-32B,c4,34,55,2048,0.015858
Qwen/Qwen3-32B,c4,34,56,128,0.076683
Qwen/Qwen3-32B,c4,34,56,512,0.024454
Qwen/Qwen3-32B,c4,34,56,2048,0.015062
Qwen/Qwen3-32B,c4,34,57,128,0.035471
Qwen/Qwen3-32B,c4,34,57,512,0.013916
Qwen/Qwen3-32B,c4,34,57,2048,0.005894
Qwen/Qwen3-32B,c4,34,58,128,0.083469
Qwen/Qwen3-32B,c4,34,58,512,0.034273
Qwen/Qwen3-32B,c4,34,58,2048,0.014160
Qwen/Qwen3-32B,c4,34,59,128,0.036004
Qwen/Qwen3-32B,c4,34,59,512,0.012461
Qwen/Qwen3-32B,c4,34,59,2048,0.005723
Qwen/Qwen3-32B,c4,34,60,128,0.021853
Qwen/Qwen3-32B,c4,34,60,512,0.009369
Qwen/Qwen3-32B,c4,34,60,2048,0.003467
Qwen/Qwen3-32B,c4,34,61,128,0.076786
Qwen/Qwen3-32B,c4,34,61,512,0.027857
Qwen/Qwen3-32B,c4,34,61,2048,0.014117
Qwen/Qwen3-32B,c4,34,62,128,0.024542
Qwen/Qwen3-32B,c4,34,62,512,0.008256
Qwen/Qwen3-32B,c4,34,62,2048,0.005016
Qwen/Qwen3-32B,c4,34,63,128,0.035495
Qwen/Qwen3-32B,c4,34,63,512,0.014017
Qwen/Qwen3-32B,c4,34,63,2048,0.005276
Qwen/Qwen3-32B,c4,35,0,128,0.170440
Qwen/Qwen3-32B,c4,35,0,512,0.092331
Qwen/Qwen3-32B,c4,35,0,2048,0.019216
Qwen/Qwen3-32B,c4,35,1,128,0.015553
Qwen/Qwen3-32B,c4,35,1,512,0.007129
Qwen/Qwen3-32B,c4,35,1,2048,0.003394
Qwen/Qwen3-32B,c4,35,2,128,0.022721
Qwen/Qwen3-32B,c4,35,2,512,0.011431
Qwen/Qwen3-32B,c4,35,2,2048,0.005123
Qwen/Qwen3-32B,c4,35,3,128,0.125310
Qwen/Qwen3-32B,c4,35,3,512,0.063806
Qwen/Qwen3-32B,c4,35,3,2048,0.016390
Qwen/Qwen3-32B,c4,35,4,128,0.031679
Qwen/Qwen3-32B,c4,35,4,512,0.014908
Qwen/Qwen3-32B,c4,35,4,2048,0.006021
Qwen/Qwen3-32B,c4,35,5,128,0.049298
Qwen/Qwen3-32B,c4,35,5,512,0.019755
Qwen/Qwen3-32B,c4,35,5,2048,0.006548
Qwen/Qwen3-32B,c4,35,6,128,0.036317
Qwen/Qwen3-32B,c4,35,6,512,0.016857
Qwen/Qwen3-32B,c4,35,6,2048,0.006506
Qwen/Qwen3-32B,c4,35,7,128,0.055620
Qwen/Qwen3-32B,c4,35,7,512,0.021317
Qwen/Qwen3-32B,c4,35,7,2048,0.006224
Qwen/Qwen3-32B,c4,35,8,128,0.208454
Qwen/Qwen3-32B,c4,35,8,512,0.103191
Qwen/Qwen3-32B,c4,35,8,2048,0.013941
Qwen/Qwen3-32B,c4,35,9,128,0.041196
Qwen/Qwen3-32B,c4,35,9,512,0.017469
Qwen/Qwen3-32B,c4,35,9,2048,0.003150
Qwen/Qwen3-32B,c4,35,10,128,0.274861
Qwen/Qwen3-32B,c4,35,10,512,0.161391
Qwen/Qwen3-32B,c4,35,10,2048,0.050594
Qwen/Qwen3-32B,c4,35,11,128,0.151602
Qwen/Qwen3-32B,c4,35,11,512,0.068000
Qwen/Qwen3-32B,c4,35,11,2048,0.012728
Qwen/Qwen3-32B,c4,35,12,128,0.058953
Qwen/Qwen3-32B,c4,35,12,512,0.023349
Qwen/Qwen3-32B,c4,35,12,2048,0.003984
Qwen/Qwen3-32B,c4,35,13,128,0.108454
Qwen/Qwen3-32B,c4,35,13,512,0.060728
Qwen/Qwen3-32B,c4,35,13,2048,0.011895
Qwen/Qwen3-32B,c4,35,14,128,0.076124
Qwen/Qwen3-32B,c4,35,14,512,0.024295
Qwen/Qwen3-32B,c4,35,14,2048,0.004574
Qwen/Qwen3-32B,c4,35,15,128,0.115897
Qwen/Qwen3-32B,c4,35,15,512,0.042811
Qwen/Qwen3-32B,c4,35,15,2048,0.006777
Qwen/Qwen3-32B,c4,35,16,128,0.078763
Qwen/Qwen3-32B,c4,35,16,512,0.031477
Qwen/Qwen3-32B,c4,35,16,2048,0.007073
Qwen/Qwen3-32B,c4,35,17,128,0.015983
Qwen/Qwen3-32B,c4,35,17,512,0.007186
Qwen/Qwen3-32B,c4,35,17,2048,0.001462
Qwen/Qwen3-32B,c4,35,18,128,0.060377
Qwen/Qwen3-32B,c4,35,18,512,0.033568
Qwen/Qwen3-32B,c4,35,18,2048,0.010143
Qwen/Qwen3-32B,c4,35,19,128,0.045127
Qwen/Qwen3-32B,c4,35,19,512,0.011637
Qwen/Qwen3-32B,c4,35,19,2048,0.002071
Qwen/Qwen3-32B,c4,35,20,128,0.031938
Qwen/Qwen3-32B,c4,35,20,512,0.012061
Qwen/Qwen3-32B,c4,35,20,2048,0.002286
Qwen/Qwen3-32B,c4,35,21,128,0.050448
Qwen/Qwen3-32B,c4,35,21,512,0.020105
Qwen/Qwen3-32B,c4,35,21,2048,0.003930
Qwen/Qwen3-32B,c4,35,22,128,0.190586
Qwen/Qwen3-32B,c4,35,22,512,0.097964
Qwen/Qwen3-32B,c4,35,22,2048,0.019001
Qwen/Qwen3-32B,c4,35,23,128,0.239285
Qwen/Qwen3-32B,c4,35,23,512,0.098254
Qwen/Qwen3-32B,c4,35,23,2048,0.025320
Qwen/Qwen3-32B,c4,35,24,128,0.022909
Qwen/Qwen3-32B,c4,35,24,512,0.010336
Qwen/Qwen3-32B,c4,35,24,2048,0.002473
Qwen/Qwen3-32B,c4,35,25,128,0.033420
Qwen/Qwen3-32B,c4,35,25,512,0.015362
Qwen/Qwen3-32B,c4,35,25,2048,0.003676
Qwen/Qwen3-32B,c4,35,26,128,0.020166
Qwen/Qwen3-32B,c4,35,26,512,0.009248
Qwen/Qwen3-32B,c4,35,26,2048,0.002227
Qwen/Qwen3-32B,c4,35,27,128,0.394767
Qwen/Qwen3-32B,c4,35,27,512,0.135352
Qwen/Qwen3-32B,c4,35,27,2048,0.014258
Qwen/Qwen3-32B,c4,35,28,128,0.059880
Qwen/Qwen3-32B,c4,35,28,512,0.021523
Qwen/Qwen3-32B,c4,35,28,2048,0.003352
Qwen/Qwen3-32B,c4,35,29,128,0.025422
Qwen/Qwen3-32B,c4,35,29,512,0.009383
Qwen/Qwen3-32B,c4,35,29,2048,0.002686
Qwen/Qwen3-32B,c4,35,30,128,0.039597
Qwen/Qwen3-32B,c4,35,30,512,0.015372
Qwen/Qwen3-32B,c4,35,30,2048,0.002904
Qwen/Qwen3-32B,c4,35,31,128,0.162076
Qwen/Qwen3-32B,c4,35,31,512,0.072735
Qwen/Qwen3-32B,c4,35,31,2048,0.014988
Qwen/Qwen3-32B,c4,35,32,128,0.018256
Qwen/Qwen3-32B,c4,35,32,512,0.008198
Qwen/Qwen3-32B,c4,35,32,2048,0.001367
Qwen/Qwen3-32B,c4,35,33,128,0.013977
Qwen/Qwen3-32B,c4,35,33,512,0.006465
Qwen/Qwen3-32B,c4,35,33,2048,0.001512
Qwen/Qwen3-32B,c4,35,34,128,0.032801
Qwen/Qwen3-32B,c4,35,34,512,0.017370
Qwen/Qwen3-32B,c4,35,34,2048,0.005396
Qwen/Qwen3-32B,c4,35,35,128,0.047113
Qwen/Qwen3-32B,c4,35,35,512,0.020685
Qwen/Qwen3-32B,c4,35,35,2048,0.002350
Qwen/Qwen3-32B,c4,35,36,128,0.023316
Qwen/Qwen3-32B,c4,35,36,512,0.009572
Qwen/Qwen3-32B,c4,35,36,2048,0.002470
Qwen/Qwen3-32B,c4,35,37,128,0.038886
Qwen/Qwen3-32B,c4,35,37,512,0.016163
Qwen/Qwen3-32B,c4,35,37,2048,0.003046
Qwen/Qwen3-32B,c4,35,38,128,0.039955
Qwen/Qwen3-32B,c4,35,38,512,0.014844
Qwen/Qwen3-32B,c4,35,38,2048,0.001751
Qwen/Qwen3-32B,c4,35,39,128,0.067569
Qwen/Qwen3-32B,c4,35,39,512,0.024642
Qwen/Qwen3-32B,c4,35,39,2048,0.005299
Qwen/Qwen3-32B,c4,35,40,128,0.023956
Qwen/Qwen3-32B,c4,35,40,512,0.010118
Qwen/Qwen3-32B,c4,35,40,2048,0.002490
Qwen/Qwen3-32B,c4,35,41,128,0.019214
Qwen/Qwen3-32B,c4,35,41,512,0.008457
Qwen/Qwen3-32B,c4,35,41,2048,0.001836
Qwen/Qwen3-32B,c4,35,42,128,0.019505
Qwen/Qwen3-32B,c4,35,42,512,0.006934
Qwen/Qwen3-32B,c4,35,42,2048,0.001729
Qwen/Qwen3-32B,c4,35,43,128,0.048708
Qwen/Qwen3-32B,c4,35,43,512,0.020163
Qwen/Qwen3-32B,c4,35,43,2048,0.003914
Qwen/Qwen3-32B,c4,35,44,128,0.048659
Qwen/Qwen3-32B,c4,35,44,512,0.020413
Qwen/Qwen3-32B,c4,35,44,2048,0.003835
Qwen/Qwen3-32B,c4,35,45,128,0.038212
Qwen/Qwen3-32B,c4,35,45,512,0.015789
Qwen/Qwen3-32B,c4,35,45,2048,0.003402
Qwen/Qwen3-32B,c4,35,46,128,0.037332
Qwen/Qwen3-32B,c4,35,46,512,0.015823
Qwen/Qwen3-32B,c4,35,46,2048,0.004165
Qwen/Qwen3-32B,c4,35,47,128,0.050017
Qwen/Qwen3-32B,c4,35,47,512,0.018569
Qwen/Qwen3-32B,c4,35,47,2048,0.005130
Qwen/Qwen3-32B,c4,35,48,128,0.033504
Qwen/Qwen3-32B,c4,35,48,512,0.017913
Qwen/Qwen3-32B,c4,35,48,2048,0.004516
Qwen/Qwen3-32B,c4,35,49,128,0.045338
Qwen/Qwen3-32B,c4,35,49,512,0.021340
Qwen/Qwen3-32B,c4,35,49,2048,0.004845
Qwen/Qwen3-32B,c4,35,50,128,0.138483
Qwen/Qwen3-32B,c4,35,50,512,0.079252
Qwen/Qwen3-32B,c4,35,50,2048,0.019419
Qwen/Qwen3-32B,c4,35,51,128,0.036985
Qwen/Qwen3-32B,c4,35,51,512,0.014413
Qwen/Qwen3-32B,c4,35,51,2048,0.003073
Qwen/Qwen3-32B,c4,35,52,128,0.059740
Qwen/Qwen3-32B,c4,35,52,512,0.023857
Qwen/Qwen3-32B,c4,35,52,2048,0.004474
Qwen/Qwen3-32B,c4,35,53,128,0.114774
Qwen/Qwen3-32B,c4,35,53,512,0.054610
Qwen/Qwen3-32B,c4,35,53,2048,0.013055
Qwen/Qwen3-32B,c4,35,54,128,0.047816
Qwen/Qwen3-32B,c4,35,54,512,0.020614
Qwen/Qwen3-32B,c4,35,54,2048,0.004366
Qwen/Qwen3-32B,c4,35,55,128,0.048754
Qwen/Qwen3-32B,c4,35,55,512,0.021498
Qwen/Qwen3-32B,c4,35,55,2048,0.004583
Qwen/Qwen3-32B,c4,35,56,128,0.026642
Qwen/Qwen3-32B,c4,35,56,512,0.011082
Qwen/Qwen3-32B,c4,35,56,2048,0.002978
Qwen/Qwen3-32B,c4,35,57,128,0.042047
Qwen/Qwen3-32B,c4,35,57,512,0.022429
Qwen/Qwen3-32B,c4,35,57,2048,0.004251
Qwen/Qwen3-32B,c4,35,58,128,0.153698
Qwen/Qwen3-32B,c4,35,58,512,0.085417
Qwen/Qwen3-32B,c4,35,58,2048,0.020739
Qwen/Qwen3-32B,c4,35,59,128,0.022759
Qwen/Qwen3-32B,c4,35,59,512,0.014429
Qwen/Qwen3-32B,c4,35,59,2048,0.002779
Qwen/Qwen3-32B,c4,35,60,128,0.092349
Qwen/Qwen3-32B,c4,35,60,512,0.042802
Qwen/Qwen3-32B,c4,35,60,2048,0.011534
Qwen/Qwen3-32B,c4,35,61,128,0.013247
Qwen/Qwen3-32B,c4,35,61,512,0.006894
Qwen/Qwen3-32B,c4,35,61,2048,0.001791
Qwen/Qwen3-32B,c4,35,62,128,0.129282
Qwen/Qwen3-32B,c4,35,62,512,0.067380
Qwen/Qwen3-32B,c4,35,62,2048,0.017886
Qwen/Qwen3-32B,c4,35,63,128,0.113164
Qwen/Qwen3-32B,c4,35,63,512,0.053963
Qwen/Qwen3-32B,c4,35,63,2048,0.012118
Qwen/Qwen3-32B,c4,36,0,128,0.038678
Qwen/Qwen3-32B,c4,36,0,512,0.027902
Qwen/Qwen3-32B,c4,36,0,2048,0.009085
Qwen/Qwen3-32B,c4,36,1,128,0.113340
Qwen/Qwen3-32B,c4,36,1,512,0.097829
Qwen/Qwen3-32B,c4,36,1,2048,0.035117
Qwen/Qwen3-32B,c4,36,2,128,0.054022
Qwen/Qwen3-32B,c4,36,2,512,0.022377
Qwen/Qwen3-32B,c4,36,2,2048,0.005692
Qwen/Qwen3-32B,c4,36,3,128,0.033470
Qwen/Qwen3-32B,c4,36,3,512,0.028378
Qwen/Qwen3-32B,c4,36,3,2048,0.011606
Qwen/Qwen3-32B,c4,36,4,128,0.043729
Qwen/Qwen3-32B,c4,36,4,512,0.035752
Qwen/Qwen3-32B,c4,36,4,2048,0.011153
Qwen/Qwen3-32B,c4,36,5,128,0.049751
Qwen/Qwen3-32B,c4,36,5,512,0.019440
Qwen/Qwen3-32B,c4,36,5,2048,0.006440
Qwen/Qwen3-32B,c4,36,6,128,0.035079
Qwen/Qwen3-32B,c4,36,6,512,0.027060
Qwen/Qwen3-32B,c4,36,6,2048,0.009959
Qwen/Qwen3-32B,c4,36,7,128,0.051200
Qwen/Qwen3-32B,c4,36,7,512,0.044109
Qwen/Qwen3-32B,c4,36,7,2048,0.013585
Qwen/Qwen3-32B,c4,36,8,128,0.045087
Qwen/Qwen3-32B,c4,36,8,512,0.033404
Qwen/Qwen3-32B,c4,36,8,2048,0.010268
Qwen/Qwen3-32B,c4,36,9,128,0.225773
Qwen/Qwen3-32B,c4,36,9,512,0.138177
Qwen/Qwen3-32B,c4,36,9,2048,0.039353
Qwen/Qwen3-32B,c4,36,10,128,0.041665
Qwen/Qwen3-32B,c4,36,10,512,0.026010
Qwen/Qwen3-32B,c4,36,10,2048,0.009690
Qwen/Qwen3-32B,c4,36,11,128,0.200452
Qwen/Qwen3-32B,c4,36,11,512,0.115941
Qwen/Qwen3-32B,c4,36,11,2048,0.028492
Qwen/Qwen3-32B,c4,36,12,128,0.136017
Qwen/Qwen3-32B,c4,36,12,512,0.067322
Qwen/Qwen3-32B,c4,36,12,2048,0.024513
Qwen/Qwen3-32B,c4,36,13,128,0.085549
Qwen/Qwen3-32B,c4,36,13,512,0.051512
Qwen/Qwen3-32B,c4,36,13,2048,0.015404
Qwen/Qwen3-32B,c4,36,14,128,0.132936
Qwen/Qwen3-32B,c4,36,14,512,0.070513
Qwen/Qwen3-32B,c4,36,14,2048,0.018452
Qwen/Qwen3-32B,c4,36,15,128,0.092316
Qwen/Qwen3-32B,c4,36,15,512,0.046707
Qwen/Qwen3-32B,c4,36,15,2048,0.009639
Qwen/Qwen3-32B,c4,36,16,128,0.012652
Qwen/Qwen3-32B,c4,36,16,512,0.012896
Qwen/Qwen3-32B,c4,36,16,2048,0.018070
Qwen/Qwen3-32B,c4,36,17,128,0.157183
Qwen/Qwen3-32B,c4,36,17,512,0.116907
Qwen/Qwen3-32B,c4,36,17,2048,0.001499
Qwen/Qwen3-32B,c4,36,18,128,0.025819
Qwen/Qwen3-32B,c4,36,18,512,0.015365
Qwen/Qwen3-32B,c4,36,18,2048,0.004867
Qwen/Qwen3-32B,c4,36,19,128,0.074011
Qwen/Qwen3-32B,c4,36,19,512,0.082800
Qwen/Qwen3-32B,c4,36,19,2048,0.017615
Qwen/Qwen3-32B,c4,36,20,128,0.192401
Qwen/Qwen3-32B,c4,36,20,512,0.019245
Qwen/Qwen3-32B,c4,36,20,2048,0.001773
Qwen/Qwen3-32B,c4,36,21,128,0.039814
Qwen/Qwen3-32B,c4,36,21,512,0.014919
Qwen/Qwen3-32B,c4,36,21,2048,0.002731
Qwen/Qwen3-32B,c4,36,22,128,0.014339
Qwen/Qwen3-32B,c4,36,22,512,0.010947
Qwen/Qwen3-32B,c4,36,22,2048,0.003083
Qwen/Qwen3-32B,c4,36,23,128,0.030162
Qwen/Qwen3-32B,c4,36,23,512,0.004557
Qwen/Qwen3-32B,c4,36,23,2048,0.001304
Qwen/Qwen3-32B,c4,36,24,128,0.173529
Qwen/Qwen3-32B,c4,36,24,512,0.084809
Qwen/Qwen3-32B,c4,36,24,2048,0.030617
Qwen/Qwen3-32B,c4,36,25,128,0.075286
Qwen/Qwen3-32B,c4,36,25,512,0.069562
Qwen/Qwen3-32B,c4,36,25,2048,0.030950
Qwen/Qwen3-32B,c4,36,26,128,0.101742
Qwen/Qwen3-32B,c4,36,26,512,0.048499
Qwen/Qwen3-32B,c4,36,26,2048,0.018805
Qwen/Qwen3-32B,c4,36,27,128,0.160487
Qwen/Qwen3-32B,c4,36,27,512,0.089551
Qwen/Qwen3-32B,c4,36,27,2048,0.041596
Qwen/Qwen3-32B,c4,36,28,128,0.418969
Qwen/Qwen3-32B,c4,36,28,512,0.188421
Qwen/Qwen3-32B,c4,36,28,2048,0.048464
Qwen/Qwen3-32B,c4,36,29,128,0.300269
Qwen/Qwen3-32B,c4,36,29,512,0.123589
Qwen/Qwen3-32B,c4,36,29,2048,0.024897
Qwen/Qwen3-32B,c4,36,30,128,0.079111
Qwen/Qwen3-32B,c4,36,30,512,0.024113
Qwen/Qwen3-32B,c4,36,30,2048,0.007017
Qwen/Qwen3-32B,c4,36,31,128,0.558880
Qwen/Qwen3-32B,c4,36,31,512,0.344761
Qwen/Qwen3-32B,c4,36,31,2048,0.105871
Qwen/Qwen3-32B,c4,36,32,128,0.072876
Qwen/Qwen3-32B,c4,36,32,512,0.041568
Qwen/Qwen3-32B,c4,36,32,2048,0.017856
Qwen/Qwen3-32B,c4,36,33,128,0.048291
Qwen/Qwen3-32B,c4,36,33,512,0.030768
Qwen/Qwen3-32B,c4,36,33,2048,0.011398
Qwen/Qwen3-32B,c4,36,34,128,0.066006
Qwen/Qwen3-32B,c4,36,34,512,0.041040
Qwen/Qwen3-32B,c4,36,34,2048,0.016713
Qwen/Qwen3-32B,c4,36,35,128,0.054838
Qwen/Qwen3-32B,c4,36,35,512,0.038529
Qwen/Qwen3-32B,c4,36,35,2048,0.015894
Qwen/Qwen3-32B,c4,36,36,128,0.047852
Qwen/Qwen3-32B,c4,36,36,512,0.034621
Qwen/Qwen3-32B,c4,36,36,2048,0.011607
Qwen/Qwen3-32B,c4,36,37,128,0.065689
Qwen/Qwen3-32B,c4,36,37,512,0.044020
Qwen/Qwen3-32B,c4,36,37,2048,0.014628
Qwen/Qwen3-32B,c4,36,38,128,0.065012
Qwen/Qwen3-32B,c4,36,38,512,0.036987
Qwen/Qwen3-32B,c4,36,38,2048,0.014874
Qwen/Qwen3-32B,c4,36,39,128,0.074819
Qwen/Qwen3-32B,c4,36,39,512,0.050051
Qwen/Qwen3-32B,c4,36,39,2048,0.026304
Qwen/Qwen3-32B,c4,36,40,128,0.044848
Qwen/Qwen3-32B,c4,36,40,512,0.024313
Qwen/Qwen3-32B,c4,36,40,2048,0.004026
Qwen/Qwen3-32B,c4,36,41,128,0.029051
Qwen/Qwen3-32B,c4,36,41,512,0.012607
Qwen/Qwen3-32B,c4,36,41,2048,0.002340
Qwen/Qwen3-32B,c4,36,42,128,0.084454
Qwen/Qwen3-32B,c4,36,42,512,0.050054
Qwen/Qwen3-32B,c4,36,42,2048,0.010890
Qwen/Qwen3-32B,c4,36,43,128,0.043729
Qwen/Qwen3-32B,c4,36,43,512,0.022411
Qwen/Qwen3-32B,c4,36,43,2048,0.003587
Qwen/Qwen3-32B,c4,36,44,128,0.037094
Qwen/Qwen3-32B,c4,36,44,512,0.018854
Qwen/Qwen3-32B,c4,36,44,2048,0.003071
Qwen/Qwen3-32B,c4,36,45,128,0.080501
Qwen/Qwen3-32B,c4,36,45,512,0.043441
Qwen/Qwen3-32B,c4,36,45,2048,0.006097
Qwen/Qwen3-32B,c4,36,46,128,0.102012
Qwen/Qwen3-32B,c4,36,46,512,0.050116
Qwen/Qwen3-32B,c4,36,46,2048,0.012689
Qwen/Qwen3-32B,c4,36,47,128,0.083375
Qwen/Qwen3-32B,c4,36,47,512,0.040137
Qwen/Qwen3-32B,c4,36,47,2048,0.008268
Qwen/Qwen3-32B,c4,36,48,128,0.036899
Qwen/Qwen3-32B,c4,36,48,512,0.017847
Qwen/Qwen3-32B,c4,36,48,2048,0.004466
Qwen/Qwen3-32B,c4,36,49,128,0.031603
Qwen/Qwen3-32B,c4,36,49,512,0.016208
Qwen/Qwen3-32B,c4,36,49,2048,0.006618
Qwen/Qwen3-32B,c4,36,50,128,0.022498
Qwen/Qwen3-32B,c4,36,50,512,0.012782
Qwen/Qwen3-32B,c4,36,50,2048,0.003094
Qwen/Qwen3-32B,c4,36,51,128,0.051193
Qwen/Qwen3-32B,c4,36,51,512,0.020352
Qwen/Qwen3-32B,c4,36,51,2048,0.006307
Qwen/Qwen3-32B,c4,36,52,128,0.060119
Qwen/Qwen3-32B,c4,36,52,512,0.023872
Qwen/Qwen3-32B,c4,36,52,2048,0.007472
Qwen/Qwen3-32B,c4,36,53,128,0.059037
Qwen/Qwen3-32B,c4,36,53,512,0.024903
Qwen/Qwen3-32B,c4,36,53,2048,0.008543
Qwen/Qwen3-32B,c4,36,54,128,0.022461
Qwen/Qwen3-32B,c4,36,54,512,0.008889
Qwen/Qwen3-32B,c4,36,54,2048,0.002586
Qwen/Qwen3-32B,c4,36,55,128,0.103319
Qwen/Qwen3-32B,c4,36,55,512,0.033758
Qwen/Qwen3-32B,c4,36,55,2048,0.008273
Qwen/Qwen3-32B,c4,36,56,128,0.129405
Qwen/Qwen3-32B,c4,36,56,512,0.072114
Qwen/Qwen3-32B,c4,36,56,2048,0.016440
Qwen/Qwen3-32B,c4,36,57,128,0.318373
Qwen/Qwen3-32B,c4,36,57,512,0.173407
Qwen/Qwen3-32B,c4,36,57,2048,0.051127
Qwen/Qwen3-32B,c4,36,58,128,0.052528
Qwen/Qwen3-32B,c4,36,58,512,0.033199
Qwen/Qwen3-32B,c4,36,58,2048,0.010417
Qwen/Qwen3-32B,c4,36,59,128,0.076046
Qwen/Qwen3-32B,c4,36,59,512,0.029119
Qwen/Qwen3-32B,c4,36,59,2048,0.012855
Qwen/Qwen3-32B,c4,36,60,128,0.107793
Qwen/Qwen3-32B,c4,36,60,512,0.057511
Qwen/Qwen3-32B,c4,36,60,2048,0.014476
Qwen/Qwen3-32B,c4,36,61,128,0.098019
Qwen/Qwen3-32B,c4,36,61,512,0.044930
Qwen/Qwen3-32B,c4,36,61,2048,0.018062
Qwen/Qwen3-32B,c4,36,62,128,0.225766
Qwen/Qwen3-32B,c4,36,62,512,0.108353
Qwen/Qwen3-32B,c4,36,62,2048,0.042253
Qwen/Qwen3-32B,c4,36,63,128,0.142522
Qwen/Qwen3-32B,c4,36,63,512,0.072778
Qwen/Qwen3-32B,c4,36,63,2048,0.024789
Qwen/Qwen3-32B,c4,37,0,128,0.264445
Qwen/Qwen3-32B,c4,37,0,512,0.173230
Qwen/Qwen3-32B,c4,37,0,2048,0.053414
Qwen/Qwen3-32B,c4,37,1,128,0.242370
Qwen/Qwen3-32B,c4,37,1,512,0.072371
Qwen/Qwen3-32B,c4,37,1,2048,0.009558
Qwen/Qwen3-32B,c4,37,2,128,0.057428
Qwen/Qwen3-32B,c4,37,2,512,0.042482
Qwen/Qwen3-32B,c4,37,2,2048,0.016017
Qwen/Qwen3-32B,c4,37,3,128,0.098771
Qwen/Qwen3-32B,c4,37,3,512,0.034450
Qwen/Qwen3-32B,c4,37,3,2048,0.009724
Qwen/Qwen3-32B,c4,37,4,128,0.074935
Qwen/Qwen3-32B,c4,37,4,512,0.018037
Qwen/Qwen3-32B,c4,37,4,2048,0.004108
Qwen/Qwen3-32B,c4,37,5,128,0.191773
Qwen/Qwen3-32B,c4,37,5,512,0.155310
Qwen/Qwen3-32B,c4,37,5,2048,0.044607
Qwen/Qwen3-32B,c4,37,6,128,0.033698
Qwen/Qwen3-32B,c4,37,6,512,0.016927
Qwen/Qwen3-32B,c4,37,6,2048,0.004522
Qwen/Qwen3-32B,c4,37,7,128,0.021389
Qwen/Qwen3-32B,c4,37,7,512,0.012442
Qwen/Qwen3-32B,c4,37,7,2048,0.004030
Qwen/Qwen3-32B,c4,37,8,128,0.088312
Qwen/Qwen3-32B,c4,37,8,512,0.036132
Qwen/Qwen3-32B,c4,37,8,2048,0.007964
Qwen/Qwen3-32B,c4,37,9,128,0.014517
Qwen/Qwen3-32B,c4,37,9,512,0.007589
Qwen/Qwen3-32B,c4,37,9,2048,0.001173
Qwen/Qwen3-32B,c4,37,10,128,0.065524
Qwen/Qwen3-32B,c4,37,10,512,0.029622
Qwen/Qwen3-32B,c4,37,10,2048,0.006990
Qwen/Qwen3-32B,c4,37,11,128,0.135192
Qwen/Qwen3-32B,c4,37,11,512,0.050043
Qwen/Qwen3-32B,c4,37,11,2048,0.013723
Qwen/Qwen3-32B,c4,37,12,128,0.032488
Qwen/Qwen3-32B,c4,37,12,512,0.018175
Qwen/Qwen3-32B,c4,37,12,2048,0.004566
Qwen/Qwen3-32B,c4,37,13,128,0.060765
Qwen/Qwen3-32B,c4,37,13,512,0.025499
Qwen/Qwen3-32B,c4,37,13,2048,0.007328
Qwen/Qwen3-32B,c4,37,14,128,0.098223
Qwen/Qwen3-32B,c4,37,14,512,0.038173
Qwen/Qwen3-32B,c4,37,14,2048,0.006190
Qwen/Qwen3-32B,c4,37,15,128,0.052951
Qwen/Qwen3-32B,c4,37,15,512,0.018509
Qwen/Qwen3-32B,c4,37,15,2048,0.002937
Qwen/Qwen3-32B,c4,37,16,128,0.166351
Qwen/Qwen3-32B,c4,37,16,512,0.102924
Qwen/Qwen3-32B,c4,37,16,2048,0.036874
Qwen/Qwen3-32B,c4,37,17,128,0.133216
Qwen/Qwen3-32B,c4,37,17,512,0.065081
Qwen/Qwen3-32B,c4,37,17,2048,0.018894
Qwen/Qwen3-32B,c4,37,18,128,0.108854
Qwen/Qwen3-32B,c4,37,18,512,0.040983
Qwen/Qwen3-32B,c4,37,18,2048,0.007121
Qwen/Qwen3-32B,c4,37,19,128,0.227223
Qwen/Qwen3-32B,c4,37,19,512,0.121844
Qwen/Qwen3-32B,c4,37,19,2048,0.035866
Qwen/Qwen3-32B,c4,37,20,128,0.566159
Qwen/Qwen3-32B,c4,37,20,512,0.317325
Qwen/Qwen3-32B,c4,37,20,2048,0.088371
Qwen/Qwen3-32B,c4,37,21,128,0.033189
Qwen/Qwen3-32B,c4,37,21,512,0.010301
Qwen/Qwen3-32B,c4,37,21,2048,0.001757
Qwen/Qwen3-32B,c4,37,22,128,0.122332
Qwen/Qwen3-32B,c4,37,22,512,0.050696
Qwen/Qwen3-32B,c4,37,22,2048,0.009478
Qwen/Qwen3-32B,c4,37,23,128,0.114811
Qwen/Qwen3-32B,c4,37,23,512,0.043548
Qwen/Qwen3-32B,c4,37,23,2048,0.012958
Qwen/Qwen3-32B,c4,37,24,128,0.115889
Qwen/Qwen3-32B,c4,37,24,512,0.048638
Qwen/Qwen3-32B,c4,37,24,2048,0.006658
Qwen/Qwen3-32B,c4,37,25,128,0.033824
Qwen/Qwen3-32B,c4,37,25,512,0.013734
Qwen/Qwen3-32B,c4,37,25,2048,0.003198
Qwen/Qwen3-32B,c4,37,26,128,0.017909
Qwen/Qwen3-32B,c4,37,26,512,0.009009
Qwen/Qwen3-32B,c4,37,26,2048,0.002293
Qwen/Qwen3-32B,c4,37,27,128,0.054573
Qwen/Qwen3-32B,c4,37,27,512,0.020785
Qwen/Qwen3-32B,c4,37,27,2048,0.003017
Qwen/Qwen3-32B,c4,37,28,128,0.072059
Qwen/Qwen3-32B,c4,37,28,512,0.027410
Qwen/Qwen3-32B,c4,37,28,2048,0.003105
Qwen/Qwen3-32B,c4,37,29,128,0.026102
Qwen/Qwen3-32B,c4,37,29,512,0.011802
Qwen/Qwen3-32B,c4,37,29,2048,0.002487
Qwen/Qwen3-32B,c4,37,30,128,0.144522
Qwen/Qwen3-32B,c4,37,30,512,0.060874
Qwen/Qwen3-32B,c4,37,30,2048,0.013627
Qwen/Qwen3-32B,c4,37,31,128,0.135637
Qwen/Qwen3-32B,c4,37,31,512,0.071525
Qwen/Qwen3-32B,c4,37,31,2048,0.015521
Qwen/Qwen3-32B,c4,37,32,128,0.135535
Qwen/Qwen3-32B,c4,37,32,512,0.048898
Qwen/Qwen3-32B,c4,37,32,2048,0.012234
Qwen/Qwen3-32B,c4,37,33,128,0.154405
Qwen/Qwen3-32B,c4,37,33,512,0.068789
Qwen/Qwen3-32B,c4,37,33,2048,0.018727
Qwen/Qwen3-32B,c4,37,34,128,0.287173
Qwen/Qwen3-32B,c4,37,34,512,0.156523
Qwen/Qwen3-32B,c4,37,34,2048,0.035418
Qwen/Qwen3-32B,c4,37,35,128,0.125124
Qwen/Qwen3-32B,c4,37,35,512,0.058062
Qwen/Qwen3-32B,c4,37,35,2048,0.014337
Qwen/Qwen3-32B,c4,37,36,128,0.176008
Qwen/Qwen3-32B,c4,37,36,512,0.088286
Qwen/Qwen3-32B,c4,37,36,2048,0.021833
Qwen/Qwen3-32B,c4,37,37,128,0.086407
Qwen/Qwen3-32B,c4,37,37,512,0.046015
Qwen/Qwen3-32B,c4,37,37,2048,0.009505
Qwen/Qwen3-32B,c4,37,38,128,0.091676
Qwen/Qwen3-32B,c4,37,38,512,0.042880
Qwen/Qwen3-32B,c4,37,38,2048,0.008274
Qwen/Qwen3-32B,c4,37,39,128,0.191509
Qwen/Qwen3-32B,c4,37,39,512,0.090053
Qwen/Qwen3-32B,c4,37,39,2048,0.011696
Qwen/Qwen3-32B,c4,37,40,128,0.218409
Qwen/Qwen3-32B,c4,37,40,512,0.096570
Qwen/Qwen3-32B,c4,37,40,2048,0.019448
Qwen/Qwen3-32B,c4,37,41,128,0.064967
Qwen/Qwen3-32B,c4,37,41,512,0.029839
Qwen/Qwen3-32B,c4,37,41,2048,0.008419
Qwen/Qwen3-32B,c4,37,42,128,0.031456
Qwen/Qwen3-32B,c4,37,42,512,0.012480
Qwen/Qwen3-32B,c4,37,42,2048,0.003001
Qwen/Qwen3-32B,c4,37,43,128,0.111264
Qwen/Qwen3-32B,c4,37,43,512,0.060824
Qwen/Qwen3-32B,c4,37,43,2048,0.015797
Qwen/Qwen3-32B,c4,37,44,128,0.167210
Qwen/Qwen3-32B,c4,37,44,512,0.064232
Qwen/Qwen3-32B,c4,37,44,2048,0.015294
Qwen/Qwen3-32B,c4,37,45,128,0.073354
Qwen/Qwen3-32B,c4,37,45,512,0.032107
Qwen/Qwen3-32B,c4,37,45,2048,0.007488
Qwen/Qwen3-32B,c4,37,46,128,0.092684
Qwen/Qwen3-32B,c4,37,46,512,0.037924
Qwen/Qwen3-32B,c4,37,46,2048,0.008511
Qwen/Qwen3-32B,c4,37,47,128,0.059074
Qwen/Qwen3-32B,c4,37,47,512,0.022595
Qwen/Qwen3-32B,c4,37,47,2048,0.005839
Qwen/Qwen3-32B,c4,37,48,128,0.073470
Qwen/Qwen3-32B,c4,37,48,512,0.028788
Qwen/Qwen3-32B,c4,37,48,2048,0.006460
Qwen/Qwen3-32B,c4,37,49,128,0.244956
Qwen/Qwen3-32B,c4,37,49,512,0.171771
Qwen/Qwen3-32B,c4,37,49,2048,0.049311
Qwen/Qwen3-32B,c4,37,50,128,0.118270
Qwen/Qwen3-32B,c4,37,50,512,0.038498
Qwen/Qwen3-32B,c4,37,50,2048,0.008755
Qwen/Qwen3-32B,c4,37,51,128,0.124339
Qwen/Qwen3-32B,c4,37,51,512,0.053095
Qwen/Qwen3-32B,c4,37,51,2048,0.009232
Qwen/Qwen3-32B,c4,37,52,128,0.211690
Qwen/Qwen3-32B,c4,37,52,512,0.052271
Qwen/Qwen3-32B,c4,37,52,2048,0.004891
Qwen/Qwen3-32B,c4,37,53,128,0.038611
Qwen/Qwen3-32B,c4,37,53,512,0.018209
Qwen/Qwen3-32B,c4,37,53,2048,0.006179
Qwen/Qwen3-32B,c4,37,54,128,0.038849
Qwen/Qwen3-32B,c4,37,54,512,0.016007
Qwen/Qwen3-32B,c4,37,54,2048,0.003308
Qwen/Qwen3-32B,c4,37,55,128,0.039014
Qwen/Qwen3-32B,c4,37,55,512,0.019875
Qwen/Qwen3-32B,c4,37,55,2048,0.004494
Qwen/Qwen3-32B,c4,37,56,128,0.112258
Qwen/Qwen3-32B,c4,37,56,512,0.052554
Qwen/Qwen3-32B,c4,37,56,2048,0.007148
Qwen/Qwen3-32B,c4,37,57,128,0.036654
Qwen/Qwen3-32B,c4,37,57,512,0.021720
Qwen/Qwen3-32B,c4,37,57,2048,0.003319
Qwen/Qwen3-32B,c4,37,58,128,0.092141
Qwen/Qwen3-32B,c4,37,58,512,0.063661
Qwen/Qwen3-32B,c4,37,58,2048,0.018083
Qwen/Qwen3-32B,c4,37,59,128,0.047959
Qwen/Qwen3-32B,c4,37,59,512,0.023024
Qwen/Qwen3-32B,c4,37,59,2048,0.003494
Qwen/Qwen3-32B,c4,37,60,128,0.067042
Qwen/Qwen3-32B,c4,37,60,512,0.035027
Qwen/Qwen3-32B,c4,37,60,2048,0.004821
Qwen/Qwen3-32B,c4,37,61,128,0.122200
Qwen/Qwen3-32B,c4,37,61,512,0.063254
Qwen/Qwen3-32B,c4,37,61,2048,0.009808
Qwen/Qwen3-32B,c4,37,62,128,0.074243
Qwen/Qwen3-32B,c4,37,62,512,0.041577
Qwen/Qwen3-32B,c4,37,62,2048,0.009262
Qwen/Qwen3-32B,c4,37,63,128,0.040127
Qwen/Qwen3-32B,c4,37,63,512,0.019507
Qwen/Qwen3-32B,c4,37,63,2048,0.003924
Qwen/Qwen3-32B,c4,38,0,128,0.066790
Qwen/Qwen3-32B,c4,38,0,512,0.029574
Qwen/Qwen3-32B,c4,38,0,2048,0.004587
Qwen/Qwen3-32B,c4,38,1,128,0.011085
Qwen/Qwen3-32B,c4,38,1,512,0.004827
Qwen/Qwen3-32B,c4,38,1,2048,0.000685
Qwen/Qwen3-32B,c4,38,2,128,0.065135
Qwen/Qwen3-32B,c4,38,2,512,0.025410
Qwen/Qwen3-32B,c4,38,2,2048,0.005032
Qwen/Qwen3-32B,c4,38,3,128,0.144610
Qwen/Qwen3-32B,c4,38,3,512,0.059516
Qwen/Qwen3-32B,c4,38,3,2048,0.010485
Qwen/Qwen3-32B,c4,38,4,128,0.072518
Qwen/Qwen3-32B,c4,38,4,512,0.031295
Qwen/Qwen3-32B,c4,38,4,2048,0.003015
Qwen/Qwen3-32B,c4,38,5,128,0.145280
Qwen/Qwen3-32B,c4,38,5,512,0.053655
Qwen/Qwen3-32B,c4,38,5,2048,0.009489
Qwen/Qwen3-32B,c4,38,6,128,0.096708
Qwen/Qwen3-32B,c4,38,6,512,0.034423
Qwen/Qwen3-32B,c4,38,6,2048,0.005503
Qwen/Qwen3-32B,c4,38,7,128,0.183096
Qwen/Qwen3-32B,c4,38,7,512,0.080288
Qwen/Qwen3-32B,c4,38,7,2048,0.018370
Qwen/Qwen3-32B,c4,38,8,128,0.152172
Qwen/Qwen3-32B,c4,38,8,512,0.080319
Qwen/Qwen3-32B,c4,38,8,2048,0.029083
Qwen/Qwen3-32B,c4,38,9,128,0.036707
Qwen/Qwen3-32B,c4,38,9,512,0.019059
Qwen/Qwen3-32B,c4,38,9,2048,0.003379
Qwen/Qwen3-32B,c4,38,10,128,0.149686
Qwen/Qwen3-32B,c4,38,10,512,0.072036
Qwen/Qwen3-32B,c4,38,10,2048,0.026639
Qwen/Qwen3-32B,c4,38,11,128,0.208827
Qwen/Qwen3-32B,c4,38,11,512,0.078451
Qwen/Qwen3-32B,c4,38,11,2048,0.022076
Qwen/Qwen3-32B,c4,38,12,128,0.085174
Qwen/Qwen3-32B,c4,38,12,512,0.033568
Qwen/Qwen3-32B,c4,38,12,2048,0.008961
Qwen/Qwen3-32B,c4,38,13,128,0.143782
Qwen/Qwen3-32B,c4,38,13,512,0.079744
Qwen/Qwen3-32B,c4,38,13,2048,0.016606
Qwen/Qwen3-32B,c4,38,14,128,0.138552
Qwen/Qwen3-32B,c4,38,14,512,0.073425
Qwen/Qwen3-32B,c4,38,14,2048,0.013050
Qwen/Qwen3-32B,c4,38,15,128,0.327006
Qwen/Qwen3-32B,c4,38,15,512,0.155275
Qwen/Qwen3-32B,c4,38,15,2048,0.034796
Qwen/Qwen3-32B,c4,38,16,128,0.041756
Qwen/Qwen3-32B,c4,38,16,512,0.029910
Qwen/Qwen3-32B,c4,38,16,2048,0.005124
Qwen/Qwen3-32B,c4,38,17,128,0.028688
Qwen/Qwen3-32B,c4,38,17,512,0.013769
Qwen/Qwen3-32B,c4,38,17,2048,0.002867
Qwen/Qwen3-32B,c4,38,18,128,0.284669
Qwen/Qwen3-32B,c4,38,18,512,0.169339
Qwen/Qwen3-32B,c4,38,18,2048,0.053767
Qwen/Qwen3-32B,c4,38,19,128,0.048159
Qwen/Qwen3-32B,c4,38,19,512,0.034831
Qwen/Qwen3-32B,c4,38,19,2048,0.008238
Qwen/Qwen3-32B,c4,38,20,128,0.025474
Qwen/Qwen3-32B,c4,38,20,512,0.016306
Qwen/Qwen3-32B,c4,38,20,2048,0.003423
Qwen/Qwen3-32B,c4,38,21,128,0.092062
Qwen/Qwen3-32B,c4,38,21,512,0.043539
Qwen/Qwen3-32B,c4,38,21,2048,0.009976
Qwen/Qwen3-32B,c4,38,22,128,0.035980
Qwen/Qwen3-32B,c4,38,22,512,0.023850
Qwen/Qwen3-32B,c4,38,22,2048,0.004020
Qwen/Qwen3-32B,c4,38,23,128,0.028034
Qwen/Qwen3-32B,c4,38,23,512,0.018390
Qwen/Qwen3-32B,c4,38,23,2048,0.004723
Qwen/Qwen3-32B,c4,38,24,128,0.280305
Qwen/Qwen3-32B,c4,38,24,512,0.195700
Qwen/Qwen3-32B,c4,38,24,2048,0.028734
Qwen/Qwen3-32B,c4,38,25,128,0.069574
Qwen/Qwen3-32B,c4,38,25,512,0.029722
Qwen/Qwen3-32B,c4,38,25,2048,0.006579
Qwen/Qwen3-32B,c4,38,26,128,0.150126
Qwen/Qwen3-32B,c4,38,26,512,0.056027
Qwen/Qwen3-32B,c4,38,26,2048,0.008967
Qwen/Qwen3-32B,c4,38,27,128,0.472764
Qwen/Qwen3-32B,c4,38,27,512,0.094240
Qwen/Qwen3-32B,c4,38,27,2048,0.015724
Qwen/Qwen3-32B,c4,38,28,128,0.032003
Qwen/Qwen3-32B,c4,38,28,512,0.017847
Qwen/Qwen3-32B,c4,38,28,2048,0.004117
Qwen/Qwen3-32B,c4,38,29,128,0.074225
Qwen/Qwen3-32B,c4,38,29,512,0.017722
Qwen/Qwen3-32B,c4,38,29,2048,0.003445
Qwen/Qwen3-32B,c4,38,30,128,0.045363
Qwen/Qwen3-32B,c4,38,30,512,0.026546
Qwen/Qwen3-32B,c4,38,30,2048,0.005556
Qwen/Qwen3-32B,c4,38,31,128,0.110352
Qwen/Qwen3-32B,c4,38,31,512,0.035459
Qwen/Qwen3-32B,c4,38,31,2048,0.011954
Qwen/Qwen3-32B,c4,38,32,128,0.001615
Qwen/Qwen3-32B,c4,38,32,512,0.001375
Qwen/Qwen3-32B,c4,38,32,2048,0.000630
Qwen/Qwen3-32B,c4,38,33,128,0.030533
Qwen/Qwen3-32B,c4,38,33,512,0.002955
Qwen/Qwen3-32B,c4,38,33,2048,0.000617
Qwen/Qwen3-32B,c4,38,34,128,0.001185
Qwen/Qwen3-32B,c4,38,34,512,0.000945
Qwen/Qwen3-32B,c4,38,34,2048,0.000385
Qwen/Qwen3-32B,c4,38,35,128,0.003179
Qwen/Qwen3-32B,c4,38,35,512,0.002789
Qwen/Qwen3-32B,c4,38,35,2048,0.001889
Qwen/Qwen3-32B,c4,38,36,128,0.151391
Qwen/Qwen3-32B,c4,38,36,512,0.053097
Qwen/Qwen3-32B,c4,38,36,2048,0.004896
Qwen/Qwen3-32B,c4,38,37,128,0.005222
Qwen/Qwen3-32B,c4,38,37,512,0.005245
Qwen/Qwen3-32B,c4,38,37,2048,0.005037
Qwen/Qwen3-32B,c4,38,38,128,0.144952
Qwen/Qwen3-32B,c4,38,38,512,0.118413
Qwen/Qwen3-32B,c4,38,38,2048,0.051617
Qwen/Qwen3-32B,c4,38,39,128,0.002856
Qwen/Qwen3-32B,c4,38,39,512,0.002460
Qwen/Qwen3-32B,c4,38,39,2048,0.001002
Qwen/Qwen3-32B,c4,38,40,128,0.010408
Qwen/Qwen3-32B,c4,38,40,512,0.005174
Qwen/Qwen3-32B,c4,38,40,2048,0.000912
Qwen/Qwen3-32B,c4,38,41,128,0.019507
Qwen/Qwen3-32B,c4,38,41,512,0.010383
Qwen/Qwen3-32B,c4,38,41,2048,0.003143
Qwen/Qwen3-32B,c4,38,42,128,0.040347
Qwen/Qwen3-32B,c4,38,42,512,0.021963
Qwen/Qwen3-32B,c4,38,42,2048,0.002370
Qwen/Qwen3-32B,c4,38,43,128,0.028650
Qwen/Qwen3-32B,c4,38,43,512,0.019186
Qwen/Qwen3-32B,c4,38,43,2048,0.004812
Qwen/Qwen3-32B,c4,38,44,128,0.032876
Qwen/Qwen3-32B,c4,38,44,512,0.014255
Qwen/Qwen3-32B,c4,38,44,2048,0.002226
Qwen/Qwen3-32B,c4,38,45,128,0.044954
Qwen/Qwen3-32B,c4,38,45,512,0.031426
Qwen/Qwen3-32B,c4,38,45,2048,0.006769
Qwen/Qwen3-32B,c4,38,46,128,0.037283
Qwen/Qwen3-32B,c4,38,46,512,0.029880
Qwen/Qwen3-32B,c4,38,46,2048,0.009263
Qwen/Qwen3-32B,c4,38,47,128,0.040335
Qwen/Qwen3-32B,c4,38,47,512,0.021440
Qwen/Qwen3-32B,c4,38,47,2048,0.003418
Qwen/Qwen3-32B,c4,38,48,128,0.055550
Qwen/Qwen3-32B,c4,38,48,512,0.016659
Qwen/Qwen3-32B,c4,38,48,2048,0.003128
Qwen/Qwen3-32B,c4,38,49,128,0.146841
Qwen/Qwen3-32B,c4,38,49,512,0.046578
Qwen/Qwen3-32B,c4,38,49,2048,0.008029
Qwen/Qwen3-32B,c4,38,50,128,0.449570
Qwen/Qwen3-32B,c4,38,50,512,0.284699
Qwen/Qwen3-32B,c4,38,50,2048,0.107785
Qwen/Qwen3-32B,c4,38,51,128,0.257261
Qwen/Qwen3-32B,c4,38,51,512,0.110054
Qwen/Qwen3-32B,c4,38,51,2048,0.024757
Qwen/Qwen3-32B,c4,38,52,128,0.301647
Qwen/Qwen3-32B,c4,38,52,512,0.122486
Qwen/Qwen3-32B,c4,38,52,2048,0.031307
Qwen/Qwen3-32B,c4,38,53,128,0.273937
Qwen/Qwen3-32B,c4,38,53,512,0.135740
Qwen/Qwen3-32B,c4,38,53,2048,0.036996
Qwen/Qwen3-32B,c4,38,54,128,0.076317
Qwen/Qwen3-32B,c4,38,54,512,0.049209
Qwen/Qwen3-32B,c4,38,54,2048,0.014927
Qwen/Qwen3-32B,c4,38,55,128,0.040037
Qwen/Qwen3-32B,c4,38,55,512,0.013540
Qwen/Qwen3-32B,c4,38,55,2048,0.001865
Qwen/Qwen3-32B,c4,38,56,128,0.022416
Qwen/Qwen3-32B,c4,38,56,512,0.010254
Qwen/Qwen3-32B,c4,38,56,2048,0.002560
Qwen/Qwen3-32B,c4,38,57,128,0.071464
Qwen/Qwen3-32B,c4,38,57,512,0.022898
Qwen/Qwen3-32B,c4,38,57,2048,0.003346
Qwen/Qwen3-32B,c4,38,58,128,0.013657
Qwen/Qwen3-32B,c4,38,58,512,0.006450
Qwen/Qwen3-32B,c4,38,58,2048,0.001284
Qwen/Qwen3-32B,c4,38,59,128,0.030686
Qwen/Qwen3-32B,c4,38,59,512,0.018492
Qwen/Qwen3-32B,c4,38,59,2048,0.004759
Qwen/Qwen3-32B,c4,38,60,128,0.058881
Qwen/Qwen3-32B,c4,38,60,512,0.031738
Qwen/Qwen3-32B,c4,38,60,2048,0.006760
Qwen/Qwen3-32B,c4,38,61,128,0.098454
Qwen/Qwen3-32B,c4,38,61,512,0.047197
Qwen/Qwen3-32B,c4,38,61,2048,0.006549
Qwen/Qwen3-32B,c4,38,62,128,0.086210
Qwen/Qwen3-32B,c4,38,62,512,0.060067
Qwen/Qwen3-32B,c4,38,62,2048,0.011711
Qwen/Qwen3-32B,c4,38,63,128,0.020941
Qwen/Qwen3-32B,c4,38,63,512,0.013615
Qwen/Qwen3-32B,c4,38,63,2048,0.003010
Qwen/Qwen3-32B,c4,39,0,128,0.464748
Qwen/Qwen3-32B,c4,39,0,512,0.256753
Qwen/Qwen3-32B,c4,39,0,2048,0.085907
Qwen/Qwen3-32B,c4,39,1,128,0.140202
Qwen/Qwen3-32B,c4,39,1,512,0.065725
Qwen/Qwen3-32B,c4,39,1,2048,0.025080
Qwen/Qwen3-32B,c4,39,2,128,0.031788
Qwen/Qwen3-32B,c4,39,2,512,0.020266
Qwen/Qwen3-32B,c4,39,2,2048,0.003471
Qwen/Qwen3-32B,c4,39,3,128,0.169117
Qwen/Qwen3-32B,c4,39,3,512,0.076429
Qwen/Qwen3-32B,c4,39,3,2048,0.023460
Qwen/Qwen3-32B,c4,39,4,128,0.087281
Qwen/Qwen3-32B,c4,39,4,512,0.028951
Qwen/Qwen3-32B,c4,39,4,2048,0.009445
Qwen/Qwen3-32B,c4,39,5,128,0.081207
Qwen/Qwen3-32B,c4,39,5,512,0.026991
Qwen/Qwen3-32B,c4,39,5,2048,0.004634
Qwen/Qwen3-32B,c4,39,6,128,0.046441
Qwen/Qwen3-32B,c4,39,6,512,0.021539
Qwen/Qwen3-32B,c4,39,6,2048,0.004487
Qwen/Qwen3-32B,c4,39,7,128,0.085692
Qwen/Qwen3-32B,c4,39,7,512,0.027920
Qwen/Qwen3-32B,c4,39,7,2048,0.006353
Qwen/Qwen3-32B,c4,39,8,128,0.419401
Qwen/Qwen3-32B,c4,39,8,512,0.239371
Qwen/Qwen3-32B,c4,39,8,2048,0.069710
Qwen/Qwen3-32B,c4,39,9,128,0.113732
Qwen/Qwen3-32B,c4,39,9,512,0.067101
Qwen/Qwen3-32B,c4,39,9,2048,0.015019
Qwen/Qwen3-32B,c4,39,10,128,0.143158
Qwen/Qwen3-32B,c4,39,10,512,0.057083
Qwen/Qwen3-32B,c4,39,10,2048,0.013145
Qwen/Qwen3-32B,c4,39,11,128,0.282069
Qwen/Qwen3-32B,c4,39,11,512,0.139972
Qwen/Qwen3-32B,c4,39,11,2048,0.027692
Qwen/Qwen3-32B,c4,39,12,128,0.220106
Qwen/Qwen3-32B,c4,39,12,512,0.090222
Qwen/Qwen3-32B,c4,39,12,2048,0.016821
Qwen/Qwen3-32B,c4,39,13,128,0.200793
Qwen/Qwen3-32B,c4,39,13,512,0.064058
Qwen/Qwen3-32B,c4,39,13,2048,0.009973
Qwen/Qwen3-32B,c4,39,14,128,0.039643
Qwen/Qwen3-32B,c4,39,14,512,0.023112
Qwen/Qwen3-32B,c4,39,14,2048,0.006000
Qwen/Qwen3-32B,c4,39,15,128,0.226724
Qwen/Qwen3-32B,c4,39,15,512,0.099661
Qwen/Qwen3-32B,c4,39,15,2048,0.023730
Qwen/Qwen3-32B,c4,39,16,128,0.029304
Qwen/Qwen3-32B,c4,39,16,512,0.016286
Qwen/Qwen3-32B,c4,39,16,2048,0.003341
Qwen/Qwen3-32B,c4,39,17,128,0.040985
Qwen/Qwen3-32B,c4,39,17,512,0.029018
Qwen/Qwen3-32B,c4,39,17,2048,0.004965
Qwen/Qwen3-32B,c4,39,18,128,0.019027
Qwen/Qwen3-32B,c4,39,18,512,0.013777
Qwen/Qwen3-32B,c4,39,18,2048,0.002605
Qwen/Qwen3-32B,c4,39,19,128,0.037857
Qwen/Qwen3-32B,c4,39,19,512,0.027222
Qwen/Qwen3-32B,c4,39,19,2048,0.005265
Qwen/Qwen3-32B,c4,39,20,128,0.034238
Qwen/Qwen3-32B,c4,39,20,512,0.021033
Qwen/Qwen3-32B,c4,39,20,2048,0.003798
Qwen/Qwen3-32B,c4,39,21,128,0.025091
Qwen/Qwen3-32B,c4,39,21,512,0.020381
Qwen/Qwen3-32B,c4,39,21,2048,0.003374
Qwen/Qwen3-32B,c4,39,22,128,0.079500
Qwen/Qwen3-32B,c4,39,22,512,0.049900
Qwen/Qwen3-32B,c4,39,22,2048,0.007067
Qwen/Qwen3-32B,c4,39,23,128,0.037324
Qwen/Qwen3-32B,c4,39,23,512,0.030385
Qwen/Qwen3-32B,c4,39,23,2048,0.004730
Qwen/Qwen3-32B,c4,39,24,128,0.028682
Qwen/Qwen3-32B,c4,39,24,512,0.011480
Qwen/Qwen3-32B,c4,39,24,2048,0.002921
Qwen/Qwen3-32B,c4,39,25,128,0.026580
Qwen/Qwen3-32B,c4,39,25,512,0.009062
Qwen/Qwen3-32B,c4,39,25,2048,0.001747
Qwen/Qwen3-32B,c4,39,26,128,0.068555
Qwen/Qwen3-32B,c4,39,26,512,0.028586
Qwen/Qwen3-32B,c4,39,26,2048,0.006540
Qwen/Qwen3-32B,c4,39,27,128,0.058040
Qwen/Qwen3-32B,c4,39,27,512,0.021537
Qwen/Qwen3-32B,c4,39,27,2048,0.005122
Qwen/Qwen3-32B,c4,39,28,128,0.078504
Qwen/Qwen3-32B,c4,39,28,512,0.026769
Qwen/Qwen3-32B,c4,39,28,2048,0.005686
Qwen/Qwen3-32B,c4,39,29,128,0.052937
Qwen/Qwen3-32B,c4,39,29,512,0.022037
Qwen/Qwen3-32B,c4,39,29,2048,0.004133
Qwen/Qwen3-32B,c4,39,30,128,0.155985
Qwen/Qwen3-32B,c4,39,30,512,0.059266
Qwen/Qwen3-32B,c4,39,30,2048,0.010764
Qwen/Qwen3-32B,c4,39,31,128,0.175001
Qwen/Qwen3-32B,c4,39,31,512,0.061054
Qwen/Qwen3-32B,c4,39,31,2048,0.016771
Qwen/Qwen3-32B,c4,39,32,128,0.026065
Qwen/Qwen3-32B,c4,39,32,512,0.016996
Qwen/Qwen3-32B,c4,39,32,2048,0.006819
Qwen/Qwen3-32B,c4,39,33,128,0.038549
Qwen/Qwen3-32B,c4,39,33,512,0.018432
Qwen/Qwen3-32B,c4,39,33,2048,0.003400
Qwen/Qwen3-32B,c4,39,34,128,0.006011
Qwen/Qwen3-32B,c4,39,34,512,0.005450
Qwen/Qwen3-32B,c4,39,34,2048,0.003290
Qwen/Qwen3-32B,c4,39,35,128,0.159301
Qwen/Qwen3-32B,c4,39,35,512,0.026681
Qwen/Qwen3-32B,c4,39,35,2048,0.003585
Qwen/Qwen3-32B,c4,39,36,128,0.117449
Qwen/Qwen3-32B,c4,39,36,512,0.046678
Qwen/Qwen3-32B,c4,39,36,2048,0.009336
Qwen/Qwen3-32B,c4,39,37,128,0.182751
Qwen/Qwen3-32B,c4,39,37,512,0.166978
Qwen/Qwen3-32B,c4,39,37,2048,0.099334
Qwen/Qwen3-32B,c4,39,38,128,0.353468
Qwen/Qwen3-32B,c4,39,38,512,0.170597
Qwen/Qwen3-32B,c4,39,38,2048,0.028044
Qwen/Qwen3-32B,c4,39,39,128,0.267086
Qwen/Qwen3-32B,c4,39,39,512,0.129636
Qwen/Qwen3-32B,c4,39,39,2048,0.033537
Qwen/Qwen3-32B,c4,39,40,128,0.076093
Qwen/Qwen3-32B,c4,39,40,512,0.035017
Qwen/Qwen3-32B,c4,39,40,2048,0.005748
Qwen/Qwen3-32B,c4,39,41,128,0.263153
Qwen/Qwen3-32B,c4,39,41,512,0.126244
Qwen/Qwen3-32B,c4,39,41,2048,0.027528
Qwen/Qwen3-32B,c4,39,42,128,0.096089
Qwen/Qwen3-32B,c4,39,42,512,0.040470
Qwen/Qwen3-32B,c4,39,42,2048,0.009806
Qwen/Qwen3-32B,c4,39,43,128,0.066602
Qwen/Qwen3-32B,c4,39,43,512,0.029792
Qwen/Qwen3-32B,c4,39,43,2048,0.004649
Qwen/Qwen3-32B,c4,39,44,128,0.218440
Qwen/Qwen3-32B,c4,39,44,512,0.064208
Qwen/Qwen3-32B,c4,39,44,2048,0.012339
Qwen/Qwen3-32B,c4,39,45,128,0.055394
Qwen/Qwen3-32B,c4,39,45,512,0.024667
Qwen/Qwen3-32B,c4,39,45,2048,0.005760
Qwen/Qwen3-32B,c4,39,46,128,0.157493
Qwen/Qwen3-32B,c4,39,46,512,0.067375
Qwen/Qwen3-32B,c4,39,46,2048,0.013892
Qwen/Qwen3-32B,c4,39,47,128,0.387386
Qwen/Qwen3-32B,c4,39,47,512,0.213428
Qwen/Qwen3-32B,c4,39,47,2048,0.054642
Qwen/Qwen3-32B,c4,39,48,128,0.032402
Qwen/Qwen3-32B,c4,39,48,512,0.023205
Qwen/Qwen3-32B,c4,39,48,2048,0.003404
Qwen/Qwen3-32B,c4,39,49,128,0.013221
Qwen/Qwen3-32B,c4,39,49,512,0.009788
Qwen/Qwen3-32B,c4,39,49,2048,0.001007
Qwen/Qwen3-32B,c4,39,50,128,0.027871
Qwen/Qwen3-32B,c4,39,50,512,0.014782
Qwen/Qwen3-32B,c4,39,50,2048,0.001449
Qwen/Qwen3-32B,c4,39,51,128,0.086895
Qwen/Qwen3-32B,c4,39,51,512,0.059300
Qwen/Qwen3-32B,c4,39,51,2048,0.010490
Qwen/Qwen3-32B,c4,39,52,128,0.018512
Qwen/Qwen3-32B,c4,39,52,512,0.014079
Qwen/Qwen3-32B,c4,39,52,2048,0.001584
Qwen/Qwen3-32B,c4,39,53,128,0.025504
Qwen/Qwen3-32B,c4,39,53,512,0.019057
Qwen/Qwen3-32B,c4,39,53,2048,0.002089
Qwen/Qwen3-32B,c4,39,54,128,0.036373
Qwen/Qwen3-32B,c4,39,54,512,0.026247
Qwen/Qwen3-32B,c4,39,54,2048,0.004457
Qwen/Qwen3-32B,c4,39,55,128,0.042461
Qwen/Qwen3-32B,c4,39,55,512,0.031703
Qwen/Qwen3-32B,c4,39,55,2048,0.004371
Qwen/Qwen3-32B,c4,39,56,128,0.106024
Qwen/Qwen3-32B,c4,39,56,512,0.052611
Qwen/Qwen3-32B,c4,39,56,2048,0.008146
Qwen/Qwen3-32B,c4,39,57,128,0.052326
Qwen/Qwen3-32B,c4,39,57,512,0.034124
Qwen/Qwen3-32B,c4,39,57,2048,0.005411
Qwen/Qwen3-32B,c4,39,58,128,0.033736
Qwen/Qwen3-32B,c4,39,58,512,0.022024
Qwen/Qwen3-32B,c4,39,58,2048,0.005019
Qwen/Qwen3-32B,c4,39,59,128,0.030892
Qwen/Qwen3-32B,c4,39,59,512,0.021226
Qwen/Qwen3-32B,c4,39,59,2048,0.003685
Qwen/Qwen3-32B,c4,39,60,128,0.022357
Qwen/Qwen3-32B,c4,39,60,512,0.016087
Qwen/Qwen3-32B,c4,39,60,2048,0.003384
Qwen/Qwen3-32B,c4,39,61,128,0.029149
Qwen/Qwen3-32B,c4,39,61,512,0.019097
Qwen/Qwen3-32B,c4,39,61,2048,0.004541
Qwen/Qwen3-32B,c4,39,62,128,0.105940
Qwen/Qwen3-32B,c4,39,62,512,0.078283
Qwen/Qwen3-32B,c4,39,62,2048,0.011619
Qwen/Qwen3-32B,c4,39,63,128,0.039143
Qwen/Qwen3-32B,c4,39,63,512,0.026919
Qwen/Qwen3-32B,c4,39,63,2048,0.004377
Qwen/Qwen3-32B,c4,40,0,128,0.033310
Qwen/Qwen3-32B,c4,40,0,512,0.022800
Qwen/Qwen3-32B,c4,40,0,2048,0.006607
Qwen/Qwen3-32B,c4,40,1,128,0.015488
Qwen/Qwen3-32B,c4,40,1,512,0.012002
Qwen/Qwen3-32B,c4,40,1,2048,0.003564
Qwen/Qwen3-32B,c4,40,2,128,0.030771
Qwen/Qwen3-32B,c4,40,2,512,0.021280
Qwen/Qwen3-32B,c4,40,2,2048,0.007172
Qwen/Qwen3-32B,c4,40,3,128,0.018104
Qwen/Qwen3-32B,c4,40,3,512,0.010770
Qwen/Qwen3-32B,c4,40,3,2048,0.002778
Qwen/Qwen3-32B,c4,40,4,128,0.044393
Qwen/Qwen3-32B,c4,40,4,512,0.027416
Qwen/Qwen3-32B,c4,40,4,2048,0.006433
Qwen/Qwen3-32B,c4,40,5,128,0.025968
Qwen/Qwen3-32B,c4,40,5,512,0.015983
Qwen/Qwen3-32B,c4,40,5,2048,0.004280
Qwen/Qwen3-32B,c4,40,6,128,0.040647
Qwen/Qwen3-32B,c4,40,6,512,0.026486
Qwen/Qwen3-32B,c4,40,6,2048,0.005961
Qwen/Qwen3-32B,c4,40,7,128,0.036125
Qwen/Qwen3-32B,c4,40,7,512,0.024094
Qwen/Qwen3-32B,c4,40,7,2048,0.008014
Qwen/Qwen3-32B,c4,40,8,128,0.025416
Qwen/Qwen3-32B,c4,40,8,512,0.014167
Qwen/Qwen3-32B,c4,40,8,2048,0.002805
Qwen/Qwen3-32B,c4,40,9,128,0.133178
Qwen/Qwen3-32B,c4,40,9,512,0.038737
Qwen/Qwen3-32B,c4,40,9,2048,0.002804
Qwen/Qwen3-32B,c4,40,10,128,0.207520
Qwen/Qwen3-32B,c4,40,10,512,0.147653
Qwen/Qwen3-32B,c4,40,10,2048,0.038452
Qwen/Qwen3-32B,c4,40,11,128,0.048321
Qwen/Qwen3-32B,c4,40,11,512,0.027533
Qwen/Qwen3-32B,c4,40,11,2048,0.004084
Qwen/Qwen3-32B,c4,40,12,128,0.054349
Qwen/Qwen3-32B,c4,40,12,512,0.021760
Qwen/Qwen3-32B,c4,40,12,2048,0.001899
Qwen/Qwen3-32B,c4,40,13,128,0.002184
Qwen/Qwen3-32B,c4,40,13,512,0.001529
Qwen/Qwen3-32B,c4,40,13,2048,0.000151
Qwen/Qwen3-32B,c4,40,14,128,0.284492
Qwen/Qwen3-32B,c4,40,14,512,0.141575
Qwen/Qwen3-32B,c4,40,14,2048,0.021394
Qwen/Qwen3-32B,c4,40,15,128,0.031459
Qwen/Qwen3-32B,c4,40,15,512,0.017110
Qwen/Qwen3-32B,c4,40,15,2048,0.002166
Qwen/Qwen3-32B,c4,40,16,128,0.203506
Qwen/Qwen3-32B,c4,40,16,512,0.082923
Qwen/Qwen3-32B,c4,40,16,2048,0.012975
Qwen/Qwen3-32B,c4,40,17,128,0.505947
Qwen/Qwen3-32B,c4,40,17,512,0.273729
Qwen/Qwen3-32B,c4,40,17,2048,0.035154
Qwen/Qwen3-32B,c4,40,18,128,0.077582
Qwen/Qwen3-32B,c4,40,18,512,0.027198
Qwen/Qwen3-32B,c4,40,18,2048,0.005654
Qwen/Qwen3-32B,c4,40,19,128,0.097862
Qwen/Qwen3-32B,c4,40,19,512,0.030898
Qwen/Qwen3-32B,c4,40,19,2048,0.004388
Qwen/Qwen3-32B,c4,40,20,128,0.268090
Qwen/Qwen3-32B,c4,40,20,512,0.097299
Qwen/Qwen3-32B,c4,40,20,2048,0.009750
Qwen/Qwen3-32B,c4,40,21,128,0.202353
Qwen/Qwen3-32B,c4,40,21,512,0.075524
Qwen/Qwen3-32B,c4,40,21,2048,0.008919
Qwen/Qwen3-32B,c4,40,22,128,0.116006
Qwen/Qwen3-32B,c4,40,22,512,0.032811
Qwen/Qwen3-32B,c4,40,22,2048,0.004058
Qwen/Qwen3-32B,c4,40,23,128,0.151127
Qwen/Qwen3-32B,c4,40,23,512,0.055589
Qwen/Qwen3-32B,c4,40,23,2048,0.012381
Qwen/Qwen3-32B,c4,40,24,128,0.040311
Qwen/Qwen3-32B,c4,40,24,512,0.019861
Qwen/Qwen3-32B,c4,40,24,2048,0.003143
Qwen/Qwen3-32B,c4,40,25,128,0.033791
Qwen/Qwen3-32B,c4,40,25,512,0.018822
Qwen/Qwen3-32B,c4,40,25,2048,0.004150
Qwen/Qwen3-32B,c4,40,26,128,0.044814
Qwen/Qwen3-32B,c4,40,26,512,0.024882
Qwen/Qwen3-32B,c4,40,26,2048,0.006269
Qwen/Qwen3-32B,c4,40,27,128,0.050479
Qwen/Qwen3-32B,c4,40,27,512,0.026214
Qwen/Qwen3-32B,c4,40,27,2048,0.004628
Qwen/Qwen3-32B,c4,40,28,128,0.024848
Qwen/Qwen3-32B,c4,40,28,512,0.016526
Qwen/Qwen3-32B,c4,40,28,2048,0.003774
Qwen/Qwen3-32B,c4,40,29,128,0.032793
Qwen/Qwen3-32B,c4,40,29,512,0.018798
Qwen/Qwen3-32B,c4,40,29,2048,0.004788
Qwen/Qwen3-32B,c4,40,30,128,0.076491
Qwen/Qwen3-32B,c4,40,30,512,0.045168
Qwen/Qwen3-32B,c4,40,30,2048,0.007040
Qwen/Qwen3-32B,c4,40,31,128,0.152384
Qwen/Qwen3-32B,c4,40,31,512,0.070840
Qwen/Qwen3-32B,c4,40,31,2048,0.012464
Qwen/Qwen3-32B,c4,40,32,128,0.411715
Qwen/Qwen3-32B,c4,40,32,512,0.235315
Qwen/Qwen3-32B,c4,40,32,2048,0.059323
Qwen/Qwen3-32B,c4,40,33,128,0.231011
Qwen/Qwen3-32B,c4,40,33,512,0.122304
Qwen/Qwen3-32B,c4,40,33,2048,0.027629
Qwen/Qwen3-32B,c4,40,34,128,0.028154
Qwen/Qwen3-32B,c4,40,34,512,0.014933
Qwen/Qwen3-32B,c4,40,34,2048,0.003233
Qwen/Qwen3-32B,c4,40,35,128,0.215028
Qwen/Qwen3-32B,c4,40,35,512,0.063434
Qwen/Qwen3-32B,c4,40,35,2048,0.008834
Qwen/Qwen3-32B,c4,40,36,128,0.079460
Qwen/Qwen3-32B,c4,40,36,512,0.052106
Qwen/Qwen3-32B,c4,40,36,2048,0.012583
Qwen/Qwen3-32B,c4,40,37,128,0.048633
Qwen/Qwen3-32B,c4,40,37,512,0.024747
Qwen/Qwen3-32B,c4,40,37,2048,0.006055
Qwen/Qwen3-32B,c4,40,38,128,0.170526
Qwen/Qwen3-32B,c4,40,38,512,0.064351
Qwen/Qwen3-32B,c4,40,38,2048,0.013820
Qwen/Qwen3-32B,c4,40,39,128,0.285829
Qwen/Qwen3-32B,c4,40,39,512,0.126614
Qwen/Qwen3-32B,c4,40,39,2048,0.027506
Qwen/Qwen3-32B,c4,40,40,128,0.074304
Qwen/Qwen3-32B,c4,40,40,512,0.024309
Qwen/Qwen3-32B,c4,40,40,2048,0.004302
Qwen/Qwen3-32B,c4,40,41,128,0.152982
Qwen/Qwen3-32B,c4,40,41,512,0.053408
Qwen/Qwen3-32B,c4,40,41,2048,0.006018
Qwen/Qwen3-32B,c4,40,42,128,0.026189
Qwen/Qwen3-32B,c4,40,42,512,0.011062
Qwen/Qwen3-32B,c4,40,42,2048,0.002555
Qwen/Qwen3-32B,c4,40,43,128,0.091928
Qwen/Qwen3-32B,c4,40,43,512,0.035136
Qwen/Qwen3-32B,c4,40,43,2048,0.008032
Qwen/Qwen3-32B,c4,40,44,128,0.048111
Qwen/Qwen3-32B,c4,40,44,512,0.028455
Qwen/Qwen3-32B,c4,40,44,2048,0.005578
Qwen/Qwen3-32B,c4,40,45,128,0.110516
Qwen/Qwen3-32B,c4,40,45,512,0.040687
Qwen/Qwen3-32B,c4,40,45,2048,0.006267
Qwen/Qwen3-32B,c4,40,46,128,0.071455
Qwen/Qwen3-32B,c4,40,46,512,0.025023
Qwen/Qwen3-32B,c4,40,46,2048,0.005191
Qwen/Qwen3-32B,c4,40,47,128,0.061252
Qwen/Qwen3-32B,c4,40,47,512,0.021527
Qwen/Qwen3-32B,c4,40,47,2048,0.004249
Qwen/Qwen3-32B,c4,40,48,128,0.190525
Qwen/Qwen3-32B,c4,40,48,512,0.090739
Qwen/Qwen3-32B,c4,40,48,2048,0.024851
Qwen/Qwen3-32B,c4,40,49,128,0.090509
Qwen/Qwen3-32B,c4,40,49,512,0.040134
Qwen/Qwen3-32B,c4,40,49,2048,0.007586
Qwen/Qwen3-32B,c4,40,50,128,0.022204
Qwen/Qwen3-32B,c4,40,50,512,0.008238
Qwen/Qwen3-32B,c4,40,50,2048,0.002042
Qwen/Qwen3-32B,c4,40,51,128,0.050068
Qwen/Qwen3-32B,c4,40,51,512,0.022190
Qwen/Qwen3-32B,c4,40,51,2048,0.007320
Qwen/Qwen3-32B,c4,40,52,128,0.177860
Qwen/Qwen3-32B,c4,40,52,512,0.080364
Qwen/Qwen3-32B,c4,40,52,2048,0.015834
Qwen/Qwen3-32B,c4,40,53,128,0.033791
Qwen/Qwen3-32B,c4,40,53,512,0.017863
Qwen/Qwen3-32B,c4,40,53,2048,0.004835
Qwen/Qwen3-32B,c4,40,54,128,0.094073
Qwen/Qwen3-32B,c4,40,54,512,0.024563
Qwen/Qwen3-32B,c4,40,54,2048,0.005562
Qwen/Qwen3-32B,c4,40,55,128,0.072109
Qwen/Qwen3-32B,c4,40,55,512,0.025542
Qwen/Qwen3-32B,c4,40,55,2048,0.006581
Qwen/Qwen3-32B,c4,40,56,128,0.000912
Qwen/Qwen3-32B,c4,40,56,512,0.000601
Qwen/Qwen3-32B,c4,40,56,2048,0.000116
Qwen/Qwen3-32B,c4,40,57,128,0.194202
Qwen/Qwen3-32B,c4,40,57,512,0.121277
Qwen/Qwen3-32B,c4,40,57,2048,0.040625
Qwen/Qwen3-32B,c4,40,58,128,0.052978
Qwen/Qwen3-32B,c4,40,58,512,0.019999
Qwen/Qwen3-32B,c4,40,58,2048,0.001971
Qwen/Qwen3-32B,c4,40,59,128,0.059937
Qwen/Qwen3-32B,c4,40,59,512,0.034848
Qwen/Qwen3-32B,c4,40,59,2048,0.006345
Qwen/Qwen3-32B,c4,40,60,128,0.091429
Qwen/Qwen3-32B,c4,40,60,512,0.060425
Qwen/Qwen3-32B,c4,40,60,2048,0.019575
Qwen/Qwen3-32B,c4,40,61,128,0.193100
Qwen/Qwen3-32B,c4,40,61,512,0.092034
Qwen/Qwen3-32B,c4,40,61,2048,0.020496
Qwen/Qwen3-32B,c4,40,62,128,0.367241
Qwen/Qwen3-32B,c4,40,62,512,0.202529
Qwen/Qwen3-32B,c4,40,62,2048,0.062031
Qwen/Qwen3-32B,c4,40,63,128,0.165983
Qwen/Qwen3-32B,c4,40,63,512,0.074018
Qwen/Qwen3-32B,c4,40,63,2048,0.015703
Qwen/Qwen3-32B,c4,41,0,128,0.502403
Qwen/Qwen3-32B,c4,41,0,512,0.272365
Qwen/Qwen3-32B,c4,41,0,2048,0.064840
Qwen/Qwen3-32B,c4,41,1,128,0.182274
Qwen/Qwen3-32B,c4,41,1,512,0.071592
Qwen/Qwen3-32B,c4,41,1,2048,0.009403
Qwen/Qwen3-32B,c4,41,2,128,0.161465
Qwen/Qwen3-32B,c4,41,2,512,0.055743
Qwen/Qwen3-32B,c4,41,2,2048,0.008965
Qwen/Qwen3-32B,c4,41,3,128,0.110791
Qwen/Qwen3-32B,c4,41,3,512,0.037939
Qwen/Qwen3-32B,c4,41,3,2048,0.005559
Qwen/Qwen3-32B,c4,41,4,128,0.050296
Qwen/Qwen3-32B,c4,41,4,512,0.023436
Qwen/Qwen3-32B,c4,41,4,2048,0.005055
Qwen/Qwen3-32B,c4,41,5,128,0.202354
Qwen/Qwen3-32B,c4,41,5,512,0.058566
Qwen/Qwen3-32B,c4,41,5,2048,0.011758
Qwen/Qwen3-32B,c4,41,6,128,0.330446
Qwen/Qwen3-32B,c4,41,6,512,0.153937
Qwen/Qwen3-32B,c4,41,6,2048,0.025922
Qwen/Qwen3-32B,c4,41,7,128,0.275765
Qwen/Qwen3-32B,c4,41,7,512,0.089051
Qwen/Qwen3-32B,c4,41,7,2048,0.014523
Qwen/Qwen3-32B,c4,41,8,128,0.058830
Qwen/Qwen3-32B,c4,41,8,512,0.023739
Qwen/Qwen3-32B,c4,41,8,2048,0.005310
Qwen/Qwen3-32B,c4,41,9,128,0.172380
Qwen/Qwen3-32B,c4,41,9,512,0.089714
Qwen/Qwen3-32B,c4,41,9,2048,0.014233
Qwen/Qwen3-32B,c4,41,10,128,0.028983
Qwen/Qwen3-32B,c4,41,10,512,0.022309
Qwen/Qwen3-32B,c4,41,10,2048,0.004964
Qwen/Qwen3-32B,c4,41,11,128,0.047394
Qwen/Qwen3-32B,c4,41,11,512,0.022180
Qwen/Qwen3-32B,c4,41,11,2048,0.004278
Qwen/Qwen3-32B,c4,41,12,128,0.130789
Qwen/Qwen3-32B,c4,41,12,512,0.052364
Qwen/Qwen3-32B,c4,41,12,2048,0.007590
Qwen/Qwen3-32B,c4,41,13,128,0.012316
Qwen/Qwen3-32B,c4,41,13,512,0.005919
Qwen/Qwen3-32B,c4,41,13,2048,0.000156
Qwen/Qwen3-32B,c4,41,14,128,0.243739
Qwen/Qwen3-32B,c4,41,14,512,0.138086
Qwen/Qwen3-32B,c4,41,14,2048,0.028532
Qwen/Qwen3-32B,c4,41,15,128,0.137512
Qwen/Qwen3-32B,c4,41,15,512,0.056099
Qwen/Qwen3-32B,c4,41,15,2048,0.007440
Qwen/Qwen3-32B,c4,41,16,128,0.093549
Qwen/Qwen3-32B,c4,41,16,512,0.036818
Qwen/Qwen3-32B,c4,41,16,2048,0.007940
Qwen/Qwen3-32B,c4,41,17,128,0.144859
Qwen/Qwen3-32B,c4,41,17,512,0.064551
Qwen/Qwen3-32B,c4,41,17,2048,0.011620
Qwen/Qwen3-32B,c4,41,18,128,0.032592
Qwen/Qwen3-32B,c4,41,18,512,0.013749
Qwen/Qwen3-32B,c4,41,18,2048,0.003128
Qwen/Qwen3-32B,c4,41,19,128,0.060223
Qwen/Qwen3-32B,c4,41,19,512,0.017905
Qwen/Qwen3-32B,c4,41,19,2048,0.003386
Qwen/Qwen3-32B,c4,41,20,128,0.208518
Qwen/Qwen3-32B,c4,41,20,512,0.076177
Qwen/Qwen3-32B,c4,41,20,2048,0.014460
Qwen/Qwen3-32B,c4,41,21,128,0.109152
Qwen/Qwen3-32B,c4,41,21,512,0.031636
Qwen/Qwen3-32B,c4,41,21,2048,0.005052
Qwen/Qwen3-32B,c4,41,22,128,0.128867
Qwen/Qwen3-32B,c4,41,22,512,0.045850
Qwen/Qwen3-32B,c4,41,22,2048,0.007311
Qwen/Qwen3-32B,c4,41,23,128,0.031976
Qwen/Qwen3-32B,c4,41,23,512,0.015950
Qwen/Qwen3-32B,c4,41,23,2048,0.003833
Qwen/Qwen3-32B,c4,41,24,128,0.442427
Qwen/Qwen3-32B,c4,41,24,512,0.275494
Qwen/Qwen3-32B,c4,41,24,2048,0.092920
Qwen/Qwen3-32B,c4,41,25,128,0.005614
Qwen/Qwen3-32B,c4,41,25,512,0.003338
Qwen/Qwen3-32B,c4,41,25,2048,0.000771
Qwen/Qwen3-32B,c4,41,26,128,0.244562
Qwen/Qwen3-32B,c4,41,26,512,0.067221
Qwen/Qwen3-32B,c4,41,26,2048,0.009741
Qwen/Qwen3-32B,c4,41,27,128,0.531738
Qwen/Qwen3-32B,c4,41,27,512,0.265832
Qwen/Qwen3-32B,c4,41,27,2048,0.076212
Qwen/Qwen3-32B,c4,41,28,128,0.008135
Qwen/Qwen3-32B,c4,41,28,512,0.003686
Qwen/Qwen3-32B,c4,41,28,2048,0.001029
Qwen/Qwen3-32B,c4,41,29,128,0.046898
Qwen/Qwen3-32B,c4,41,29,512,0.009981
Qwen/Qwen3-32B,c4,41,29,2048,0.001016
Qwen/Qwen3-32B,c4,41,30,128,0.021058
Qwen/Qwen3-32B,c4,41,30,512,0.012753
Qwen/Qwen3-32B,c4,41,30,2048,0.001783
Qwen/Qwen3-32B,c4,41,31,128,0.026741
Qwen/Qwen3-32B,c4,41,31,512,0.017665
Qwen/Qwen3-32B,c4,41,31,2048,0.002809
Qwen/Qwen3-32B,c4,41,32,128,0.094789
Qwen/Qwen3-32B,c4,41,32,512,0.042887
Qwen/Qwen3-32B,c4,41,32,2048,0.008761
Qwen/Qwen3-32B,c4,41,33,128,0.064276
Qwen/Qwen3-32B,c4,41,33,512,0.040196
Qwen/Qwen3-32B,c4,41,33,2048,0.010390
Qwen/Qwen3-32B,c4,41,34,128,0.044282
Qwen/Qwen3-32B,c4,41,34,512,0.027681
Qwen/Qwen3-32B,c4,41,34,2048,0.006655
Qwen/Qwen3-32B,c4,41,35,128,0.122516
Qwen/Qwen3-32B,c4,41,35,512,0.053275
Qwen/Qwen3-32B,c4,41,35,2048,0.012084
Qwen/Qwen3-32B,c4,41,36,128,0.078442
Qwen/Qwen3-32B,c4,41,36,512,0.042731
Qwen/Qwen3-32B,c4,41,36,2048,0.013104
Qwen/Qwen3-32B,c4,41,37,128,0.093694
Qwen/Qwen3-32B,c4,41,37,512,0.042262
Qwen/Qwen3-32B,c4,41,37,2048,0.011636
Qwen/Qwen3-32B,c4,41,38,128,0.124674
Qwen/Qwen3-32B,c4,41,38,512,0.060507
Qwen/Qwen3-32B,c4,41,38,2048,0.013183
Qwen/Qwen3-32B,c4,41,39,128,0.098697
Qwen/Qwen3-32B,c4,41,39,512,0.053929
Qwen/Qwen3-32B,c4,41,39,2048,0.015171
Qwen/Qwen3-32B,c4,41,40,128,0.405799
Qwen/Qwen3-32B,c4,41,40,512,0.211280
Qwen/Qwen3-32B,c4,41,40,2048,0.061828
Qwen/Qwen3-32B,c4,41,41,128,0.337842
Qwen/Qwen3-32B,c4,41,41,512,0.227036
Qwen/Qwen3-32B,c4,41,41,2048,0.073765
Qwen/Qwen3-32B,c4,41,42,128,0.379588
Qwen/Qwen3-32B,c4,41,42,512,0.144401
Qwen/Qwen3-32B,c4,41,42,2048,0.033535
Qwen/Qwen3-32B,c4,41,43,128,0.115630
Qwen/Qwen3-32B,c4,41,43,512,0.045236
Qwen/Qwen3-32B,c4,41,43,2048,0.011078
Qwen/Qwen3-32B,c4,41,44,128,0.336483
Qwen/Qwen3-32B,c4,41,44,512,0.139812
Qwen/Qwen3-32B,c4,41,44,2048,0.027803
Qwen/Qwen3-32B,c4,41,45,128,0.109826
Qwen/Qwen3-32B,c4,41,45,512,0.038800
Qwen/Qwen3-32B,c4,41,45,2048,0.009917
Qwen/Qwen3-32B,c4,41,46,128,0.064033
Qwen/Qwen3-32B,c4,41,46,512,0.043067
Qwen/Qwen3-32B,c4,41,46,2048,0.011718
Qwen/Qwen3-32B,c4,41,47,128,0.409848
Qwen/Qwen3-32B,c4,41,47,512,0.222502
Qwen/Qwen3-32B,c4,41,47,2048,0.051953
Qwen/Qwen3-32B,c4,41,48,128,0.042521
Qwen/Qwen3-32B,c4,41,48,512,0.020103
Qwen/Qwen3-32B,c4,41,48,2048,0.004499
Qwen/Qwen3-32B,c4,41,49,128,0.098058
Qwen/Qwen3-32B,c4,41,49,512,0.028856
Qwen/Qwen3-32B,c4,41,49,2048,0.005285
Qwen/Qwen3-32B,c4,41,50,128,0.295907
Qwen/Qwen3-32B,c4,41,50,512,0.131178
Qwen/Qwen3-32B,c4,41,50,2048,0.032604
Qwen/Qwen3-32B,c4,41,51,128,0.159536
Qwen/Qwen3-32B,c4,41,51,512,0.057385
Qwen/Qwen3-32B,c4,41,51,2048,0.006718
Qwen/Qwen3-32B,c4,41,52,128,0.196883
Qwen/Qwen3-32B,c4,41,52,512,0.063740
Qwen/Qwen3-32B,c4,41,52,2048,0.008647
Qwen/Qwen3-32B,c4,41,53,128,0.118515
Qwen/Qwen3-32B,c4,41,53,512,0.046654
Qwen/Qwen3-32B,c4,41,53,2048,0.006821
Qwen/Qwen3-32B,c4,41,54,128,0.235234
Qwen/Qwen3-32B,c4,41,54,512,0.090613
Qwen/Qwen3-32B,c4,41,54,2048,0.015624
Qwen/Qwen3-32B,c4,41,55,128,0.185911
Qwen/Qwen3-32B,c4,41,55,512,0.058451
Qwen/Qwen3-32B,c4,41,55,2048,0.007376
Qwen/Qwen3-32B,c4,41,56,128,0.357595
Qwen/Qwen3-32B,c4,41,56,512,0.144032
Qwen/Qwen3-32B,c4,41,56,2048,0.031906
Qwen/Qwen3-32B,c4,41,57,128,0.290644
Qwen/Qwen3-32B,c4,41,57,512,0.196170
Qwen/Qwen3-32B,c4,41,57,2048,0.053182
Qwen/Qwen3-32B,c4,41,58,128,0.188341
Qwen/Qwen3-32B,c4,41,58,512,0.083764
Qwen/Qwen3-32B,c4,41,58,2048,0.017972
Qwen/Qwen3-32B,c4,41,59,128,0.118205
Qwen/Qwen3-32B,c4,41,59,512,0.068686
Qwen/Qwen3-32B,c4,41,59,2048,0.017161
Qwen/Qwen3-32B,c4,41,60,128,0.333840
Qwen/Qwen3-32B,c4,41,60,512,0.110210
Qwen/Qwen3-32B,c4,41,60,2048,0.022294
Qwen/Qwen3-32B,c4,41,61,128,0.151640
Qwen/Qwen3-32B,c4,41,61,512,0.069873
Qwen/Qwen3-32B,c4,41,61,2048,0.015988
Qwen/Qwen3-32B,c4,41,62,128,0.086736
Qwen/Qwen3-32B,c4,41,62,512,0.050521
Qwen/Qwen3-32B,c4,41,62,2048,0.014225
Qwen/Qwen3-32B,c4,41,63,128,0.179825
Qwen/Qwen3-32B,c4,41,63,512,0.081099
Qwen/Qwen3-32B,c4,41,63,2048,0.017411
Qwen/Qwen3-32B,c4,42,0,128,0.005603
Qwen/Qwen3-32B,c4,42,0,512,0.005029
Qwen/Qwen3-32B,c4,42,0,2048,0.003222
Qwen/Qwen3-32B,c4,42,1,128,0.144035
Qwen/Qwen3-32B,c4,42,1,512,0.055562
Qwen/Qwen3-32B,c4,42,1,2048,0.011773
Qwen/Qwen3-32B,c4,42,2,128,0.273993
Qwen/Qwen3-32B,c4,42,2,512,0.151532
Qwen/Qwen3-32B,c4,42,2,2048,0.045983
Qwen/Qwen3-32B,c4,42,3,128,0.109506
Qwen/Qwen3-32B,c4,42,3,512,0.079040
Qwen/Qwen3-32B,c4,42,3,2048,0.017325
Qwen/Qwen3-32B,c4,42,4,128,0.353085
Qwen/Qwen3-32B,c4,42,4,512,0.164241
Qwen/Qwen3-32B,c4,42,4,2048,0.049126
Qwen/Qwen3-32B,c4,42,5,128,0.427900
Qwen/Qwen3-32B,c4,42,5,512,0.189109
Qwen/Qwen3-32B,c4,42,5,2048,0.054473
Qwen/Qwen3-32B,c4,42,6,128,0.115300
Qwen/Qwen3-32B,c4,42,6,512,0.034238
Qwen/Qwen3-32B,c4,42,6,2048,0.005157
Qwen/Qwen3-32B,c4,42,7,128,0.308916
Qwen/Qwen3-32B,c4,42,7,512,0.119273
Qwen/Qwen3-32B,c4,42,7,2048,0.025429
Qwen/Qwen3-32B,c4,42,8,128,0.274184
Qwen/Qwen3-32B,c4,42,8,512,0.107497
Qwen/Qwen3-32B,c4,42,8,2048,0.022419
Qwen/Qwen3-32B,c4,42,9,128,0.090383
Qwen/Qwen3-32B,c4,42,9,512,0.035609
Qwen/Qwen3-32B,c4,42,9,2048,0.010162
Qwen/Qwen3-32B,c4,42,10,128,0.370068
Qwen/Qwen3-32B,c4,42,10,512,0.189218
Qwen/Qwen3-32B,c4,42,10,2048,0.042706
Qwen/Qwen3-32B,c4,42,11,128,0.097940
Qwen/Qwen3-32B,c4,42,11,512,0.042972
Qwen/Qwen3-32B,c4,42,11,2048,0.009355
Qwen/Qwen3-32B,c4,42,12,128,0.213914
Qwen/Qwen3-32B,c4,42,12,512,0.071120
Qwen/Qwen3-32B,c4,42,12,2048,0.017127
Qwen/Qwen3-32B,c4,42,13,128,0.318335
Qwen/Qwen3-32B,c4,42,13,512,0.102123
Qwen/Qwen3-32B,c4,42,13,2048,0.021539
Qwen/Qwen3-32B,c4,42,14,128,0.312724
Qwen/Qwen3-32B,c4,42,14,512,0.150256
Qwen/Qwen3-32B,c4,42,14,2048,0.020128
Qwen/Qwen3-32B,c4,42,15,128,0.210804
Qwen/Qwen3-32B,c4,42,15,512,0.081566
Qwen/Qwen3-32B,c4,42,15,2048,0.014488
Qwen/Qwen3-32B,c4,42,16,128,0.179979
Qwen/Qwen3-32B,c4,42,16,512,0.073229
Qwen/Qwen3-32B,c4,42,16,2048,0.008617
Qwen/Qwen3-32B,c4,42,17,128,0.075884
Qwen/Qwen3-32B,c4,42,17,512,0.029933
Qwen/Qwen3-32B,c4,42,17,2048,0.007556
Qwen/Qwen3-32B,c4,42,18,128,0.098745
Qwen/Qwen3-32B,c4,42,18,512,0.033930
Qwen/Qwen3-32B,c4,42,18,2048,0.004318
Qwen/Qwen3-32B,c4,42,19,128,0.050007
Qwen/Qwen3-32B,c4,42,19,512,0.029423
Qwen/Qwen3-32B,c4,42,19,2048,0.007777
Qwen/Qwen3-32B,c4,42,20,128,0.044092
Qwen/Qwen3-32B,c4,42,20,512,0.021883
Qwen/Qwen3-32B,c4,42,20,2048,0.005864
Qwen/Qwen3-32B,c4,42,21,128,0.073409
Qwen/Qwen3-32B,c4,42,21,512,0.022162
Qwen/Qwen3-32B,c4,42,21,2048,0.003849
Qwen/Qwen3-32B,c4,42,22,128,0.039454
Qwen/Qwen3-32B,c4,42,22,512,0.022190
Qwen/Qwen3-32B,c4,42,22,2048,0.006838
Qwen/Qwen3-32B,c4,42,23,128,0.022336
Qwen/Qwen3-32B,c4,42,23,512,0.010204
Qwen/Qwen3-32B,c4,42,23,2048,0.004306
Qwen/Qwen3-32B,c4,42,24,128,0.399914
Qwen/Qwen3-32B,c4,42,24,512,0.190591
Qwen/Qwen3-32B,c4,42,24,2048,0.045913
Qwen/Qwen3-32B,c4,42,25,128,0.383923
Qwen/Qwen3-32B,c4,42,25,512,0.161090
Qwen/Qwen3-32B,c4,42,25,2048,0.033877
Qwen/Qwen3-32B,c4,42,26,128,0.212102
Qwen/Qwen3-32B,c4,42,26,512,0.106123
Qwen/Qwen3-32B,c4,42,26,2048,0.035160
Qwen/Qwen3-32B,c4,42,27,128,0.295409
Qwen/Qwen3-32B,c4,42,27,512,0.117250
Qwen/Qwen3-32B,c4,42,27,2048,0.029868
Qwen/Qwen3-32B,c4,42,28,128,0.251098
Qwen/Qwen3-32B,c4,42,28,512,0.085985
Qwen/Qwen3-32B,c4,42,28,2048,0.016545
Qwen/Qwen3-32B,c4,42,29,128,0.044546
Qwen/Qwen3-32B,c4,42,29,512,0.026066
Qwen/Qwen3-32B,c4,42,29,2048,0.008353
Qwen/Qwen3-32B,c4,42,30,128,0.251527
Qwen/Qwen3-32B,c4,42,30,512,0.084084
Qwen/Qwen3-32B,c4,42,30,2048,0.019904
Qwen/Qwen3-32B,c4,42,31,128,0.264365
Qwen/Qwen3-32B,c4,42,31,512,0.095880
Qwen/Qwen3-32B,c4,42,31,2048,0.021188
Qwen/Qwen3-32B,c4,42,32,128,0.194337
Qwen/Qwen3-32B,c4,42,32,512,0.137224
Qwen/Qwen3-32B,c4,42,32,2048,0.040203
Qwen/Qwen3-32B,c4,42,33,128,0.284857
Qwen/Qwen3-32B,c4,42,33,512,0.133477
Qwen/Qwen3-32B,c4,42,33,2048,0.019862
Qwen/Qwen3-32B,c4,42,34,128,0.045820
Qwen/Qwen3-32B,c4,42,34,512,0.023044
Qwen/Qwen3-32B,c4,42,34,2048,0.003636
Qwen/Qwen3-32B,c4,42,35,128,0.243446
Qwen/Qwen3-32B,c4,42,35,512,0.114251
Qwen/Qwen3-32B,c4,42,35,2048,0.019381
Qwen/Qwen3-32B,c4,42,36,128,0.207299
Qwen/Qwen3-32B,c4,42,36,512,0.112428
Qwen/Qwen3-32B,c4,42,36,2048,0.019633
Qwen/Qwen3-32B,c4,42,37,128,0.029460
Qwen/Qwen3-32B,c4,42,37,512,0.014932
Qwen/Qwen3-32B,c4,42,37,2048,0.002238
Qwen/Qwen3-32B,c4,42,38,128,0.052699
Qwen/Qwen3-32B,c4,42,38,512,0.028345
Qwen/Qwen3-32B,c4,42,38,2048,0.005728
Qwen/Qwen3-32B,c4,42,39,128,0.127663
Qwen/Qwen3-32B,c4,42,39,512,0.060272
Qwen/Qwen3-32B,c4,42,39,2048,0.014193
Qwen/Qwen3-32B,c4,42,40,128,0.062865
Qwen/Qwen3-32B,c4,42,40,512,0.027138
Qwen/Qwen3-32B,c4,42,40,2048,0.009151
Qwen/Qwen3-32B,c4,42,41,128,0.197947
Qwen/Qwen3-32B,c4,42,41,512,0.080847
Qwen/Qwen3-32B,c4,42,41,2048,0.020688
Qwen/Qwen3-32B,c4,42,42,128,0.151036
Qwen/Qwen3-32B,c4,42,42,512,0.066314
Qwen/Qwen3-32B,c4,42,42,2048,0.023552
Qwen/Qwen3-32B,c4,42,43,128,0.213870
Qwen/Qwen3-32B,c4,42,43,512,0.074978
Qwen/Qwen3-32B,c4,42,43,2048,0.013409
Qwen/Qwen3-32B,c4,42,44,128,0.154597
Qwen/Qwen3-32B,c4,42,44,512,0.054137
Qwen/Qwen3-32B,c4,42,44,2048,0.013319
Qwen/Qwen3-32B,c4,42,45,128,0.094035
Qwen/Qwen3-32B,c4,42,45,512,0.055045
Qwen/Qwen3-32B,c4,42,45,2048,0.022294
Qwen/Qwen3-32B,c4,42,46,128,0.246133
Qwen/Qwen3-32B,c4,42,46,512,0.106685
Qwen/Qwen3-32B,c4,42,46,2048,0.026312
Qwen/Qwen3-32B,c4,42,47,128,0.056872
Qwen/Qwen3-32B,c4,42,47,512,0.016432
Qwen/Qwen3-32B,c4,42,47,2048,0.005395
Qwen/Qwen3-32B,c4,42,48,128,0.185129
Qwen/Qwen3-32B,c4,42,48,512,0.109338
Qwen/Qwen3-32B,c4,42,48,2048,0.025874
Qwen/Qwen3-32B,c4,42,49,128,0.316203
Qwen/Qwen3-32B,c4,42,49,512,0.183864
Qwen/Qwen3-32B,c4,42,49,2048,0.043066
Qwen/Qwen3-32B,c4,42,50,128,0.289108
Qwen/Qwen3-32B,c4,42,50,512,0.175353
Qwen/Qwen3-32B,c4,42,50,2048,0.045462
Qwen/Qwen3-32B,c4,42,51,128,0.228497
Qwen/Qwen3-32B,c4,42,51,512,0.109022
Qwen/Qwen3-32B,c4,42,51,2048,0.020408
Qwen/Qwen3-32B,c4,42,52,128,0.188945
Qwen/Qwen3-32B,c4,42,52,512,0.091576
Qwen/Qwen3-32B,c4,42,52,2048,0.018338
Qwen/Qwen3-32B,c4,42,53,128,0.308005
Qwen/Qwen3-32B,c4,42,53,512,0.169383
Qwen/Qwen3-32B,c4,42,53,2048,0.040116
Qwen/Qwen3-32B,c4,42,54,128,0.190217
Qwen/Qwen3-32B,c4,42,54,512,0.087736
Qwen/Qwen3-32B,c4,42,54,2048,0.017641
Qwen/Qwen3-32B,c4,42,55,128,0.103837
Qwen/Qwen3-32B,c4,42,55,512,0.052021
Qwen/Qwen3-32B,c4,42,55,2048,0.010349
Qwen/Qwen3-32B,c4,42,56,128,0.084538
Qwen/Qwen3-32B,c4,42,56,512,0.045798
Qwen/Qwen3-32B,c4,42,56,2048,0.019375
Qwen/Qwen3-32B,c4,42,57,128,0.068690
Qwen/Qwen3-32B,c4,42,57,512,0.049227
Qwen/Qwen3-32B,c4,42,57,2048,0.021339
Qwen/Qwen3-32B,c4,42,58,128,0.081020
Qwen/Qwen3-32B,c4,42,58,512,0.051627
Qwen/Qwen3-32B,c4,42,58,2048,0.012436
Qwen/Qwen3-32B,c4,42,59,128,0.053666
Qwen/Qwen3-32B,c4,42,59,512,0.037279
Qwen/Qwen3-32B,c4,42,59,2048,0.011005
Qwen/Qwen3-32B,c4,42,60,128,0.075097
Qwen/Qwen3-32B,c4,42,60,512,0.042790
Qwen/Qwen3-32B,c4,42,60,2048,0.018146
Qwen/Qwen3-32B,c4,42,61,128,0.056945
Qwen/Qwen3-32B,c4,42,61,512,0.041559
Qwen/Qwen3-32B,c4,42,61,2048,0.016977
Qwen/Qwen3-32B,c4,42,62,128,0.056455
Qwen/Qwen3-32B,c4,42,62,512,0.038701
Qwen/Qwen3-32B,c4,42,62,2048,0.013021
Qwen/Qwen3-32B,c4,42,63,128,0.055588
Qwen/Qwen3-32B,c4,42,63,512,0.027264
Qwen/Qwen3-32B,c4,42,63,2048,0.007649
Qwen/Qwen3-32B,c4,43,0,128,0.038223
Qwen/Qwen3-32B,c4,43,0,512,0.027567
Qwen/Qwen3-32B,c4,43,0,2048,0.005867
Qwen/Qwen3-32B,c4,43,1,128,0.051226
Qwen/Qwen3-32B,c4,43,1,512,0.035816
Qwen/Qwen3-32B,c4,43,1,2048,0.006578
Qwen/Qwen3-32B,c4,43,2,128,0.037568
Qwen/Qwen3-32B,c4,43,2,512,0.024247
Qwen/Qwen3-32B,c4,43,2,2048,0.005703
Qwen/Qwen3-32B,c4,43,3,128,0.039323
Qwen/Qwen3-32B,c4,43,3,512,0.028835
Qwen/Qwen3-32B,c4,43,3,2048,0.006101
Qwen/Qwen3-32B,c4,43,4,128,0.089537
Qwen/Qwen3-32B,c4,43,4,512,0.055868
Qwen/Qwen3-32B,c4,43,4,2048,0.014978
Qwen/Qwen3-32B,c4,43,5,128,0.045656
Qwen/Qwen3-32B,c4,43,5,512,0.029659
Qwen/Qwen3-32B,c4,43,5,2048,0.005892
Qwen/Qwen3-32B,c4,43,6,128,0.037780
Qwen/Qwen3-32B,c4,43,6,512,0.025546
Qwen/Qwen3-32B,c4,43,6,2048,0.006072
Qwen/Qwen3-32B,c4,43,7,128,0.036843
Qwen/Qwen3-32B,c4,43,7,512,0.028029
Qwen/Qwen3-32B,c4,43,7,2048,0.006514
Qwen/Qwen3-32B,c4,43,8,128,0.134106
Qwen/Qwen3-32B,c4,43,8,512,0.052116
Qwen/Qwen3-32B,c4,43,8,2048,0.013075
Qwen/Qwen3-32B,c4,43,9,128,0.078981
Qwen/Qwen3-32B,c4,43,9,512,0.054592
Qwen/Qwen3-32B,c4,43,9,2048,0.015434
Qwen/Qwen3-32B,c4,43,10,128,0.199960
Qwen/Qwen3-32B,c4,43,10,512,0.128655
Qwen/Qwen3-32B,c4,43,10,2048,0.033291
Qwen/Qwen3-32B,c4,43,11,128,0.230639
Qwen/Qwen3-32B,c4,43,11,512,0.093048
Qwen/Qwen3-32B,c4,43,11,2048,0.023929
Qwen/Qwen3-32B,c4,43,12,128,0.034635
Qwen/Qwen3-32B,c4,43,12,512,0.020566
Qwen/Qwen3-32B,c4,43,12,2048,0.005906
Qwen/Qwen3-32B,c4,43,13,128,0.223880
Qwen/Qwen3-32B,c4,43,13,512,0.080611
Qwen/Qwen3-32B,c4,43,13,2048,0.016769
Qwen/Qwen3-32B,c4,43,14,128,0.139574
Qwen/Qwen3-32B,c4,43,14,512,0.048349
Qwen/Qwen3-32B,c4,43,14,2048,0.007087
Qwen/Qwen3-32B,c4,43,15,128,0.044562
Qwen/Qwen3-32B,c4,43,15,512,0.029771
Qwen/Qwen3-32B,c4,43,15,2048,0.006495
Qwen/Qwen3-32B,c4,43,16,128,0.108457
Qwen/Qwen3-32B,c4,43,16,512,0.034076
Qwen/Qwen3-32B,c4,43,16,2048,0.007229
Qwen/Qwen3-32B,c4,43,17,128,0.063833
Qwen/Qwen3-32B,c4,43,17,512,0.023785
Qwen/Qwen3-32B,c4,43,17,2048,0.005850
Qwen/Qwen3-32B,c4,43,18,128,0.098683
Qwen/Qwen3-32B,c4,43,18,512,0.036513
Qwen/Qwen3-32B,c4,43,18,2048,0.005253
Qwen/Qwen3-32B,c4,43,19,128,0.046594
Qwen/Qwen3-32B,c4,43,19,512,0.020790
Qwen/Qwen3-32B,c4,43,19,2048,0.004614
Qwen/Qwen3-32B,c4,43,20,128,0.098604
Qwen/Qwen3-32B,c4,43,20,512,0.033176
Qwen/Qwen3-32B,c4,43,20,2048,0.007220
Qwen/Qwen3-32B,c4,43,21,128,0.062457
Qwen/Qwen3-32B,c4,43,21,512,0.020774
Qwen/Qwen3-32B,c4,43,21,2048,0.003826
Qwen/Qwen3-32B,c4,43,22,128,0.141789
Qwen/Qwen3-32B,c4,43,22,512,0.061905
Qwen/Qwen3-32B,c4,43,22,2048,0.012898
Qwen/Qwen3-32B,c4,43,23,128,0.062112
Qwen/Qwen3-32B,c4,43,23,512,0.016982
Qwen/Qwen3-32B,c4,43,23,2048,0.003402
Qwen/Qwen3-32B,c4,43,24,128,0.243784
Qwen/Qwen3-32B,c4,43,24,512,0.098666
Qwen/Qwen3-32B,c4,43,24,2048,0.029042
Qwen/Qwen3-32B,c4,43,25,128,0.057893
Qwen/Qwen3-32B,c4,43,25,512,0.022434
Qwen/Qwen3-32B,c4,43,25,2048,0.004466
Qwen/Qwen3-32B,c4,43,26,128,0.095668
Qwen/Qwen3-32B,c4,43,26,512,0.039696
Qwen/Qwen3-32B,c4,43,26,2048,0.006574
Qwen/Qwen3-32B,c4,43,27,128,0.185653
Qwen/Qwen3-32B,c4,43,27,512,0.051870
Qwen/Qwen3-32B,c4,43,27,2048,0.006729
Qwen/Qwen3-32B,c4,43,28,128,0.049230
Qwen/Qwen3-32B,c4,43,28,512,0.012519
Qwen/Qwen3-32B,c4,43,28,2048,0.002421
Qwen/Qwen3-32B,c4,43,29,128,0.168619
Qwen/Qwen3-32B,c4,43,29,512,0.073291
Qwen/Qwen3-32B,c4,43,29,2048,0.018422
Qwen/Qwen3-32B,c4,43,30,128,0.228318
Qwen/Qwen3-32B,c4,43,30,512,0.097783
Qwen/Qwen3-32B,c4,43,30,2048,0.021513
Qwen/Qwen3-32B,c4,43,31,128,0.122206
Qwen/Qwen3-32B,c4,43,31,512,0.038706
Qwen/Qwen3-32B,c4,43,31,2048,0.004148
Qwen/Qwen3-32B,c4,43,32,128,0.166740
Qwen/Qwen3-32B,c4,43,32,512,0.058654
Qwen/Qwen3-32B,c4,43,32,2048,0.013638
Qwen/Qwen3-32B,c4,43,33,128,0.168322
Qwen/Qwen3-32B,c4,43,33,512,0.074901
Qwen/Qwen3-32B,c4,43,33,2048,0.017496
Qwen/Qwen3-32B,c4,43,34,128,0.325089
Qwen/Qwen3-32B,c4,43,34,512,0.163487
Qwen/Qwen3-32B,c4,43,34,2048,0.042721
Qwen/Qwen3-32B,c4,43,35,128,0.099761
Qwen/Qwen3-32B,c4,43,35,512,0.045686
Qwen/Qwen3-32B,c4,43,35,2048,0.014232
Qwen/Qwen3-32B,c4,43,36,128,0.093262
Qwen/Qwen3-32B,c4,43,36,512,0.045290
Qwen/Qwen3-32B,c4,43,36,2048,0.014308
Qwen/Qwen3-32B,c4,43,37,128,0.189181
Qwen/Qwen3-32B,c4,43,37,512,0.074113
Qwen/Qwen3-32B,c4,43,37,2048,0.014280
Qwen/Qwen3-32B,c4,43,38,128,0.051465
Qwen/Qwen3-32B,c4,43,38,512,0.024565
Qwen/Qwen3-32B,c4,43,38,2048,0.007975
Qwen/Qwen3-32B,c4,43,39,128,0.115369
Qwen/Qwen3-32B,c4,43,39,512,0.042790
Qwen/Qwen3-32B,c4,43,39,2048,0.011902
Qwen/Qwen3-32B,c4,43,40,128,0.125956
Qwen/Qwen3-32B,c4,43,40,512,0.053928
Qwen/Qwen3-32B,c4,43,40,2048,0.007088
Qwen/Qwen3-32B,c4,43,41,128,0.171334
Qwen/Qwen3-32B,c4,43,41,512,0.076976
Qwen/Qwen3-32B,c4,43,41,2048,0.017706
Qwen/Qwen3-32B,c4,43,42,128,0.082879
Qwen/Qwen3-32B,c4,43,42,512,0.030661
Qwen/Qwen3-32B,c4,43,42,2048,0.004614
Qwen/Qwen3-32B,c4,43,43,128,0.073021
Qwen/Qwen3-32B,c4,43,43,512,0.047459
Qwen/Qwen3-32B,c4,43,43,2048,0.007522
Qwen/Qwen3-32B,c4,43,44,128,0.072982
Qwen/Qwen3-32B,c4,43,44,512,0.023651
Qwen/Qwen3-32B,c4,43,44,2048,0.002845
Qwen/Qwen3-32B,c4,43,45,128,0.044166
Qwen/Qwen3-32B,c4,43,45,512,0.022792
Qwen/Qwen3-32B,c4,43,45,2048,0.004501
Qwen/Qwen3-32B,c4,43,46,128,0.082223
Qwen/Qwen3-32B,c4,43,46,512,0.042548
Qwen/Qwen3-32B,c4,43,46,2048,0.006817
Qwen/Qwen3-32B,c4,43,47,128,0.064162
Qwen/Qwen3-32B,c4,43,47,512,0.038976
Qwen/Qwen3-32B,c4,43,47,2048,0.006043
Qwen/Qwen3-32B,c4,43,48,128,0.116975
Qwen/Qwen3-32B,c4,43,48,512,0.050327
Qwen/Qwen3-32B,c4,43,48,2048,0.010766
Qwen/Qwen3-32B,c4,43,49,128,0.113879
Qwen/Qwen3-32B,c4,43,49,512,0.042958
Qwen/Qwen3-32B,c4,43,49,2048,0.008161
Qwen/Qwen3-32B,c4,43,50,128,0.101247
Qwen/Qwen3-32B,c4,43,50,512,0.037126
Qwen/Qwen3-32B,c4,43,50,2048,0.006408
Qwen/Qwen3-32B,c4,43,51,128,0.157371
Qwen/Qwen3-32B,c4,43,51,512,0.063086
Qwen/Qwen3-32B,c4,43,51,2048,0.010980
Qwen/Qwen3-32B,c4,43,52,128,0.125180
Qwen/Qwen3-32B,c4,43,52,512,0.049066
Qwen/Qwen3-32B,c4,43,52,2048,0.008304
Qwen/Qwen3-32B,c4,43,53,128,0.117992
Qwen/Qwen3-32B,c4,43,53,512,0.042464
Qwen/Qwen3-32B,c4,43,53,2048,0.007312
Qwen/Qwen3-32B,c4,43,54,128,0.117516
Qwen/Qwen3-32B,c4,43,54,512,0.043111
Qwen/Qwen3-32B,c4,43,54,2048,0.007715
Qwen/Qwen3-32B,c4,43,55,128,0.115355
Qwen/Qwen3-32B,c4,43,55,512,0.040074
Qwen/Qwen3-32B,c4,43,55,2048,0.006773
Qwen/Qwen3-32B,c4,43,56,128,0.125018
Qwen/Qwen3-32B,c4,43,56,512,0.037953
Qwen/Qwen3-32B,c4,43,56,2048,0.005369
Qwen/Qwen3-32B,c4,43,57,128,0.362766
Qwen/Qwen3-32B,c4,43,57,512,0.162369
Qwen/Qwen3-32B,c4,43,57,2048,0.032505
Qwen/Qwen3-32B,c4,43,58,128,0.359177
Qwen/Qwen3-32B,c4,43,58,512,0.135978
Qwen/Qwen3-32B,c4,43,58,2048,0.021542
Qwen/Qwen3-32B,c4,43,59,128,0.085316
Qwen/Qwen3-32B,c4,43,59,512,0.026155
Qwen/Qwen3-32B,c4,43,59,2048,0.003547
Qwen/Qwen3-32B,c4,43,60,128,0.127022
Qwen/Qwen3-32B,c4,43,60,512,0.042705
Qwen/Qwen3-32B,c4,43,60,2048,0.004848
Qwen/Qwen3-32B,c4,43,61,128,0.122169
Qwen/Qwen3-32B,c4,43,61,512,0.034845
Qwen/Qwen3-32B,c4,43,61,2048,0.004516
Qwen/Qwen3-32B,c4,43,62,128,0.079761
Qwen/Qwen3-32B,c4,43,62,512,0.028841
Qwen/Qwen3-32B,c4,43,62,2048,0.004040
Qwen/Qwen3-32B,c4,43,63,128,0.236718
Qwen/Qwen3-32B,c4,43,63,512,0.085856
Qwen/Qwen3-32B,c4,43,63,2048,0.010802
Qwen/Qwen3-32B,c4,44,0,128,0.326264
Qwen/Qwen3-32B,c4,44,0,512,0.170764
Qwen/Qwen3-32B,c4,44,0,2048,0.043447
Qwen/Qwen3-32B,c4,44,1,128,0.133600
Qwen/Qwen3-32B,c4,44,1,512,0.048689
Qwen/Qwen3-32B,c4,44,1,2048,0.011827
Qwen/Qwen3-32B,c4,44,2,128,0.196632
Qwen/Qwen3-32B,c4,44,2,512,0.100115
Qwen/Qwen3-32B,c4,44,2,2048,0.024915
Qwen/Qwen3-32B,c4,44,3,128,0.090563
Qwen/Qwen3-32B,c4,44,3,512,0.060818
Qwen/Qwen3-32B,c4,44,3,2048,0.023904
Qwen/Qwen3-32B,c4,44,4,128,0.055899
Qwen/Qwen3-32B,c4,44,4,512,0.033391
Qwen/Qwen3-32B,c4,44,4,2048,0.020207
Qwen/Qwen3-32B,c4,44,5,128,0.255452
Qwen/Qwen3-32B,c4,44,5,512,0.111613
Qwen/Qwen3-32B,c4,44,5,2048,0.026667
Qwen/Qwen3-32B,c4,44,6,128,0.076135
Qwen/Qwen3-32B,c4,44,6,512,0.036819
Qwen/Qwen3-32B,c4,44,6,2048,0.010715
Qwen/Qwen3-32B,c4,44,7,128,0.220771
Qwen/Qwen3-32B,c4,44,7,512,0.098764
Qwen/Qwen3-32B,c4,44,7,2048,0.025395
Qwen/Qwen3-32B,c4,44,8,128,0.151536
Qwen/Qwen3-32B,c4,44,8,512,0.091096
Qwen/Qwen3-32B,c4,44,8,2048,0.007652
Qwen/Qwen3-32B,c4,44,9,128,0.160638
Qwen/Qwen3-32B,c4,44,9,512,0.104040
Qwen/Qwen3-32B,c4,44,9,2048,0.022243
Qwen/Qwen3-32B,c4,44,10,128,0.246081
Qwen/Qwen3-32B,c4,44,10,512,0.136317
Qwen/Qwen3-32B,c4,44,10,2048,0.026776
Qwen/Qwen3-32B,c4,44,11,128,0.121934
Qwen/Qwen3-32B,c4,44,11,512,0.071531
Qwen/Qwen3-32B,c4,44,11,2048,0.012406
Qwen/Qwen3-32B,c4,44,12,128,0.129540
Qwen/Qwen3-32B,c4,44,12,512,0.061570
Qwen/Qwen3-32B,c4,44,12,2048,0.009357
Qwen/Qwen3-32B,c4,44,13,128,0.149260
Qwen/Qwen3-32B,c4,44,13,512,0.079857
Qwen/Qwen3-32B,c4,44,13,2048,0.012033
Qwen/Qwen3-32B,c4,44,14,128,0.278257
Qwen/Qwen3-32B,c4,44,14,512,0.144844
Qwen/Qwen3-32B,c4,44,14,2048,0.029080
Qwen/Qwen3-32B,c4,44,15,128,0.114177
Qwen/Qwen3-32B,c4,44,15,512,0.081745
Qwen/Qwen3-32B,c4,44,15,2048,0.012084
Qwen/Qwen3-32B,c4,44,16,128,0.198555
Qwen/Qwen3-32B,c4,44,16,512,0.072689
Qwen/Qwen3-32B,c4,44,16,2048,0.014958
Qwen/Qwen3-32B,c4,44,17,128,0.139684
Qwen/Qwen3-32B,c4,44,17,512,0.048019
Qwen/Qwen3-32B,c4,44,17,2048,0.006353
Qwen/Qwen3-32B,c4,44,18,128,0.211603
Qwen/Qwen3-32B,c4,44,18,512,0.118279
Qwen/Qwen3-32B,c4,44,18,2048,0.027003
Qwen/Qwen3-32B,c4,44,19,128,0.044081
Qwen/Qwen3-32B,c4,44,19,512,0.011681
Qwen/Qwen3-32B,c4,44,19,2048,0.003563
Qwen/Qwen3-32B,c4,44,20,128,0.057549
Qwen/Qwen3-32B,c4,44,20,512,0.028063
Qwen/Qwen3-32B,c4,44,20,2048,0.004253
Qwen/Qwen3-32B,c4,44,21,128,0.021623
Qwen/Qwen3-32B,c4,44,21,512,0.009934
Qwen/Qwen3-32B,c4,44,21,2048,0.002352
Qwen/Qwen3-32B,c4,44,22,128,0.051144
Qwen/Qwen3-32B,c4,44,22,512,0.036361
Qwen/Qwen3-32B,c4,44,22,2048,0.007535
Qwen/Qwen3-32B,c4,44,23,128,0.276782
Qwen/Qwen3-32B,c4,44,23,512,0.078380
Qwen/Qwen3-32B,c4,44,23,2048,0.012300
Qwen/Qwen3-32B,c4,44,24,128,0.158320
Qwen/Qwen3-32B,c4,44,24,512,0.067193
Qwen/Qwen3-32B,c4,44,24,2048,0.012648
Qwen/Qwen3-32B,c4,44,25,128,0.171844
Qwen/Qwen3-32B,c4,44,25,512,0.068756
Qwen/Qwen3-32B,c4,44,25,2048,0.010332
Qwen/Qwen3-32B,c4,44,26,128,0.229270
Qwen/Qwen3-32B,c4,44,26,512,0.058216
Qwen/Qwen3-32B,c4,44,26,2048,0.006396
Qwen/Qwen3-32B,c4,44,27,128,0.092750
Qwen/Qwen3-32B,c4,44,27,512,0.035141
Qwen/Qwen3-32B,c4,44,27,2048,0.007039
Qwen/Qwen3-32B,c4,44,28,128,0.161487
Qwen/Qwen3-32B,c4,44,28,512,0.085535
Qwen/Qwen3-32B,c4,44,28,2048,0.016073
Qwen/Qwen3-32B,c4,44,29,128,0.087658
Qwen/Qwen3-32B,c4,44,29,512,0.033633
Qwen/Qwen3-32B,c4,44,29,2048,0.007928
Qwen/Qwen3-32B,c4,44,30,128,0.161752
Qwen/Qwen3-32B,c4,44,30,512,0.066757
Qwen/Qwen3-32B,c4,44,30,2048,0.016767
Qwen/Qwen3-32B,c4,44,31,128,0.312452
Qwen/Qwen3-32B,c4,44,31,512,0.122609
Qwen/Qwen3-32B,c4,44,31,2048,0.032641
Qwen/Qwen3-32B,c4,44,32,128,0.228676
Qwen/Qwen3-32B,c4,44,32,512,0.135243
Qwen/Qwen3-32B,c4,44,32,2048,0.029105
Qwen/Qwen3-32B,c4,44,33,128,0.117122
Qwen/Qwen3-32B,c4,44,33,512,0.051626
Qwen/Qwen3-32B,c4,44,33,2048,0.007269
Qwen/Qwen3-32B,c4,44,34,128,0.064122
Qwen/Qwen3-32B,c4,44,34,512,0.032192
Qwen/Qwen3-32B,c4,44,34,2048,0.004806
Qwen/Qwen3-32B,c4,44,35,128,0.116498
Qwen/Qwen3-32B,c4,44,35,512,0.044779
Qwen/Qwen3-32B,c4,44,35,2048,0.007628
Qwen/Qwen3-32B,c4,44,36,128,0.113156
Qwen/Qwen3-32B,c4,44,36,512,0.043111
Qwen/Qwen3-32B,c4,44,36,2048,0.004348
Qwen/Qwen3-32B,c4,44,37,128,0.094663
Qwen/Qwen3-32B,c4,44,37,512,0.036356
Qwen/Qwen3-32B,c4,44,37,2048,0.005308
Qwen/Qwen3-32B,c4,44,38,128,0.137658
Qwen/Qwen3-32B,c4,44,38,512,0.072255
Qwen/Qwen3-32B,c4,44,38,2048,0.016038
Qwen/Qwen3-32B,c4,44,39,128,0.121843
Qwen/Qwen3-32B,c4,44,39,512,0.057732
Qwen/Qwen3-32B,c4,44,39,2048,0.012221
Qwen/Qwen3-32B,c4,44,40,128,0.096560
Qwen/Qwen3-32B,c4,44,40,512,0.041183
Qwen/Qwen3-32B,c4,44,40,2048,0.009456
Qwen/Qwen3-32B,c4,44,41,128,0.089834
Qwen/Qwen3-32B,c4,44,41,512,0.038833
Qwen/Qwen3-32B,c4,44,41,2048,0.009348
Qwen/Qwen3-32B,c4,44,42,128,0.258945
Qwen/Qwen3-32B,c4,44,42,512,0.107686
Qwen/Qwen3-32B,c4,44,42,2048,0.026528
Qwen/Qwen3-32B,c4,44,43,128,0.082709
Qwen/Qwen3-32B,c4,44,43,512,0.046387
Qwen/Qwen3-32B,c4,44,43,2048,0.011326
Qwen/Qwen3-32B,c4,44,44,128,0.095651
Qwen/Qwen3-32B,c4,44,44,512,0.045325
Qwen/Qwen3-32B,c4,44,44,2048,0.006613
Qwen/Qwen3-32B,c4,44,45,128,0.132685
Qwen/Qwen3-32B,c4,44,45,512,0.066826
Qwen/Qwen3-32B,c4,44,45,2048,0.019521
Qwen/Qwen3-32B,c4,44,46,128,0.077728
Qwen/Qwen3-32B,c4,44,46,512,0.039099
Qwen/Qwen3-32B,c4,44,46,2048,0.008791
Qwen/Qwen3-32B,c4,44,47,128,0.206558
Qwen/Qwen3-32B,c4,44,47,512,0.074966
Qwen/Qwen3-32B,c4,44,47,2048,0.015974
Qwen/Qwen3-32B,c4,44,48,128,0.077092
Qwen/Qwen3-32B,c4,44,48,512,0.061886
Qwen/Qwen3-32B,c4,44,48,2048,0.014168
Qwen/Qwen3-32B,c4,44,49,128,0.093406
Qwen/Qwen3-32B,c4,44,49,512,0.045105
Qwen/Qwen3-32B,c4,44,49,2048,0.006196
Qwen/Qwen3-32B,c4,44,50,128,0.135949
Qwen/Qwen3-32B,c4,44,50,512,0.075486
Qwen/Qwen3-32B,c4,44,50,2048,0.015875
Qwen/Qwen3-32B,c4,44,51,128,0.050613
Qwen/Qwen3-32B,c4,44,51,512,0.039956
Qwen/Qwen3-32B,c4,44,51,2048,0.009406
Qwen/Qwen3-32B,c4,44,52,128,0.064635
Qwen/Qwen3-32B,c4,44,52,512,0.043810
Qwen/Qwen3-32B,c4,44,52,2048,0.007734
Qwen/Qwen3-32B,c4,44,53,128,0.096136
Qwen/Qwen3-32B,c4,44,53,512,0.075407
Qwen/Qwen3-32B,c4,44,53,2048,0.019015
Qwen/Qwen3-32B,c4,44,54,128,0.079414
Qwen/Qwen3-32B,c4,44,54,512,0.057902
Qwen/Qwen3-32B,c4,44,54,2048,0.014664
Qwen/Qwen3-32B,c4,44,55,128,0.035116
Qwen/Qwen3-32B,c4,44,55,512,0.027241
Qwen/Qwen3-32B,c4,44,55,2048,0.004667
Qwen/Qwen3-32B,c4,44,56,128,0.075388
Qwen/Qwen3-32B,c4,44,56,512,0.035604
Qwen/Qwen3-32B,c4,44,56,2048,0.005524
Qwen/Qwen3-32B,c4,44,57,128,0.164462
Qwen/Qwen3-32B,c4,44,57,512,0.087930
Qwen/Qwen3-32B,c4,44,57,2048,0.018049
Qwen/Qwen3-32B,c4,44,58,128,0.080089
Qwen/Qwen3-32B,c4,44,58,512,0.042048
Qwen/Qwen3-32B,c4,44,58,2048,0.005650
Qwen/Qwen3-32B,c4,44,59,128,0.097384
Qwen/Qwen3-32B,c4,44,59,512,0.042227
Qwen/Qwen3-32B,c4,44,59,2048,0.008762
Qwen/Qwen3-32B,c4,44,60,128,0.190141
Qwen/Qwen3-32B,c4,44,60,512,0.093633
Qwen/Qwen3-32B,c4,44,60,2048,0.023652
Qwen/Qwen3-32B,c4,44,61,128,0.135429
Qwen/Qwen3-32B,c4,44,61,512,0.064591
Qwen/Qwen3-32B,c4,44,61,2048,0.011201
Qwen/Qwen3-32B,c4,44,62,128,0.260048
Qwen/Qwen3-32B,c4,44,62,512,0.115944
Qwen/Qwen3-32B,c4,44,62,2048,0.026212
Qwen/Qwen3-32B,c4,44,63,128,0.230416
Qwen/Qwen3-32B,c4,44,63,512,0.111037
Qwen/Qwen3-32B,c4,44,63,2048,0.025054
Qwen/Qwen3-32B,c4,45,0,128,0.322262
Qwen/Qwen3-32B,c4,45,0,512,0.131209
Qwen/Qwen3-32B,c4,45,0,2048,0.035627
Qwen/Qwen3-32B,c4,45,1,128,0.171258
Qwen/Qwen3-32B,c4,45,1,512,0.080530
Qwen/Qwen3-32B,c4,45,1,2048,0.008934
Qwen/Qwen3-32B,c4,45,2,128,0.215519
Qwen/Qwen3-32B,c4,45,2,512,0.104220
Qwen/Qwen3-32B,c4,45,2,2048,0.016642
Qwen/Qwen3-32B,c4,45,3,128,0.197878
Qwen/Qwen3-32B,c4,45,3,512,0.085214
Qwen/Qwen3-32B,c4,45,3,2048,0.019201
Qwen/Qwen3-32B,c4,45,4,128,0.268126
Qwen/Qwen3-32B,c4,45,4,512,0.086901
Qwen/Qwen3-32B,c4,45,4,2048,0.012630
Qwen/Qwen3-32B,c4,45,5,128,0.233215
Qwen/Qwen3-32B,c4,45,5,512,0.081263
Qwen/Qwen3-32B,c4,45,5,2048,0.018349
Qwen/Qwen3-32B,c4,45,6,128,0.242940
Qwen/Qwen3-32B,c4,45,6,512,0.096374
Qwen/Qwen3-32B,c4,45,6,2048,0.018918
Qwen/Qwen3-32B,c4,45,7,128,0.255970
Qwen/Qwen3-32B,c4,45,7,512,0.074886
Qwen/Qwen3-32B,c4,45,7,2048,0.015265
Qwen/Qwen3-32B,c4,45,8,128,0.097050
Qwen/Qwen3-32B,c4,45,8,512,0.067186
Qwen/Qwen3-32B,c4,45,8,2048,0.000941
Qwen/Qwen3-32B,c4,45,9,128,0.108322
Qwen/Qwen3-32B,c4,45,9,512,0.081984
Qwen/Qwen3-32B,c4,45,9,2048,0.004396
Qwen/Qwen3-32B,c4,45,10,128,0.075815
Qwen/Qwen3-32B,c4,45,10,512,0.051451
Qwen/Qwen3-32B,c4,45,10,2048,0.004520
Qwen/Qwen3-32B,c4,45,11,128,0.207291
Qwen/Qwen3-32B,c4,45,11,512,0.104969
Qwen/Qwen3-32B,c4,45,11,2048,0.011041
Qwen/Qwen3-32B,c4,45,12,128,0.107591
Qwen/Qwen3-32B,c4,45,12,512,0.071021
Qwen/Qwen3-32B,c4,45,12,2048,0.002677
Qwen/Qwen3-32B,c4,45,13,128,0.205325
Qwen/Qwen3-32B,c4,45,13,512,0.105727
Qwen/Qwen3-32B,c4,45,13,2048,0.013745
Qwen/Qwen3-32B,c4,45,14,128,0.134179
Qwen/Qwen3-32B,c4,45,14,512,0.087382
Qwen/Qwen3-32B,c4,45,14,2048,0.003644
Qwen/Qwen3-32B,c4,45,15,128,0.222985
Qwen/Qwen3-32B,c4,45,15,512,0.113583
Qwen/Qwen3-32B,c4,45,15,2048,0.016562
Qwen/Qwen3-32B,c4,45,16,128,0.260641
Qwen/Qwen3-32B,c4,45,16,512,0.130515
Qwen/Qwen3-32B,c4,45,16,2048,0.023396
Qwen/Qwen3-32B,c4,45,17,128,0.246566
Qwen/Qwen3-32B,c4,45,17,512,0.118369
Qwen/Qwen3-32B,c4,45,17,2048,0.018707
Qwen/Qwen3-32B,c4,45,18,128,0.246369
Qwen/Qwen3-32B,c4,45,18,512,0.100787
Qwen/Qwen3-32B,c4,45,18,2048,0.021151
Qwen/Qwen3-32B,c4,45,19,128,0.226721
Qwen/Qwen3-32B,c4,45,19,512,0.102586
Qwen/Qwen3-32B,c4,45,19,2048,0.013644
Qwen/Qwen3-32B,c4,45,20,128,0.235368
Qwen/Qwen3-32B,c4,45,20,512,0.096298
Qwen/Qwen3-32B,c4,45,20,2048,0.014519
Qwen/Qwen3-32B,c4,45,21,128,0.244234
Qwen/Qwen3-32B,c4,45,21,512,0.101210
Qwen/Qwen3-32B,c4,45,21,2048,0.020888
Qwen/Qwen3-32B,c4,45,22,128,0.304581
Qwen/Qwen3-32B,c4,45,22,512,0.134907
Qwen/Qwen3-32B,c4,45,22,2048,0.030103
Qwen/Qwen3-32B,c4,45,23,128,0.253787
Qwen/Qwen3-32B,c4,45,23,512,0.110662
Qwen/Qwen3-32B,c4,45,23,2048,0.022116
Qwen/Qwen3-32B,c4,45,24,128,0.229244
Qwen/Qwen3-32B,c4,45,24,512,0.108174
Qwen/Qwen3-32B,c4,45,24,2048,0.026857
Qwen/Qwen3-32B,c4,45,25,128,0.218735
Qwen/Qwen3-32B,c4,45,25,512,0.095719
Qwen/Qwen3-32B,c4,45,25,2048,0.016579
Qwen/Qwen3-32B,c4,45,26,128,0.169813
Qwen/Qwen3-32B,c4,45,26,512,0.074383
Qwen/Qwen3-32B,c4,45,26,2048,0.008035
Qwen/Qwen3-32B,c4,45,27,128,0.168662
Qwen/Qwen3-32B,c4,45,27,512,0.069729
Qwen/Qwen3-32B,c4,45,27,2048,0.008284
Qwen/Qwen3-32B,c4,45,28,128,0.149830
Qwen/Qwen3-32B,c4,45,28,512,0.072831
Qwen/Qwen3-32B,c4,45,28,2048,0.012190
Qwen/Qwen3-32B,c4,45,29,128,0.150803
Qwen/Qwen3-32B,c4,45,29,512,0.074676
Qwen/Qwen3-32B,c4,45,29,2048,0.010150
Qwen/Qwen3-32B,c4,45,30,128,0.158221
Qwen/Qwen3-32B,c4,45,30,512,0.064480
Qwen/Qwen3-32B,c4,45,30,2048,0.005262
Qwen/Qwen3-32B,c4,45,31,128,0.151796
Qwen/Qwen3-32B,c4,45,31,512,0.074415
Qwen/Qwen3-32B,c4,45,31,2048,0.008145
Qwen/Qwen3-32B,c4,45,32,128,0.212232
Qwen/Qwen3-32B,c4,45,32,512,0.116459
Qwen/Qwen3-32B,c4,45,32,2048,0.019928
Qwen/Qwen3-32B,c4,45,33,128,0.172986
Qwen/Qwen3-32B,c4,45,33,512,0.086477
Qwen/Qwen3-32B,c4,45,33,2048,0.010061
Qwen/Qwen3-32B,c4,45,34,128,0.158830
Qwen/Qwen3-32B,c4,45,34,512,0.085058
Qwen/Qwen3-32B,c4,45,34,2048,0.010330
Qwen/Qwen3-32B,c4,45,35,128,0.126623
Qwen/Qwen3-32B,c4,45,35,512,0.064837
Qwen/Qwen3-32B,c4,45,35,2048,0.004492
Qwen/Qwen3-32B,c4,45,36,128,0.098070
Qwen/Qwen3-32B,c4,45,36,512,0.059137
Qwen/Qwen3-32B,c4,45,36,2048,0.004419
Qwen/Qwen3-32B,c4,45,37,128,0.103367
Qwen/Qwen3-32B,c4,45,37,512,0.065614
Qwen/Qwen3-32B,c4,45,37,2048,0.006474
Qwen/Qwen3-32B,c4,45,38,128,0.162931
Qwen/Qwen3-32B,c4,45,38,512,0.085340
Qwen/Qwen3-32B,c4,45,38,2048,0.013463
Qwen/Qwen3-32B,c4,45,39,128,0.170657
Qwen/Qwen3-32B,c4,45,39,512,0.095860
Qwen/Qwen3-32B,c4,45,39,2048,0.015086
Qwen/Qwen3-32B,c4,45,40,128,0.402647
Qwen/Qwen3-32B,c4,45,40,512,0.214215
Qwen/Qwen3-32B,c4,45,40,2048,0.055225
Qwen/Qwen3-32B,c4,45,41,128,0.202435
Qwen/Qwen3-32B,c4,45,41,512,0.057881
Qwen/Qwen3-32B,c4,45,41,2048,0.005607
Qwen/Qwen3-32B,c4,45,42,128,0.087896
Qwen/Qwen3-32B,c4,45,42,512,0.056637
Qwen/Qwen3-32B,c4,45,42,2048,0.015318
Qwen/Qwen3-32B,c4,45,43,128,0.287065
Qwen/Qwen3-32B,c4,45,43,512,0.064171
Qwen/Qwen3-32B,c4,45,43,2048,0.010891
Qwen/Qwen3-32B,c4,45,44,128,0.027116
Qwen/Qwen3-32B,c4,45,44,512,0.018208
Qwen/Qwen3-32B,c4,45,44,2048,0.005753
Qwen/Qwen3-32B,c4,45,45,128,0.041688
Qwen/Qwen3-32B,c4,45,45,512,0.030832
Qwen/Qwen3-32B,c4,45,45,2048,0.009541
Qwen/Qwen3-32B,c4,45,46,128,0.351316
Qwen/Qwen3-32B,c4,45,46,512,0.158600
Qwen/Qwen3-32B,c4,45,46,2048,0.035357
Qwen/Qwen3-32B,c4,45,47,128,0.008168
Qwen/Qwen3-32B,c4,45,47,512,0.004493
Qwen/Qwen3-32B,c4,45,47,2048,0.001319
Qwen/Qwen3-32B,c4,45,48,128,0.143128
Qwen/Qwen3-32B,c4,45,48,512,0.066078
Qwen/Qwen3-32B,c4,45,48,2048,0.006013
Qwen/Qwen3-32B,c4,45,49,128,0.215129
Qwen/Qwen3-32B,c4,45,49,512,0.092245
Qwen/Qwen3-32B,c4,45,49,2048,0.014914
Qwen/Qwen3-32B,c4,45,50,128,0.285120
Qwen/Qwen3-32B,c4,45,50,512,0.115570
Qwen/Qwen3-32B,c4,45,50,2048,0.023914
Qwen/Qwen3-32B,c4,45,51,128,0.171537
Qwen/Qwen3-32B,c4,45,51,512,0.068618
Qwen/Qwen3-32B,c4,45,51,2048,0.008348
Qwen/Qwen3-32B,c4,45,52,128,0.115588
Qwen/Qwen3-32B,c4,45,52,512,0.065411
Qwen/Qwen3-32B,c4,45,52,2048,0.010963
Qwen/Qwen3-32B,c4,45,53,128,0.093309
Qwen/Qwen3-32B,c4,45,53,512,0.046468
Qwen/Qwen3-32B,c4,45,53,2048,0.008760
Qwen/Qwen3-32B,c4,45,54,128,0.238976
Qwen/Qwen3-32B,c4,45,54,512,0.090985
Qwen/Qwen3-32B,c4,45,54,2048,0.017373
Qwen/Qwen3-32B,c4,45,55,128,0.276060
Qwen/Qwen3-32B,c4,45,55,512,0.101882
Qwen/Qwen3-32B,c4,45,55,2048,0.025235
Qwen/Qwen3-32B,c4,45,56,128,0.224310
Qwen/Qwen3-32B,c4,45,56,512,0.087392
Qwen/Qwen3-32B,c4,45,56,2048,0.006875
Qwen/Qwen3-32B,c4,45,57,128,0.152548
Qwen/Qwen3-32B,c4,45,57,512,0.083136
Qwen/Qwen3-32B,c4,45,57,2048,0.008807
Qwen/Qwen3-32B,c4,45,58,128,0.237801
Qwen/Qwen3-32B,c4,45,58,512,0.092993
Qwen/Qwen3-32B,c4,45,58,2048,0.021150
Qwen/Qwen3-32B,c4,45,59,128,0.163798
Qwen/Qwen3-32B,c4,45,59,512,0.058415
Qwen/Qwen3-32B,c4,45,59,2048,0.004440
Qwen/Qwen3-32B,c4,45,60,128,0.158181
Qwen/Qwen3-32B,c4,45,60,512,0.067658
Qwen/Qwen3-32B,c4,45,60,2048,0.008340
Qwen/Qwen3-32B,c4,45,61,128,0.200500
Qwen/Qwen3-32B,c4,45,61,512,0.083759
Qwen/Qwen3-32B,c4,45,61,2048,0.010479
Qwen/Qwen3-32B,c4,45,62,128,0.183516
Qwen/Qwen3-32B,c4,45,62,512,0.076558
Qwen/Qwen3-32B,c4,45,62,2048,0.007035
Qwen/Qwen3-32B,c4,45,63,128,0.143022
Qwen/Qwen3-32B,c4,45,63,512,0.073631
Qwen/Qwen3-32B,c4,45,63,2048,0.010543
Qwen/Qwen3-32B,c4,46,0,128,0.070069
Qwen/Qwen3-32B,c4,46,0,512,0.035625
Qwen/Qwen3-32B,c4,46,0,2048,0.010312
Qwen/Qwen3-32B,c4,46,1,128,0.105595
Qwen/Qwen3-32B,c4,46,1,512,0.035184
Qwen/Qwen3-32B,c4,46,1,2048,0.004135
Qwen/Qwen3-32B,c4,46,2,128,0.107745
Qwen/Qwen3-32B,c4,46,2,512,0.055508
Qwen/Qwen3-32B,c4,46,2,2048,0.007339
Qwen/Qwen3-32B,c4,46,3,128,0.085188
Qwen/Qwen3-32B,c4,46,3,512,0.053346
Qwen/Qwen3-32B,c4,46,3,2048,0.010235
Qwen/Qwen3-32B,c4,46,4,128,0.075870
Qwen/Qwen3-32B,c4,46,4,512,0.054416
Qwen/Qwen3-32B,c4,46,4,2048,0.006210
Qwen/Qwen3-32B,c4,46,5,128,0.078649
Qwen/Qwen3-32B,c4,46,5,512,0.056112
Qwen/Qwen3-32B,c4,46,5,2048,0.010063
Qwen/Qwen3-32B,c4,46,6,128,0.091614
Qwen/Qwen3-32B,c4,46,6,512,0.045521
Qwen/Qwen3-32B,c4,46,6,2048,0.005801
Qwen/Qwen3-32B,c4,46,7,128,0.071603
Qwen/Qwen3-32B,c4,46,7,512,0.045601
Qwen/Qwen3-32B,c4,46,7,2048,0.006038
Qwen/Qwen3-32B,c4,46,8,128,0.097730
Qwen/Qwen3-32B,c4,46,8,512,0.078152
Qwen/Qwen3-32B,c4,46,8,2048,0.006783
Qwen/Qwen3-32B,c4,46,9,128,0.263393
Qwen/Qwen3-32B,c4,46,9,512,0.133049
Qwen/Qwen3-32B,c4,46,9,2048,0.019062
Qwen/Qwen3-32B,c4,46,10,128,0.110336
Qwen/Qwen3-32B,c4,46,10,512,0.067357
Qwen/Qwen3-32B,c4,46,10,2048,0.006622
Qwen/Qwen3-32B,c4,46,11,128,0.071670
Qwen/Qwen3-32B,c4,46,11,512,0.053263
Qwen/Qwen3-32B,c4,46,11,2048,0.005311
Qwen/Qwen3-32B,c4,46,12,128,0.079696
Qwen/Qwen3-32B,c4,46,12,512,0.050921
Qwen/Qwen3-32B,c4,46,12,2048,0.011296
Qwen/Qwen3-32B,c4,46,13,128,0.065502
Qwen/Qwen3-32B,c4,46,13,512,0.050768
Qwen/Qwen3-32B,c4,46,13,2048,0.004891
Qwen/Qwen3-32B,c4,46,14,128,0.080512
Qwen/Qwen3-32B,c4,46,14,512,0.065095
Qwen/Qwen3-32B,c4,46,14,2048,0.005475
Qwen/Qwen3-32B,c4,46,15,128,0.085066
Qwen/Qwen3-32B,c4,46,15,512,0.064474
Qwen/Qwen3-32B,c4,46,15,2048,0.007898
Qwen/Qwen3-32B,c4,46,16,128,0.092963
Qwen/Qwen3-32B,c4,46,16,512,0.066628
Qwen/Qwen3-32B,c4,46,16,2048,0.003167
Qwen/Qwen3-32B,c4,46,17,128,0.082976
Qwen/Qwen3-32B,c4,46,17,512,0.065352
Qwen/Qwen3-32B,c4,46,17,2048,0.002684
Qwen/Qwen3-32B,c4,46,18,128,0.094913
Qwen/Qwen3-32B,c4,46,18,512,0.063619
Qwen/Qwen3-32B,c4,46,18,2048,0.006566
Qwen/Qwen3-32B,c4,46,19,128,0.061015
Qwen/Qwen3-32B,c4,46,19,512,0.043564
Qwen/Qwen3-32B,c4,46,19,2048,0.003077
Qwen/Qwen3-32B,c4,46,20,128,0.082316
Qwen/Qwen3-32B,c4,46,20,512,0.063515
Qwen/Qwen3-32B,c4,46,20,2048,0.010311
Qwen/Qwen3-32B,c4,46,21,128,0.056738
Qwen/Qwen3-32B,c4,46,21,512,0.044034
Qwen/Qwen3-32B,c4,46,21,2048,0.005037
Qwen/Qwen3-32B,c4,46,22,128,0.080914
Qwen/Qwen3-32B,c4,46,22,512,0.064932
Qwen/Qwen3-32B,c4,46,22,2048,0.003824
Qwen/Qwen3-32B,c4,46,23,128,0.076745
Qwen/Qwen3-32B,c4,46,23,512,0.041768
Qwen/Qwen3-32B,c4,46,23,2048,0.010588
Qwen/Qwen3-32B,c4,46,24,128,0.034449
Qwen/Qwen3-32B,c4,46,24,512,0.027673
Qwen/Qwen3-32B,c4,46,24,2048,0.000453
Qwen/Qwen3-32B,c4,46,25,128,0.097542
Qwen/Qwen3-32B,c4,46,25,512,0.066754
Qwen/Qwen3-32B,c4,46,25,2048,0.011192
Qwen/Qwen3-32B,c4,46,26,128,0.401324
Qwen/Qwen3-32B,c4,46,26,512,0.164926
Qwen/Qwen3-32B,c4,46,26,2048,0.024700
Qwen/Qwen3-32B,c4,46,27,128,0.103096
Qwen/Qwen3-32B,c4,46,27,512,0.080867
Qwen/Qwen3-32B,c4,46,27,2048,0.012712
Qwen/Qwen3-32B,c4,46,28,128,0.165811
Qwen/Qwen3-32B,c4,46,28,512,0.049767
Qwen/Qwen3-32B,c4,46,28,2048,0.012178
Qwen/Qwen3-32B,c4,46,29,128,0.232750
Qwen/Qwen3-32B,c4,46,29,512,0.073689
Qwen/Qwen3-32B,c4,46,29,2048,0.007944
Qwen/Qwen3-32B,c4,46,30,128,0.174187
Qwen/Qwen3-32B,c4,46,30,512,0.073698
Qwen/Qwen3-32B,c4,46,30,2048,0.015758
Qwen/Qwen3-32B,c4,46,31,128,0.247905
Qwen/Qwen3-32B,c4,46,31,512,0.102254
Qwen/Qwen3-32B,c4,46,31,2048,0.026480
Qwen/Qwen3-32B,c4,46,32,128,0.264900
Qwen/Qwen3-32B,c4,46,32,512,0.121759
Qwen/Qwen3-32B,c4,46,32,2048,0.020559
Qwen/Qwen3-32B,c4,46,33,128,0.149090
Qwen/Qwen3-32B,c4,46,33,512,0.078837
Qwen/Qwen3-32B,c4,46,33,2048,0.011486
Qwen/Qwen3-32B,c4,46,34,128,0.148862
Qwen/Qwen3-32B,c4,46,34,512,0.078869
Qwen/Qwen3-32B,c4,46,34,2048,0.014108
Qwen/Qwen3-32B,c4,46,35,128,0.157150
Qwen/Qwen3-32B,c4,46,35,512,0.079787
Qwen/Qwen3-32B,c4,46,35,2048,0.010778
Qwen/Qwen3-32B,c4,46,36,128,0.142188
Qwen/Qwen3-32B,c4,46,36,512,0.076732
Qwen/Qwen3-32B,c4,46,36,2048,0.013614
Qwen/Qwen3-32B,c4,46,37,128,0.143530
Qwen/Qwen3-32B,c4,46,37,512,0.073766
Qwen/Qwen3-32B,c4,46,37,2048,0.015690
Qwen/Qwen3-32B,c4,46,38,128,0.210597
Qwen/Qwen3-32B,c4,46,38,512,0.101254
Qwen/Qwen3-32B,c4,46,38,2048,0.024360
Qwen/Qwen3-32B,c4,46,39,128,0.185704
Qwen/Qwen3-32B,c4,46,39,512,0.087595
Qwen/Qwen3-32B,c4,46,39,2048,0.016505
Qwen/Qwen3-32B,c4,46,40,128,0.326492
Qwen/Qwen3-32B,c4,46,40,512,0.119488
Qwen/Qwen3-32B,c4,46,40,2048,0.014522
Qwen/Qwen3-32B,c4,46,41,128,0.129660
Qwen/Qwen3-32B,c4,46,41,512,0.091343
Qwen/Qwen3-32B,c4,46,41,2048,0.003317
Qwen/Qwen3-32B,c4,46,42,128,0.122732
Qwen/Qwen3-32B,c4,46,42,512,0.083872
Qwen/Qwen3-32B,c4,46,42,2048,0.005259
Qwen/Qwen3-32B,c4,46,43,128,0.221170
Qwen/Qwen3-32B,c4,46,43,512,0.051552
Qwen/Qwen3-32B,c4,46,43,2048,0.006866
Qwen/Qwen3-32B,c4,46,44,128,0.153456
Qwen/Qwen3-32B,c4,46,44,512,0.077694
Qwen/Qwen3-32B,c4,46,44,2048,0.005644
Qwen/Qwen3-32B,c4,46,45,128,0.091015
Qwen/Qwen3-32B,c4,46,45,512,0.052156
Qwen/Qwen3-32B,c4,46,45,2048,0.004759
Qwen/Qwen3-32B,c4,46,46,128,0.147645
Qwen/Qwen3-32B,c4,46,46,512,0.073802
Qwen/Qwen3-32B,c4,46,46,2048,0.005091
Qwen/Qwen3-32B,c4,46,47,128,0.125238
Qwen/Qwen3-32B,c4,46,47,512,0.085284
Qwen/Qwen3-32B,c4,46,47,2048,0.003964
Qwen/Qwen3-32B,c4,46,48,128,0.222318
Qwen/Qwen3-32B,c4,46,48,512,0.096128
Qwen/Qwen3-32B,c4,46,48,2048,0.011602
Qwen/Qwen3-32B,c4,46,49,128,0.136910
Qwen/Qwen3-32B,c4,46,49,512,0.083375
Qwen/Qwen3-32B,c4,46,49,2048,0.007285
Qwen/Qwen3-32B,c4,46,50,128,0.180603
Qwen/Qwen3-32B,c4,46,50,512,0.096844
Qwen/Qwen3-32B,c4,46,50,2048,0.008229
Qwen/Qwen3-32B,c4,46,51,128,0.177448
Qwen/Qwen3-32B,c4,46,51,512,0.072250
Qwen/Qwen3-32B,c4,46,51,2048,0.013910
Qwen/Qwen3-32B,c4,46,52,128,0.171650
Qwen/Qwen3-32B,c4,46,52,512,0.070480
Qwen/Qwen3-32B,c4,46,52,2048,0.011419
Qwen/Qwen3-32B,c4,46,53,128,0.257119
Qwen/Qwen3-32B,c4,46,53,512,0.087462
Qwen/Qwen3-32B,c4,46,53,2048,0.010977
Qwen/Qwen3-32B,c4,46,54,128,0.157452
Qwen/Qwen3-32B,c4,46,54,512,0.076980
Qwen/Qwen3-32B,c4,46,54,2048,0.006834
Qwen/Qwen3-32B,c4,46,55,128,0.251198
Qwen/Qwen3-32B,c4,46,55,512,0.095692
Qwen/Qwen3-32B,c4,46,55,2048,0.024041
Qwen/Qwen3-32B,c4,46,56,128,0.218243
Qwen/Qwen3-32B,c4,46,56,512,0.101877
Qwen/Qwen3-32B,c4,46,56,2048,0.016427
Qwen/Qwen3-32B,c4,46,57,128,0.403564
Qwen/Qwen3-32B,c4,46,57,512,0.200330
Qwen/Qwen3-32B,c4,46,57,2048,0.051287
Qwen/Qwen3-32B,c4,46,58,128,0.166429
Qwen/Qwen3-32B,c4,46,58,512,0.082082
Qwen/Qwen3-32B,c4,46,58,2048,0.015704
Qwen/Qwen3-32B,c4,46,59,128,0.157114
Qwen/Qwen3-32B,c4,46,59,512,0.069295
Qwen/Qwen3-32B,c4,46,59,2048,0.012198
Qwen/Qwen3-32B,c4,46,60,128,0.226511
Qwen/Qwen3-32B,c4,46,60,512,0.107515
Qwen/Qwen3-32B,c4,46,60,2048,0.024328
Qwen/Qwen3-32B,c4,46,61,128,0.104747
Qwen/Qwen3-32B,c4,46,61,512,0.051786
Qwen/Qwen3-32B,c4,46,61,2048,0.005460
Qwen/Qwen3-32B,c4,46,62,128,0.275162
Qwen/Qwen3-32B,c4,46,62,512,0.104793
Qwen/Qwen3-32B,c4,46,62,2048,0.021814
Qwen/Qwen3-32B,c4,46,63,128,0.358239
Qwen/Qwen3-32B,c4,46,63,512,0.184992
Qwen/Qwen3-32B,c4,46,63,2048,0.046699
Qwen/Qwen3-32B,c4,47,0,128,0.145165
Qwen/Qwen3-32B,c4,47,0,512,0.052147
Qwen/Qwen3-32B,c4,47,0,2048,0.005508
Qwen/Qwen3-32B,c4,47,1,128,0.188414
Qwen/Qwen3-32B,c4,47,1,512,0.075569
Qwen/Qwen3-32B,c4,47,1,2048,0.005590
Qwen/Qwen3-32B,c4,47,2,128,0.193540
Qwen/Qwen3-32B,c4,47,2,512,0.087632
Qwen/Qwen3-32B,c4,47,2,2048,0.011449
Qwen/Qwen3-32B,c4,47,3,128,0.071873
Qwen/Qwen3-32B,c4,47,3,512,0.032433
Qwen/Qwen3-32B,c4,47,3,2048,0.003889
Qwen/Qwen3-32B,c4,47,4,128,0.087624
Qwen/Qwen3-32B,c4,47,4,512,0.044067
Qwen/Qwen3-32B,c4,47,4,2048,0.003307
Qwen/Qwen3-32B,c4,47,5,128,0.089289
Qwen/Qwen3-32B,c4,47,5,512,0.040997
Qwen/Qwen3-32B,c4,47,5,2048,0.006071
Qwen/Qwen3-32B,c4,47,6,128,0.097217
Qwen/Qwen3-32B,c4,47,6,512,0.065355
Qwen/Qwen3-32B,c4,47,6,2048,0.004605
Qwen/Qwen3-32B,c4,47,7,128,0.124866
Qwen/Qwen3-32B,c4,47,7,512,0.070566
Qwen/Qwen3-32B,c4,47,7,2048,0.003163
Qwen/Qwen3-32B,c4,47,8,128,0.287650
Qwen/Qwen3-32B,c4,47,8,512,0.139530
Qwen/Qwen3-32B,c4,47,8,2048,0.028507
Qwen/Qwen3-32B,c4,47,9,128,0.187191
Qwen/Qwen3-32B,c4,47,9,512,0.101214
Qwen/Qwen3-32B,c4,47,9,2048,0.009086
Qwen/Qwen3-32B,c4,47,10,128,0.206577
Qwen/Qwen3-32B,c4,47,10,512,0.097748
Qwen/Qwen3-32B,c4,47,10,2048,0.016905
Qwen/Qwen3-32B,c4,47,11,128,0.144934
Qwen/Qwen3-32B,c4,47,11,512,0.086086
Qwen/Qwen3-32B,c4,47,11,2048,0.008015
Qwen/Qwen3-32B,c4,47,12,128,0.154838
Qwen/Qwen3-32B,c4,47,12,512,0.082566
Qwen/Qwen3-32B,c4,47,12,2048,0.009106
Qwen/Qwen3-32B,c4,47,13,128,0.152464
Qwen/Qwen3-32B,c4,47,13,512,0.086776
Qwen/Qwen3-32B,c4,47,13,2048,0.009881
Qwen/Qwen3-32B,c4,47,14,128,0.102071
Qwen/Qwen3-32B,c4,47,14,512,0.082605
Qwen/Qwen3-32B,c4,47,14,2048,0.003183
Qwen/Qwen3-32B,c4,47,15,128,0.110384
Qwen/Qwen3-32B,c4,47,15,512,0.080977
Qwen/Qwen3-32B,c4,47,15,2048,0.004031
Qwen/Qwen3-32B,c4,47,16,128,0.163601
Qwen/Qwen3-32B,c4,47,16,512,0.098084
Qwen/Qwen3-32B,c4,47,16,2048,0.005017
Qwen/Qwen3-32B,c4,47,17,128,0.114636
Qwen/Qwen3-32B,c4,47,17,512,0.074993
Qwen/Qwen3-32B,c4,47,17,2048,0.002106
Qwen/Qwen3-32B,c4,47,18,128,0.244861
Qwen/Qwen3-32B,c4,47,18,512,0.128259
Qwen/Qwen3-32B,c4,47,18,2048,0.016275
Qwen/Qwen3-32B,c4,47,19,128,0.155699
Qwen/Qwen3-32B,c4,47,19,512,0.094589
Qwen/Qwen3-32B,c4,47,19,2048,0.004836
Qwen/Qwen3-32B,c4,47,20,128,0.142323
Qwen/Qwen3-32B,c4,47,20,512,0.085194
Qwen/Qwen3-32B,c4,47,20,2048,0.003795
Qwen/Qwen3-32B,c4,47,21,128,0.160872
Qwen/Qwen3-32B,c4,47,21,512,0.102641
Qwen/Qwen3-32B,c4,47,21,2048,0.006788
Qwen/Qwen3-32B,c4,47,22,128,0.175566
Qwen/Qwen3-32B,c4,47,22,512,0.104310
Qwen/Qwen3-32B,c4,47,22,2048,0.004500
Qwen/Qwen3-32B,c4,47,23,128,0.204069
Qwen/Qwen3-32B,c4,47,23,512,0.138231
Qwen/Qwen3-32B,c4,47,23,2048,0.019822
Qwen/Qwen3-32B,c4,47,24,128,0.086407
Qwen/Qwen3-32B,c4,47,24,512,0.071360
Qwen/Qwen3-32B,c4,47,24,2048,0.006040
Qwen/Qwen3-32B,c4,47,25,128,0.101519
Qwen/Qwen3-32B,c4,47,25,512,0.068294
Qwen/Qwen3-32B,c4,47,25,2048,0.005982
Qwen/Qwen3-32B,c4,47,26,128,0.119723
Qwen/Qwen3-32B,c4,47,26,512,0.077213
Qwen/Qwen3-32B,c4,47,26,2048,0.005318
Qwen/Qwen3-32B,c4,47,27,128,0.103047
Qwen/Qwen3-32B,c4,47,27,512,0.073580
Qwen/Qwen3-32B,c4,47,27,2048,0.010441
Qwen/Qwen3-32B,c4,47,28,128,0.259708
Qwen/Qwen3-32B,c4,47,28,512,0.149431
Qwen/Qwen3-32B,c4,47,28,2048,0.038204
Qwen/Qwen3-32B,c4,47,29,128,0.151411
Qwen/Qwen3-32B,c4,47,29,512,0.079114
Qwen/Qwen3-32B,c4,47,29,2048,0.006520
Qwen/Qwen3-32B,c4,47,30,128,0.100613
Qwen/Qwen3-32B,c4,47,30,512,0.076000
Qwen/Qwen3-32B,c4,47,30,2048,0.003706
Qwen/Qwen3-32B,c4,47,31,128,0.095522
Qwen/Qwen3-32B,c4,47,31,512,0.075299
Qwen/Qwen3-32B,c4,47,31,2048,0.008920
Qwen/Qwen3-32B,c4,47,32,128,0.315061
Qwen/Qwen3-32B,c4,47,32,512,0.132909
Qwen/Qwen3-32B,c4,47,32,2048,0.015701
Qwen/Qwen3-32B,c4,47,33,128,0.119396
Qwen/Qwen3-32B,c4,47,33,512,0.079982
Qwen/Qwen3-32B,c4,47,33,2048,0.008554
Qwen/Qwen3-32B,c4,47,34,128,0.172656
Qwen/Qwen3-32B,c4,47,34,512,0.092406
Qwen/Qwen3-32B,c4,47,34,2048,0.013981
Qwen/Qwen3-32B,c4,47,35,128,0.094286
Qwen/Qwen3-32B,c4,47,35,512,0.056439
Qwen/Qwen3-32B,c4,47,35,2048,0.003164
Qwen/Qwen3-32B,c4,47,36,128,0.105759
Qwen/Qwen3-32B,c4,47,36,512,0.077434
Qwen/Qwen3-32B,c4,47,36,2048,0.010705
Qwen/Qwen3-32B,c4,47,37,128,0.092179
Qwen/Qwen3-32B,c4,47,37,512,0.060303
Qwen/Qwen3-32B,c4,47,37,2048,0.012281
Qwen/Qwen3-32B,c4,47,38,128,0.376984
Qwen/Qwen3-32B,c4,47,38,512,0.162596
Qwen/Qwen3-32B,c4,47,38,2048,0.020498
Qwen/Qwen3-32B,c4,47,39,128,0.183797
Qwen/Qwen3-32B,c4,47,39,512,0.071724
Qwen/Qwen3-32B,c4,47,39,2048,0.004895
Qwen/Qwen3-32B,c4,47,40,128,0.102767
Qwen/Qwen3-32B,c4,47,40,512,0.066364
Qwen/Qwen3-32B,c4,47,40,2048,0.002873
Qwen/Qwen3-32B,c4,47,41,128,0.110337
Qwen/Qwen3-32B,c4,47,41,512,0.081753
Qwen/Qwen3-32B,c4,47,41,2048,0.002284
Qwen/Qwen3-32B,c4,47,42,128,0.101596
Qwen/Qwen3-32B,c4,47,42,512,0.078161
Qwen/Qwen3-32B,c4,47,42,2048,0.002846
Qwen/Qwen3-32B,c4,47,43,128,0.098940
Qwen/Qwen3-32B,c4,47,43,512,0.075727
Qwen/Qwen3-32B,c4,47,43,2048,0.004703
Qwen/Qwen3-32B,c4,47,44,128,0.107161
Qwen/Qwen3-32B,c4,47,44,512,0.072990
Qwen/Qwen3-32B,c4,47,44,2048,0.004144
Qwen/Qwen3-32B,c4,47,45,128,0.100904
Qwen/Qwen3-32B,c4,47,45,512,0.074876
Qwen/Qwen3-32B,c4,47,45,2048,0.004780
Qwen/Qwen3-32B,c4,47,46,128,0.133445
Qwen/Qwen3-32B,c4,47,46,512,0.077681
Qwen/Qwen3-32B,c4,47,46,2048,0.006408
Qwen/Qwen3-32B,c4,47,47,128,0.128916
Qwen/Qwen3-32B,c4,47,47,512,0.071065
Qwen/Qwen3-32B,c4,47,47,2048,0.003415
Qwen/Qwen3-32B,c4,47,48,128,0.207254
Qwen/Qwen3-32B,c4,47,48,512,0.134907
Qwen/Qwen3-32B,c4,47,48,2048,0.013383
Qwen/Qwen3-32B,c4,47,49,128,0.143552
Qwen/Qwen3-32B,c4,47,49,512,0.091180
Qwen/Qwen3-32B,c4,47,49,2048,0.008027
Qwen/Qwen3-32B,c4,47,50,128,0.158353
Qwen/Qwen3-32B,c4,47,50,512,0.095389
Qwen/Qwen3-32B,c4,47,50,2048,0.008551
Qwen/Qwen3-32B,c4,47,51,128,0.222512
Qwen/Qwen3-32B,c4,47,51,512,0.120693
Qwen/Qwen3-32B,c4,47,51,2048,0.012673
Qwen/Qwen3-32B,c4,47,52,128,0.213827
Qwen/Qwen3-32B,c4,47,52,512,0.113068
Qwen/Qwen3-32B,c4,47,52,2048,0.010219
Qwen/Qwen3-32B,c4,47,53,128,0.156552
Qwen/Qwen3-32B,c4,47,53,512,0.099206
Qwen/Qwen3-32B,c4,47,53,2048,0.005755
Qwen/Qwen3-32B,c4,47,54,128,0.214070
Qwen/Qwen3-32B,c4,47,54,512,0.122136
Qwen/Qwen3-32B,c4,47,54,2048,0.014929
Qwen/Qwen3-32B,c4,47,55,128,0.185196
Qwen/Qwen3-32B,c4,47,55,512,0.115073
Qwen/Qwen3-32B,c4,47,55,2048,0.009359
Qwen/Qwen3-32B,c4,47,56,128,0.119954
Qwen/Qwen3-32B,c4,47,56,512,0.068197
Qwen/Qwen3-32B,c4,47,56,2048,0.004496
Qwen/Qwen3-32B,c4,47,57,128,0.119095
Qwen/Qwen3-32B,c4,47,57,512,0.065046
Qwen/Qwen3-32B,c4,47,57,2048,0.004409
Qwen/Qwen3-32B,c4,47,58,128,0.256466
Qwen/Qwen3-32B,c4,47,58,512,0.074540
Qwen/Qwen3-32B,c4,47,58,2048,0.005553
Qwen/Qwen3-32B,c4,47,59,128,0.110213
Qwen/Qwen3-32B,c4,47,59,512,0.059681
Qwen/Qwen3-32B,c4,47,59,2048,0.004875
Qwen/Qwen3-32B,c4,47,60,128,0.098980
Qwen/Qwen3-32B,c4,47,60,512,0.050197
Qwen/Qwen3-32B,c4,47,60,2048,0.007591
Qwen/Qwen3-32B,c4,47,61,128,0.081854
Qwen/Qwen3-32B,c4,47,61,512,0.030558
Qwen/Qwen3-32B,c4,47,61,2048,0.003053
Qwen/Qwen3-32B,c4,47,62,128,0.126204
Qwen/Qwen3-32B,c4,47,62,512,0.066935
Qwen/Qwen3-32B,c4,47,62,2048,0.006151
Qwen/Qwen3-32B,c4,47,63,128,0.155827
Qwen/Qwen3-32B,c4,47,63,512,0.071063
Qwen/Qwen3-32B,c4,47,63,2048,0.011256
Qwen/Qwen3-32B,c4,48,0,128,0.211192
Qwen/Qwen3-32B,c4,48,0,512,0.109564
Qwen/Qwen3-32B,c4,48,0,2048,0.011369
Qwen/Qwen3-32B,c4,48,1,128,0.208071
Qwen/Qwen3-32B,c4,48,1,512,0.101896
Qwen/Qwen3-32B,c4,48,1,2048,0.012134
Qwen/Qwen3-32B,c4,48,2,128,0.277168
Qwen/Qwen3-32B,c4,48,2,512,0.129950
Qwen/Qwen3-32B,c4,48,2,2048,0.027113
Qwen/Qwen3-32B,c4,48,3,128,0.214649
Qwen/Qwen3-32B,c4,48,3,512,0.097659
Qwen/Qwen3-32B,c4,48,3,2048,0.015704
Qwen/Qwen3-32B,c4,48,4,128,0.207706
Qwen/Qwen3-32B,c4,48,4,512,0.078354
Qwen/Qwen3-32B,c4,48,4,2048,0.011653
Qwen/Qwen3-32B,c4,48,5,128,0.206499
Qwen/Qwen3-32B,c4,48,5,512,0.096881
Qwen/Qwen3-32B,c4,48,5,2048,0.021435
Qwen/Qwen3-32B,c4,48,6,128,0.246749
Qwen/Qwen3-32B,c4,48,6,512,0.098181
Qwen/Qwen3-32B,c4,48,6,2048,0.018468
Qwen/Qwen3-32B,c4,48,7,128,0.192786
Qwen/Qwen3-32B,c4,48,7,512,0.107211
Qwen/Qwen3-32B,c4,48,7,2048,0.020570
Qwen/Qwen3-32B,c4,48,8,128,0.185765
Qwen/Qwen3-32B,c4,48,8,512,0.128960
Qwen/Qwen3-32B,c4,48,8,2048,0.021143
Qwen/Qwen3-32B,c4,48,9,128,0.475608
Qwen/Qwen3-32B,c4,48,9,512,0.246479
Qwen/Qwen3-32B,c4,48,9,2048,0.057014
Qwen/Qwen3-32B,c4,48,10,128,0.259450
Qwen/Qwen3-32B,c4,48,10,512,0.142801
Qwen/Qwen3-32B,c4,48,10,2048,0.015491
Qwen/Qwen3-32B,c4,48,11,128,0.025729
Qwen/Qwen3-32B,c4,48,11,512,0.013608
Qwen/Qwen3-32B,c4,48,11,2048,0.003135
Qwen/Qwen3-32B,c4,48,12,128,0.292610
Qwen/Qwen3-32B,c4,48,12,512,0.149571
Qwen/Qwen3-32B,c4,48,12,2048,0.020395
Qwen/Qwen3-32B,c4,48,13,128,0.256370
Qwen/Qwen3-32B,c4,48,13,512,0.086047
Qwen/Qwen3-32B,c4,48,13,2048,0.009690
Qwen/Qwen3-32B,c4,48,14,128,0.244198
Qwen/Qwen3-32B,c4,48,14,512,0.090733
Qwen/Qwen3-32B,c4,48,14,2048,0.011673
Qwen/Qwen3-32B,c4,48,15,128,0.185538
Qwen/Qwen3-32B,c4,48,15,512,0.081057
Qwen/Qwen3-32B,c4,48,15,2048,0.018798
Qwen/Qwen3-32B,c4,48,16,128,0.155197
Qwen/Qwen3-32B,c4,48,16,512,0.095163
Qwen/Qwen3-32B,c4,48,16,2048,0.007110
Qwen/Qwen3-32B,c4,48,17,128,0.189590
Qwen/Qwen3-32B,c4,48,17,512,0.112456
Qwen/Qwen3-32B,c4,48,17,2048,0.012011
Qwen/Qwen3-32B,c4,48,18,128,0.149625
Qwen/Qwen3-32B,c4,48,18,512,0.097291
Qwen/Qwen3-32B,c4,48,18,2048,0.007352
Qwen/Qwen3-32B,c4,48,19,128,0.182688
Qwen/Qwen3-32B,c4,48,19,512,0.102664
Qwen/Qwen3-32B,c4,48,19,2048,0.008541
Qwen/Qwen3-32B,c4,48,20,128,0.195609
Qwen/Qwen3-32B,c4,48,20,512,0.106665
Qwen/Qwen3-32B,c4,48,20,2048,0.011137
Qwen/Qwen3-32B,c4,48,21,128,0.220819
Qwen/Qwen3-32B,c4,48,21,512,0.109914
Qwen/Qwen3-32B,c4,48,21,2048,0.011736
Qwen/Qwen3-32B,c4,48,22,128,0.197304
Qwen/Qwen3-32B,c4,48,22,512,0.114502
Qwen/Qwen3-32B,c4,48,22,2048,0.008623
Qwen/Qwen3-32B,c4,48,23,128,0.192377
Qwen/Qwen3-32B,c4,48,23,512,0.111422
Qwen/Qwen3-32B,c4,48,23,2048,0.011919
Qwen/Qwen3-32B,c4,48,24,128,0.173887
Qwen/Qwen3-32B,c4,48,24,512,0.106479
Qwen/Qwen3-32B,c4,48,24,2048,0.008928
Qwen/Qwen3-32B,c4,48,25,128,0.222557
Qwen/Qwen3-32B,c4,48,25,512,0.118823
Qwen/Qwen3-32B,c4,48,25,2048,0.011419
Qwen/Qwen3-32B,c4,48,26,128,0.194106
Qwen/Qwen3-32B,c4,48,26,512,0.109363
Qwen/Qwen3-32B,c4,48,26,2048,0.010588
Qwen/Qwen3-32B,c4,48,27,128,0.254389
Qwen/Qwen3-32B,c4,48,27,512,0.119791
Qwen/Qwen3-32B,c4,48,27,2048,0.020376
Qwen/Qwen3-32B,c4,48,28,128,0.229277
Qwen/Qwen3-32B,c4,48,28,512,0.112795
Qwen/Qwen3-32B,c4,48,28,2048,0.011358
Qwen/Qwen3-32B,c4,48,29,128,0.195229
Qwen/Qwen3-32B,c4,48,29,512,0.089899
Qwen/Qwen3-32B,c4,48,29,2048,0.011271
Qwen/Qwen3-32B,c4,48,30,128,0.189620
Qwen/Qwen3-32B,c4,48,30,512,0.096791
Qwen/Qwen3-32B,c4,48,30,2048,0.011457
Qwen/Qwen3-32B,c4,48,31,128,0.196371
Qwen/Qwen3-32B,c4,48,31,512,0.092403
Qwen/Qwen3-32B,c4,48,31,2048,0.008267
Qwen/Qwen3-32B,c4,48,32,128,0.241710
Qwen/Qwen3-32B,c4,48,32,512,0.088066
Qwen/Qwen3-32B,c4,48,32,2048,0.014534
Qwen/Qwen3-32B,c4,48,33,128,0.151579
Qwen/Qwen3-32B,c4,48,33,512,0.085247
Qwen/Qwen3-32B,c4,48,33,2048,0.005235
Qwen/Qwen3-32B,c4,48,34,128,0.116112
Qwen/Qwen3-32B,c4,48,34,512,0.074672
Qwen/Qwen3-32B,c4,48,34,2048,0.003425
Qwen/Qwen3-32B,c4,48,35,128,0.070132
Qwen/Qwen3-32B,c4,48,35,512,0.036390
Qwen/Qwen3-32B,c4,48,35,2048,0.006281
Qwen/Qwen3-32B,c4,48,36,128,0.259494
Qwen/Qwen3-32B,c4,48,36,512,0.084760
Qwen/Qwen3-32B,c4,48,36,2048,0.008792
Qwen/Qwen3-32B,c4,48,37,128,0.243070
Qwen/Qwen3-32B,c4,48,37,512,0.067919
Qwen/Qwen3-32B,c4,48,37,2048,0.006483
Qwen/Qwen3-32B,c4,48,38,128,0.149394
Qwen/Qwen3-32B,c4,48,38,512,0.072744
Qwen/Qwen3-32B,c4,48,38,2048,0.005919
Qwen/Qwen3-32B,c4,48,39,128,0.174163
Qwen/Qwen3-32B,c4,48,39,512,0.076300
Qwen/Qwen3-32B,c4,48,39,2048,0.008791
Qwen/Qwen3-32B,c4,48,40,128,0.206272
Qwen/Qwen3-32B,c4,48,40,512,0.099629
Qwen/Qwen3-32B,c4,48,40,2048,0.011544
Qwen/Qwen3-32B,c4,48,41,128,0.157140
Qwen/Qwen3-32B,c4,48,41,512,0.082048
Qwen/Qwen3-32B,c4,48,41,2048,0.006149
Qwen/Qwen3-32B,c4,48,42,128,0.249774
Qwen/Qwen3-32B,c4,48,42,512,0.108189
Qwen/Qwen3-32B,c4,48,42,2048,0.024355
Qwen/Qwen3-32B,c4,48,43,128,0.110939
Qwen/Qwen3-32B,c4,48,43,512,0.070255
Qwen/Qwen3-32B,c4,48,43,2048,0.010845
Qwen/Qwen3-32B,c4,48,44,128,0.156209
Qwen/Qwen3-32B,c4,48,44,512,0.073630
Qwen/Qwen3-32B,c4,48,44,2048,0.005818
Qwen/Qwen3-32B,c4,48,45,128,0.115128
Qwen/Qwen3-32B,c4,48,45,512,0.054906
Qwen/Qwen3-32B,c4,48,45,2048,0.015244
Qwen/Qwen3-32B,c4,48,46,128,0.229391
Qwen/Qwen3-32B,c4,48,46,512,0.089474
Qwen/Qwen3-32B,c4,48,46,2048,0.012475
Qwen/Qwen3-32B,c4,48,47,128,0.137634
Qwen/Qwen3-32B,c4,48,47,512,0.068656
Qwen/Qwen3-32B,c4,48,47,2048,0.009396
Qwen/Qwen3-32B,c4,48,48,128,0.103871
Qwen/Qwen3-32B,c4,48,48,512,0.072443
Qwen/Qwen3-32B,c4,48,48,2048,0.008286
Qwen/Qwen3-32B,c4,48,49,128,0.153691
Qwen/Qwen3-32B,c4,48,49,512,0.077563
Qwen/Qwen3-32B,c4,48,49,2048,0.018378
Qwen/Qwen3-32B,c4,48,50,128,0.118122
Qwen/Qwen3-32B,c4,48,50,512,0.048837
Qwen/Qwen3-32B,c4,48,50,2048,0.008507
Qwen/Qwen3-32B,c4,48,51,128,0.070140
Qwen/Qwen3-32B,c4,48,51,512,0.053003
Qwen/Qwen3-32B,c4,48,51,2048,0.012250
Qwen/Qwen3-32B,c4,48,52,128,0.106001
Qwen/Qwen3-32B,c4,48,52,512,0.078417
Qwen/Qwen3-32B,c4,48,52,2048,0.026510
Qwen/Qwen3-32B,c4,48,53,128,0.064266
Qwen/Qwen3-32B,c4,48,53,512,0.045507
Qwen/Qwen3-32B,c4,48,53,2048,0.010463
Qwen/Qwen3-32B,c4,48,54,128,0.146296
Qwen/Qwen3-32B,c4,48,54,512,0.065265
Qwen/Qwen3-32B,c4,48,54,2048,0.006549
Qwen/Qwen3-32B,c4,48,55,128,0.121086
Qwen/Qwen3-32B,c4,48,55,512,0.069297
Qwen/Qwen3-32B,c4,48,55,2048,0.015568
Qwen/Qwen3-32B,c4,48,56,128,0.240733
Qwen/Qwen3-32B,c4,48,56,512,0.126247
Qwen/Qwen3-32B,c4,48,56,2048,0.020282
Qwen/Qwen3-32B,c4,48,57,128,0.184478
Qwen/Qwen3-32B,c4,48,57,512,0.078948
Qwen/Qwen3-32B,c4,48,57,2048,0.008712
Qwen/Qwen3-32B,c4,48,58,128,0.203055
Qwen/Qwen3-32B,c4,48,58,512,0.089079
Qwen/Qwen3-32B,c4,48,58,2048,0.012763
Qwen/Qwen3-32B,c4,48,59,128,0.178261
Qwen/Qwen3-32B,c4,48,59,512,0.081864
Qwen/Qwen3-32B,c4,48,59,2048,0.012705
Qwen/Qwen3-32B,c4,48,60,128,0.159103
Qwen/Qwen3-32B,c4,48,60,512,0.076166
Qwen/Qwen3-32B,c4,48,60,2048,0.011291
Qwen/Qwen3-32B,c4,48,61,128,0.151641
Qwen/Qwen3-32B,c4,48,61,512,0.075055
Qwen/Qwen3-32B,c4,48,61,2048,0.011834
Qwen/Qwen3-32B,c4,48,62,128,0.164932
Qwen/Qwen3-32B,c4,48,62,512,0.070544
Qwen/Qwen3-32B,c4,48,62,2048,0.009892
Qwen/Qwen3-32B,c4,48,63,128,0.161844
Qwen/Qwen3-32B,c4,48,63,512,0.079915
Qwen/Qwen3-32B,c4,48,63,2048,0.011809
Qwen/Qwen3-32B,c4,49,0,128,0.144410
Qwen/Qwen3-32B,c4,49,0,512,0.075127
Qwen/Qwen3-32B,c4,49,0,2048,0.002103
Qwen/Qwen3-32B,c4,49,1,128,0.160114
Qwen/Qwen3-32B,c4,49,1,512,0.093609
Qwen/Qwen3-32B,c4,49,1,2048,0.004362
Qwen/Qwen3-32B,c4,49,2,128,0.280999
Qwen/Qwen3-32B,c4,49,2,512,0.107265
Qwen/Qwen3-32B,c4,49,2,2048,0.013291
Qwen/Qwen3-32B,c4,49,3,128,0.304151
Qwen/Qwen3-32B,c4,49,3,512,0.087216
Qwen/Qwen3-32B,c4,49,3,2048,0.009482
Qwen/Qwen3-32B,c4,49,4,128,0.179016
Qwen/Qwen3-32B,c4,49,4,512,0.068227
Qwen/Qwen3-32B,c4,49,4,2048,0.004113
Qwen/Qwen3-32B,c4,49,5,128,0.054094
Qwen/Qwen3-32B,c4,49,5,512,0.024732
Qwen/Qwen3-32B,c4,49,5,2048,0.003723
Qwen/Qwen3-32B,c4,49,6,128,0.223032
Qwen/Qwen3-32B,c4,49,6,512,0.057716
Qwen/Qwen3-32B,c4,49,6,2048,0.003351
Qwen/Qwen3-32B,c4,49,7,128,0.209440
Qwen/Qwen3-32B,c4,49,7,512,0.078996
Qwen/Qwen3-32B,c4,49,7,2048,0.004806
Qwen/Qwen3-32B,c4,49,8,128,0.120713
Qwen/Qwen3-32B,c4,49,8,512,0.089705
Qwen/Qwen3-32B,c4,49,8,2048,0.003562
Qwen/Qwen3-32B,c4,49,9,128,0.171533
Qwen/Qwen3-32B,c4,49,9,512,0.098880
Qwen/Qwen3-32B,c4,49,9,2048,0.013583
Qwen/Qwen3-32B,c4,49,10,128,0.119139
Qwen/Qwen3-32B,c4,49,10,512,0.076474
Qwen/Qwen3-32B,c4,49,10,2048,0.003563
Qwen/Qwen3-32B,c4,49,11,128,0.115123
Qwen/Qwen3-32B,c4,49,11,512,0.071601
Qwen/Qwen3-32B,c4,49,11,2048,0.003442
Qwen/Qwen3-32B,c4,49,12,128,0.111653
Qwen/Qwen3-32B,c4,49,12,512,0.070638
Qwen/Qwen3-32B,c4,49,12,2048,0.002991
Qwen/Qwen3-32B,c4,49,13,128,0.089741
Qwen/Qwen3-32B,c4,49,13,512,0.062262
Qwen/Qwen3-32B,c4,49,13,2048,0.003210
Qwen/Qwen3-32B,c4,49,14,128,0.110448
Qwen/Qwen3-32B,c4,49,14,512,0.069388
Qwen/Qwen3-32B,c4,49,14,2048,0.003933
Qwen/Qwen3-32B,c4,49,15,128,0.138709
Qwen/Qwen3-32B,c4,49,15,512,0.076136
Qwen/Qwen3-32B,c4,49,15,2048,0.007411
Qwen/Qwen3-32B,c4,49,16,128,0.115574
Qwen/Qwen3-32B,c4,49,16,512,0.080049
Qwen/Qwen3-32B,c4,49,16,2048,0.001393
Qwen/Qwen3-32B,c4,49,17,128,0.121611
Qwen/Qwen3-32B,c4,49,17,512,0.076228
Qwen/Qwen3-32B,c4,49,17,2048,0.001832
Qwen/Qwen3-32B,c4,49,18,128,0.117111
Qwen/Qwen3-32B,c4,49,18,512,0.094772
Qwen/Qwen3-32B,c4,49,18,2048,0.001611
Qwen/Qwen3-32B,c4,49,19,128,0.093363
Qwen/Qwen3-32B,c4,49,19,512,0.068398
Qwen/Qwen3-32B,c4,49,19,2048,0.001242
Qwen/Qwen3-32B,c4,49,20,128,0.113105
Qwen/Qwen3-32B,c4,49,20,512,0.077924
Qwen/Qwen3-32B,c4,49,20,2048,0.002051
Qwen/Qwen3-32B,c4,49,21,128,0.100789
Qwen/Qwen3-32B,c4,49,21,512,0.071582
Qwen/Qwen3-32B,c4,49,21,2048,0.002132
Qwen/Qwen3-32B,c4,49,22,128,0.117724
Qwen/Qwen3-32B,c4,49,22,512,0.082941
Qwen/Qwen3-32B,c4,49,22,2048,0.002590
Qwen/Qwen3-32B,c4,49,23,128,0.076118
Qwen/Qwen3-32B,c4,49,23,512,0.051680
Qwen/Qwen3-32B,c4,49,23,2048,0.001469
Qwen/Qwen3-32B,c4,49,24,128,0.172141
Qwen/Qwen3-32B,c4,49,24,512,0.086226
Qwen/Qwen3-32B,c4,49,24,2048,0.010570
Qwen/Qwen3-32B,c4,49,25,128,0.156090
Qwen/Qwen3-32B,c4,49,25,512,0.083163
Qwen/Qwen3-32B,c4,49,25,2048,0.009132
Qwen/Qwen3-32B,c4,49,26,128,0.184587
Qwen/Qwen3-32B,c4,49,26,512,0.101509
Qwen/Qwen3-32B,c4,49,26,2048,0.012721
Qwen/Qwen3-32B,c4,49,27,128,0.125279
Qwen/Qwen3-32B,c4,49,27,512,0.075776
Qwen/Qwen3-32B,c4,49,27,2048,0.009426
Qwen/Qwen3-32B,c4,49,28,128,0.131073
Qwen/Qwen3-32B,c4,49,28,512,0.083883
Qwen/Qwen3-32B,c4,49,28,2048,0.007977
Qwen/Qwen3-32B,c4,49,29,128,0.130258
Qwen/Qwen3-32B,c4,49,29,512,0.078719
Qwen/Qwen3-32B,c4,49,29,2048,0.006644
Qwen/Qwen3-32B,c4,49,30,128,0.138042
Qwen/Qwen3-32B,c4,49,30,512,0.070327
Qwen/Qwen3-32B,c4,49,30,2048,0.006992
Qwen/Qwen3-32B,c4,49,31,128,0.157540
Qwen/Qwen3-32B,c4,49,31,512,0.090039
Qwen/Qwen3-32B,c4,49,31,2048,0.010669
Qwen/Qwen3-32B,c4,49,32,128,0.296801
Qwen/Qwen3-32B,c4,49,32,512,0.153373
Qwen/Qwen3-32B,c4,49,32,2048,0.036688
Qwen/Qwen3-32B,c4,49,33,128,0.126572
Qwen/Qwen3-32B,c4,49,33,512,0.074996
Qwen/Qwen3-32B,c4,49,33,2048,0.009962
Qwen/Qwen3-32B,c4,49,34,128,0.135600
Qwen/Qwen3-32B,c4,49,34,512,0.076133
Qwen/Qwen3-32B,c4,49,34,2048,0.005770
Qwen/Qwen3-32B,c4,49,35,128,0.120013
Qwen/Qwen3-32B,c4,49,35,512,0.059671
Qwen/Qwen3-32B,c4,49,35,2048,0.008758
Qwen/Qwen3-32B,c4,49,36,128,0.051711
Qwen/Qwen3-32B,c4,49,36,512,0.032172
Qwen/Qwen3-32B,c4,49,36,2048,0.008596
Qwen/Qwen3-32B,c4,49,37,128,0.103460
Qwen/Qwen3-32B,c4,49,37,512,0.064608
Qwen/Qwen3-32B,c4,49,37,2048,0.006981
Qwen/Qwen3-32B,c4,49,38,128,0.045032
Qwen/Qwen3-32B,c4,49,38,512,0.029814
Qwen/Qwen3-32B,c4,49,38,2048,0.007323
Qwen/Qwen3-32B,c4,49,39,128,0.114778
Qwen/Qwen3-32B,c4,49,39,512,0.040564
Qwen/Qwen3-32B,c4,49,39,2048,0.006922
Qwen/Qwen3-32B,c4,49,40,128,0.183807
Qwen/Qwen3-32B,c4,49,40,512,0.078464
Qwen/Qwen3-32B,c4,49,40,2048,0.011697
Qwen/Qwen3-32B,c4,49,41,128,0.158208
Qwen/Qwen3-32B,c4,49,41,512,0.086624
Qwen/Qwen3-32B,c4,49,41,2048,0.009953
Qwen/Qwen3-32B,c4,49,42,128,0.156128
Qwen/Qwen3-32B,c4,49,42,512,0.078836
Qwen/Qwen3-32B,c4,49,42,2048,0.014052
Qwen/Qwen3-32B,c4,49,43,128,0.228921
Qwen/Qwen3-32B,c4,49,43,512,0.102801
Qwen/Qwen3-32B,c4,49,43,2048,0.018573
Qwen/Qwen3-32B,c4,49,44,128,0.109404
Qwen/Qwen3-32B,c4,49,44,512,0.070806
Qwen/Qwen3-32B,c4,49,44,2048,0.009843
Qwen/Qwen3-32B,c4,49,45,128,0.106313
Qwen/Qwen3-32B,c4,49,45,512,0.060317
Qwen/Qwen3-32B,c4,49,45,2048,0.013169
Qwen/Qwen3-32B,c4,49,46,128,0.173210
Qwen/Qwen3-32B,c4,49,46,512,0.080822
Qwen/Qwen3-32B,c4,49,46,2048,0.008423
Qwen/Qwen3-32B,c4,49,47,128,0.092937
Qwen/Qwen3-32B,c4,49,47,512,0.053253
Qwen/Qwen3-32B,c4,49,47,2048,0.007514
Qwen/Qwen3-32B,c4,49,48,128,0.141198
Qwen/Qwen3-32B,c4,49,48,512,0.074255
Qwen/Qwen3-32B,c4,49,48,2048,0.006173
Qwen/Qwen3-32B,c4,49,49,128,0.165273
Qwen/Qwen3-32B,c4,49,49,512,0.089256
Qwen/Qwen3-32B,c4,49,49,2048,0.011890
Qwen/Qwen3-32B,c4,49,50,128,0.128867
Qwen/Qwen3-32B,c4,49,50,512,0.067945
Qwen/Qwen3-32B,c4,49,50,2048,0.004746
Qwen/Qwen3-32B,c4,49,51,128,0.115039
Qwen/Qwen3-32B,c4,49,51,512,0.074434
Qwen/Qwen3-32B,c4,49,51,2048,0.006332
Qwen/Qwen3-32B,c4,49,52,128,0.148086
Qwen/Qwen3-32B,c4,49,52,512,0.082036
Qwen/Qwen3-32B,c4,49,52,2048,0.015347
Qwen/Qwen3-32B,c4,49,53,128,0.141011
Qwen/Qwen3-32B,c4,49,53,512,0.059221
Qwen/Qwen3-32B,c4,49,53,2048,0.006785
Qwen/Qwen3-32B,c4,49,54,128,0.125322
Qwen/Qwen3-32B,c4,49,54,512,0.073144
Qwen/Qwen3-32B,c4,49,54,2048,0.006483
Qwen/Qwen3-32B,c4,49,55,128,0.123747
Qwen/Qwen3-32B,c4,49,55,512,0.068513
Qwen/Qwen3-32B,c4,49,55,2048,0.004848
Qwen/Qwen3-32B,c4,49,56,128,0.127637
Qwen/Qwen3-32B,c4,49,56,512,0.074553
Qwen/Qwen3-32B,c4,49,56,2048,0.006844
Qwen/Qwen3-32B,c4,49,57,128,0.173537
Qwen/Qwen3-32B,c4,49,57,512,0.095268
Qwen/Qwen3-32B,c4,49,57,2048,0.007244
Qwen/Qwen3-32B,c4,49,58,128,0.159819
Qwen/Qwen3-32B,c4,49,58,512,0.084829
Qwen/Qwen3-32B,c4,49,58,2048,0.012493
Qwen/Qwen3-32B,c4,49,59,128,0.219381
Qwen/Qwen3-32B,c4,49,59,512,0.102053
Qwen/Qwen3-32B,c4,49,59,2048,0.009012
Qwen/Qwen3-32B,c4,49,60,128,0.161457
Qwen/Qwen3-32B,c4,49,60,512,0.079018
Qwen/Qwen3-32B,c4,49,60,2048,0.004834
Qwen/Qwen3-32B,c4,49,61,128,0.150790
Qwen/Qwen3-32B,c4,49,61,512,0.081566
Qwen/Qwen3-32B,c4,49,61,2048,0.013387
Qwen/Qwen3-32B,c4,49,62,128,0.188791
Qwen/Qwen3-32B,c4,49,62,512,0.095666
Qwen/Qwen3-32B,c4,49,62,2048,0.026660
Qwen/Qwen3-32B,c4,49,63,128,0.226711
Qwen/Qwen3-32B,c4,49,63,512,0.100047
Qwen/Qwen3-32B,c4,49,63,2048,0.016287
Qwen/Qwen3-32B,c4,50,0,128,0.099514
Qwen/Qwen3-32B,c4,50,0,512,0.069000
Qwen/Qwen3-32B,c4,50,0,2048,0.004616
Qwen/Qwen3-32B,c4,50,1,128,0.139894
Qwen/Qwen3-32B,c4,50,1,512,0.084308
Qwen/Qwen3-32B,c4,50,1,2048,0.008506
Qwen/Qwen3-32B,c4,50,2,128,0.144338
Qwen/Qwen3-32B,c4,50,2,512,0.071505
Qwen/Qwen3-32B,c4,50,2,2048,0.004466
Qwen/Qwen3-32B,c4,50,3,128,0.073784
Qwen/Qwen3-32B,c4,50,3,512,0.054824
Qwen/Qwen3-32B,c4,50,3,2048,0.005443
Qwen/Qwen3-32B,c4,50,4,128,0.103869
Qwen/Qwen3-32B,c4,50,4,512,0.069893
Qwen/Qwen3-32B,c4,50,4,2048,0.004642
Qwen/Qwen3-32B,c4,50,5,128,0.066209
Qwen/Qwen3-32B,c4,50,5,512,0.050148
Qwen/Qwen3-32B,c4,50,5,2048,0.002774
Qwen/Qwen3-32B,c4,50,6,128,0.109848
Qwen/Qwen3-32B,c4,50,6,512,0.055612
Qwen/Qwen3-32B,c4,50,6,2048,0.009867
Qwen/Qwen3-32B,c4,50,7,128,0.067381
Qwen/Qwen3-32B,c4,50,7,512,0.040992
Qwen/Qwen3-32B,c4,50,7,2048,0.003320
Qwen/Qwen3-32B,c4,50,8,128,0.089287
Qwen/Qwen3-32B,c4,50,8,512,0.070292
Qwen/Qwen3-32B,c4,50,8,2048,0.002126
Qwen/Qwen3-32B,c4,50,9,128,0.084412
Qwen/Qwen3-32B,c4,50,9,512,0.060770
Qwen/Qwen3-32B,c4,50,9,2048,0.002646
Qwen/Qwen3-32B,c4,50,10,128,0.103371
Qwen/Qwen3-32B,c4,50,10,512,0.081412
Qwen/Qwen3-32B,c4,50,10,2048,0.003071
Qwen/Qwen3-32B,c4,50,11,128,0.071178
Qwen/Qwen3-32B,c4,50,11,512,0.051641
Qwen/Qwen3-32B,c4,50,11,2048,0.002323
Qwen/Qwen3-32B,c4,50,12,128,0.102736
Qwen/Qwen3-32B,c4,50,12,512,0.067751
Qwen/Qwen3-32B,c4,50,12,2048,0.003120
Qwen/Qwen3-32B,c4,50,13,128,0.091562
Qwen/Qwen3-32B,c4,50,13,512,0.061275
Qwen/Qwen3-32B,c4,50,13,2048,0.005135
Qwen/Qwen3-32B,c4,50,14,128,0.083993
Qwen/Qwen3-32B,c4,50,14,512,0.060301
Qwen/Qwen3-32B,c4,50,14,2048,0.003526
Qwen/Qwen3-32B,c4,50,15,128,0.086122
Qwen/Qwen3-32B,c4,50,15,512,0.065340
Qwen/Qwen3-32B,c4,50,15,2048,0.003413
Qwen/Qwen3-32B,c4,50,16,128,0.151145
Qwen/Qwen3-32B,c4,50,16,512,0.103512
Qwen/Qwen3-32B,c4,50,16,2048,0.003313
Qwen/Qwen3-32B,c4,50,17,128,0.147448
Qwen/Qwen3-32B,c4,50,17,512,0.089731
Qwen/Qwen3-32B,c4,50,17,2048,0.003623
Qwen/Qwen3-32B,c4,50,18,128,0.154664
Qwen/Qwen3-32B,c4,50,18,512,0.094424
Qwen/Qwen3-32B,c4,50,18,2048,0.004485
Qwen/Qwen3-32B,c4,50,19,128,0.184019
Qwen/Qwen3-32B,c4,50,19,512,0.085716
Qwen/Qwen3-32B,c4,50,19,2048,0.005131
Qwen/Qwen3-32B,c4,50,20,128,0.177157
Qwen/Qwen3-32B,c4,50,20,512,0.072477
Qwen/Qwen3-32B,c4,50,20,2048,0.005179
Qwen/Qwen3-32B,c4,50,21,128,0.148414
Qwen/Qwen3-32B,c4,50,21,512,0.092202
Qwen/Qwen3-32B,c4,50,21,2048,0.003669
Qwen/Qwen3-32B,c4,50,22,128,0.170809
Qwen/Qwen3-32B,c4,50,22,512,0.076933
Qwen/Qwen3-32B,c4,50,22,2048,0.006068
Qwen/Qwen3-32B,c4,50,23,128,0.137893
Qwen/Qwen3-32B,c4,50,23,512,0.097547
Qwen/Qwen3-32B,c4,50,23,2048,0.003915
Qwen/Qwen3-32B,c4,50,24,128,0.174143
Qwen/Qwen3-32B,c4,50,24,512,0.095171
Qwen/Qwen3-32B,c4,50,24,2048,0.008055
Qwen/Qwen3-32B,c4,50,25,128,0.180435
Qwen/Qwen3-32B,c4,50,25,512,0.100648
Qwen/Qwen3-32B,c4,50,25,2048,0.009033
Qwen/Qwen3-32B,c4,50,26,128,0.250506
Qwen/Qwen3-32B,c4,50,26,512,0.136206
Qwen/Qwen3-32B,c4,50,26,2048,0.018965
Qwen/Qwen3-32B,c4,50,27,128,0.176940
Qwen/Qwen3-32B,c4,50,27,512,0.084694
Qwen/Qwen3-32B,c4,50,27,2048,0.008461
Qwen/Qwen3-32B,c4,50,28,128,0.199691
Qwen/Qwen3-32B,c4,50,28,512,0.108358
Qwen/Qwen3-32B,c4,50,28,2048,0.014774
Qwen/Qwen3-32B,c4,50,29,128,0.198814
Qwen/Qwen3-32B,c4,50,29,512,0.103090
Qwen/Qwen3-32B,c4,50,29,2048,0.011314
Qwen/Qwen3-32B,c4,50,30,128,0.206887
Qwen/Qwen3-32B,c4,50,30,512,0.107484
Qwen/Qwen3-32B,c4,50,30,2048,0.010616
Qwen/Qwen3-32B,c4,50,31,128,0.206122
Qwen/Qwen3-32B,c4,50,31,512,0.106913
Qwen/Qwen3-32B,c4,50,31,2048,0.016866
Qwen/Qwen3-32B,c4,50,32,128,0.128699
Qwen/Qwen3-32B,c4,50,32,512,0.098255
Qwen/Qwen3-32B,c4,50,32,2048,0.003083
Qwen/Qwen3-32B,c4,50,33,128,0.165461
Qwen/Qwen3-32B,c4,50,33,512,0.095269
Qwen/Qwen3-32B,c4,50,33,2048,0.005613
Qwen/Qwen3-32B,c4,50,34,128,0.083787
Qwen/Qwen3-32B,c4,50,34,512,0.064649
Qwen/Qwen3-32B,c4,50,34,2048,0.006188
Qwen/Qwen3-32B,c4,50,35,128,0.142328
Qwen/Qwen3-32B,c4,50,35,512,0.098867
Qwen/Qwen3-32B,c4,50,35,2048,0.004632
Qwen/Qwen3-32B,c4,50,36,128,0.133800
Qwen/Qwen3-32B,c4,50,36,512,0.079191
Qwen/Qwen3-32B,c4,50,36,2048,0.003279
Qwen/Qwen3-32B,c4,50,37,128,0.183767
Qwen/Qwen3-32B,c4,50,37,512,0.099944
Qwen/Qwen3-32B,c4,50,37,2048,0.009152
Qwen/Qwen3-32B,c4,50,38,128,0.186621
Qwen/Qwen3-32B,c4,50,38,512,0.093434
Qwen/Qwen3-32B,c4,50,38,2048,0.006673
Qwen/Qwen3-32B,c4,50,39,128,0.180981
Qwen/Qwen3-32B,c4,50,39,512,0.110841
Qwen/Qwen3-32B,c4,50,39,2048,0.007021
Qwen/Qwen3-32B,c4,50,40,128,0.147016
Qwen/Qwen3-32B,c4,50,40,512,0.107488
Qwen/Qwen3-32B,c4,50,40,2048,0.004834
Qwen/Qwen3-32B,c4,50,41,128,0.144762
Qwen/Qwen3-32B,c4,50,41,512,0.114452
Qwen/Qwen3-32B,c4,50,41,2048,0.003326
Qwen/Qwen3-32B,c4,50,42,128,0.132490
Qwen/Qwen3-32B,c4,50,42,512,0.108458
Qwen/Qwen3-32B,c4,50,42,2048,0.002666
Qwen/Qwen3-32B,c4,50,43,128,0.135344
Qwen/Qwen3-32B,c4,50,43,512,0.081650
Qwen/Qwen3-32B,c4,50,43,2048,0.004785
Qwen/Qwen3-32B,c4,50,44,128,0.161942
Qwen/Qwen3-32B,c4,50,44,512,0.110995
Qwen/Qwen3-32B,c4,50,44,2048,0.005674
Qwen/Qwen3-32B,c4,50,45,128,0.168101
Qwen/Qwen3-32B,c4,50,45,512,0.105012
Qwen/Qwen3-32B,c4,50,45,2048,0.005558
Qwen/Qwen3-32B,c4,50,46,128,0.151001
Qwen/Qwen3-32B,c4,50,46,512,0.114346
Qwen/Qwen3-32B,c4,50,46,2048,0.004995
Qwen/Qwen3-32B,c4,50,47,128,0.180409
Qwen/Qwen3-32B,c4,50,47,512,0.105700
Qwen/Qwen3-32B,c4,50,47,2048,0.004823
Qwen/Qwen3-32B,c4,50,48,128,0.162898
Qwen/Qwen3-32B,c4,50,48,512,0.103540
Qwen/Qwen3-32B,c4,50,48,2048,0.004810
Qwen/Qwen3-32B,c4,50,49,128,0.275075
Qwen/Qwen3-32B,c4,50,49,512,0.116698
Qwen/Qwen3-32B,c4,50,49,2048,0.009169
Qwen/Qwen3-32B,c4,50,50,128,0.172622
Qwen/Qwen3-32B,c4,50,50,512,0.097447
Qwen/Qwen3-32B,c4,50,50,2048,0.006478
Qwen/Qwen3-32B,c4,50,51,128,0.199787
Qwen/Qwen3-32B,c4,50,51,512,0.098001
Qwen/Qwen3-32B,c4,50,51,2048,0.007345
Qwen/Qwen3-32B,c4,50,52,128,0.140811
Qwen/Qwen3-32B,c4,50,52,512,0.063777
Qwen/Qwen3-32B,c4,50,52,2048,0.004264
Qwen/Qwen3-32B,c4,50,53,128,0.246050
Qwen/Qwen3-32B,c4,50,53,512,0.078375
Qwen/Qwen3-32B,c4,50,53,2048,0.006303
Qwen/Qwen3-32B,c4,50,54,128,0.228301
Qwen/Qwen3-32B,c4,50,54,512,0.100372
Qwen/Qwen3-32B,c4,50,54,2048,0.007258
Qwen/Qwen3-32B,c4,50,55,128,0.346486
Qwen/Qwen3-32B,c4,50,55,512,0.171120
Qwen/Qwen3-32B,c4,50,55,2048,0.026814
Qwen/Qwen3-32B,c4,50,56,128,0.372681
Qwen/Qwen3-32B,c4,50,56,512,0.197280
Qwen/Qwen3-32B,c4,50,56,2048,0.045954
Qwen/Qwen3-32B,c4,50,57,128,0.111211
Qwen/Qwen3-32B,c4,50,57,512,0.084755
Qwen/Qwen3-32B,c4,50,57,2048,0.006839
Qwen/Qwen3-32B,c4,50,58,128,0.264065
Qwen/Qwen3-32B,c4,50,58,512,0.122666
Qwen/Qwen3-32B,c4,50,58,2048,0.014272
Qwen/Qwen3-32B,c4,50,59,128,0.242973
Qwen/Qwen3-32B,c4,50,59,512,0.121878
Qwen/Qwen3-32B,c4,50,59,2048,0.016600
Qwen/Qwen3-32B,c4,50,60,128,0.261393
Qwen/Qwen3-32B,c4,50,60,512,0.109901
Qwen/Qwen3-32B,c4,50,60,2048,0.016631
Qwen/Qwen3-32B,c4,50,61,128,0.214321
Qwen/Qwen3-32B,c4,50,61,512,0.100776
Qwen/Qwen3-32B,c4,50,61,2048,0.009567
Qwen/Qwen3-32B,c4,50,62,128,0.223906
Qwen/Qwen3-32B,c4,50,62,512,0.120131
Qwen/Qwen3-32B,c4,50,62,2048,0.013750
Qwen/Qwen3-32B,c4,50,63,128,0.247739
Qwen/Qwen3-32B,c4,50,63,512,0.123137
Qwen/Qwen3-32B,c4,50,63,2048,0.015441
Qwen/Qwen3-32B,c4,51,0,128,0.329941
Qwen/Qwen3-32B,c4,51,0,512,0.169237
Qwen/Qwen3-32B,c4,51,0,2048,0.042107
Qwen/Qwen3-32B,c4,51,1,128,0.127555
Qwen/Qwen3-32B,c4,51,1,512,0.076871
Qwen/Qwen3-32B,c4,51,1,2048,0.008994
Qwen/Qwen3-32B,c4,51,2,128,0.128626
Qwen/Qwen3-32B,c4,51,2,512,0.077290
Qwen/Qwen3-32B,c4,51,2,2048,0.008263
Qwen/Qwen3-32B,c4,51,3,128,0.127002
Qwen/Qwen3-32B,c4,51,3,512,0.081552
Qwen/Qwen3-32B,c4,51,3,2048,0.012808
Qwen/Qwen3-32B,c4,51,4,128,0.124858
Qwen/Qwen3-32B,c4,51,4,512,0.083529
Qwen/Qwen3-32B,c4,51,4,2048,0.008447
Qwen/Qwen3-32B,c4,51,5,128,0.124055
Qwen/Qwen3-32B,c4,51,5,512,0.072704
Qwen/Qwen3-32B,c4,51,5,2048,0.010907
Qwen/Qwen3-32B,c4,51,6,128,0.226336
Qwen/Qwen3-32B,c4,51,6,512,0.106776
Qwen/Qwen3-32B,c4,51,6,2048,0.014866
Qwen/Qwen3-32B,c4,51,7,128,0.114781
Qwen/Qwen3-32B,c4,51,7,512,0.069363
Qwen/Qwen3-32B,c4,51,7,2048,0.007661
Qwen/Qwen3-32B,c4,51,8,128,0.195757
Qwen/Qwen3-32B,c4,51,8,512,0.117644
Qwen/Qwen3-32B,c4,51,8,2048,0.009688
Qwen/Qwen3-32B,c4,51,9,128,0.085008
Qwen/Qwen3-32B,c4,51,9,512,0.066840
Qwen/Qwen3-32B,c4,51,9,2048,0.001077
Qwen/Qwen3-32B,c4,51,10,128,0.076853
Qwen/Qwen3-32B,c4,51,10,512,0.059740
Qwen/Qwen3-32B,c4,51,10,2048,0.001153
Qwen/Qwen3-32B,c4,51,11,128,0.053129
Qwen/Qwen3-32B,c4,51,11,512,0.035742
Qwen/Qwen3-32B,c4,51,11,2048,0.001328
Qwen/Qwen3-32B,c4,51,12,128,0.083967
Qwen/Qwen3-32B,c4,51,12,512,0.065108
Qwen/Qwen3-32B,c4,51,12,2048,0.001427
Qwen/Qwen3-32B,c4,51,13,128,0.077473
Qwen/Qwen3-32B,c4,51,13,512,0.061498
Qwen/Qwen3-32B,c4,51,13,2048,0.001175
Qwen/Qwen3-32B,c4,51,14,128,0.086111
Qwen/Qwen3-32B,c4,51,14,512,0.062352
Qwen/Qwen3-32B,c4,51,14,2048,0.001179
Qwen/Qwen3-32B,c4,51,15,128,0.089367
Qwen/Qwen3-32B,c4,51,15,512,0.069289
Qwen/Qwen3-32B,c4,51,15,2048,0.001283
Qwen/Qwen3-32B,c4,51,16,128,0.085816
Qwen/Qwen3-32B,c4,51,16,512,0.050642
Qwen/Qwen3-32B,c4,51,16,2048,0.001264
Qwen/Qwen3-32B,c4,51,17,128,0.150369
Qwen/Qwen3-32B,c4,51,17,512,0.062087
Qwen/Qwen3-32B,c4,51,17,2048,0.002482
Qwen/Qwen3-32B,c4,51,18,128,0.229510
Qwen/Qwen3-32B,c4,51,18,512,0.114274
Qwen/Qwen3-32B,c4,51,18,2048,0.015015
Qwen/Qwen3-32B,c4,51,19,128,0.072252
Qwen/Qwen3-32B,c4,51,19,512,0.055202
Qwen/Qwen3-32B,c4,51,19,2048,0.001814
Qwen/Qwen3-32B,c4,51,20,128,0.058560
Qwen/Qwen3-32B,c4,51,20,512,0.031752
Qwen/Qwen3-32B,c4,51,20,2048,0.000795
Qwen/Qwen3-32B,c4,51,21,128,0.088901
Qwen/Qwen3-32B,c4,51,21,512,0.048272
Qwen/Qwen3-32B,c4,51,21,2048,0.002002
Qwen/Qwen3-32B,c4,51,22,128,0.066115
Qwen/Qwen3-32B,c4,51,22,512,0.044975
Qwen/Qwen3-32B,c4,51,22,2048,0.001256
Qwen/Qwen3-32B,c4,51,23,128,0.071668
Qwen/Qwen3-32B,c4,51,23,512,0.039310
Qwen/Qwen3-32B,c4,51,23,2048,0.001587
Qwen/Qwen3-32B,c4,51,24,128,0.107177
Qwen/Qwen3-32B,c4,51,24,512,0.085832
Qwen/Qwen3-32B,c4,51,24,2048,0.002033
Qwen/Qwen3-32B,c4,51,25,128,0.117821
Qwen/Qwen3-32B,c4,51,25,512,0.079510
Qwen/Qwen3-32B,c4,51,25,2048,0.004039
Qwen/Qwen3-32B,c4,51,26,128,0.125801
Qwen/Qwen3-32B,c4,51,26,512,0.079554
Qwen/Qwen3-32B,c4,51,26,2048,0.004066
Qwen/Qwen3-32B,c4,51,27,128,0.121947
Qwen/Qwen3-32B,c4,51,27,512,0.071731
Qwen/Qwen3-32B,c4,51,27,2048,0.002655
Qwen/Qwen3-32B,c4,51,28,128,0.114322
Qwen/Qwen3-32B,c4,51,28,512,0.084885
Qwen/Qwen3-32B,c4,51,28,2048,0.006446
Qwen/Qwen3-32B,c4,51,29,128,0.166231
Qwen/Qwen3-32B,c4,51,29,512,0.069588
Qwen/Qwen3-32B,c4,51,29,2048,0.004316
Qwen/Qwen3-32B,c4,51,30,128,0.245254
Qwen/Qwen3-32B,c4,51,30,512,0.102923
Qwen/Qwen3-32B,c4,51,30,2048,0.015754
Qwen/Qwen3-32B,c4,51,31,128,0.134982
Qwen/Qwen3-32B,c4,51,31,512,0.097206
Qwen/Qwen3-32B,c4,51,31,2048,0.008171
Qwen/Qwen3-32B,c4,51,32,128,0.142198
Qwen/Qwen3-32B,c4,51,32,512,0.105391
Qwen/Qwen3-32B,c4,51,32,2048,0.004029
Qwen/Qwen3-32B,c4,51,33,128,0.138600
Qwen/Qwen3-32B,c4,51,33,512,0.104597
Qwen/Qwen3-32B,c4,51,33,2048,0.003225
Qwen/Qwen3-32B,c4,51,34,128,0.146316
Qwen/Qwen3-32B,c4,51,34,512,0.098370
Qwen/Qwen3-32B,c4,51,34,2048,0.005263
Qwen/Qwen3-32B,c4,51,35,128,0.151282
Qwen/Qwen3-32B,c4,51,35,512,0.102383
Qwen/Qwen3-32B,c4,51,35,2048,0.005910
Qwen/Qwen3-32B,c4,51,36,128,0.170018
Qwen/Qwen3-32B,c4,51,36,512,0.097890
Qwen/Qwen3-32B,c4,51,36,2048,0.006311
Qwen/Qwen3-32B,c4,51,37,128,0.134661
Qwen/Qwen3-32B,c4,51,37,512,0.095858
Qwen/Qwen3-32B,c4,51,37,2048,0.004999
Qwen/Qwen3-32B,c4,51,38,128,0.177817
Qwen/Qwen3-32B,c4,51,38,512,0.107940
Qwen/Qwen3-32B,c4,51,38,2048,0.009082
Qwen/Qwen3-32B,c4,51,39,128,0.164483
Qwen/Qwen3-32B,c4,51,39,512,0.113667
Qwen/Qwen3-32B,c4,51,39,2048,0.004380
Qwen/Qwen3-32B,c4,51,40,128,0.146135
Qwen/Qwen3-32B,c4,51,40,512,0.092620
Qwen/Qwen3-32B,c4,51,40,2048,0.005830
Qwen/Qwen3-32B,c4,51,41,128,0.097629
Qwen/Qwen3-32B,c4,51,41,512,0.077458
Qwen/Qwen3-32B,c4,51,41,2048,0.003733
Qwen/Qwen3-32B,c4,51,42,128,0.117439
Qwen/Qwen3-32B,c4,51,42,512,0.080381
Qwen/Qwen3-32B,c4,51,42,2048,0.004177
Qwen/Qwen3-32B,c4,51,43,128,0.166253
Qwen/Qwen3-32B,c4,51,43,512,0.101137
Qwen/Qwen3-32B,c4,51,43,2048,0.007853
Qwen/Qwen3-32B,c4,51,44,128,0.106001
Qwen/Qwen3-32B,c4,51,44,512,0.071397
Qwen/Qwen3-32B,c4,51,44,2048,0.003878
Qwen/Qwen3-32B,c4,51,45,128,0.125961
Qwen/Qwen3-32B,c4,51,45,512,0.088053
Qwen/Qwen3-32B,c4,51,45,2048,0.006373
Qwen/Qwen3-32B,c4,51,46,128,0.104389
Qwen/Qwen3-32B,c4,51,46,512,0.072191
Qwen/Qwen3-32B,c4,51,46,2048,0.005212
Qwen/Qwen3-32B,c4,51,47,128,0.094566
Qwen/Qwen3-32B,c4,51,47,512,0.068040
Qwen/Qwen3-32B,c4,51,47,2048,0.004279
Qwen/Qwen3-32B,c4,51,48,128,0.132456
Qwen/Qwen3-32B,c4,51,48,512,0.106705
Qwen/Qwen3-32B,c4,51,48,2048,0.008620
Qwen/Qwen3-32B,c4,51,49,128,0.165554
Qwen/Qwen3-32B,c4,51,49,512,0.092750
Qwen/Qwen3-32B,c4,51,49,2048,0.006229
Qwen/Qwen3-32B,c4,51,50,128,0.251923
Qwen/Qwen3-32B,c4,51,50,512,0.121885
Qwen/Qwen3-32B,c4,51,50,2048,0.018221
Qwen/Qwen3-32B,c4,51,51,128,0.133389
Qwen/Qwen3-32B,c4,51,51,512,0.085768
Qwen/Qwen3-32B,c4,51,51,2048,0.012670
Qwen/Qwen3-32B,c4,51,52,128,0.200930
Qwen/Qwen3-32B,c4,51,52,512,0.093620
Qwen/Qwen3-32B,c4,51,52,2048,0.010941
Qwen/Qwen3-32B,c4,51,53,128,0.224036
Qwen/Qwen3-32B,c4,51,53,512,0.120418
Qwen/Qwen3-32B,c4,51,53,2048,0.015748
Qwen/Qwen3-32B,c4,51,54,128,0.200744
Qwen/Qwen3-32B,c4,51,54,512,0.098304
Qwen/Qwen3-32B,c4,51,54,2048,0.011539
Qwen/Qwen3-32B,c4,51,55,128,0.223785
Qwen/Qwen3-32B,c4,51,55,512,0.112652
Qwen/Qwen3-32B,c4,51,55,2048,0.013464
Qwen/Qwen3-32B,c4,51,56,128,0.089783
Qwen/Qwen3-32B,c4,51,56,512,0.066463
Qwen/Qwen3-32B,c4,51,56,2048,0.001496
Qwen/Qwen3-32B,c4,51,57,128,0.125201
Qwen/Qwen3-32B,c4,51,57,512,0.079340
Qwen/Qwen3-32B,c4,51,57,2048,0.003712
Qwen/Qwen3-32B,c4,51,58,128,0.068096
Qwen/Qwen3-32B,c4,51,58,512,0.048171
Qwen/Qwen3-32B,c4,51,58,2048,0.000846
Qwen/Qwen3-32B,c4,51,59,128,0.048738
Qwen/Qwen3-32B,c4,51,59,512,0.031861
Qwen/Qwen3-32B,c4,51,59,2048,0.000888
Qwen/Qwen3-32B,c4,51,60,128,0.062514
Qwen/Qwen3-32B,c4,51,60,512,0.046663
Qwen/Qwen3-32B,c4,51,60,2048,0.001084
Qwen/Qwen3-32B,c4,51,61,128,0.071698
Qwen/Qwen3-32B,c4,51,61,512,0.052901
Qwen/Qwen3-32B,c4,51,61,2048,0.001083
Qwen/Qwen3-32B,c4,51,62,128,0.056731
Qwen/Qwen3-32B,c4,51,62,512,0.032170
Qwen/Qwen3-32B,c4,51,62,2048,0.001309
Qwen/Qwen3-32B,c4,51,63,128,0.334296
Qwen/Qwen3-32B,c4,51,63,512,0.153412
Qwen/Qwen3-32B,c4,51,63,2048,0.017473
Qwen/Qwen3-32B,c4,52,0,128,0.111115
Qwen/Qwen3-32B,c4,52,0,512,0.092468
Qwen/Qwen3-32B,c4,52,0,2048,0.006160
Qwen/Qwen3-32B,c4,52,1,128,0.188302
Qwen/Qwen3-32B,c4,52,1,512,0.097402
Qwen/Qwen3-32B,c4,52,1,2048,0.010265
Qwen/Qwen3-32B,c4,52,2,128,0.147614
Qwen/Qwen3-32B,c4,52,2,512,0.089367
Qwen/Qwen3-32B,c4,52,2,2048,0.006243
Qwen/Qwen3-32B,c4,52,3,128,0.119168
Qwen/Qwen3-32B,c4,52,3,512,0.078718
Qwen/Qwen3-32B,c4,52,3,2048,0.007130
Qwen/Qwen3-32B,c4,52,4,128,0.136118
Qwen/Qwen3-32B,c4,52,4,512,0.099282
Qwen/Qwen3-32B,c4,52,4,2048,0.011677
Qwen/Qwen3-32B,c4,52,5,128,0.163395
Qwen/Qwen3-32B,c4,52,5,512,0.098623
Qwen/Qwen3-32B,c4,52,5,2048,0.008313
Qwen/Qwen3-32B,c4,52,6,128,0.115301
Qwen/Qwen3-32B,c4,52,6,512,0.085534
Qwen/Qwen3-32B,c4,52,6,2048,0.003039
Qwen/Qwen3-32B,c4,52,7,128,0.173397
Qwen/Qwen3-32B,c4,52,7,512,0.092074
Qwen/Qwen3-32B,c4,52,7,2048,0.008928
Qwen/Qwen3-32B,c4,52,8,128,0.145975
Qwen/Qwen3-32B,c4,52,8,512,0.109296
Qwen/Qwen3-32B,c4,52,8,2048,0.004728
Qwen/Qwen3-32B,c4,52,9,128,0.142896
Qwen/Qwen3-32B,c4,52,9,512,0.097743
Qwen/Qwen3-32B,c4,52,9,2048,0.004282
Qwen/Qwen3-32B,c4,52,10,128,0.136823
Qwen/Qwen3-32B,c4,52,10,512,0.107382
Qwen/Qwen3-32B,c4,52,10,2048,0.002629
Qwen/Qwen3-32B,c4,52,11,128,0.156304
Qwen/Qwen3-32B,c4,52,11,512,0.091015
Qwen/Qwen3-32B,c4,52,11,2048,0.006536
Qwen/Qwen3-32B,c4,52,12,128,0.180834
Qwen/Qwen3-32B,c4,52,12,512,0.083348
Qwen/Qwen3-32B,c4,52,12,2048,0.005764
Qwen/Qwen3-32B,c4,52,13,128,0.207580
Qwen/Qwen3-32B,c4,52,13,512,0.090336
Qwen/Qwen3-32B,c4,52,13,2048,0.006976
Qwen/Qwen3-32B,c4,52,14,128,0.156411
Qwen/Qwen3-32B,c4,52,14,512,0.092525
Qwen/Qwen3-32B,c4,52,14,2048,0.005216
Qwen/Qwen3-32B,c4,52,15,128,0.165135
Qwen/Qwen3-32B,c4,52,15,512,0.106699
Qwen/Qwen3-32B,c4,52,15,2048,0.005482
Qwen/Qwen3-32B,c4,52,16,128,0.160035
Qwen/Qwen3-32B,c4,52,16,512,0.094539
Qwen/Qwen3-32B,c4,52,16,2048,0.009901
Qwen/Qwen3-32B,c4,52,17,128,0.195505
Qwen/Qwen3-32B,c4,52,17,512,0.124717
Qwen/Qwen3-32B,c4,52,17,2048,0.019051
Qwen/Qwen3-32B,c4,52,18,128,0.100897
Qwen/Qwen3-32B,c4,52,18,512,0.081924
Qwen/Qwen3-32B,c4,52,18,2048,0.003490
Qwen/Qwen3-32B,c4,52,19,128,0.111881
Qwen/Qwen3-32B,c4,52,19,512,0.087074
Qwen/Qwen3-32B,c4,52,19,2048,0.010750
Qwen/Qwen3-32B,c4,52,20,128,0.133889
Qwen/Qwen3-32B,c4,52,20,512,0.075803
Qwen/Qwen3-32B,c4,52,20,2048,0.005847
Qwen/Qwen3-32B,c4,52,21,128,0.093079
Qwen/Qwen3-32B,c4,52,21,512,0.074879
Qwen/Qwen3-32B,c4,52,21,2048,0.008606
Qwen/Qwen3-32B,c4,52,22,128,0.087107
Qwen/Qwen3-32B,c4,52,22,512,0.067837
Qwen/Qwen3-32B,c4,52,22,2048,0.003443
Qwen/Qwen3-32B,c4,52,23,128,0.097219
Qwen/Qwen3-32B,c4,52,23,512,0.078561
Qwen/Qwen3-32B,c4,52,23,2048,0.005262
Qwen/Qwen3-32B,c4,52,24,128,0.170047
Qwen/Qwen3-32B,c4,52,24,512,0.117865
Qwen/Qwen3-32B,c4,52,24,2048,0.009887
Qwen/Qwen3-32B,c4,52,25,128,0.170997
Qwen/Qwen3-32B,c4,52,25,512,0.106356
Qwen/Qwen3-32B,c4,52,25,2048,0.011277
Qwen/Qwen3-32B,c4,52,26,128,0.192821
Qwen/Qwen3-32B,c4,52,26,512,0.119830
Qwen/Qwen3-32B,c4,52,26,2048,0.014788
Qwen/Qwen3-32B,c4,52,27,128,0.258914
Qwen/Qwen3-32B,c4,52,27,512,0.138928
Qwen/Qwen3-32B,c4,52,27,2048,0.013924
Qwen/Qwen3-32B,c4,52,28,128,0.218589
Qwen/Qwen3-32B,c4,52,28,512,0.118427
Qwen/Qwen3-32B,c4,52,28,2048,0.010714
Qwen/Qwen3-32B,c4,52,29,128,0.186313
Qwen/Qwen3-32B,c4,52,29,512,0.111566
Qwen/Qwen3-32B,c4,52,29,2048,0.005481
Qwen/Qwen3-32B,c4,52,30,128,0.245145
Qwen/Qwen3-32B,c4,52,30,512,0.131305
Qwen/Qwen3-32B,c4,52,30,2048,0.019595
Qwen/Qwen3-32B,c4,52,31,128,0.399924
Qwen/Qwen3-32B,c4,52,31,512,0.201291
Qwen/Qwen3-32B,c4,52,31,2048,0.037296
Qwen/Qwen3-32B,c4,52,32,128,0.217414
Qwen/Qwen3-32B,c4,52,32,512,0.120090
Qwen/Qwen3-32B,c4,52,32,2048,0.007779
Qwen/Qwen3-32B,c4,52,33,128,0.201623
Qwen/Qwen3-32B,c4,52,33,512,0.118232
Qwen/Qwen3-32B,c4,52,33,2048,0.006695
Qwen/Qwen3-32B,c4,52,34,128,0.315823
Qwen/Qwen3-32B,c4,52,34,512,0.177748
Qwen/Qwen3-32B,c4,52,34,2048,0.029334
Qwen/Qwen3-32B,c4,52,35,128,0.207691
Qwen/Qwen3-32B,c4,52,35,512,0.108082
Qwen/Qwen3-32B,c4,52,35,2048,0.009091
Qwen/Qwen3-32B,c4,52,36,128,0.280202
Qwen/Qwen3-32B,c4,52,36,512,0.126219
Qwen/Qwen3-32B,c4,52,36,2048,0.014969
Qwen/Qwen3-32B,c4,52,37,128,0.185114
Qwen/Qwen3-32B,c4,52,37,512,0.110710
Qwen/Qwen3-32B,c4,52,37,2048,0.006108
Qwen/Qwen3-32B,c4,52,38,128,0.263318
Qwen/Qwen3-32B,c4,52,38,512,0.122258
Qwen/Qwen3-32B,c4,52,38,2048,0.018043
Qwen/Qwen3-32B,c4,52,39,128,0.212821
Qwen/Qwen3-32B,c4,52,39,512,0.133468
Qwen/Qwen3-32B,c4,52,39,2048,0.010522
Qwen/Qwen3-32B,c4,52,40,128,0.161566
Qwen/Qwen3-32B,c4,52,40,512,0.079183
Qwen/Qwen3-32B,c4,52,40,2048,0.007297
Qwen/Qwen3-32B,c4,52,41,128,0.124460
Qwen/Qwen3-32B,c4,52,41,512,0.084337
Qwen/Qwen3-32B,c4,52,41,2048,0.005137
Qwen/Qwen3-32B,c4,52,42,128,0.151063
Qwen/Qwen3-32B,c4,52,42,512,0.089955
Qwen/Qwen3-32B,c4,52,42,2048,0.006178
Qwen/Qwen3-32B,c4,52,43,128,0.159944
Qwen/Qwen3-32B,c4,52,43,512,0.073096
Qwen/Qwen3-32B,c4,52,43,2048,0.008593
Qwen/Qwen3-32B,c4,52,44,128,0.103301
Qwen/Qwen3-32B,c4,52,44,512,0.074420
Qwen/Qwen3-32B,c4,52,44,2048,0.004113
Qwen/Qwen3-32B,c4,52,45,128,0.129150
Qwen/Qwen3-32B,c4,52,45,512,0.074135
Qwen/Qwen3-32B,c4,52,45,2048,0.005883
Qwen/Qwen3-32B,c4,52,46,128,0.096395
Qwen/Qwen3-32B,c4,52,46,512,0.066258
Qwen/Qwen3-32B,c4,52,46,2048,0.004651
Qwen/Qwen3-32B,c4,52,47,128,0.137548
Qwen/Qwen3-32B,c4,52,47,512,0.069520
Qwen/Qwen3-32B,c4,52,47,2048,0.014038
Qwen/Qwen3-32B,c4,52,48,128,0.155363
Qwen/Qwen3-32B,c4,52,48,512,0.098870
Qwen/Qwen3-32B,c4,52,48,2048,0.010459
Qwen/Qwen3-32B,c4,52,49,128,0.118957
Qwen/Qwen3-32B,c4,52,49,512,0.082577
Qwen/Qwen3-32B,c4,52,49,2048,0.005013
Qwen/Qwen3-32B,c4,52,50,128,0.070226
Qwen/Qwen3-32B,c4,52,50,512,0.039900
Qwen/Qwen3-32B,c4,52,50,2048,0.001261
Qwen/Qwen3-32B,c4,52,51,128,0.132523
Qwen/Qwen3-32B,c4,52,51,512,0.083497
Qwen/Qwen3-32B,c4,52,51,2048,0.004187
Qwen/Qwen3-32B,c4,52,52,128,0.192109
Qwen/Qwen3-32B,c4,52,52,512,0.127884
Qwen/Qwen3-32B,c4,52,52,2048,0.012284
Qwen/Qwen3-32B,c4,52,53,128,0.166554
Qwen/Qwen3-32B,c4,52,53,512,0.090978
Qwen/Qwen3-32B,c4,52,53,2048,0.010780
Qwen/Qwen3-32B,c4,52,54,128,0.200278
Qwen/Qwen3-32B,c4,52,54,512,0.123265
Qwen/Qwen3-32B,c4,52,54,2048,0.014455
Qwen/Qwen3-32B,c4,52,55,128,0.041824
Qwen/Qwen3-32B,c4,52,55,512,0.034825
Qwen/Qwen3-32B,c4,52,55,2048,0.003900
Qwen/Qwen3-32B,c4,52,56,128,0.162437
Qwen/Qwen3-32B,c4,52,56,512,0.098984
Qwen/Qwen3-32B,c4,52,56,2048,0.005647
Qwen/Qwen3-32B,c4,52,57,128,0.120410
Qwen/Qwen3-32B,c4,52,57,512,0.090585
Qwen/Qwen3-32B,c4,52,57,2048,0.003508
Qwen/Qwen3-32B,c4,52,58,128,0.144926
Qwen/Qwen3-32B,c4,52,58,512,0.094637
Qwen/Qwen3-32B,c4,52,58,2048,0.004457
Qwen/Qwen3-32B,c4,52,59,128,0.214380
Qwen/Qwen3-32B,c4,52,59,512,0.098331
Qwen/Qwen3-32B,c4,52,59,2048,0.012976
Qwen/Qwen3-32B,c4,52,60,128,0.167587
Qwen/Qwen3-32B,c4,52,60,512,0.092912
Qwen/Qwen3-32B,c4,52,60,2048,0.007937
Qwen/Qwen3-32B,c4,52,61,128,0.172669
Qwen/Qwen3-32B,c4,52,61,512,0.092514
Qwen/Qwen3-32B,c4,52,61,2048,0.006980
Qwen/Qwen3-32B,c4,52,62,128,0.164085
Qwen/Qwen3-32B,c4,52,62,512,0.089787
Qwen/Qwen3-32B,c4,52,62,2048,0.006245
Qwen/Qwen3-32B,c4,52,63,128,0.216600
Qwen/Qwen3-32B,c4,52,63,512,0.109608
Qwen/Qwen3-32B,c4,52,63,2048,0.016080
Qwen/Qwen3-32B,c4,53,0,128,0.131072
Qwen/Qwen3-32B,c4,53,0,512,0.098312
Qwen/Qwen3-32B,c4,53,0,2048,0.002957
Qwen/Qwen3-32B,c4,53,1,128,0.153365
Qwen/Qwen3-32B,c4,53,1,512,0.105660
Qwen/Qwen3-32B,c4,53,1,2048,0.010436
Qwen/Qwen3-32B,c4,53,2,128,0.101714
Qwen/Qwen3-32B,c4,53,2,512,0.080311
Qwen/Qwen3-32B,c4,53,2,2048,0.002177
Qwen/Qwen3-32B,c4,53,3,128,0.161301
Qwen/Qwen3-32B,c4,53,3,512,0.098129
Qwen/Qwen3-32B,c4,53,3,2048,0.006972
Qwen/Qwen3-32B,c4,53,4,128,0.142875
Qwen/Qwen3-32B,c4,53,4,512,0.106182
Qwen/Qwen3-32B,c4,53,4,2048,0.005476
Qwen/Qwen3-32B,c4,53,5,128,0.147597
Qwen/Qwen3-32B,c4,53,5,512,0.095691
Qwen/Qwen3-32B,c4,53,5,2048,0.006072
Qwen/Qwen3-32B,c4,53,6,128,0.173453
Qwen/Qwen3-32B,c4,53,6,512,0.103588
Qwen/Qwen3-32B,c4,53,6,2048,0.007982
Qwen/Qwen3-32B,c4,53,7,128,0.128436
Qwen/Qwen3-32B,c4,53,7,512,0.100371
Qwen/Qwen3-32B,c4,53,7,2048,0.003100
Qwen/Qwen3-32B,c4,53,8,128,0.089117
Qwen/Qwen3-32B,c4,53,8,512,0.071328
Qwen/Qwen3-32B,c4,53,8,2048,0.002700
Qwen/Qwen3-32B,c4,53,9,128,0.080610
Qwen/Qwen3-32B,c4,53,9,512,0.065097
Qwen/Qwen3-32B,c4,53,9,2048,0.001621
Qwen/Qwen3-32B,c4,53,10,128,0.092205
Qwen/Qwen3-32B,c4,53,10,512,0.072822
Qwen/Qwen3-32B,c4,53,10,2048,0.002552
Qwen/Qwen3-32B,c4,53,11,128,0.083816
Qwen/Qwen3-32B,c4,53,11,512,0.067380
Qwen/Qwen3-32B,c4,53,11,2048,0.002314
Qwen/Qwen3-32B,c4,53,12,128,0.095945
Qwen/Qwen3-32B,c4,53,12,512,0.076747
Qwen/Qwen3-32B,c4,53,12,2048,0.002718
Qwen/Qwen3-32B,c4,53,13,128,0.098418
Qwen/Qwen3-32B,c4,53,13,512,0.077045
Qwen/Qwen3-32B,c4,53,13,2048,0.003018
Qwen/Qwen3-32B,c4,53,14,128,0.100003
Qwen/Qwen3-32B,c4,53,14,512,0.080219
Qwen/Qwen3-32B,c4,53,14,2048,0.003622
Qwen/Qwen3-32B,c4,53,15,128,0.097323
Qwen/Qwen3-32B,c4,53,15,512,0.077117
Qwen/Qwen3-32B,c4,53,15,2048,0.002820
Qwen/Qwen3-32B,c4,53,16,128,0.160970
Qwen/Qwen3-32B,c4,53,16,512,0.092426
Qwen/Qwen3-32B,c4,53,16,2048,0.011152
Qwen/Qwen3-32B,c4,53,17,128,0.123028
Qwen/Qwen3-32B,c4,53,17,512,0.079296
Qwen/Qwen3-32B,c4,53,17,2048,0.005686
Qwen/Qwen3-32B,c4,53,18,128,0.099620
Qwen/Qwen3-32B,c4,53,18,512,0.076753
Qwen/Qwen3-32B,c4,53,18,2048,0.003110
Qwen/Qwen3-32B,c4,53,19,128,0.153148
Qwen/Qwen3-32B,c4,53,19,512,0.082260
Qwen/Qwen3-32B,c4,53,19,2048,0.005556
Qwen/Qwen3-32B,c4,53,20,128,0.169960
Qwen/Qwen3-32B,c4,53,20,512,0.095829
Qwen/Qwen3-32B,c4,53,20,2048,0.008674
Qwen/Qwen3-32B,c4,53,21,128,0.123080
Qwen/Qwen3-32B,c4,53,21,512,0.078707
Qwen/Qwen3-32B,c4,53,21,2048,0.005920
Qwen/Qwen3-32B,c4,53,22,128,0.121035
Qwen/Qwen3-32B,c4,53,22,512,0.088368
Qwen/Qwen3-32B,c4,53,22,2048,0.005272
Qwen/Qwen3-32B,c4,53,23,128,0.122639
Qwen/Qwen3-32B,c4,53,23,512,0.079059
Qwen/Qwen3-32B,c4,53,23,2048,0.004001
Qwen/Qwen3-32B,c4,53,24,128,0.121168
Qwen/Qwen3-32B,c4,53,24,512,0.092240
Qwen/Qwen3-32B,c4,53,24,2048,0.003107
Qwen/Qwen3-32B,c4,53,25,128,0.124169
Qwen/Qwen3-32B,c4,53,25,512,0.094243
Qwen/Qwen3-32B,c4,53,25,2048,0.002681
Qwen/Qwen3-32B,c4,53,26,128,0.120877
Qwen/Qwen3-32B,c4,53,26,512,0.088481
Qwen/Qwen3-32B,c4,53,26,2048,0.003099
Qwen/Qwen3-32B,c4,53,27,128,0.165540
Qwen/Qwen3-32B,c4,53,27,512,0.083992
Qwen/Qwen3-32B,c4,53,27,2048,0.006033
Qwen/Qwen3-32B,c4,53,28,128,0.135389
Qwen/Qwen3-32B,c4,53,28,512,0.084074
Qwen/Qwen3-32B,c4,53,28,2048,0.003280
Qwen/Qwen3-32B,c4,53,29,128,0.153237
Qwen/Qwen3-32B,c4,53,29,512,0.080732
Qwen/Qwen3-32B,c4,53,29,2048,0.004578
Qwen/Qwen3-32B,c4,53,30,128,0.138761
Qwen/Qwen3-32B,c4,53,30,512,0.085262
Qwen/Qwen3-32B,c4,53,30,2048,0.002920
Qwen/Qwen3-32B,c4,53,31,128,0.098119
Qwen/Qwen3-32B,c4,53,31,512,0.039938
Qwen/Qwen3-32B,c4,53,31,2048,0.001214
Qwen/Qwen3-32B,c4,53,32,128,0.180615
Qwen/Qwen3-32B,c4,53,32,512,0.101382
Qwen/Qwen3-32B,c4,53,32,2048,0.009486
Qwen/Qwen3-32B,c4,53,33,128,0.149756
Qwen/Qwen3-32B,c4,53,33,512,0.080917
Qwen/Qwen3-32B,c4,53,33,2048,0.003939
Qwen/Qwen3-32B,c4,53,34,128,0.223221
Qwen/Qwen3-32B,c4,53,34,512,0.120409
Qwen/Qwen3-32B,c4,53,34,2048,0.017844
Qwen/Qwen3-32B,c4,53,35,128,0.232166
Qwen/Qwen3-32B,c4,53,35,512,0.110871
Qwen/Qwen3-32B,c4,53,35,2048,0.016061
Qwen/Qwen3-32B,c4,53,36,128,0.149684
Qwen/Qwen3-32B,c4,53,36,512,0.092391
Qwen/Qwen3-32B,c4,53,36,2048,0.003842
Qwen/Qwen3-32B,c4,53,37,128,0.218159
Qwen/Qwen3-32B,c4,53,37,512,0.104602
Qwen/Qwen3-32B,c4,53,37,2048,0.011435
Qwen/Qwen3-32B,c4,53,38,128,0.307756
Qwen/Qwen3-32B,c4,53,38,512,0.161693
Qwen/Qwen3-32B,c4,53,38,2048,0.028914
Qwen/Qwen3-32B,c4,53,39,128,0.040356
Qwen/Qwen3-32B,c4,53,39,512,0.032997
Qwen/Qwen3-32B,c4,53,39,2048,0.001585
Qwen/Qwen3-32B,c4,53,40,128,0.107323
Qwen/Qwen3-32B,c4,53,40,512,0.080347
Qwen/Qwen3-32B,c4,53,40,2048,0.002827
Qwen/Qwen3-32B,c4,53,41,128,0.114288
Qwen/Qwen3-32B,c4,53,41,512,0.086247
Qwen/Qwen3-32B,c4,53,41,2048,0.003378
Qwen/Qwen3-32B,c4,53,42,128,0.101451
Qwen/Qwen3-32B,c4,53,42,512,0.080949
Qwen/Qwen3-32B,c4,53,42,2048,0.002076
Qwen/Qwen3-32B,c4,53,43,128,0.106610
Qwen/Qwen3-32B,c4,53,43,512,0.082504
Qwen/Qwen3-32B,c4,53,43,2048,0.003001
Qwen/Qwen3-32B,c4,53,44,128,0.103718
Qwen/Qwen3-32B,c4,53,44,512,0.079112
Qwen/Qwen3-32B,c4,53,44,2048,0.002423
Qwen/Qwen3-32B,c4,53,45,128,0.093675
Qwen/Qwen3-32B,c4,53,45,512,0.073643
Qwen/Qwen3-32B,c4,53,45,2048,0.002363
Qwen/Qwen3-32B,c4,53,46,128,0.107055
Qwen/Qwen3-32B,c4,53,46,512,0.077850
Qwen/Qwen3-32B,c4,53,46,2048,0.002542
Qwen/Qwen3-32B,c4,53,47,128,0.100754
Qwen/Qwen3-32B,c4,53,47,512,0.078310
Qwen/Qwen3-32B,c4,53,47,2048,0.002113
Qwen/Qwen3-32B,c4,53,48,128,0.152984
Qwen/Qwen3-32B,c4,53,48,512,0.093224
Qwen/Qwen3-32B,c4,53,48,2048,0.006384
Qwen/Qwen3-32B,c4,53,49,128,0.170779
Qwen/Qwen3-32B,c4,53,49,512,0.107955
Qwen/Qwen3-32B,c4,53,49,2048,0.007618
Qwen/Qwen3-32B,c4,53,50,128,0.145739
Qwen/Qwen3-32B,c4,53,50,512,0.099659
Qwen/Qwen3-32B,c4,53,50,2048,0.004549
Qwen/Qwen3-32B,c4,53,51,128,0.163964
Qwen/Qwen3-32B,c4,53,51,512,0.094628
Qwen/Qwen3-32B,c4,53,51,2048,0.004729
Qwen/Qwen3-32B,c4,53,52,128,0.174156
Qwen/Qwen3-32B,c4,53,52,512,0.090858
Qwen/Qwen3-32B,c4,53,52,2048,0.006619
Qwen/Qwen3-32B,c4,53,53,128,0.148575
Qwen/Qwen3-32B,c4,53,53,512,0.094977
Qwen/Qwen3-32B,c4,53,53,2048,0.004280
Qwen/Qwen3-32B,c4,53,54,128,0.167039
Qwen/Qwen3-32B,c4,53,54,512,0.097726
Qwen/Qwen3-32B,c4,53,54,2048,0.009033
Qwen/Qwen3-32B,c4,53,55,128,0.175152
Qwen/Qwen3-32B,c4,53,55,512,0.102775
Qwen/Qwen3-32B,c4,53,55,2048,0.006691
Qwen/Qwen3-32B,c4,53,56,128,0.090301
Qwen/Qwen3-32B,c4,53,56,512,0.067970
Qwen/Qwen3-32B,c4,53,56,2048,0.002169
Qwen/Qwen3-32B,c4,53,57,128,0.091191
Qwen/Qwen3-32B,c4,53,57,512,0.067388
Qwen/Qwen3-32B,c4,53,57,2048,0.002361
Qwen/Qwen3-32B,c4,53,58,128,0.087681
Qwen/Qwen3-32B,c4,53,58,512,0.065362
Qwen/Qwen3-32B,c4,53,58,2048,0.002479
Qwen/Qwen3-32B,c4,53,59,128,0.096677
Qwen/Qwen3-32B,c4,53,59,512,0.067933
Qwen/Qwen3-32B,c4,53,59,2048,0.002993
Qwen/Qwen3-32B,c4,53,60,128,0.085351
Qwen/Qwen3-32B,c4,53,60,512,0.062678
Qwen/Qwen3-32B,c4,53,60,2048,0.002407
Qwen/Qwen3-32B,c4,53,61,128,0.070456
Qwen/Qwen3-32B,c4,53,61,512,0.052324
Qwen/Qwen3-32B,c4,53,61,2048,0.001739
Qwen/Qwen3-32B,c4,53,62,128,0.098024
Qwen/Qwen3-32B,c4,53,62,512,0.068678
Qwen/Qwen3-32B,c4,53,62,2048,0.002988
Qwen/Qwen3-32B,c4,53,63,128,0.124366
Qwen/Qwen3-32B,c4,53,63,512,0.082672
Qwen/Qwen3-32B,c4,53,63,2048,0.003885
Qwen/Qwen3-32B,c4,54,0,128,0.149431
Qwen/Qwen3-32B,c4,54,0,512,0.101283
Qwen/Qwen3-32B,c4,54,0,2048,0.007196
Qwen/Qwen3-32B,c4,54,1,128,0.079087
Qwen/Qwen3-32B,c4,54,1,512,0.066470
Qwen/Qwen3-32B,c4,54,1,2048,0.000874
Qwen/Qwen3-32B,c4,54,2,128,0.091990
Qwen/Qwen3-32B,c4,54,2,512,0.075217
Qwen/Qwen3-32B,c4,54,2,2048,0.001086
Qwen/Qwen3-32B,c4,54,3,128,0.093361
Qwen/Qwen3-32B,c4,54,3,512,0.073941
Qwen/Qwen3-32B,c4,54,3,2048,0.001403
Qwen/Qwen3-32B,c4,54,4,128,0.091972
Qwen/Qwen3-32B,c4,54,4,512,0.073713
Qwen/Qwen3-32B,c4,54,4,2048,0.001078
Qwen/Qwen3-32B,c4,54,5,128,0.105317
Qwen/Qwen3-32B,c4,54,5,512,0.076078
Qwen/Qwen3-32B,c4,54,5,2048,0.001565
Qwen/Qwen3-32B,c4,54,6,128,0.100521
Qwen/Qwen3-32B,c4,54,6,512,0.079212
Qwen/Qwen3-32B,c4,54,6,2048,0.001378
Qwen/Qwen3-32B,c4,54,7,128,0.101810
Qwen/Qwen3-32B,c4,54,7,512,0.072836
Qwen/Qwen3-32B,c4,54,7,2048,0.002560
Qwen/Qwen3-32B,c4,54,8,128,0.096423
Qwen/Qwen3-32B,c4,54,8,512,0.076996
Qwen/Qwen3-32B,c4,54,8,2048,0.001315
Qwen/Qwen3-32B,c4,54,9,128,0.115484
Qwen/Qwen3-32B,c4,54,9,512,0.085073
Qwen/Qwen3-32B,c4,54,9,2048,0.002934
Qwen/Qwen3-32B,c4,54,10,128,0.116588
Qwen/Qwen3-32B,c4,54,10,512,0.084181
Qwen/Qwen3-32B,c4,54,10,2048,0.003037
Qwen/Qwen3-32B,c4,54,11,128,0.161320
Qwen/Qwen3-32B,c4,54,11,512,0.076046
Qwen/Qwen3-32B,c4,54,11,2048,0.003980
Qwen/Qwen3-32B,c4,54,12,128,0.142901
Qwen/Qwen3-32B,c4,54,12,512,0.087285
Qwen/Qwen3-32B,c4,54,12,2048,0.004109
Qwen/Qwen3-32B,c4,54,13,128,0.130866
Qwen/Qwen3-32B,c4,54,13,512,0.093676
Qwen/Qwen3-32B,c4,54,13,2048,0.002929
Qwen/Qwen3-32B,c4,54,14,128,0.136862
Qwen/Qwen3-32B,c4,54,14,512,0.082482
Qwen/Qwen3-32B,c4,54,14,2048,0.002405
Qwen/Qwen3-32B,c4,54,15,128,0.154364
Qwen/Qwen3-32B,c4,54,15,512,0.096470
Qwen/Qwen3-32B,c4,54,15,2048,0.003121
Qwen/Qwen3-32B,c4,54,16,128,0.093596
Qwen/Qwen3-32B,c4,54,16,512,0.072145
Qwen/Qwen3-32B,c4,54,16,2048,0.002129
Qwen/Qwen3-32B,c4,54,17,128,0.164153
Qwen/Qwen3-32B,c4,54,17,512,0.100188
Qwen/Qwen3-32B,c4,54,17,2048,0.009764
Qwen/Qwen3-32B,c4,54,18,128,0.142127
Qwen/Qwen3-32B,c4,54,18,512,0.105552
Qwen/Qwen3-32B,c4,54,18,2048,0.009026
Qwen/Qwen3-32B,c4,54,19,128,0.158806
Qwen/Qwen3-32B,c4,54,19,512,0.098076
Qwen/Qwen3-32B,c4,54,19,2048,0.010165
Qwen/Qwen3-32B,c4,54,20,128,0.204606
Qwen/Qwen3-32B,c4,54,20,512,0.113263
Qwen/Qwen3-32B,c4,54,20,2048,0.018271
Qwen/Qwen3-32B,c4,54,21,128,0.153526
Qwen/Qwen3-32B,c4,54,21,512,0.098080
Qwen/Qwen3-32B,c4,54,21,2048,0.008394
Qwen/Qwen3-32B,c4,54,22,128,0.196667
Qwen/Qwen3-32B,c4,54,22,512,0.104571
Qwen/Qwen3-32B,c4,54,22,2048,0.006523
Qwen/Qwen3-32B,c4,54,23,128,0.130854
Qwen/Qwen3-32B,c4,54,23,512,0.088390
Qwen/Qwen3-32B,c4,54,23,2048,0.004908
Qwen/Qwen3-32B,c4,54,24,128,0.134422
Qwen/Qwen3-32B,c4,54,24,512,0.098641
Qwen/Qwen3-32B,c4,54,24,2048,0.003126
Qwen/Qwen3-32B,c4,54,25,128,0.124309
Qwen/Qwen3-32B,c4,54,25,512,0.076358
Qwen/Qwen3-32B,c4,54,25,2048,0.002452
Qwen/Qwen3-32B,c4,54,26,128,0.101512
Qwen/Qwen3-32B,c4,54,26,512,0.082109
Qwen/Qwen3-32B,c4,54,26,2048,0.001230
Qwen/Qwen3-32B,c4,54,27,128,0.081436
Qwen/Qwen3-32B,c4,54,27,512,0.060694
Qwen/Qwen3-32B,c4,54,27,2048,0.000876
Qwen/Qwen3-32B,c4,54,28,128,0.092292
Qwen/Qwen3-32B,c4,54,28,512,0.068015
Qwen/Qwen3-32B,c4,54,28,2048,0.001260
Qwen/Qwen3-32B,c4,54,29,128,0.089481
Qwen/Qwen3-32B,c4,54,29,512,0.065749
Qwen/Qwen3-32B,c4,54,29,2048,0.000871
Qwen/Qwen3-32B,c4,54,30,128,0.111250
Qwen/Qwen3-32B,c4,54,30,512,0.078997
Qwen/Qwen3-32B,c4,54,30,2048,0.001927
Qwen/Qwen3-32B,c4,54,31,128,0.094279
Qwen/Qwen3-32B,c4,54,31,512,0.052385
Qwen/Qwen3-32B,c4,54,31,2048,0.001199
Qwen/Qwen3-32B,c4,54,32,128,0.090661
Qwen/Qwen3-32B,c4,54,32,512,0.072925
Qwen/Qwen3-32B,c4,54,32,2048,0.001180
Qwen/Qwen3-32B,c4,54,33,128,0.087814
Qwen/Qwen3-32B,c4,54,33,512,0.072491
Qwen/Qwen3-32B,c4,54,33,2048,0.001361
Qwen/Qwen3-32B,c4,54,34,128,0.087675
Qwen/Qwen3-32B,c4,54,34,512,0.073210
Qwen/Qwen3-32B,c4,54,34,2048,0.001157
Qwen/Qwen3-32B,c4,54,35,128,0.088800
Qwen/Qwen3-32B,c4,54,35,512,0.068397
Qwen/Qwen3-32B,c4,54,35,2048,0.001038
Qwen/Qwen3-32B,c4,54,36,128,0.091289
Qwen/Qwen3-32B,c4,54,36,512,0.073727
Qwen/Qwen3-32B,c4,54,36,2048,0.001048
Qwen/Qwen3-32B,c4,54,37,128,0.088096
Qwen/Qwen3-32B,c4,54,37,512,0.070484
Qwen/Qwen3-32B,c4,54,37,2048,0.001350
Qwen/Qwen3-32B,c4,54,38,128,0.084842
Qwen/Qwen3-32B,c4,54,38,512,0.067557
Qwen/Qwen3-32B,c4,54,38,2048,0.000986
Qwen/Qwen3-32B,c4,54,39,128,0.091280
Qwen/Qwen3-32B,c4,54,39,512,0.073377
Qwen/Qwen3-32B,c4,54,39,2048,0.001288
Qwen/Qwen3-32B,c4,54,40,128,0.154175
Qwen/Qwen3-32B,c4,54,40,512,0.089674
Qwen/Qwen3-32B,c4,54,40,2048,0.009531
Qwen/Qwen3-32B,c4,54,41,128,0.204580
Qwen/Qwen3-32B,c4,54,41,512,0.114740
Qwen/Qwen3-32B,c4,54,41,2048,0.014675
Qwen/Qwen3-32B,c4,54,42,128,0.092669
Qwen/Qwen3-32B,c4,54,42,512,0.076191
Qwen/Qwen3-32B,c4,54,42,2048,0.001728
Qwen/Qwen3-32B,c4,54,43,128,0.167719
Qwen/Qwen3-32B,c4,54,43,512,0.095830
Qwen/Qwen3-32B,c4,54,43,2048,0.009001
Qwen/Qwen3-32B,c4,54,44,128,0.135540
Qwen/Qwen3-32B,c4,54,44,512,0.095094
Qwen/Qwen3-32B,c4,54,44,2048,0.006567
Qwen/Qwen3-32B,c4,54,45,128,0.141385
Qwen/Qwen3-32B,c4,54,45,512,0.085809
Qwen/Qwen3-32B,c4,54,45,2048,0.004955
Qwen/Qwen3-32B,c4,54,46,128,0.158746
Qwen/Qwen3-32B,c4,54,46,512,0.098947
Qwen/Qwen3-32B,c4,54,46,2048,0.007961
Qwen/Qwen3-32B,c4,54,47,128,0.174220
Qwen/Qwen3-32B,c4,54,47,512,0.099697
Qwen/Qwen3-32B,c4,54,47,2048,0.008303
Qwen/Qwen3-32B,c4,54,48,128,0.081867
Qwen/Qwen3-32B,c4,54,48,512,0.067484
Qwen/Qwen3-32B,c4,54,48,2048,0.001003
Qwen/Qwen3-32B,c4,54,49,128,0.079923
Qwen/Qwen3-32B,c4,54,49,512,0.062213
Qwen/Qwen3-32B,c4,54,49,2048,0.001159
Qwen/Qwen3-32B,c4,54,50,128,0.075536
Qwen/Qwen3-32B,c4,54,50,512,0.061077
Qwen/Qwen3-32B,c4,54,50,2048,0.001102
Qwen/Qwen3-32B,c4,54,51,128,0.114727
Qwen/Qwen3-32B,c4,54,51,512,0.077391
Qwen/Qwen3-32B,c4,54,51,2048,0.003672
Qwen/Qwen3-32B,c4,54,52,128,0.084040
Qwen/Qwen3-32B,c4,54,52,512,0.061442
Qwen/Qwen3-32B,c4,54,52,2048,0.001079
Qwen/Qwen3-32B,c4,54,53,128,0.083323
Qwen/Qwen3-32B,c4,54,53,512,0.066472
Qwen/Qwen3-32B,c4,54,53,2048,0.001062
Qwen/Qwen3-32B,c4,54,54,128,0.082324
Qwen/Qwen3-32B,c4,54,54,512,0.065917
Qwen/Qwen3-32B,c4,54,54,2048,0.001007
Qwen/Qwen3-32B,c4,54,55,128,0.080446
Qwen/Qwen3-32B,c4,54,55,512,0.063296
Qwen/Qwen3-32B,c4,54,55,2048,0.001108
Qwen/Qwen3-32B,c4,54,56,128,0.114370
Qwen/Qwen3-32B,c4,54,56,512,0.081521
Qwen/Qwen3-32B,c4,54,56,2048,0.002834
Qwen/Qwen3-32B,c4,54,57,128,0.272911
Qwen/Qwen3-32B,c4,54,57,512,0.149781
Qwen/Qwen3-32B,c4,54,57,2048,0.021806
Qwen/Qwen3-32B,c4,54,58,128,0.116379
Qwen/Qwen3-32B,c4,54,58,512,0.083445
Qwen/Qwen3-32B,c4,54,58,2048,0.002426
Qwen/Qwen3-32B,c4,54,59,128,0.082894
Qwen/Qwen3-32B,c4,54,59,512,0.037554
Qwen/Qwen3-32B,c4,54,59,2048,0.001859
Qwen/Qwen3-32B,c4,54,60,128,0.113498
Qwen/Qwen3-32B,c4,54,60,512,0.069224
Qwen/Qwen3-32B,c4,54,60,2048,0.004584
Qwen/Qwen3-32B,c4,54,61,128,0.098831
Qwen/Qwen3-32B,c4,54,61,512,0.078419
Qwen/Qwen3-32B,c4,54,61,2048,0.002232
Qwen/Qwen3-32B,c4,54,62,128,0.207702
Qwen/Qwen3-32B,c4,54,62,512,0.086198
Qwen/Qwen3-32B,c4,54,62,2048,0.004531
Qwen/Qwen3-32B,c4,54,63,128,0.095041
Qwen/Qwen3-32B,c4,54,63,512,0.070888
Qwen/Qwen3-32B,c4,54,63,2048,0.001468
Qwen/Qwen3-32B,c4,55,0,128,0.105688
Qwen/Qwen3-32B,c4,55,0,512,0.084323
Qwen/Qwen3-32B,c4,55,0,2048,0.002369
Qwen/Qwen3-32B,c4,55,1,128,0.112417
Qwen/Qwen3-32B,c4,55,1,512,0.082261
Qwen/Qwen3-32B,c4,55,1,2048,0.003206
Qwen/Qwen3-32B,c4,55,2,128,0.116230
Qwen/Qwen3-32B,c4,55,2,512,0.089924
Qwen/Qwen3-32B,c4,55,2,2048,0.003119
Qwen/Qwen3-32B,c4,55,3,128,0.130088
Qwen/Qwen3-32B,c4,55,3,512,0.083195
Qwen/Qwen3-32B,c4,55,3,2048,0.006294
Qwen/Qwen3-32B,c4,55,4,128,0.148914
Qwen/Qwen3-32B,c4,55,4,512,0.073052
Qwen/Qwen3-32B,c4,55,4,2048,0.012413
Qwen/Qwen3-32B,c4,55,5,128,0.148087
Qwen/Qwen3-32B,c4,55,5,512,0.097498
Qwen/Qwen3-32B,c4,55,5,2048,0.007909
Qwen/Qwen3-32B,c4,55,6,128,0.174172
Qwen/Qwen3-32B,c4,55,6,512,0.093902
Qwen/Qwen3-32B,c4,55,6,2048,0.010176
Qwen/Qwen3-32B,c4,55,7,128,0.160992
Qwen/Qwen3-32B,c4,55,7,512,0.093056
Qwen/Qwen3-32B,c4,55,7,2048,0.015508
Qwen/Qwen3-32B,c4,55,8,128,0.195625
Qwen/Qwen3-32B,c4,55,8,512,0.111983
Qwen/Qwen3-32B,c4,55,8,2048,0.015229
Qwen/Qwen3-32B,c4,55,9,128,0.270348
Qwen/Qwen3-32B,c4,55,9,512,0.141770
Qwen/Qwen3-32B,c4,55,9,2048,0.021665
Qwen/Qwen3-32B,c4,55,10,128,0.145881
Qwen/Qwen3-32B,c4,55,10,512,0.093486
Qwen/Qwen3-32B,c4,55,10,2048,0.006984
Qwen/Qwen3-32B,c4,55,11,128,0.129386
Qwen/Qwen3-32B,c4,55,11,512,0.083789
Qwen/Qwen3-32B,c4,55,11,2048,0.008603
Qwen/Qwen3-32B,c4,55,12,128,0.140521
Qwen/Qwen3-32B,c4,55,12,512,0.088860
Qwen/Qwen3-32B,c4,55,12,2048,0.010002
Qwen/Qwen3-32B,c4,55,13,128,0.229873
Qwen/Qwen3-32B,c4,55,13,512,0.115451
Qwen/Qwen3-32B,c4,55,13,2048,0.014275
Qwen/Qwen3-32B,c4,55,14,128,0.208955
Qwen/Qwen3-32B,c4,55,14,512,0.119871
Qwen/Qwen3-32B,c4,55,14,2048,0.017685
Qwen/Qwen3-32B,c4,55,15,128,0.203631
Qwen/Qwen3-32B,c4,55,15,512,0.101413
Qwen/Qwen3-32B,c4,55,15,2048,0.017766
Qwen/Qwen3-32B,c4,55,16,128,0.116580
Qwen/Qwen3-32B,c4,55,16,512,0.092349
Qwen/Qwen3-32B,c4,55,16,2048,0.009312
Qwen/Qwen3-32B,c4,55,17,128,0.106723
Qwen/Qwen3-32B,c4,55,17,512,0.083193
Qwen/Qwen3-32B,c4,55,17,2048,0.005533
Qwen/Qwen3-32B,c4,55,18,128,0.158671
Qwen/Qwen3-32B,c4,55,18,512,0.095876
Qwen/Qwen3-32B,c4,55,18,2048,0.009020
Qwen/Qwen3-32B,c4,55,19,128,0.129998
Qwen/Qwen3-32B,c4,55,19,512,0.089065
Qwen/Qwen3-32B,c4,55,19,2048,0.010940
Qwen/Qwen3-32B,c4,55,20,128,0.134366
Qwen/Qwen3-32B,c4,55,20,512,0.084593
Qwen/Qwen3-32B,c4,55,20,2048,0.006068
Qwen/Qwen3-32B,c4,55,21,128,0.185018
Qwen/Qwen3-32B,c4,55,21,512,0.102430
Qwen/Qwen3-32B,c4,55,21,2048,0.012111
Qwen/Qwen3-32B,c4,55,22,128,0.210185
Qwen/Qwen3-32B,c4,55,22,512,0.109019
Qwen/Qwen3-32B,c4,55,22,2048,0.011957
Qwen/Qwen3-32B,c4,55,23,128,0.130319
Qwen/Qwen3-32B,c4,55,23,512,0.088385
Qwen/Qwen3-32B,c4,55,23,2048,0.006364
Qwen/Qwen3-32B,c4,55,24,128,0.124840
Qwen/Qwen3-32B,c4,55,24,512,0.089719
Qwen/Qwen3-32B,c4,55,24,2048,0.008948
Qwen/Qwen3-32B,c4,55,25,128,0.131144
Qwen/Qwen3-32B,c4,55,25,512,0.094553
Qwen/Qwen3-32B,c4,55,25,2048,0.007310
Qwen/Qwen3-32B,c4,55,26,128,0.129873
Qwen/Qwen3-32B,c4,55,26,512,0.091370
Qwen/Qwen3-32B,c4,55,26,2048,0.008240
Qwen/Qwen3-32B,c4,55,27,128,0.146399
Qwen/Qwen3-32B,c4,55,27,512,0.082347
Qwen/Qwen3-32B,c4,55,27,2048,0.012684
Qwen/Qwen3-32B,c4,55,28,128,0.161235
Qwen/Qwen3-32B,c4,55,28,512,0.093450
Qwen/Qwen3-32B,c4,55,28,2048,0.015006
Qwen/Qwen3-32B,c4,55,29,128,0.120276
Qwen/Qwen3-32B,c4,55,29,512,0.085317
Qwen/Qwen3-32B,c4,55,29,2048,0.013040
Qwen/Qwen3-32B,c4,55,30,128,0.148806
Qwen/Qwen3-32B,c4,55,30,512,0.086641
Qwen/Qwen3-32B,c4,55,30,2048,0.013647
Qwen/Qwen3-32B,c4,55,31,128,0.148769
Qwen/Qwen3-32B,c4,55,31,512,0.080856
Qwen/Qwen3-32B,c4,55,31,2048,0.013405
Qwen/Qwen3-32B,c4,55,32,128,0.237941
Qwen/Qwen3-32B,c4,55,32,512,0.145815
Qwen/Qwen3-32B,c4,55,32,2048,0.029362
Qwen/Qwen3-32B,c4,55,33,128,0.105150
Qwen/Qwen3-32B,c4,55,33,512,0.079871
Qwen/Qwen3-32B,c4,55,33,2048,0.002840
Qwen/Qwen3-32B,c4,55,34,128,0.220068
Qwen/Qwen3-32B,c4,55,34,512,0.114026
Qwen/Qwen3-32B,c4,55,34,2048,0.012877
Qwen/Qwen3-32B,c4,55,35,128,0.239002
Qwen/Qwen3-32B,c4,55,35,512,0.130658
Qwen/Qwen3-32B,c4,55,35,2048,0.024368
Qwen/Qwen3-32B,c4,55,36,128,0.174328
Qwen/Qwen3-32B,c4,55,36,512,0.093808
Qwen/Qwen3-32B,c4,55,36,2048,0.008770
Qwen/Qwen3-32B,c4,55,37,128,0.223543
Qwen/Qwen3-32B,c4,55,37,512,0.106986
Qwen/Qwen3-32B,c4,55,37,2048,0.013808
Qwen/Qwen3-32B,c4,55,38,128,0.257176
Qwen/Qwen3-32B,c4,55,38,512,0.120591
Qwen/Qwen3-32B,c4,55,38,2048,0.017140
Qwen/Qwen3-32B,c4,55,39,128,0.168111
Qwen/Qwen3-32B,c4,55,39,512,0.098950
Qwen/Qwen3-32B,c4,55,39,2048,0.003705
Qwen/Qwen3-32B,c4,55,40,128,0.099735
Qwen/Qwen3-32B,c4,55,40,512,0.081675
Qwen/Qwen3-32B,c4,55,40,2048,0.006344
Qwen/Qwen3-32B,c4,55,41,128,0.140259
Qwen/Qwen3-32B,c4,55,41,512,0.098697
Qwen/Qwen3-32B,c4,55,41,2048,0.012722
Qwen/Qwen3-32B,c4,55,42,128,0.099494
Qwen/Qwen3-32B,c4,55,42,512,0.078467
Qwen/Qwen3-32B,c4,55,42,2048,0.005352
Qwen/Qwen3-32B,c4,55,43,128,0.106326
Qwen/Qwen3-32B,c4,55,43,512,0.082886
Qwen/Qwen3-32B,c4,55,43,2048,0.008376
Qwen/Qwen3-32B,c4,55,44,128,0.142750
Qwen/Qwen3-32B,c4,55,44,512,0.088394
Qwen/Qwen3-32B,c4,55,44,2048,0.011211
Qwen/Qwen3-32B,c4,55,45,128,0.105158
Qwen/Qwen3-32B,c4,55,45,512,0.082006
Qwen/Qwen3-32B,c4,55,45,2048,0.007191
Qwen/Qwen3-32B,c4,55,46,128,0.106620
Qwen/Qwen3-32B,c4,55,46,512,0.076278
Qwen/Qwen3-32B,c4,55,46,2048,0.008685
Qwen/Qwen3-32B,c4,55,47,128,0.108951
Qwen/Qwen3-32B,c4,55,47,512,0.083367
Qwen/Qwen3-32B,c4,55,47,2048,0.009426
Qwen/Qwen3-32B,c4,55,48,128,0.141520
Qwen/Qwen3-32B,c4,55,48,512,0.098655
Qwen/Qwen3-32B,c4,55,48,2048,0.013352
Qwen/Qwen3-32B,c4,55,49,128,0.081961
Qwen/Qwen3-32B,c4,55,49,512,0.063094
Qwen/Qwen3-32B,c4,55,49,2048,0.005561
Qwen/Qwen3-32B,c4,55,50,128,0.174297
Qwen/Qwen3-32B,c4,55,50,512,0.091294
Qwen/Qwen3-32B,c4,55,50,2048,0.011640
Qwen/Qwen3-32B,c4,55,51,128,0.117138
Qwen/Qwen3-32B,c4,55,51,512,0.070588
Qwen/Qwen3-32B,c4,55,51,2048,0.012800
Qwen/Qwen3-32B,c4,55,52,128,0.054134
Qwen/Qwen3-32B,c4,55,52,512,0.039052
Qwen/Qwen3-32B,c4,55,52,2048,0.007255
Qwen/Qwen3-32B,c4,55,53,128,0.097410
Qwen/Qwen3-32B,c4,55,53,512,0.038022
Qwen/Qwen3-32B,c4,55,53,2048,0.009028
Qwen/Qwen3-32B,c4,55,54,128,0.082853
Qwen/Qwen3-32B,c4,55,54,512,0.058195
Qwen/Qwen3-32B,c4,55,54,2048,0.008824
Qwen/Qwen3-32B,c4,55,55,128,0.093958
Qwen/Qwen3-32B,c4,55,55,512,0.053538
Qwen/Qwen3-32B,c4,55,55,2048,0.007764
Qwen/Qwen3-32B,c4,55,56,128,0.107377
Qwen/Qwen3-32B,c4,55,56,512,0.079972
Qwen/Qwen3-32B,c4,55,56,2048,0.006586
Qwen/Qwen3-32B,c4,55,57,128,0.114742
Qwen/Qwen3-32B,c4,55,57,512,0.088151
Qwen/Qwen3-32B,c4,55,57,2048,0.008740
Qwen/Qwen3-32B,c4,55,58,128,0.141241
Qwen/Qwen3-32B,c4,55,58,512,0.081994
Qwen/Qwen3-32B,c4,55,58,2048,0.014530
Qwen/Qwen3-32B,c4,55,59,128,0.101259
Qwen/Qwen3-32B,c4,55,59,512,0.066248
Qwen/Qwen3-32B,c4,55,59,2048,0.010749
Qwen/Qwen3-32B,c4,55,60,128,0.101675
Qwen/Qwen3-32B,c4,55,60,512,0.058697
Qwen/Qwen3-32B,c4,55,60,2048,0.011852
Qwen/Qwen3-32B,c4,55,61,128,0.104075
Qwen/Qwen3-32B,c4,55,61,512,0.060176
Qwen/Qwen3-32B,c4,55,61,2048,0.016434
Qwen/Qwen3-32B,c4,55,62,128,0.100142
Qwen/Qwen3-32B,c4,55,62,512,0.072515
Qwen/Qwen3-32B,c4,55,62,2048,0.005618
Qwen/Qwen3-32B,c4,55,63,128,0.144427
Qwen/Qwen3-32B,c4,55,63,512,0.071383
Qwen/Qwen3-32B,c4,55,63,2048,0.014749
Qwen/Qwen3-32B,c4,56,0,128,0.106714
Qwen/Qwen3-32B,c4,56,0,512,0.078480
Qwen/Qwen3-32B,c4,56,0,2048,0.002795
Qwen/Qwen3-32B,c4,56,1,128,0.098293
Qwen/Qwen3-32B,c4,56,1,512,0.078335
Qwen/Qwen3-32B,c4,56,1,2048,0.001914
Qwen/Qwen3-32B,c4,56,2,128,0.086412
Qwen/Qwen3-32B,c4,56,2,512,0.072940
Qwen/Qwen3-32B,c4,56,2,2048,0.001143
Qwen/Qwen3-32B,c4,56,3,128,0.141951
Qwen/Qwen3-32B,c4,56,3,512,0.074486
Qwen/Qwen3-32B,c4,56,3,2048,0.007647
Qwen/Qwen3-32B,c4,56,4,128,0.125765
Qwen/Qwen3-32B,c4,56,4,512,0.085955
Qwen/Qwen3-32B,c4,56,4,2048,0.003773
Qwen/Qwen3-32B,c4,56,5,128,0.108461
Qwen/Qwen3-32B,c4,56,5,512,0.077797
Qwen/Qwen3-32B,c4,56,5,2048,0.003041
Qwen/Qwen3-32B,c4,56,6,128,0.122936
Qwen/Qwen3-32B,c4,56,6,512,0.083329
Qwen/Qwen3-32B,c4,56,6,2048,0.004838
Qwen/Qwen3-32B,c4,56,7,128,0.167668
Qwen/Qwen3-32B,c4,56,7,512,0.076637
Qwen/Qwen3-32B,c4,56,7,2048,0.007517
Qwen/Qwen3-32B,c4,56,8,128,0.104188
Qwen/Qwen3-32B,c4,56,8,512,0.084961
Qwen/Qwen3-32B,c4,56,8,2048,0.002268
Qwen/Qwen3-32B,c4,56,9,128,0.089101
Qwen/Qwen3-32B,c4,56,9,512,0.076267
Qwen/Qwen3-32B,c4,56,9,2048,0.001397
Qwen/Qwen3-32B,c4,56,10,128,0.091722
Qwen/Qwen3-32B,c4,56,10,512,0.071274
Qwen/Qwen3-32B,c4,56,10,2048,0.002228
Qwen/Qwen3-32B,c4,56,11,128,0.112406
Qwen/Qwen3-32B,c4,56,11,512,0.082189
Qwen/Qwen3-32B,c4,56,11,2048,0.004313
Qwen/Qwen3-32B,c4,56,12,128,0.113834
Qwen/Qwen3-32B,c4,56,12,512,0.077604
Qwen/Qwen3-32B,c4,56,12,2048,0.005311
Qwen/Qwen3-32B,c4,56,13,128,0.140191
Qwen/Qwen3-32B,c4,56,13,512,0.073377
Qwen/Qwen3-32B,c4,56,13,2048,0.007271
Qwen/Qwen3-32B,c4,56,14,128,0.111506
Qwen/Qwen3-32B,c4,56,14,512,0.082746
Qwen/Qwen3-32B,c4,56,14,2048,0.007165
Qwen/Qwen3-32B,c4,56,15,128,0.142024
Qwen/Qwen3-32B,c4,56,15,512,0.081674
Qwen/Qwen3-32B,c4,56,15,2048,0.007742
Qwen/Qwen3-32B,c4,56,16,128,0.199372
Qwen/Qwen3-32B,c4,56,16,512,0.106250
Qwen/Qwen3-32B,c4,56,16,2048,0.019560
Qwen/Qwen3-32B,c4,56,17,128,0.089060
Qwen/Qwen3-32B,c4,56,17,512,0.072768
Qwen/Qwen3-32B,c4,56,17,2048,0.001825
Qwen/Qwen3-32B,c4,56,18,128,0.198158
Qwen/Qwen3-32B,c4,56,18,512,0.091753
Qwen/Qwen3-32B,c4,56,18,2048,0.011408
Qwen/Qwen3-32B,c4,56,19,128,0.126443
Qwen/Qwen3-32B,c4,56,19,512,0.082748
Qwen/Qwen3-32B,c4,56,19,2048,0.003703
Qwen/Qwen3-32B,c4,56,20,128,0.114888
Qwen/Qwen3-32B,c4,56,20,512,0.077633
Qwen/Qwen3-32B,c4,56,20,2048,0.004284
Qwen/Qwen3-32B,c4,56,21,128,0.119415
Qwen/Qwen3-32B,c4,56,21,512,0.089717
Qwen/Qwen3-32B,c4,56,21,2048,0.004823
Qwen/Qwen3-32B,c4,56,22,128,0.168892
Qwen/Qwen3-32B,c4,56,22,512,0.088583
Qwen/Qwen3-32B,c4,56,22,2048,0.010472
Qwen/Qwen3-32B,c4,56,23,128,0.112240
Qwen/Qwen3-32B,c4,56,23,512,0.075467
Qwen/Qwen3-32B,c4,56,23,2048,0.002397
Qwen/Qwen3-32B,c4,56,24,128,0.100092
Qwen/Qwen3-32B,c4,56,24,512,0.080563
Qwen/Qwen3-32B,c4,56,24,2048,0.004862
Qwen/Qwen3-32B,c4,56,25,128,0.136330
Qwen/Qwen3-32B,c4,56,25,512,0.093322
Qwen/Qwen3-32B,c4,56,25,2048,0.008072
Qwen/Qwen3-32B,c4,56,26,128,0.159858
Qwen/Qwen3-32B,c4,56,26,512,0.104300
Qwen/Qwen3-32B,c4,56,26,2048,0.015340
Qwen/Qwen3-32B,c4,56,27,128,0.108656
Qwen/Qwen3-32B,c4,56,27,512,0.084335
Qwen/Qwen3-32B,c4,56,27,2048,0.004585
Qwen/Qwen3-32B,c4,56,28,128,0.138476
Qwen/Qwen3-32B,c4,56,28,512,0.089418
Qwen/Qwen3-32B,c4,56,28,2048,0.010201
Qwen/Qwen3-32B,c4,56,29,128,0.107503
Qwen/Qwen3-32B,c4,56,29,512,0.073764
Qwen/Qwen3-32B,c4,56,29,2048,0.008221
Qwen/Qwen3-32B,c4,56,30,128,0.124655
Qwen/Qwen3-32B,c4,56,30,512,0.082449
Qwen/Qwen3-32B,c4,56,30,2048,0.008751
Qwen/Qwen3-32B,c4,56,31,128,0.088268
Qwen/Qwen3-32B,c4,56,31,512,0.065812
Qwen/Qwen3-32B,c4,56,31,2048,0.003066
Qwen/Qwen3-32B,c4,56,32,128,0.098129
Qwen/Qwen3-32B,c4,56,32,512,0.071595
Qwen/Qwen3-32B,c4,56,32,2048,0.004754
Qwen/Qwen3-32B,c4,56,33,128,0.099205
Qwen/Qwen3-32B,c4,56,33,512,0.071207
Qwen/Qwen3-32B,c4,56,33,2048,0.002295
Qwen/Qwen3-32B,c4,56,34,128,0.177357
Qwen/Qwen3-32B,c4,56,34,512,0.122898
Qwen/Qwen3-32B,c4,56,34,2048,0.018918
Qwen/Qwen3-32B,c4,56,35,128,0.088782
Qwen/Qwen3-32B,c4,56,35,512,0.055556
Qwen/Qwen3-32B,c4,56,35,2048,0.003184
Qwen/Qwen3-32B,c4,56,36,128,0.090229
Qwen/Qwen3-32B,c4,56,36,512,0.058715
Qwen/Qwen3-32B,c4,56,36,2048,0.002282
Qwen/Qwen3-32B,c4,56,37,128,0.104781
Qwen/Qwen3-32B,c4,56,37,512,0.073050
Qwen/Qwen3-32B,c4,56,37,2048,0.004023
Qwen/Qwen3-32B,c4,56,38,128,0.088637
Qwen/Qwen3-32B,c4,56,38,512,0.061239
Qwen/Qwen3-32B,c4,56,38,2048,0.002819
Qwen/Qwen3-32B,c4,56,39,128,0.096071
Qwen/Qwen3-32B,c4,56,39,512,0.070828
Qwen/Qwen3-32B,c4,56,39,2048,0.002351
Qwen/Qwen3-32B,c4,56,40,128,0.116008
Qwen/Qwen3-32B,c4,56,40,512,0.086721
Qwen/Qwen3-32B,c4,56,40,2048,0.004116
Qwen/Qwen3-32B,c4,56,41,128,0.110678
Qwen/Qwen3-32B,c4,56,41,512,0.088132
Qwen/Qwen3-32B,c4,56,41,2048,0.005664
Qwen/Qwen3-32B,c4,56,42,128,0.121438
Qwen/Qwen3-32B,c4,56,42,512,0.087203
Qwen/Qwen3-32B,c4,56,42,2048,0.005659
Qwen/Qwen3-32B,c4,56,43,128,0.149626
Qwen/Qwen3-32B,c4,56,43,512,0.092694
Qwen/Qwen3-32B,c4,56,43,2048,0.007427
Qwen/Qwen3-32B,c4,56,44,128,0.121813
Qwen/Qwen3-32B,c4,56,44,512,0.090751
Qwen/Qwen3-32B,c4,56,44,2048,0.005243
Qwen/Qwen3-32B,c4,56,45,128,0.140449
Qwen/Qwen3-32B,c4,56,45,512,0.086883
Qwen/Qwen3-32B,c4,56,45,2048,0.009562
Qwen/Qwen3-32B,c4,56,46,128,0.140962
Qwen/Qwen3-32B,c4,56,46,512,0.092513
Qwen/Qwen3-32B,c4,56,46,2048,0.008138
Qwen/Qwen3-32B,c4,56,47,128,0.153957
Qwen/Qwen3-32B,c4,56,47,512,0.101694
Qwen/Qwen3-32B,c4,56,47,2048,0.010087
Qwen/Qwen3-32B,c4,56,48,128,0.093923
Qwen/Qwen3-32B,c4,56,48,512,0.070496
Qwen/Qwen3-32B,c4,56,48,2048,0.001806
Qwen/Qwen3-32B,c4,56,49,128,0.088924
Qwen/Qwen3-32B,c4,56,49,512,0.068512
Qwen/Qwen3-32B,c4,56,49,2048,0.001857
Qwen/Qwen3-32B,c4,56,50,128,0.095327
Qwen/Qwen3-32B,c4,56,50,512,0.073562
Qwen/Qwen3-32B,c4,56,50,2048,0.002671
Qwen/Qwen3-32B,c4,56,51,128,0.120490
Qwen/Qwen3-32B,c4,56,51,512,0.073282
Qwen/Qwen3-32B,c4,56,51,2048,0.003171
Qwen/Qwen3-32B,c4,56,52,128,0.156964
Qwen/Qwen3-32B,c4,56,52,512,0.084491
Qwen/Qwen3-32B,c4,56,52,2048,0.006317
Qwen/Qwen3-32B,c4,56,53,128,0.099714
Qwen/Qwen3-32B,c4,56,53,512,0.076726
Qwen/Qwen3-32B,c4,56,53,2048,0.002113
Qwen/Qwen3-32B,c4,56,54,128,0.169176
Qwen/Qwen3-32B,c4,56,54,512,0.083071
Qwen/Qwen3-32B,c4,56,54,2048,0.006324
Qwen/Qwen3-32B,c4,56,55,128,0.117788
Qwen/Qwen3-32B,c4,56,55,512,0.076984
Qwen/Qwen3-32B,c4,56,55,2048,0.002946
Qwen/Qwen3-32B,c4,56,56,128,0.100587
Qwen/Qwen3-32B,c4,56,56,512,0.076903
Qwen/Qwen3-32B,c4,56,56,2048,0.003340
Qwen/Qwen3-32B,c4,56,57,128,0.108869
Qwen/Qwen3-32B,c4,56,57,512,0.060287
Qwen/Qwen3-32B,c4,56,57,2048,0.003769
Qwen/Qwen3-32B,c4,56,58,128,0.176990
Qwen/Qwen3-32B,c4,56,58,512,0.115720
Qwen/Qwen3-32B,c4,56,58,2048,0.007571
Qwen/Qwen3-32B,c4,56,59,128,0.071012
Qwen/Qwen3-32B,c4,56,59,512,0.044643
Qwen/Qwen3-32B,c4,56,59,2048,0.002551
Qwen/Qwen3-32B,c4,56,60,128,0.078759
Qwen/Qwen3-32B,c4,56,60,512,0.054062
Qwen/Qwen3-32B,c4,56,60,2048,0.003717
Qwen/Qwen3-32B,c4,56,61,128,0.198038
Qwen/Qwen3-32B,c4,56,61,512,0.104851
Qwen/Qwen3-32B,c4,56,61,2048,0.008930
Qwen/Qwen3-32B,c4,56,62,128,0.071933
Qwen/Qwen3-32B,c4,56,62,512,0.052125
Qwen/Qwen3-32B,c4,56,62,2048,0.003450
Qwen/Qwen3-32B,c4,56,63,128,0.081767
Qwen/Qwen3-32B,c4,56,63,512,0.059909
Qwen/Qwen3-32B,c4,56,63,2048,0.002591
Qwen/Qwen3-32B,c4,57,0,128,0.150753
Qwen/Qwen3-32B,c4,57,0,512,0.094702
Qwen/Qwen3-32B,c4,57,0,2048,0.008604
Qwen/Qwen3-32B,c4,57,1,128,0.237948
Qwen/Qwen3-32B,c4,57,1,512,0.138030
Qwen/Qwen3-32B,c4,57,1,2048,0.014163
Qwen/Qwen3-32B,c4,57,2,128,0.168807
Qwen/Qwen3-32B,c4,57,2,512,0.104866
Qwen/Qwen3-32B,c4,57,2,2048,0.008737
Qwen/Qwen3-32B,c4,57,3,128,0.230372
Qwen/Qwen3-32B,c4,57,3,512,0.138094
Qwen/Qwen3-32B,c4,57,3,2048,0.010904
Qwen/Qwen3-32B,c4,57,4,128,0.168920
Qwen/Qwen3-32B,c4,57,4,512,0.117025
Qwen/Qwen3-32B,c4,57,4,2048,0.009220
Qwen/Qwen3-32B,c4,57,5,128,0.173920
Qwen/Qwen3-32B,c4,57,5,512,0.114761
Qwen/Qwen3-32B,c4,57,5,2048,0.008017
Qwen/Qwen3-32B,c4,57,6,128,0.150772
Qwen/Qwen3-32B,c4,57,6,512,0.106100
Qwen/Qwen3-32B,c4,57,6,2048,0.007238
Qwen/Qwen3-32B,c4,57,7,128,0.179577
Qwen/Qwen3-32B,c4,57,7,512,0.114207
Qwen/Qwen3-32B,c4,57,7,2048,0.007030
Qwen/Qwen3-32B,c4,57,8,128,0.095318
Qwen/Qwen3-32B,c4,57,8,512,0.076746
Qwen/Qwen3-32B,c4,57,8,2048,0.007544
Qwen/Qwen3-32B,c4,57,9,128,0.206145
Qwen/Qwen3-32B,c4,57,9,512,0.132625
Qwen/Qwen3-32B,c4,57,9,2048,0.013804
Qwen/Qwen3-32B,c4,57,10,128,0.130693
Qwen/Qwen3-32B,c4,57,10,512,0.097392
Qwen/Qwen3-32B,c4,57,10,2048,0.006759
Qwen/Qwen3-32B,c4,57,11,128,0.258729
Qwen/Qwen3-32B,c4,57,11,512,0.148563
Qwen/Qwen3-32B,c4,57,11,2048,0.022166
Qwen/Qwen3-32B,c4,57,12,128,0.178582
Qwen/Qwen3-32B,c4,57,12,512,0.121877
Qwen/Qwen3-32B,c4,57,12,2048,0.007957
Qwen/Qwen3-32B,c4,57,13,128,0.184651
Qwen/Qwen3-32B,c4,57,13,512,0.118547
Qwen/Qwen3-32B,c4,57,13,2048,0.012911
Qwen/Qwen3-32B,c4,57,14,128,0.189344
Qwen/Qwen3-32B,c4,57,14,512,0.126769
Qwen/Qwen3-32B,c4,57,14,2048,0.008195
Qwen/Qwen3-32B,c4,57,15,128,0.203284
Qwen/Qwen3-32B,c4,57,15,512,0.130363
Qwen/Qwen3-32B,c4,57,15,2048,0.013587
Qwen/Qwen3-32B,c4,57,16,128,0.126341
Qwen/Qwen3-32B,c4,57,16,512,0.081732
Qwen/Qwen3-32B,c4,57,16,2048,0.005940
Qwen/Qwen3-32B,c4,57,17,128,0.101693
Qwen/Qwen3-32B,c4,57,17,512,0.075850
Qwen/Qwen3-32B,c4,57,17,2048,0.005091
Qwen/Qwen3-32B,c4,57,18,128,0.095152
Qwen/Qwen3-32B,c4,57,18,512,0.072286
Qwen/Qwen3-32B,c4,57,18,2048,0.003460
Qwen/Qwen3-32B,c4,57,19,128,0.139318
Qwen/Qwen3-32B,c4,57,19,512,0.089349
Qwen/Qwen3-32B,c4,57,19,2048,0.010579
Qwen/Qwen3-32B,c4,57,20,128,0.115607
Qwen/Qwen3-32B,c4,57,20,512,0.081536
Qwen/Qwen3-32B,c4,57,20,2048,0.010298
Qwen/Qwen3-32B,c4,57,21,128,0.162718
Qwen/Qwen3-32B,c4,57,21,512,0.098298
Qwen/Qwen3-32B,c4,57,21,2048,0.011393
Qwen/Qwen3-32B,c4,57,22,128,0.157173
Qwen/Qwen3-32B,c4,57,22,512,0.096826
Qwen/Qwen3-32B,c4,57,22,2048,0.009080
Qwen/Qwen3-32B,c4,57,23,128,0.082630
Qwen/Qwen3-32B,c4,57,23,512,0.065059
Qwen/Qwen3-32B,c4,57,23,2048,0.003289
Qwen/Qwen3-32B,c4,57,24,128,0.127650
Qwen/Qwen3-32B,c4,57,24,512,0.091659
Qwen/Qwen3-32B,c4,57,24,2048,0.004825
Qwen/Qwen3-32B,c4,57,25,128,0.120580
Qwen/Qwen3-32B,c4,57,25,512,0.092004
Qwen/Qwen3-32B,c4,57,25,2048,0.005610
Qwen/Qwen3-32B,c4,57,26,128,0.131918
Qwen/Qwen3-32B,c4,57,26,512,0.091354
Qwen/Qwen3-32B,c4,57,26,2048,0.007219
Qwen/Qwen3-32B,c4,57,27,128,0.119405
Qwen/Qwen3-32B,c4,57,27,512,0.083745
Qwen/Qwen3-32B,c4,57,27,2048,0.009077
Qwen/Qwen3-32B,c4,57,28,128,0.149556
Qwen/Qwen3-32B,c4,57,28,512,0.084559
Qwen/Qwen3-32B,c4,57,28,2048,0.009813
Qwen/Qwen3-32B,c4,57,29,128,0.149061
Qwen/Qwen3-32B,c4,57,29,512,0.085396
Qwen/Qwen3-32B,c4,57,29,2048,0.010870
Qwen/Qwen3-32B,c4,57,30,128,0.139210
Qwen/Qwen3-32B,c4,57,30,512,0.084625
Qwen/Qwen3-32B,c4,57,30,2048,0.006730
Qwen/Qwen3-32B,c4,57,31,128,0.152130
Qwen/Qwen3-32B,c4,57,31,512,0.095049
Qwen/Qwen3-32B,c4,57,31,2048,0.020019
Qwen/Qwen3-32B,c4,57,32,128,0.116754
Qwen/Qwen3-32B,c4,57,32,512,0.081947
Qwen/Qwen3-32B,c4,57,32,2048,0.004495
Qwen/Qwen3-32B,c4,57,33,128,0.098120
Qwen/Qwen3-32B,c4,57,33,512,0.077099
Qwen/Qwen3-32B,c4,57,33,2048,0.005106
Qwen/Qwen3-32B,c4,57,34,128,0.126666
Qwen/Qwen3-32B,c4,57,34,512,0.076336
Qwen/Qwen3-32B,c4,57,34,2048,0.009930
Qwen/Qwen3-32B,c4,57,35,128,0.122590
Qwen/Qwen3-32B,c4,57,35,512,0.073978
Qwen/Qwen3-32B,c4,57,35,2048,0.008496
Qwen/Qwen3-32B,c4,57,36,128,0.118240
Qwen/Qwen3-32B,c4,57,36,512,0.084476
Qwen/Qwen3-32B,c4,57,36,2048,0.009169
Qwen/Qwen3-32B,c4,57,37,128,0.133548
Qwen/Qwen3-32B,c4,57,37,512,0.078584
Qwen/Qwen3-32B,c4,57,37,2048,0.010739
Qwen/Qwen3-32B,c4,57,38,128,0.104570
Qwen/Qwen3-32B,c4,57,38,512,0.070291
Qwen/Qwen3-32B,c4,57,38,2048,0.006682
Qwen/Qwen3-32B,c4,57,39,128,0.150504
Qwen/Qwen3-32B,c4,57,39,512,0.092549
Qwen/Qwen3-32B,c4,57,39,2048,0.016033
Qwen/Qwen3-32B,c4,57,40,128,0.127035
Qwen/Qwen3-32B,c4,57,40,512,0.091989
Qwen/Qwen3-32B,c4,57,40,2048,0.003760
Qwen/Qwen3-32B,c4,57,41,128,0.118813
Qwen/Qwen3-32B,c4,57,41,512,0.093608
Qwen/Qwen3-32B,c4,57,41,2048,0.007517
Qwen/Qwen3-32B,c4,57,42,128,0.079807
Qwen/Qwen3-32B,c4,57,42,512,0.065277
Qwen/Qwen3-32B,c4,57,42,2048,0.002257
Qwen/Qwen3-32B,c4,57,43,128,0.165912
Qwen/Qwen3-32B,c4,57,43,512,0.108146
Qwen/Qwen3-32B,c4,57,43,2048,0.011818
Qwen/Qwen3-32B,c4,57,44,128,0.136536
Qwen/Qwen3-32B,c4,57,44,512,0.103005
Qwen/Qwen3-32B,c4,57,44,2048,0.009542
Qwen/Qwen3-32B,c4,57,45,128,0.120992
Qwen/Qwen3-32B,c4,57,45,512,0.090013
Qwen/Qwen3-32B,c4,57,45,2048,0.004334
Qwen/Qwen3-32B,c4,57,46,128,0.144799
Qwen/Qwen3-32B,c4,57,46,512,0.099639
Qwen/Qwen3-32B,c4,57,46,2048,0.007305
Qwen/Qwen3-32B,c4,57,47,128,0.215183
Qwen/Qwen3-32B,c4,57,47,512,0.112069
Qwen/Qwen3-32B,c4,57,47,2048,0.008451
Qwen/Qwen3-32B,c4,57,48,128,0.148002
Qwen/Qwen3-32B,c4,57,48,512,0.107853
Qwen/Qwen3-32B,c4,57,48,2048,0.004402
Qwen/Qwen3-32B,c4,57,49,128,0.119716
Qwen/Qwen3-32B,c4,57,49,512,0.085814
Qwen/Qwen3-32B,c4,57,49,2048,0.003959
Qwen/Qwen3-32B,c4,57,50,128,0.160107
Qwen/Qwen3-32B,c4,57,50,512,0.111671
Qwen/Qwen3-32B,c4,57,50,2048,0.007421
Qwen/Qwen3-32B,c4,57,51,128,0.193081
Qwen/Qwen3-32B,c4,57,51,512,0.121937
Qwen/Qwen3-32B,c4,57,51,2048,0.009019
Qwen/Qwen3-32B,c4,57,52,128,0.186030
Qwen/Qwen3-32B,c4,57,52,512,0.113848
Qwen/Qwen3-32B,c4,57,52,2048,0.009397
Qwen/Qwen3-32B,c4,57,53,128,0.178402
Qwen/Qwen3-32B,c4,57,53,512,0.109500
Qwen/Qwen3-32B,c4,57,53,2048,0.007805
Qwen/Qwen3-32B,c4,57,54,128,0.200430
Qwen/Qwen3-32B,c4,57,54,512,0.129789
Qwen/Qwen3-32B,c4,57,54,2048,0.009612
Qwen/Qwen3-32B,c4,57,55,128,0.242709
Qwen/Qwen3-32B,c4,57,55,512,0.123888
Qwen/Qwen3-32B,c4,57,55,2048,0.014188
Qwen/Qwen3-32B,c4,57,56,128,0.123337
Qwen/Qwen3-32B,c4,57,56,512,0.083885
Qwen/Qwen3-32B,c4,57,56,2048,0.005567
Qwen/Qwen3-32B,c4,57,57,128,0.092968
Qwen/Qwen3-32B,c4,57,57,512,0.075516
Qwen/Qwen3-32B,c4,57,57,2048,0.002320
Qwen/Qwen3-32B,c4,57,58,128,0.108289
Qwen/Qwen3-32B,c4,57,58,512,0.082452
Qwen/Qwen3-32B,c4,57,58,2048,0.004342
Qwen/Qwen3-32B,c4,57,59,128,0.106493
Qwen/Qwen3-32B,c4,57,59,512,0.073458
Qwen/Qwen3-32B,c4,57,59,2048,0.006022
Qwen/Qwen3-32B,c4,57,60,128,0.105159
Qwen/Qwen3-32B,c4,57,60,512,0.077301
Qwen/Qwen3-32B,c4,57,60,2048,0.005315
Qwen/Qwen3-32B,c4,57,61,128,0.104848
Qwen/Qwen3-32B,c4,57,61,512,0.072806
Qwen/Qwen3-32B,c4,57,61,2048,0.004434
Qwen/Qwen3-32B,c4,57,62,128,0.118493
Qwen/Qwen3-32B,c4,57,62,512,0.086907
Qwen/Qwen3-32B,c4,57,62,2048,0.007150
Qwen/Qwen3-32B,c4,57,63,128,0.097599
Qwen/Qwen3-32B,c4,57,63,512,0.073548
Qwen/Qwen3-32B,c4,57,63,2048,0.003723
Qwen/Qwen3-32B,c4,58,0,128,0.057618
Qwen/Qwen3-32B,c4,58,0,512,0.045568
Qwen/Qwen3-32B,c4,58,0,2048,0.002454
Qwen/Qwen3-32B,c4,58,1,128,0.072614
Qwen/Qwen3-32B,c4,58,1,512,0.052547
Qwen/Qwen3-32B,c4,58,1,2048,0.002158
Qwen/Qwen3-32B,c4,58,2,128,0.066366
Qwen/Qwen3-32B,c4,58,2,512,0.050332
Qwen/Qwen3-32B,c4,58,2,2048,0.002047
Qwen/Qwen3-32B,c4,58,3,128,0.075907
Qwen/Qwen3-32B,c4,58,3,512,0.054041
Qwen/Qwen3-32B,c4,58,3,2048,0.002704
Qwen/Qwen3-32B,c4,58,4,128,0.083357
Qwen/Qwen3-32B,c4,58,4,512,0.058413
Qwen/Qwen3-32B,c4,58,4,2048,0.002666
Qwen/Qwen3-32B,c4,58,5,128,0.100185
Qwen/Qwen3-32B,c4,58,5,512,0.067746
Qwen/Qwen3-32B,c4,58,5,2048,0.005338
Qwen/Qwen3-32B,c4,58,6,128,0.077327
Qwen/Qwen3-32B,c4,58,6,512,0.059714
Qwen/Qwen3-32B,c4,58,6,2048,0.003130
Qwen/Qwen3-32B,c4,58,7,128,0.131875
Qwen/Qwen3-32B,c4,58,7,512,0.075004
Qwen/Qwen3-32B,c4,58,7,2048,0.006851
Qwen/Qwen3-32B,c4,58,8,128,0.181337
Qwen/Qwen3-32B,c4,58,8,512,0.116849
Qwen/Qwen3-32B,c4,58,8,2048,0.008626
Qwen/Qwen3-32B,c4,58,9,128,0.185882
Qwen/Qwen3-32B,c4,58,9,512,0.115022
Qwen/Qwen3-32B,c4,58,9,2048,0.010035
Qwen/Qwen3-32B,c4,58,10,128,0.163582
Qwen/Qwen3-32B,c4,58,10,512,0.113609
Qwen/Qwen3-32B,c4,58,10,2048,0.006707
Qwen/Qwen3-32B,c4,58,11,128,0.182103
Qwen/Qwen3-32B,c4,58,11,512,0.118958
Qwen/Qwen3-32B,c4,58,11,2048,0.009094
Qwen/Qwen3-32B,c4,58,12,128,0.169153
Qwen/Qwen3-32B,c4,58,12,512,0.111341
Qwen/Qwen3-32B,c4,58,12,2048,0.007089
Qwen/Qwen3-32B,c4,58,13,128,0.175929
Qwen/Qwen3-32B,c4,58,13,512,0.113714
Qwen/Qwen3-32B,c4,58,13,2048,0.006641
Qwen/Qwen3-32B,c4,58,14,128,0.182838
Qwen/Qwen3-32B,c4,58,14,512,0.115679
Qwen/Qwen3-32B,c4,58,14,2048,0.006572
Qwen/Qwen3-32B,c4,58,15,128,0.160388
Qwen/Qwen3-32B,c4,58,15,512,0.105261
Qwen/Qwen3-32B,c4,58,15,2048,0.006430
Qwen/Qwen3-32B,c4,58,16,128,0.176363
Qwen/Qwen3-32B,c4,58,16,512,0.118245
Qwen/Qwen3-32B,c4,58,16,2048,0.005839
Qwen/Qwen3-32B,c4,58,17,128,0.149033
Qwen/Qwen3-32B,c4,58,17,512,0.099882
Qwen/Qwen3-32B,c4,58,17,2048,0.006107
Qwen/Qwen3-32B,c4,58,18,128,0.175042
Qwen/Qwen3-32B,c4,58,18,512,0.118215
Qwen/Qwen3-32B,c4,58,18,2048,0.009185
Qwen/Qwen3-32B,c4,58,19,128,0.173932
Qwen/Qwen3-32B,c4,58,19,512,0.115981
Qwen/Qwen3-32B,c4,58,19,2048,0.006708
Qwen/Qwen3-32B,c4,58,20,128,0.157379
Qwen/Qwen3-32B,c4,58,20,512,0.101060
Qwen/Qwen3-32B,c4,58,20,2048,0.007028
Qwen/Qwen3-32B,c4,58,21,128,0.198459
Qwen/Qwen3-32B,c4,58,21,512,0.121019
Qwen/Qwen3-32B,c4,58,21,2048,0.011322
Qwen/Qwen3-32B,c4,58,22,128,0.205701
Qwen/Qwen3-32B,c4,58,22,512,0.123924
Qwen/Qwen3-32B,c4,58,22,2048,0.009380
Qwen/Qwen3-32B,c4,58,23,128,0.193216
Qwen/Qwen3-32B,c4,58,23,512,0.130294
Qwen/Qwen3-32B,c4,58,23,2048,0.008333
Qwen/Qwen3-32B,c4,58,24,128,0.142910
Qwen/Qwen3-32B,c4,58,24,512,0.100716
Qwen/Qwen3-32B,c4,58,24,2048,0.007022
Qwen/Qwen3-32B,c4,58,25,128,0.133414
Qwen/Qwen3-32B,c4,58,25,512,0.094865
Qwen/Qwen3-32B,c4,58,25,2048,0.006579
Qwen/Qwen3-32B,c4,58,26,128,0.141605
Qwen/Qwen3-32B,c4,58,26,512,0.098749
Qwen/Qwen3-32B,c4,58,26,2048,0.007669
Qwen/Qwen3-32B,c4,58,27,128,0.163521
Qwen/Qwen3-32B,c4,58,27,512,0.110788
Qwen/Qwen3-32B,c4,58,27,2048,0.006932
Qwen/Qwen3-32B,c4,58,28,128,0.170737
Qwen/Qwen3-32B,c4,58,28,512,0.113869
Qwen/Qwen3-32B,c4,58,28,2048,0.010717
Qwen/Qwen3-32B,c4,58,29,128,0.160195
Qwen/Qwen3-32B,c4,58,29,512,0.109709
Qwen/Qwen3-32B,c4,58,29,2048,0.008279
Qwen/Qwen3-32B,c4,58,30,128,0.157894
Qwen/Qwen3-32B,c4,58,30,512,0.104241
Qwen/Qwen3-32B,c4,58,30,2048,0.008596
Qwen/Qwen3-32B,c4,58,31,128,0.161582
Qwen/Qwen3-32B,c4,58,31,512,0.123261
Qwen/Qwen3-32B,c4,58,31,2048,0.013586
Qwen/Qwen3-32B,c4,58,32,128,0.080573
Qwen/Qwen3-32B,c4,58,32,512,0.063303
Qwen/Qwen3-32B,c4,58,32,2048,0.002299
Qwen/Qwen3-32B,c4,58,33,128,0.120657
Qwen/Qwen3-32B,c4,58,33,512,0.089643
Qwen/Qwen3-32B,c4,58,33,2048,0.003426
Qwen/Qwen3-32B,c4,58,34,128,0.097280
Qwen/Qwen3-32B,c4,58,34,512,0.078561
Qwen/Qwen3-32B,c4,58,34,2048,0.001950
Qwen/Qwen3-32B,c4,58,35,128,0.111068
Qwen/Qwen3-32B,c4,58,35,512,0.088499
Qwen/Qwen3-32B,c4,58,35,2048,0.003230
Qwen/Qwen3-32B,c4,58,36,128,0.115631
Qwen/Qwen3-32B,c4,58,36,512,0.080272
Qwen/Qwen3-32B,c4,58,36,2048,0.004094
Qwen/Qwen3-32B,c4,58,37,128,0.192776
Qwen/Qwen3-32B,c4,58,37,512,0.114431
Qwen/Qwen3-32B,c4,58,37,2048,0.010413
Qwen/Qwen3-32B,c4,58,38,128,0.115361
Qwen/Qwen3-32B,c4,58,38,512,0.077160
Qwen/Qwen3-32B,c4,58,38,2048,0.002352
Qwen/Qwen3-32B,c4,58,39,128,0.097781
Qwen/Qwen3-32B,c4,58,39,512,0.078042
Qwen/Qwen3-32B,c4,58,39,2048,0.003131
Qwen/Qwen3-32B,c4,58,40,128,0.088895
Qwen/Qwen3-32B,c4,58,40,512,0.063388
Qwen/Qwen3-32B,c4,58,40,2048,0.002994
Qwen/Qwen3-32B,c4,58,41,128,0.118163
Qwen/Qwen3-32B,c4,58,41,512,0.084117
Qwen/Qwen3-32B,c4,58,41,2048,0.006526
Qwen/Qwen3-32B,c4,58,42,128,0.178413
Qwen/Qwen3-32B,c4,58,42,512,0.104268
Qwen/Qwen3-32B,c4,58,42,2048,0.013120
Qwen/Qwen3-32B,c4,58,43,128,0.105338
Qwen/Qwen3-32B,c4,58,43,512,0.073119
Qwen/Qwen3-32B,c4,58,43,2048,0.004125
Qwen/Qwen3-32B,c4,58,44,128,0.105538
Qwen/Qwen3-32B,c4,58,44,512,0.076684
Qwen/Qwen3-32B,c4,58,44,2048,0.002725
Qwen/Qwen3-32B,c4,58,45,128,0.124242
Qwen/Qwen3-32B,c4,58,45,512,0.070906
Qwen/Qwen3-32B,c4,58,45,2048,0.011471
Qwen/Qwen3-32B,c4,58,46,128,0.123342
Qwen/Qwen3-32B,c4,58,46,512,0.077824
Qwen/Qwen3-32B,c4,58,46,2048,0.008423
Qwen/Qwen3-32B,c4,58,47,128,0.170994
Qwen/Qwen3-32B,c4,58,47,512,0.092692
Qwen/Qwen3-32B,c4,58,47,2048,0.007679
Qwen/Qwen3-32B,c4,58,48,128,0.116813
Qwen/Qwen3-32B,c4,58,48,512,0.094518
Qwen/Qwen3-32B,c4,58,48,2048,0.005600
Qwen/Qwen3-32B,c4,58,49,128,0.116992
Qwen/Qwen3-32B,c4,58,49,512,0.076105
Qwen/Qwen3-32B,c4,58,49,2048,0.005544
Qwen/Qwen3-32B,c4,58,50,128,0.105720
Qwen/Qwen3-32B,c4,58,50,512,0.073629
Qwen/Qwen3-32B,c4,58,50,2048,0.005020
Qwen/Qwen3-32B,c4,58,51,128,0.138429
Qwen/Qwen3-32B,c4,58,51,512,0.108445
Qwen/Qwen3-32B,c4,58,51,2048,0.005714
Qwen/Qwen3-32B,c4,58,52,128,0.166507
Qwen/Qwen3-32B,c4,58,52,512,0.102176
Qwen/Qwen3-32B,c4,58,52,2048,0.007534
Qwen/Qwen3-32B,c4,58,53,128,0.154971
Qwen/Qwen3-32B,c4,58,53,512,0.093078
Qwen/Qwen3-32B,c4,58,53,2048,0.005254
Qwen/Qwen3-32B,c4,58,54,128,0.130363
Qwen/Qwen3-32B,c4,58,54,512,0.078781
Qwen/Qwen3-32B,c4,58,54,2048,0.003553
Qwen/Qwen3-32B,c4,58,55,128,0.130608
Qwen/Qwen3-32B,c4,58,55,512,0.083190
Qwen/Qwen3-32B,c4,58,55,2048,0.006489
Qwen/Qwen3-32B,c4,58,56,128,0.125537
Qwen/Qwen3-32B,c4,58,56,512,0.094876
Qwen/Qwen3-32B,c4,58,56,2048,0.003466
Qwen/Qwen3-32B,c4,58,57,128,0.166976
Qwen/Qwen3-32B,c4,58,57,512,0.108887
Qwen/Qwen3-32B,c4,58,57,2048,0.004466
Qwen/Qwen3-32B,c4,58,58,128,0.118882
Qwen/Qwen3-32B,c4,58,58,512,0.091461
Qwen/Qwen3-32B,c4,58,58,2048,0.003515
Qwen/Qwen3-32B,c4,58,59,128,0.162352
Qwen/Qwen3-32B,c4,58,59,512,0.104056
Qwen/Qwen3-32B,c4,58,59,2048,0.005834
Qwen/Qwen3-32B,c4,58,60,128,0.177056
Qwen/Qwen3-32B,c4,58,60,512,0.096372
Qwen/Qwen3-32B,c4,58,60,2048,0.005580
Qwen/Qwen3-32B,c4,58,61,128,0.140007
Qwen/Qwen3-32B,c4,58,61,512,0.094349
Qwen/Qwen3-32B,c4,58,61,2048,0.004159
Qwen/Qwen3-32B,c4,58,62,128,0.140798
Qwen/Qwen3-32B,c4,58,62,512,0.098849
Qwen/Qwen3-32B,c4,58,62,2048,0.005026
Qwen/Qwen3-32B,c4,58,63,128,0.130586
Qwen/Qwen3-32B,c4,58,63,512,0.094244
Qwen/Qwen3-32B,c4,58,63,2048,0.004028
Qwen/Qwen3-32B,c4,59,0,128,0.173753
Qwen/Qwen3-32B,c4,59,0,512,0.115565
Qwen/Qwen3-32B,c4,59,0,2048,0.007827
Qwen/Qwen3-32B,c4,59,1,128,0.158446
Qwen/Qwen3-32B,c4,59,1,512,0.108802
Qwen/Qwen3-32B,c4,59,1,2048,0.008307
Qwen/Qwen3-32B,c4,59,2,128,0.153863
Qwen/Qwen3-32B,c4,59,2,512,0.102536
Qwen/Qwen3-32B,c4,59,2,2048,0.007406
Qwen/Qwen3-32B,c4,59,3,128,0.174421
Qwen/Qwen3-32B,c4,59,3,512,0.119464
Qwen/Qwen3-32B,c4,59,3,2048,0.007512
Qwen/Qwen3-32B,c4,59,4,128,0.177285
Qwen/Qwen3-32B,c4,59,4,512,0.119295
Qwen/Qwen3-32B,c4,59,4,2048,0.007266
Qwen/Qwen3-32B,c4,59,5,128,0.160650
Qwen/Qwen3-32B,c4,59,5,512,0.109432
Qwen/Qwen3-32B,c4,59,5,2048,0.007220
Qwen/Qwen3-32B,c4,59,6,128,0.175122
Qwen/Qwen3-32B,c4,59,6,512,0.115305
Qwen/Qwen3-32B,c4,59,6,2048,0.009332
Qwen/Qwen3-32B,c4,59,7,128,0.169607
Qwen/Qwen3-32B,c4,59,7,512,0.126601
Qwen/Qwen3-32B,c4,59,7,2048,0.011306
Qwen/Qwen3-32B,c4,59,8,128,0.159181
Qwen/Qwen3-32B,c4,59,8,512,0.112147
Qwen/Qwen3-32B,c4,59,8,2048,0.008399
Qwen/Qwen3-32B,c4,59,9,128,0.178127
Qwen/Qwen3-32B,c4,59,9,512,0.121666
Qwen/Qwen3-32B,c4,59,9,2048,0.010016
Qwen/Qwen3-32B,c4,59,10,128,0.157888
Qwen/Qwen3-32B,c4,59,10,512,0.108171
Qwen/Qwen3-32B,c4,59,10,2048,0.010035
Qwen/Qwen3-32B,c4,59,11,128,0.172416
Qwen/Qwen3-32B,c4,59,11,512,0.116306
Qwen/Qwen3-32B,c4,59,11,2048,0.008475
Qwen/Qwen3-32B,c4,59,12,128,0.179038
Qwen/Qwen3-32B,c4,59,12,512,0.116213
Qwen/Qwen3-32B,c4,59,12,2048,0.010189
Qwen/Qwen3-32B,c4,59,13,128,0.172531
Qwen/Qwen3-32B,c4,59,13,512,0.112334
Qwen/Qwen3-32B,c4,59,13,2048,0.009994
Qwen/Qwen3-32B,c4,59,14,128,0.187414
Qwen/Qwen3-32B,c4,59,14,512,0.123678
Qwen/Qwen3-32B,c4,59,14,2048,0.012304
Qwen/Qwen3-32B,c4,59,15,128,0.201992
Qwen/Qwen3-32B,c4,59,15,512,0.128780
Qwen/Qwen3-32B,c4,59,15,2048,0.011618
Qwen/Qwen3-32B,c4,59,16,128,0.137113
Qwen/Qwen3-32B,c4,59,16,512,0.096587
Qwen/Qwen3-32B,c4,59,16,2048,0.006540
Qwen/Qwen3-32B,c4,59,17,128,0.177087
Qwen/Qwen3-32B,c4,59,17,512,0.111544
Qwen/Qwen3-32B,c4,59,17,2048,0.009906
Qwen/Qwen3-32B,c4,59,18,128,0.193703
Qwen/Qwen3-32B,c4,59,18,512,0.130614
Qwen/Qwen3-32B,c4,59,18,2048,0.011641
Qwen/Qwen3-32B,c4,59,19,128,0.173422
Qwen/Qwen3-32B,c4,59,19,512,0.114431
Qwen/Qwen3-32B,c4,59,19,2048,0.010601
Qwen/Qwen3-32B,c4,59,20,128,0.184118
Qwen/Qwen3-32B,c4,59,20,512,0.118636
Qwen/Qwen3-32B,c4,59,20,2048,0.010304
Qwen/Qwen3-32B,c4,59,21,128,0.197761
Qwen/Qwen3-32B,c4,59,21,512,0.117533
Qwen/Qwen3-32B,c4,59,21,2048,0.013064
Qwen/Qwen3-32B,c4,59,22,128,0.177199
Qwen/Qwen3-32B,c4,59,22,512,0.109341
Qwen/Qwen3-32B,c4,59,22,2048,0.011077
Qwen/Qwen3-32B,c4,59,23,128,0.171917
Qwen/Qwen3-32B,c4,59,23,512,0.107883
Qwen/Qwen3-32B,c4,59,23,2048,0.009229
Qwen/Qwen3-32B,c4,59,24,128,0.162777
Qwen/Qwen3-32B,c4,59,24,512,0.113275
Qwen/Qwen3-32B,c4,59,24,2048,0.011982
Qwen/Qwen3-32B,c4,59,25,128,0.176752
Qwen/Qwen3-32B,c4,59,25,512,0.120100
Qwen/Qwen3-32B,c4,59,25,2048,0.007719
Qwen/Qwen3-32B,c4,59,26,128,0.169136
Qwen/Qwen3-32B,c4,59,26,512,0.116501
Qwen/Qwen3-32B,c4,59,26,2048,0.012681
Qwen/Qwen3-32B,c4,59,27,128,0.191362
Qwen/Qwen3-32B,c4,59,27,512,0.126009
Qwen/Qwen3-32B,c4,59,27,2048,0.011439
Qwen/Qwen3-32B,c4,59,28,128,0.202459
Qwen/Qwen3-32B,c4,59,28,512,0.126547
Qwen/Qwen3-32B,c4,59,28,2048,0.013682
Qwen/Qwen3-32B,c4,59,29,128,0.163058
Qwen/Qwen3-32B,c4,59,29,512,0.118510
Qwen/Qwen3-32B,c4,59,29,2048,0.010469
Qwen/Qwen3-32B,c4,59,30,128,0.181160
Qwen/Qwen3-32B,c4,59,30,512,0.124510
Qwen/Qwen3-32B,c4,59,30,2048,0.008785
Qwen/Qwen3-32B,c4,59,31,128,0.187364
Qwen/Qwen3-32B,c4,59,31,512,0.123545
Qwen/Qwen3-32B,c4,59,31,2048,0.010999
Qwen/Qwen3-32B,c4,59,32,128,0.142594
Qwen/Qwen3-32B,c4,59,32,512,0.085229
Qwen/Qwen3-32B,c4,59,32,2048,0.005902
Qwen/Qwen3-32B,c4,59,33,128,0.099481
Qwen/Qwen3-32B,c4,59,33,512,0.070327
Qwen/Qwen3-32B,c4,59,33,2048,0.005174
Qwen/Qwen3-32B,c4,59,34,128,0.152844
Qwen/Qwen3-32B,c4,59,34,512,0.083241
Qwen/Qwen3-32B,c4,59,34,2048,0.007039
Qwen/Qwen3-32B,c4,59,35,128,0.264076
Qwen/Qwen3-32B,c4,59,35,512,0.142555
Qwen/Qwen3-32B,c4,59,35,2048,0.019681
Qwen/Qwen3-32B,c4,59,36,128,0.145125
Qwen/Qwen3-32B,c4,59,36,512,0.107779
Qwen/Qwen3-32B,c4,59,36,2048,0.008069
Qwen/Qwen3-32B,c4,59,37,128,0.131192
Qwen/Qwen3-32B,c4,59,37,512,0.091209
Qwen/Qwen3-32B,c4,59,37,2048,0.008697
Qwen/Qwen3-32B,c4,59,38,128,0.141613
Qwen/Qwen3-32B,c4,59,38,512,0.106325
Qwen/Qwen3-32B,c4,59,38,2048,0.009297
Qwen/Qwen3-32B,c4,59,39,128,0.187983
Qwen/Qwen3-32B,c4,59,39,512,0.111211
Qwen/Qwen3-32B,c4,59,39,2048,0.010196
Qwen/Qwen3-32B,c4,59,40,128,0.081111
Qwen/Qwen3-32B,c4,59,40,512,0.066395
Qwen/Qwen3-32B,c4,59,40,2048,0.001749
Qwen/Qwen3-32B,c4,59,41,128,0.077753
Qwen/Qwen3-32B,c4,59,41,512,0.063768
Qwen/Qwen3-32B,c4,59,41,2048,0.002049
Qwen/Qwen3-32B,c4,59,42,128,0.086171
Qwen/Qwen3-32B,c4,59,42,512,0.070769
Qwen/Qwen3-32B,c4,59,42,2048,0.002003
Qwen/Qwen3-32B,c4,59,43,128,0.087079
Qwen/Qwen3-32B,c4,59,43,512,0.069898
Qwen/Qwen3-32B,c4,59,43,2048,0.003177
Qwen/Qwen3-32B,c4,59,44,128,0.085545
Qwen/Qwen3-32B,c4,59,44,512,0.069454
Qwen/Qwen3-32B,c4,59,44,2048,0.003352
Qwen/Qwen3-32B,c4,59,45,128,0.097118
Qwen/Qwen3-32B,c4,59,45,512,0.073659
Qwen/Qwen3-32B,c4,59,45,2048,0.005895
Qwen/Qwen3-32B,c4,59,46,128,0.103335
Qwen/Qwen3-32B,c4,59,46,512,0.070279
Qwen/Qwen3-32B,c4,59,46,2048,0.005238
Qwen/Qwen3-32B,c4,59,47,128,0.081370
Qwen/Qwen3-32B,c4,59,47,512,0.064824
Qwen/Qwen3-32B,c4,59,47,2048,0.003681
Qwen/Qwen3-32B,c4,59,48,128,0.164672
Qwen/Qwen3-32B,c4,59,48,512,0.115966
Qwen/Qwen3-32B,c4,59,48,2048,0.007741
Qwen/Qwen3-32B,c4,59,49,128,0.153869
Qwen/Qwen3-32B,c4,59,49,512,0.107981
Qwen/Qwen3-32B,c4,59,49,2048,0.009271
Qwen/Qwen3-32B,c4,59,50,128,0.165272
Qwen/Qwen3-32B,c4,59,50,512,0.117510
Qwen/Qwen3-32B,c4,59,50,2048,0.011028
Qwen/Qwen3-32B,c4,59,51,128,0.174016
Qwen/Qwen3-32B,c4,59,51,512,0.120124
Qwen/Qwen3-32B,c4,59,51,2048,0.008751
Qwen/Qwen3-32B,c4,59,52,128,0.188663
Qwen/Qwen3-32B,c4,59,52,512,0.119937
Qwen/Qwen3-32B,c4,59,52,2048,0.011677
Qwen/Qwen3-32B,c4,59,53,128,0.189243
Qwen/Qwen3-32B,c4,59,53,512,0.125132
Qwen/Qwen3-32B,c4,59,53,2048,0.012982
Qwen/Qwen3-32B,c4,59,54,128,0.184956
Qwen/Qwen3-32B,c4,59,54,512,0.116992
Qwen/Qwen3-32B,c4,59,54,2048,0.010158
Qwen/Qwen3-32B,c4,59,55,128,0.197189
Qwen/Qwen3-32B,c4,59,55,512,0.126302
Qwen/Qwen3-32B,c4,59,55,2048,0.011807
Qwen/Qwen3-32B,c4,59,56,128,0.105223
Qwen/Qwen3-32B,c4,59,56,512,0.081782
Qwen/Qwen3-32B,c4,59,56,2048,0.004299
Qwen/Qwen3-32B,c4,59,57,128,0.097555
Qwen/Qwen3-32B,c4,59,57,512,0.068034
Qwen/Qwen3-32B,c4,59,57,2048,0.003690
Qwen/Qwen3-32B,c4,59,58,128,0.084405
Qwen/Qwen3-32B,c4,59,58,512,0.070537
Qwen/Qwen3-32B,c4,59,58,2048,0.002153
Qwen/Qwen3-32B,c4,59,59,128,0.109770
Qwen/Qwen3-32B,c4,59,59,512,0.077186
Qwen/Qwen3-32B,c4,59,59,2048,0.006365
Qwen/Qwen3-32B,c4,59,60,128,0.084741
Qwen/Qwen3-32B,c4,59,60,512,0.066112
Qwen/Qwen3-32B,c4,59,60,2048,0.007388
Qwen/Qwen3-32B,c4,59,61,128,0.116317
Qwen/Qwen3-32B,c4,59,61,512,0.092822
Qwen/Qwen3-32B,c4,59,61,2048,0.004076
Qwen/Qwen3-32B,c4,59,62,128,0.144473
Qwen/Qwen3-32B,c4,59,62,512,0.087601
Qwen/Qwen3-32B,c4,59,62,2048,0.005723
Qwen/Qwen3-32B,c4,59,63,128,0.157537
Qwen/Qwen3-32B,c4,59,63,512,0.077145
Qwen/Qwen3-32B,c4,59,63,2048,0.008522
Qwen/Qwen3-32B,c4,60,0,128,0.120576
Qwen/Qwen3-32B,c4,60,0,512,0.094135
Qwen/Qwen3-32B,c4,60,0,2048,0.002902
Qwen/Qwen3-32B,c4,60,1,128,0.109976
Qwen/Qwen3-32B,c4,60,1,512,0.084273
Qwen/Qwen3-32B,c4,60,1,2048,0.002934
Qwen/Qwen3-32B,c4,60,2,128,0.158014
Qwen/Qwen3-32B,c4,60,2,512,0.094606
Qwen/Qwen3-32B,c4,60,2,2048,0.007585
Qwen/Qwen3-32B,c4,60,3,128,0.121047
Qwen/Qwen3-32B,c4,60,3,512,0.088299
Qwen/Qwen3-32B,c4,60,3,2048,0.004510
Qwen/Qwen3-32B,c4,60,4,128,0.170781
Qwen/Qwen3-32B,c4,60,4,512,0.087437
Qwen/Qwen3-32B,c4,60,4,2048,0.009506
Qwen/Qwen3-32B,c4,60,5,128,0.201156
Qwen/Qwen3-32B,c4,60,5,512,0.114278
Qwen/Qwen3-32B,c4,60,5,2048,0.011686
Qwen/Qwen3-32B,c4,60,6,128,0.097977
Qwen/Qwen3-32B,c4,60,6,512,0.080800
Qwen/Qwen3-32B,c4,60,6,2048,0.001547
Qwen/Qwen3-32B,c4,60,7,128,0.115746
Qwen/Qwen3-32B,c4,60,7,512,0.066155
Qwen/Qwen3-32B,c4,60,7,2048,0.003344
Qwen/Qwen3-32B,c4,60,8,128,0.098694
Qwen/Qwen3-32B,c4,60,8,512,0.072310
Qwen/Qwen3-32B,c4,60,8,2048,0.003127
Qwen/Qwen3-32B,c4,60,9,128,0.076296
Qwen/Qwen3-32B,c4,60,9,512,0.064619
Qwen/Qwen3-32B,c4,60,9,2048,0.001033
Qwen/Qwen3-32B,c4,60,10,128,0.064026
Qwen/Qwen3-32B,c4,60,10,512,0.052859
Qwen/Qwen3-32B,c4,60,10,2048,0.001171
Qwen/Qwen3-32B,c4,60,11,128,0.077014
Qwen/Qwen3-32B,c4,60,11,512,0.064415
Qwen/Qwen3-32B,c4,60,11,2048,0.001118
Qwen/Qwen3-32B,c4,60,12,128,0.081947
Qwen/Qwen3-32B,c4,60,12,512,0.066593
Qwen/Qwen3-32B,c4,60,12,2048,0.001523
Qwen/Qwen3-32B,c4,60,13,128,0.059919
Qwen/Qwen3-32B,c4,60,13,512,0.046797
Qwen/Qwen3-32B,c4,60,13,2048,0.001034
Qwen/Qwen3-32B,c4,60,14,128,0.067945
Qwen/Qwen3-32B,c4,60,14,512,0.055166
Qwen/Qwen3-32B,c4,60,14,2048,0.000955
Qwen/Qwen3-32B,c4,60,15,128,0.091715
Qwen/Qwen3-32B,c4,60,15,512,0.073748
Qwen/Qwen3-32B,c4,60,15,2048,0.001435
Qwen/Qwen3-32B,c4,60,16,128,0.078422
Qwen/Qwen3-32B,c4,60,16,512,0.064950
Qwen/Qwen3-32B,c4,60,16,2048,0.001408
Qwen/Qwen3-32B,c4,60,17,128,0.093898
Qwen/Qwen3-32B,c4,60,17,512,0.068060
Qwen/Qwen3-32B,c4,60,17,2048,0.002037
Qwen/Qwen3-32B,c4,60,18,128,0.061068
Qwen/Qwen3-32B,c4,60,18,512,0.051790
Qwen/Qwen3-32B,c4,60,18,2048,0.000932
Qwen/Qwen3-32B,c4,60,19,128,0.149393
Qwen/Qwen3-32B,c4,60,19,512,0.072502
Qwen/Qwen3-32B,c4,60,19,2048,0.005732
Qwen/Qwen3-32B,c4,60,20,128,0.062873
Qwen/Qwen3-32B,c4,60,20,512,0.039980
Qwen/Qwen3-32B,c4,60,20,2048,0.002031
Qwen/Qwen3-32B,c4,60,21,128,0.073348
Qwen/Qwen3-32B,c4,60,21,512,0.060211
Qwen/Qwen3-32B,c4,60,21,2048,0.001375
Qwen/Qwen3-32B,c4,60,22,128,0.077762
Qwen/Qwen3-32B,c4,60,22,512,0.064325
Qwen/Qwen3-32B,c4,60,22,2048,0.001755
Qwen/Qwen3-32B,c4,60,23,128,0.097986
Qwen/Qwen3-32B,c4,60,23,512,0.068154
Qwen/Qwen3-32B,c4,60,23,2048,0.005231
Qwen/Qwen3-32B,c4,60,24,128,0.174088
Qwen/Qwen3-32B,c4,60,24,512,0.100214
Qwen/Qwen3-32B,c4,60,24,2048,0.007519
Qwen/Qwen3-32B,c4,60,25,128,0.068768
Qwen/Qwen3-32B,c4,60,25,512,0.055826
Qwen/Qwen3-32B,c4,60,25,2048,0.000918
Qwen/Qwen3-32B,c4,60,26,128,0.100699
Qwen/Qwen3-32B,c4,60,26,512,0.064999
Qwen/Qwen3-32B,c4,60,26,2048,0.002669
Qwen/Qwen3-32B,c4,60,27,128,0.247814
Qwen/Qwen3-32B,c4,60,27,512,0.086097
Qwen/Qwen3-32B,c4,60,27,2048,0.006908
Qwen/Qwen3-32B,c4,60,28,128,0.073381
Qwen/Qwen3-32B,c4,60,28,512,0.057086
Qwen/Qwen3-32B,c4,60,28,2048,0.001122
Qwen/Qwen3-32B,c4,60,29,128,0.135167
Qwen/Qwen3-32B,c4,60,29,512,0.079317
Qwen/Qwen3-32B,c4,60,29,2048,0.003522
Qwen/Qwen3-32B,c4,60,30,128,0.111204
Qwen/Qwen3-32B,c4,60,30,512,0.065710
Qwen/Qwen3-32B,c4,60,30,2048,0.002560
Qwen/Qwen3-32B,c4,60,31,128,0.206210
Qwen/Qwen3-32B,c4,60,31,512,0.113675
Qwen/Qwen3-32B,c4,60,31,2048,0.012965
Qwen/Qwen3-32B,c4,60,32,128,0.081802
Qwen/Qwen3-32B,c4,60,32,512,0.067352
Qwen/Qwen3-32B,c4,60,32,2048,0.001595
Qwen/Qwen3-32B,c4,60,33,128,0.079758
Qwen/Qwen3-32B,c4,60,33,512,0.065755
Qwen/Qwen3-32B,c4,60,33,2048,0.001511
Qwen/Qwen3-32B,c4,60,34,128,0.138424
Qwen/Qwen3-32B,c4,60,34,512,0.082283
Qwen/Qwen3-32B,c4,60,34,2048,0.005318
Qwen/Qwen3-32B,c4,60,35,128,0.101566
Qwen/Qwen3-32B,c4,60,35,512,0.081705
Qwen/Qwen3-32B,c4,60,35,2048,0.002783
Qwen/Qwen3-32B,c4,60,36,128,0.110655
Qwen/Qwen3-32B,c4,60,36,512,0.084203
Qwen/Qwen3-32B,c4,60,36,2048,0.004309
Qwen/Qwen3-32B,c4,60,37,128,0.133757
Qwen/Qwen3-32B,c4,60,37,512,0.062227
Qwen/Qwen3-32B,c4,60,37,2048,0.004817
Qwen/Qwen3-32B,c4,60,38,128,0.104999
Qwen/Qwen3-32B,c4,60,38,512,0.078722
Qwen/Qwen3-32B,c4,60,38,2048,0.003129
Qwen/Qwen3-32B,c4,60,39,128,0.123235
Qwen/Qwen3-32B,c4,60,39,512,0.083073
Qwen/Qwen3-32B,c4,60,39,2048,0.006083
Qwen/Qwen3-32B,c4,60,40,128,0.163601
Qwen/Qwen3-32B,c4,60,40,512,0.117778
Qwen/Qwen3-32B,c4,60,40,2048,0.008373
Qwen/Qwen3-32B,c4,60,41,128,0.162648
Qwen/Qwen3-32B,c4,60,41,512,0.106880
Qwen/Qwen3-32B,c4,60,41,2048,0.007617
Qwen/Qwen3-32B,c4,60,42,128,0.191373
Qwen/Qwen3-32B,c4,60,42,512,0.110608
Qwen/Qwen3-32B,c4,60,42,2048,0.008015
Qwen/Qwen3-32B,c4,60,43,128,0.194249
Qwen/Qwen3-32B,c4,60,43,512,0.116944
Qwen/Qwen3-32B,c4,60,43,2048,0.006543
Qwen/Qwen3-32B,c4,60,44,128,0.164740
Qwen/Qwen3-32B,c4,60,44,512,0.103630
Qwen/Qwen3-32B,c4,60,44,2048,0.005930
Qwen/Qwen3-32B,c4,60,45,128,0.208644
Qwen/Qwen3-32B,c4,60,45,512,0.111196
Qwen/Qwen3-32B,c4,60,45,2048,0.008247
Qwen/Qwen3-32B,c4,60,46,128,0.177043
Qwen/Qwen3-32B,c4,60,46,512,0.109096
Qwen/Qwen3-32B,c4,60,46,2048,0.010164
Qwen/Qwen3-32B,c4,60,47,128,0.171786
Qwen/Qwen3-32B,c4,60,47,512,0.108918
Qwen/Qwen3-32B,c4,60,47,2048,0.006791
Qwen/Qwen3-32B,c4,60,48,128,0.065219
Qwen/Qwen3-32B,c4,60,48,512,0.051958
Qwen/Qwen3-32B,c4,60,48,2048,0.001086
Qwen/Qwen3-32B,c4,60,49,128,0.105034
Qwen/Qwen3-32B,c4,60,49,512,0.073024
Qwen/Qwen3-32B,c4,60,49,2048,0.003519
Qwen/Qwen3-32B,c4,60,50,128,0.082769
Qwen/Qwen3-32B,c4,60,50,512,0.063869
Qwen/Qwen3-32B,c4,60,50,2048,0.001518
Qwen/Qwen3-32B,c4,60,51,128,0.084385
Qwen/Qwen3-32B,c4,60,51,512,0.067413
Qwen/Qwen3-32B,c4,60,51,2048,0.001506
Qwen/Qwen3-32B,c4,60,52,128,0.137891
Qwen/Qwen3-32B,c4,60,52,512,0.065646
Qwen/Qwen3-32B,c4,60,52,2048,0.005409
Qwen/Qwen3-32B,c4,60,53,128,0.075438
Qwen/Qwen3-32B,c4,60,53,512,0.057676
Qwen/Qwen3-32B,c4,60,53,2048,0.001578
Qwen/Qwen3-32B,c4,60,54,128,0.147839
Qwen/Qwen3-32B,c4,60,54,512,0.090195
Qwen/Qwen3-32B,c4,60,54,2048,0.010297
Qwen/Qwen3-32B,c4,60,55,128,0.155546
Qwen/Qwen3-32B,c4,60,55,512,0.096973
Qwen/Qwen3-32B,c4,60,55,2048,0.007406
Qwen/Qwen3-32B,c4,60,56,128,0.142231
Qwen/Qwen3-32B,c4,60,56,512,0.089784
Qwen/Qwen3-32B,c4,60,56,2048,0.012787
Qwen/Qwen3-32B,c4,60,57,128,0.112320
Qwen/Qwen3-32B,c4,60,57,512,0.082028
Qwen/Qwen3-32B,c4,60,57,2048,0.007688
Qwen/Qwen3-32B,c4,60,58,128,0.064196
Qwen/Qwen3-32B,c4,60,58,512,0.050059
Qwen/Qwen3-32B,c4,60,58,2048,0.003817
Qwen/Qwen3-32B,c4,60,59,128,0.128099
Qwen/Qwen3-32B,c4,60,59,512,0.084122
Qwen/Qwen3-32B,c4,60,59,2048,0.007238
Qwen/Qwen3-32B,c4,60,60,128,0.106980
Qwen/Qwen3-32B,c4,60,60,512,0.065920
Qwen/Qwen3-32B,c4,60,60,2048,0.004816
Qwen/Qwen3-32B,c4,60,61,128,0.090587
Qwen/Qwen3-32B,c4,60,61,512,0.062776
Qwen/Qwen3-32B,c4,60,61,2048,0.003402
Qwen/Qwen3-32B,c4,60,62,128,0.295351
Qwen/Qwen3-32B,c4,60,62,512,0.191788
Qwen/Qwen3-32B,c4,60,62,2048,0.064885
Qwen/Qwen3-32B,c4,60,63,128,0.155360
Qwen/Qwen3-32B,c4,60,63,512,0.087369
Qwen/Qwen3-32B,c4,60,63,2048,0.009382
Qwen/Qwen3-32B,c4,61,0,128,0.095025
Qwen/Qwen3-32B,c4,61,0,512,0.072388
Qwen/Qwen3-32B,c4,61,0,2048,0.003456
Qwen/Qwen3-32B,c4,61,1,128,0.095669
Qwen/Qwen3-32B,c4,61,1,512,0.075394
Qwen/Qwen3-32B,c4,61,1,2048,0.003821
Qwen/Qwen3-32B,c4,61,2,128,0.102884
Qwen/Qwen3-32B,c4,61,2,512,0.078996
Qwen/Qwen3-32B,c4,61,2,2048,0.005699
Qwen/Qwen3-32B,c4,61,3,128,0.111586
Qwen/Qwen3-32B,c4,61,3,512,0.083140
Qwen/Qwen3-32B,c4,61,3,2048,0.005306
Qwen/Qwen3-32B,c4,61,4,128,0.107304
Qwen/Qwen3-32B,c4,61,4,512,0.079571
Qwen/Qwen3-32B,c4,61,4,2048,0.004536
Qwen/Qwen3-32B,c4,61,5,128,0.115999
Qwen/Qwen3-32B,c4,61,5,512,0.087101
Qwen/Qwen3-32B,c4,61,5,2048,0.005961
Qwen/Qwen3-32B,c4,61,6,128,0.101936
Qwen/Qwen3-32B,c4,61,6,512,0.076281
Qwen/Qwen3-32B,c4,61,6,2048,0.004846
Qwen/Qwen3-32B,c4,61,7,128,0.208105
Qwen/Qwen3-32B,c4,61,7,512,0.111755
Qwen/Qwen3-32B,c4,61,7,2048,0.015174
Qwen/Qwen3-32B,c4,61,8,128,0.158063
Qwen/Qwen3-32B,c4,61,8,512,0.108499
Qwen/Qwen3-32B,c4,61,8,2048,0.012970
Qwen/Qwen3-32B,c4,61,9,128,0.180243
Qwen/Qwen3-32B,c4,61,9,512,0.105383
Qwen/Qwen3-32B,c4,61,9,2048,0.010671
Qwen/Qwen3-32B,c4,61,10,128,0.223943
Qwen/Qwen3-32B,c4,61,10,512,0.125514
Qwen/Qwen3-32B,c4,61,10,2048,0.019755
Qwen/Qwen3-32B,c4,61,11,128,0.185618
Qwen/Qwen3-32B,c4,61,11,512,0.111511
Qwen/Qwen3-32B,c4,61,11,2048,0.011662
Qwen/Qwen3-32B,c4,61,12,128,0.170799
Qwen/Qwen3-32B,c4,61,12,512,0.099687
Qwen/Qwen3-32B,c4,61,12,2048,0.008835
Qwen/Qwen3-32B,c4,61,13,128,0.188769
Qwen/Qwen3-32B,c4,61,13,512,0.109796
Qwen/Qwen3-32B,c4,61,13,2048,0.010986
Qwen/Qwen3-32B,c4,61,14,128,0.175010
Qwen/Qwen3-32B,c4,61,14,512,0.101823
Qwen/Qwen3-32B,c4,61,14,2048,0.012482
Qwen/Qwen3-32B,c4,61,15,128,0.188482
Qwen/Qwen3-32B,c4,61,15,512,0.115648
Qwen/Qwen3-32B,c4,61,15,2048,0.013253
Qwen/Qwen3-32B,c4,61,16,128,0.090637
Qwen/Qwen3-32B,c4,61,16,512,0.064748
Qwen/Qwen3-32B,c4,61,16,2048,0.002860
Qwen/Qwen3-32B,c4,61,17,128,0.115740
Qwen/Qwen3-32B,c4,61,17,512,0.079968
Qwen/Qwen3-32B,c4,61,17,2048,0.008410
Qwen/Qwen3-32B,c4,61,18,128,0.089746
Qwen/Qwen3-32B,c4,61,18,512,0.051739
Qwen/Qwen3-32B,c4,61,18,2048,0.002009
Qwen/Qwen3-32B,c4,61,19,128,0.077497
Qwen/Qwen3-32B,c4,61,19,512,0.051894
Qwen/Qwen3-32B,c4,61,19,2048,0.002833
Qwen/Qwen3-32B,c4,61,20,128,0.120451
Qwen/Qwen3-32B,c4,61,20,512,0.071273
Qwen/Qwen3-32B,c4,61,20,2048,0.010278
Qwen/Qwen3-32B,c4,61,21,128,0.120926
Qwen/Qwen3-32B,c4,61,21,512,0.059976
Qwen/Qwen3-32B,c4,61,21,2048,0.003812
Qwen/Qwen3-32B,c4,61,22,128,0.105435
Qwen/Qwen3-32B,c4,61,22,512,0.067571
Qwen/Qwen3-32B,c4,61,22,2048,0.008350
Qwen/Qwen3-32B,c4,61,23,128,0.114019
Qwen/Qwen3-32B,c4,61,23,512,0.057008
Qwen/Qwen3-32B,c4,61,23,2048,0.003879
Qwen/Qwen3-32B,c4,61,24,128,0.206504
Qwen/Qwen3-32B,c4,61,24,512,0.129043
Qwen/Qwen3-32B,c4,61,24,2048,0.018509
Qwen/Qwen3-32B,c4,61,25,128,0.199176
Qwen/Qwen3-32B,c4,61,25,512,0.125529
Qwen/Qwen3-32B,c4,61,25,2048,0.014100
Qwen/Qwen3-32B,c4,61,26,128,0.193648
Qwen/Qwen3-32B,c4,61,26,512,0.122473
Qwen/Qwen3-32B,c4,61,26,2048,0.011865
Qwen/Qwen3-32B,c4,61,27,128,0.195449
Qwen/Qwen3-32B,c4,61,27,512,0.119876
Qwen/Qwen3-32B,c4,61,27,2048,0.012699
Qwen/Qwen3-32B,c4,61,28,128,0.223577
Qwen/Qwen3-32B,c4,61,28,512,0.130361
Qwen/Qwen3-32B,c4,61,28,2048,0.017232
Qwen/Qwen3-32B,c4,61,29,128,0.197444
Qwen/Qwen3-32B,c4,61,29,512,0.120996
Qwen/Qwen3-32B,c4,61,29,2048,0.013077
Qwen/Qwen3-32B,c4,61,30,128,0.207521
Qwen/Qwen3-32B,c4,61,30,512,0.129735
Qwen/Qwen3-32B,c4,61,30,2048,0.016588
Qwen/Qwen3-32B,c4,61,31,128,0.196518
Qwen/Qwen3-32B,c4,61,31,512,0.122444
Qwen/Qwen3-32B,c4,61,31,2048,0.012866
Qwen/Qwen3-32B,c4,61,32,128,0.081289
Qwen/Qwen3-32B,c4,61,32,512,0.066162
Qwen/Qwen3-32B,c4,61,32,2048,0.001521
Qwen/Qwen3-32B,c4,61,33,128,0.079758
Qwen/Qwen3-32B,c4,61,33,512,0.060852
Qwen/Qwen3-32B,c4,61,33,2048,0.002498
Qwen/Qwen3-32B,c4,61,34,128,0.077143
Qwen/Qwen3-32B,c4,61,34,512,0.054989
Qwen/Qwen3-32B,c4,61,34,2048,0.001813
Qwen/Qwen3-32B,c4,61,35,128,0.097386
Qwen/Qwen3-32B,c4,61,35,512,0.079138
Qwen/Qwen3-32B,c4,61,35,2048,0.002116
Qwen/Qwen3-32B,c4,61,36,128,0.091320
Qwen/Qwen3-32B,c4,61,36,512,0.061788
Qwen/Qwen3-32B,c4,61,36,2048,0.003293
Qwen/Qwen3-32B,c4,61,37,128,0.068235
Qwen/Qwen3-32B,c4,61,37,512,0.052935
Qwen/Qwen3-32B,c4,61,37,2048,0.001698
Qwen/Qwen3-32B,c4,61,38,128,0.108084
Qwen/Qwen3-32B,c4,61,38,512,0.063304
Qwen/Qwen3-32B,c4,61,38,2048,0.004547
Qwen/Qwen3-32B,c4,61,39,128,0.085784
Qwen/Qwen3-32B,c4,61,39,512,0.056971
Qwen/Qwen3-32B,c4,61,39,2048,0.002781
Qwen/Qwen3-32B,c4,61,40,128,0.149339
Qwen/Qwen3-32B,c4,61,40,512,0.106578
Qwen/Qwen3-32B,c4,61,40,2048,0.014365
Qwen/Qwen3-32B,c4,61,41,128,0.258233
Qwen/Qwen3-32B,c4,61,41,512,0.137067
Qwen/Qwen3-32B,c4,61,41,2048,0.025834
Qwen/Qwen3-32B,c4,61,42,128,0.179669
Qwen/Qwen3-32B,c4,61,42,512,0.105158
Qwen/Qwen3-32B,c4,61,42,2048,0.015734
Qwen/Qwen3-32B,c4,61,43,128,0.114802
Qwen/Qwen3-32B,c4,61,43,512,0.084128
Qwen/Qwen3-32B,c4,61,43,2048,0.009878
Qwen/Qwen3-32B,c4,61,44,128,0.145545
Qwen/Qwen3-32B,c4,61,44,512,0.079901
Qwen/Qwen3-32B,c4,61,44,2048,0.008025
Qwen/Qwen3-32B,c4,61,45,128,0.220289
Qwen/Qwen3-32B,c4,61,45,512,0.115245
Qwen/Qwen3-32B,c4,61,45,2048,0.019271
Qwen/Qwen3-32B,c4,61,46,128,0.195170
Qwen/Qwen3-32B,c4,61,46,512,0.115525
Qwen/Qwen3-32B,c4,61,46,2048,0.016061
Qwen/Qwen3-32B,c4,61,47,128,0.124634
Qwen/Qwen3-32B,c4,61,47,512,0.089446
Qwen/Qwen3-32B,c4,61,47,2048,0.010760
Qwen/Qwen3-32B,c4,61,48,128,0.083882
Qwen/Qwen3-32B,c4,61,48,512,0.059206
Qwen/Qwen3-32B,c4,61,48,2048,0.002573
Qwen/Qwen3-32B,c4,61,49,128,0.052211
Qwen/Qwen3-32B,c4,61,49,512,0.041874
Qwen/Qwen3-32B,c4,61,49,2048,0.001125
Qwen/Qwen3-32B,c4,61,50,128,0.043644
Qwen/Qwen3-32B,c4,61,50,512,0.033584
Qwen/Qwen3-32B,c4,61,50,2048,0.000961
Qwen/Qwen3-32B,c4,61,51,128,0.163657
Qwen/Qwen3-32B,c4,61,51,512,0.093257
Qwen/Qwen3-32B,c4,61,51,2048,0.008501
Qwen/Qwen3-32B,c4,61,52,128,0.065614
Qwen/Qwen3-32B,c4,61,52,512,0.052026
Qwen/Qwen3-32B,c4,61,52,2048,0.001729
Qwen/Qwen3-32B,c4,61,53,128,0.088273
Qwen/Qwen3-32B,c4,61,53,512,0.059069
Qwen/Qwen3-32B,c4,61,53,2048,0.004781
Qwen/Qwen3-32B,c4,61,54,128,0.079980
Qwen/Qwen3-32B,c4,61,54,512,0.059644
Qwen/Qwen3-32B,c4,61,54,2048,0.002977
Qwen/Qwen3-32B,c4,61,55,128,0.062967
Qwen/Qwen3-32B,c4,61,55,512,0.048081
Qwen/Qwen3-32B,c4,61,55,2048,0.003063
Qwen/Qwen3-32B,c4,61,56,128,0.062710
Qwen/Qwen3-32B,c4,61,56,512,0.046972
Qwen/Qwen3-32B,c4,61,56,2048,0.001811
Qwen/Qwen3-32B,c4,61,57,128,0.066740
Qwen/Qwen3-32B,c4,61,57,512,0.051945
Qwen/Qwen3-32B,c4,61,57,2048,0.001094
Qwen/Qwen3-32B,c4,61,58,128,0.060636
Qwen/Qwen3-32B,c4,61,58,512,0.046861
Qwen/Qwen3-32B,c4,61,58,2048,0.001046
Qwen/Qwen3-32B,c4,61,59,128,0.069814
Qwen/Qwen3-32B,c4,61,59,512,0.050767
Qwen/Qwen3-32B,c4,61,59,2048,0.001477
Qwen/Qwen3-32B,c4,61,60,128,0.081202
Qwen/Qwen3-32B,c4,61,60,512,0.057579
Qwen/Qwen3-32B,c4,61,60,2048,0.001743
Qwen/Qwen3-32B,c4,61,61,128,0.093744
Qwen/Qwen3-32B,c4,61,61,512,0.064060
Qwen/Qwen3-32B,c4,61,61,2048,0.001561
Qwen/Qwen3-32B,c4,61,62,128,0.060570
Qwen/Qwen3-32B,c4,61,62,512,0.048086
Qwen/Qwen3-32B,c4,61,62,2048,0.000882
Qwen/Qwen3-32B,c4,61,63,128,0.058404
Qwen/Qwen3-32B,c4,61,63,512,0.046467
Qwen/Qwen3-32B,c4,61,63,2048,0.000913
Qwen/Qwen3-32B,c4,62,0,128,0.187616
Qwen/Qwen3-32B,c4,62,0,512,0.075528
Qwen/Qwen3-32B,c4,62,0,2048,0.003871
Qwen/Qwen3-32B,c4,62,1,128,0.045273
Qwen/Qwen3-32B,c4,62,1,512,0.036736
Qwen/Qwen3-32B,c4,62,1,2048,0.000583
Qwen/Qwen3-32B,c4,62,2,128,0.056348
Qwen/Qwen3-32B,c4,62,2,512,0.046649
Qwen/Qwen3-32B,c4,62,2,2048,0.000641
Qwen/Qwen3-32B,c4,62,3,128,0.068862
Qwen/Qwen3-32B,c4,62,3,512,0.034702
Qwen/Qwen3-32B,c4,62,3,2048,0.000929
Qwen/Qwen3-32B,c4,62,4,128,0.058445
Qwen/Qwen3-32B,c4,62,4,512,0.047162
Qwen/Qwen3-32B,c4,62,4,2048,0.000736
Qwen/Qwen3-32B,c4,62,5,128,0.056395
Qwen/Qwen3-32B,c4,62,5,512,0.046297
Qwen/Qwen3-32B,c4,62,5,2048,0.000775
Qwen/Qwen3-32B,c4,62,6,128,0.071205
Qwen/Qwen3-32B,c4,62,6,512,0.055394
Qwen/Qwen3-32B,c4,62,6,2048,0.000806
Qwen/Qwen3-32B,c4,62,7,128,0.055087
Qwen/Qwen3-32B,c4,62,7,512,0.043886
Qwen/Qwen3-32B,c4,62,7,2048,0.000783
Qwen/Qwen3-32B,c4,62,8,128,0.092995
Qwen/Qwen3-32B,c4,62,8,512,0.069675
Qwen/Qwen3-32B,c4,62,8,2048,0.002989
Qwen/Qwen3-32B,c4,62,9,128,0.052529
Qwen/Qwen3-32B,c4,62,9,512,0.041281
Qwen/Qwen3-32B,c4,62,9,2048,0.000912
Qwen/Qwen3-32B,c4,62,10,128,0.061069
Qwen/Qwen3-32B,c4,62,10,512,0.047733
Qwen/Qwen3-32B,c4,62,10,2048,0.001423
Qwen/Qwen3-32B,c4,62,11,128,0.105424
Qwen/Qwen3-32B,c4,62,11,512,0.075816
Qwen/Qwen3-32B,c4,62,11,2048,0.003790
Qwen/Qwen3-32B,c4,62,12,128,0.054197
Qwen/Qwen3-32B,c4,62,12,512,0.042589
Qwen/Qwen3-32B,c4,62,12,2048,0.000839
Qwen/Qwen3-32B,c4,62,13,128,0.093701
Qwen/Qwen3-32B,c4,62,13,512,0.066772
Qwen/Qwen3-32B,c4,62,13,2048,0.003219
Qwen/Qwen3-32B,c4,62,14,128,0.194787
Qwen/Qwen3-32B,c4,62,14,512,0.105781
Qwen/Qwen3-32B,c4,62,14,2048,0.011193
Qwen/Qwen3-32B,c4,62,15,128,0.081326
Qwen/Qwen3-32B,c4,62,15,512,0.059362
Qwen/Qwen3-32B,c4,62,15,2048,0.004250
Qwen/Qwen3-32B,c4,62,16,128,0.072070
Qwen/Qwen3-32B,c4,62,16,512,0.057944
Qwen/Qwen3-32B,c4,62,16,2048,0.000921
Qwen/Qwen3-32B,c4,62,17,128,0.054225
Qwen/Qwen3-32B,c4,62,17,512,0.044121
Qwen/Qwen3-32B,c4,62,17,2048,0.001136
Qwen/Qwen3-32B,c4,62,18,128,0.062373
Qwen/Qwen3-32B,c4,62,18,512,0.050257
Qwen/Qwen3-32B,c4,62,18,2048,0.001269
Qwen/Qwen3-32B,c4,62,19,128,0.086437
Qwen/Qwen3-32B,c4,62,19,512,0.067922
Qwen/Qwen3-32B,c4,62,19,2048,0.001716
Qwen/Qwen3-32B,c4,62,20,128,0.135937
Qwen/Qwen3-32B,c4,62,20,512,0.086861
Qwen/Qwen3-32B,c4,62,20,2048,0.006564
Qwen/Qwen3-32B,c4,62,21,128,0.125189
Qwen/Qwen3-32B,c4,62,21,512,0.084316
Qwen/Qwen3-32B,c4,62,21,2048,0.004807
Qwen/Qwen3-32B,c4,62,22,128,0.095135
Qwen/Qwen3-32B,c4,62,22,512,0.072031
Qwen/Qwen3-32B,c4,62,22,2048,0.001568
Qwen/Qwen3-32B,c4,62,23,128,0.119664
Qwen/Qwen3-32B,c4,62,23,512,0.079999
Qwen/Qwen3-32B,c4,62,23,2048,0.005834
Qwen/Qwen3-32B,c4,62,24,128,0.068860
Qwen/Qwen3-32B,c4,62,24,512,0.057869
Qwen/Qwen3-32B,c4,62,24,2048,0.001131
Qwen/Qwen3-32B,c4,62,25,128,0.230034
Qwen/Qwen3-32B,c4,62,25,512,0.082978
Qwen/Qwen3-32B,c4,62,25,2048,0.010086
Qwen/Qwen3-32B,c4,62,26,128,0.060057
Qwen/Qwen3-32B,c4,62,26,512,0.049946
Qwen/Qwen3-32B,c4,62,26,2048,0.000766
Qwen/Qwen3-32B,c4,62,27,128,0.058391
Qwen/Qwen3-32B,c4,62,27,512,0.046832
Qwen/Qwen3-32B,c4,62,27,2048,0.000888
Qwen/Qwen3-32B,c4,62,28,128,0.098163
Qwen/Qwen3-32B,c4,62,28,512,0.046601
Qwen/Qwen3-32B,c4,62,28,2048,0.002677
Qwen/Qwen3-32B,c4,62,29,128,0.080446
Qwen/Qwen3-32B,c4,62,29,512,0.065056
Qwen/Qwen3-32B,c4,62,29,2048,0.001633
Qwen/Qwen3-32B,c4,62,30,128,0.222158
Qwen/Qwen3-32B,c4,62,30,512,0.119174
Qwen/Qwen3-32B,c4,62,30,2048,0.009947
Qwen/Qwen3-32B,c4,62,31,128,0.111056
Qwen/Qwen3-32B,c4,62,31,512,0.069042
Qwen/Qwen3-32B,c4,62,31,2048,0.002218
Qwen/Qwen3-32B,c4,62,32,128,0.226942
Qwen/Qwen3-32B,c4,62,32,512,0.106060
Qwen/Qwen3-32B,c4,62,32,2048,0.013550
Qwen/Qwen3-32B,c4,62,33,128,0.118245
Qwen/Qwen3-32B,c4,62,33,512,0.076561
Qwen/Qwen3-32B,c4,62,33,2048,0.004300
Qwen/Qwen3-32B,c4,62,34,128,0.134761
Qwen/Qwen3-32B,c4,62,34,512,0.057392
Qwen/Qwen3-32B,c4,62,34,2048,0.005933
Qwen/Qwen3-32B,c4,62,35,128,0.111849
Qwen/Qwen3-32B,c4,62,35,512,0.052583
Qwen/Qwen3-32B,c4,62,35,2048,0.005438
Qwen/Qwen3-32B,c4,62,36,128,0.149089
Qwen/Qwen3-32B,c4,62,36,512,0.069433
Qwen/Qwen3-32B,c4,62,36,2048,0.005911
Qwen/Qwen3-32B,c4,62,37,128,0.244065
Qwen/Qwen3-32B,c4,62,37,512,0.091833
Qwen/Qwen3-32B,c4,62,37,2048,0.012856
Qwen/Qwen3-32B,c4,62,38,128,0.149070
Qwen/Qwen3-32B,c4,62,38,512,0.081939
Qwen/Qwen3-32B,c4,62,38,2048,0.007012
Qwen/Qwen3-32B,c4,62,39,128,0.169008
Qwen/Qwen3-32B,c4,62,39,512,0.066455
Qwen/Qwen3-32B,c4,62,39,2048,0.006157
Qwen/Qwen3-32B,c4,62,40,128,0.159759
Qwen/Qwen3-32B,c4,62,40,512,0.082876
Qwen/Qwen3-32B,c4,62,40,2048,0.006530
Qwen/Qwen3-32B,c4,62,41,128,0.084597
Qwen/Qwen3-32B,c4,62,41,512,0.064910
Qwen/Qwen3-32B,c4,62,41,2048,0.002313
Qwen/Qwen3-32B,c4,62,42,128,0.144131
Qwen/Qwen3-32B,c4,62,42,512,0.114829
Qwen/Qwen3-32B,c4,62,42,2048,0.003013
Qwen/Qwen3-32B,c4,62,43,128,0.392052
Qwen/Qwen3-32B,c4,62,43,512,0.181010
Qwen/Qwen3-32B,c4,62,43,2048,0.016453
Qwen/Qwen3-32B,c4,62,44,128,0.232433
Qwen/Qwen3-32B,c4,62,44,512,0.105903
Qwen/Qwen3-32B,c4,62,44,2048,0.013006
Qwen/Qwen3-32B,c4,62,45,128,0.111266
Qwen/Qwen3-32B,c4,62,45,512,0.082452
Qwen/Qwen3-32B,c4,62,45,2048,0.002460
Qwen/Qwen3-32B,c4,62,46,128,0.150961
Qwen/Qwen3-32B,c4,62,46,512,0.057960
Qwen/Qwen3-32B,c4,62,46,2048,0.004905
Qwen/Qwen3-32B,c4,62,47,128,0.121666
Qwen/Qwen3-32B,c4,62,47,512,0.091687
Qwen/Qwen3-32B,c4,62,47,2048,0.002163
Qwen/Qwen3-32B,c4,62,48,128,0.114771
Qwen/Qwen3-32B,c4,62,48,512,0.081886
Qwen/Qwen3-32B,c4,62,48,2048,0.004514
Qwen/Qwen3-32B,c4,62,49,128,0.112169
Qwen/Qwen3-32B,c4,62,49,512,0.074291
Qwen/Qwen3-32B,c4,62,49,2048,0.005802
Qwen/Qwen3-32B,c4,62,50,128,0.202475
Qwen/Qwen3-32B,c4,62,50,512,0.129582
Qwen/Qwen3-32B,c4,62,50,2048,0.020113
Qwen/Qwen3-32B,c4,62,51,128,0.233528
Qwen/Qwen3-32B,c4,62,51,512,0.126236
Qwen/Qwen3-32B,c4,62,51,2048,0.019408
Qwen/Qwen3-32B,c4,62,52,128,0.325739
Qwen/Qwen3-32B,c4,62,52,512,0.184435
Qwen/Qwen3-32B,c4,62,52,2048,0.029361
Qwen/Qwen3-32B,c4,62,53,128,0.110538
Qwen/Qwen3-32B,c4,62,53,512,0.085056
Qwen/Qwen3-32B,c4,62,53,2048,0.009534
Qwen/Qwen3-32B,c4,62,54,128,0.158269
Qwen/Qwen3-32B,c4,62,54,512,0.096118
Qwen/Qwen3-32B,c4,62,54,2048,0.004381
Qwen/Qwen3-32B,c4,62,55,128,0.280509
Qwen/Qwen3-32B,c4,62,55,512,0.134297
Qwen/Qwen3-32B,c4,62,55,2048,0.013496
Qwen/Qwen3-32B,c4,62,56,128,0.251086
Qwen/Qwen3-32B,c4,62,56,512,0.125033
Qwen/Qwen3-32B,c4,62,56,2048,0.016378
Qwen/Qwen3-32B,c4,62,57,128,0.189810
Qwen/Qwen3-32B,c4,62,57,512,0.115173
Qwen/Qwen3-32B,c4,62,57,2048,0.018599
Qwen/Qwen3-32B,c4,62,58,128,0.212097
Qwen/Qwen3-32B,c4,62,58,512,0.119395
Qwen/Qwen3-32B,c4,62,58,2048,0.015457
Qwen/Qwen3-32B,c4,62,59,128,0.228503
Qwen/Qwen3-32B,c4,62,59,512,0.124614
Qwen/Qwen3-32B,c4,62,59,2048,0.017468
Qwen/Qwen3-32B,c4,62,60,128,0.202968
Qwen/Qwen3-32B,c4,62,60,512,0.117543
Qwen/Qwen3-32B,c4,62,60,2048,0.015207
Qwen/Qwen3-32B,c4,62,61,128,0.206974
Qwen/Qwen3-32B,c4,62,61,512,0.121214
Qwen/Qwen3-32B,c4,62,61,2048,0.011969
Qwen/Qwen3-32B,c4,62,62,128,0.225554
Qwen/Qwen3-32B,c4,62,62,512,0.125841
Qwen/Qwen3-32B,c4,62,62,2048,0.017456
Qwen/Qwen3-32B,c4,62,63,128,0.167486
Qwen/Qwen3-32B,c4,62,63,512,0.115848
Qwen/Qwen3-32B,c4,62,63,2048,0.011532
Qwen/Qwen3-32B,c4,63,0,128,0.073504
Qwen/Qwen3-32B,c4,63,0,512,0.038110
Qwen/Qwen3-32B,c4,63,0,2048,0.013732
Qwen/Qwen3-32B,c4,63,1,128,0.140054
Qwen/Qwen3-32B,c4,63,1,512,0.053195
Qwen/Qwen3-32B,c4,63,1,2048,0.011344
Qwen/Qwen3-32B,c4,63,2,128,0.056493
Qwen/Qwen3-32B,c4,63,2,512,0.028327
Qwen/Qwen3-32B,c4,63,2,2048,0.006929
Qwen/Qwen3-32B,c4,63,3,128,0.075991
Qwen/Qwen3-32B,c4,63,3,512,0.043970
Qwen/Qwen3-32B,c4,63,3,2048,0.015079
Qwen/Qwen3-32B,c4,63,4,128,0.045423
Qwen/Qwen3-32B,c4,63,4,512,0.022366
Qwen/Qwen3-32B,c4,63,4,2048,0.004975
Qwen/Qwen3-32B,c4,63,5,128,0.075746
Qwen/Qwen3-32B,c4,63,5,512,0.044414
Qwen/Qwen3-32B,c4,63,5,2048,0.014095
Qwen/Qwen3-32B,c4,63,6,128,0.077203
Qwen/Qwen3-32B,c4,63,6,512,0.043583
Qwen/Qwen3-32B,c4,63,6,2048,0.012177
Qwen/Qwen3-32B,c4,63,7,128,0.314247
Qwen/Qwen3-32B,c4,63,7,512,0.159628
Qwen/Qwen3-32B,c4,63,7,2048,0.032070
Qwen/Qwen3-32B,c4,63,8,128,0.122068
Qwen/Qwen3-32B,c4,63,8,512,0.049713
Qwen/Qwen3-32B,c4,63,8,2048,0.007360
Qwen/Qwen3-32B,c4,63,9,128,0.170444
Qwen/Qwen3-32B,c4,63,9,512,0.084947
Qwen/Qwen3-32B,c4,63,9,2048,0.017063
Qwen/Qwen3-32B,c4,63,10,128,0.092047
Qwen/Qwen3-32B,c4,63,10,512,0.047946
Qwen/Qwen3-32B,c4,63,10,2048,0.010671
Qwen/Qwen3-32B,c4,63,11,128,0.047082
Qwen/Qwen3-32B,c4,63,11,512,0.020522
Qwen/Qwen3-32B,c4,63,11,2048,0.006346
Qwen/Qwen3-32B,c4,63,12,128,0.052765
Qwen/Qwen3-32B,c4,63,12,512,0.026937
Qwen/Qwen3-32B,c4,63,12,2048,0.007171
Qwen/Qwen3-32B,c4,63,13,128,0.058716
Qwen/Qwen3-32B,c4,63,13,512,0.030617
Qwen/Qwen3-32B,c4,63,13,2048,0.010375
Qwen/Qwen3-32B,c4,63,14,128,0.101353
Qwen/Qwen3-32B,c4,63,14,512,0.054600
Qwen/Qwen3-32B,c4,63,14,2048,0.009981
Qwen/Qwen3-32B,c4,63,15,128,0.057259
Qwen/Qwen3-32B,c4,63,15,512,0.032793
Qwen/Qwen3-32B,c4,63,15,2048,0.008628
Qwen/Qwen3-32B,c4,63,16,128,0.109250
Qwen/Qwen3-32B,c4,63,16,512,0.061196
Qwen/Qwen3-32B,c4,63,16,2048,0.010530
Qwen/Qwen3-32B,c4,63,17,128,0.080958
Qwen/Qwen3-32B,c4,63,17,512,0.047227
Qwen/Qwen3-32B,c4,63,17,2048,0.008022
Qwen/Qwen3-32B,c4,63,18,128,0.116282
Qwen/Qwen3-32B,c4,63,18,512,0.053574
Qwen/Qwen3-32B,c4,63,18,2048,0.010236
Qwen/Qwen3-32B,c4,63,19,128,0.119435
Qwen/Qwen3-32B,c4,63,19,512,0.055006
Qwen/Qwen3-32B,c4,63,19,2048,0.008464
Qwen/Qwen3-32B,c4,63,20,128,0.052316
Qwen/Qwen3-32B,c4,63,20,512,0.032009
Qwen/Qwen3-32B,c4,63,20,2048,0.005490
Qwen/Qwen3-32B,c4,63,21,128,0.034888
Qwen/Qwen3-32B,c4,63,21,512,0.019041
Qwen/Qwen3-32B,c4,63,21,2048,0.002483
Qwen/Qwen3-32B,c4,63,22,128,0.144725
Qwen/Qwen3-32B,c4,63,22,512,0.066991
Qwen/Qwen3-32B,c4,63,22,2048,0.012780
Qwen/Qwen3-32B,c4,63,23,128,0.191510
Qwen/Qwen3-32B,c4,63,23,512,0.089353
Qwen/Qwen3-32B,c4,63,23,2048,0.019135
Qwen/Qwen3-32B,c4,63,24,128,0.131284
Qwen/Qwen3-32B,c4,63,24,512,0.078993
Qwen/Qwen3-32B,c4,63,24,2048,0.022524
Qwen/Qwen3-32B,c4,63,25,128,0.272153
Qwen/Qwen3-32B,c4,63,25,512,0.154025
Qwen/Qwen3-32B,c4,63,25,2048,0.028347
Qwen/Qwen3-32B,c4,63,26,128,0.146970
Qwen/Qwen3-32B,c4,63,26,512,0.087187
Qwen/Qwen3-32B,c4,63,26,2048,0.023241
Qwen/Qwen3-32B,c4,63,27,128,0.081519
Qwen/Qwen3-32B,c4,63,27,512,0.043738
Qwen/Qwen3-32B,c4,63,27,2048,0.011289
Qwen/Qwen3-32B,c4,63,28,128,0.069985
Qwen/Qwen3-32B,c4,63,28,512,0.034162
Qwen/Qwen3-32B,c4,63,28,2048,0.004899
Qwen/Qwen3-32B,c4,63,29,128,0.174803
Qwen/Qwen3-32B,c4,63,29,512,0.095179
Qwen/Qwen3-32B,c4,63,29,2048,0.016836
Qwen/Qwen3-32B,c4,63,30,128,0.214541
Qwen/Qwen3-32B,c4,63,30,512,0.118296
Qwen/Qwen3-32B,c4,63,30,2048,0.021699
Qwen/Qwen3-32B,c4,63,31,128,0.055103
Qwen/Qwen3-32B,c4,63,31,512,0.031076
Qwen/Qwen3-32B,c4,63,31,2048,0.011896
Qwen/Qwen3-32B,c4,63,32,128,0.211162
Qwen/Qwen3-32B,c4,63,32,512,0.095844
Qwen/Qwen3-32B,c4,63,32,2048,0.018412
Qwen/Qwen3-32B,c4,63,33,128,0.087395
Qwen/Qwen3-32B,c4,63,33,512,0.042142
Qwen/Qwen3-32B,c4,63,33,2048,0.007012
Qwen/Qwen3-32B,c4,63,34,128,0.212493
Qwen/Qwen3-32B,c4,63,34,512,0.078738
Qwen/Qwen3-32B,c4,63,34,2048,0.015894
Qwen/Qwen3-32B,c4,63,35,128,0.119743
Qwen/Qwen3-32B,c4,63,35,512,0.054964
Qwen/Qwen3-32B,c4,63,35,2048,0.012048
Qwen/Qwen3-32B,c4,63,36,128,0.048038
Qwen/Qwen3-32B,c4,63,36,512,0.021483
Qwen/Qwen3-32B,c4,63,36,2048,0.005684
Qwen/Qwen3-32B,c4,63,37,128,0.131797
Qwen/Qwen3-32B,c4,63,37,512,0.045029
Qwen/Qwen3-32B,c4,63,37,2048,0.006547
Qwen/Qwen3-32B,c4,63,38,128,0.088556
Qwen/Qwen3-32B,c4,63,38,512,0.049772
Qwen/Qwen3-32B,c4,63,38,2048,0.012455
Qwen/Qwen3-32B,c4,63,39,128,0.063599
Qwen/Qwen3-32B,c4,63,39,512,0.027347
Qwen/Qwen3-32B,c4,63,39,2048,0.005866
Qwen/Qwen3-32B,c4,63,40,128,0.063682
Qwen/Qwen3-32B,c4,63,40,512,0.030355
Qwen/Qwen3-32B,c4,63,40,2048,0.006055
Qwen/Qwen3-32B,c4,63,41,128,0.160760
Qwen/Qwen3-32B,c4,63,41,512,0.089504
Qwen/Qwen3-32B,c4,63,41,2048,0.020278
Qwen/Qwen3-32B,c4,63,42,128,0.115633
Qwen/Qwen3-32B,c4,63,42,512,0.057768
Qwen/Qwen3-32B,c4,63,42,2048,0.014228
Qwen/Qwen3-32B,c4,63,43,128,0.037841
Qwen/Qwen3-32B,c4,63,43,512,0.018654
Qwen/Qwen3-32B,c4,63,43,2048,0.004106
Qwen/Qwen3-32B,c4,63,44,128,0.059285
Qwen/Qwen3-32B,c4,63,44,512,0.032256
Qwen/Qwen3-32B,c4,63,44,2048,0.008759
Qwen/Qwen3-32B,c4,63,45,128,0.053573
Qwen/Qwen3-32B,c4,63,45,512,0.031408
Qwen/Qwen3-32B,c4,63,45,2048,0.007495
Qwen/Qwen3-32B,c4,63,46,128,0.066325
Qwen/Qwen3-32B,c4,63,46,512,0.033511
Qwen/Qwen3-32B,c4,63,46,2048,0.008120
Qwen/Qwen3-32B,c4,63,47,128,0.050080
Qwen/Qwen3-32B,c4,63,47,512,0.026666
Qwen/Qwen3-32B,c4,63,47,2048,0.007186
Qwen/Qwen3-32B,c4,63,48,128,0.156365
Qwen/Qwen3-32B,c4,63,48,512,0.089291
Qwen/Qwen3-32B,c4,63,48,2048,0.018916
Qwen/Qwen3-32B,c4,63,49,128,0.096859
Qwen/Qwen3-32B,c4,63,49,512,0.048495
Qwen/Qwen3-32B,c4,63,49,2048,0.010425
Qwen/Qwen3-32B,c4,63,50,128,0.098506
Qwen/Qwen3-32B,c4,63,50,512,0.059394
Qwen/Qwen3-32B,c4,63,50,2048,0.016463
Qwen/Qwen3-32B,c4,63,51,128,0.104116
Qwen/Qwen3-32B,c4,63,51,512,0.068506
Qwen/Qwen3-32B,c4,63,51,2048,0.018217
Qwen/Qwen3-32B,c4,63,52,128,0.055962
Qwen/Qwen3-32B,c4,63,52,512,0.031365
Qwen/Qwen3-32B,c4,63,52,2048,0.009237
Qwen/Qwen3-32B,c4,63,53,128,0.044089
Qwen/Qwen3-32B,c4,63,53,512,0.030806
Qwen/Qwen3-32B,c4,63,53,2048,0.007203
Qwen/Qwen3-32B,c4,63,54,128,0.126888
Qwen/Qwen3-32B,c4,63,54,512,0.070461
Qwen/Qwen3-32B,c4,63,54,2048,0.021050
Qwen/Qwen3-32B,c4,63,55,128,0.182393
Qwen/Qwen3-32B,c4,63,55,512,0.105424
Qwen/Qwen3-32B,c4,63,55,2048,0.027769
Qwen/Qwen3-32B,c4,63,56,128,0.459215
Qwen/Qwen3-32B,c4,63,56,512,0.203239
Qwen/Qwen3-32B,c4,63,56,2048,0.061366
Qwen/Qwen3-32B,c4,63,57,128,0.122378
Qwen/Qwen3-32B,c4,63,57,512,0.038731
Qwen/Qwen3-32B,c4,63,57,2048,0.009231
Qwen/Qwen3-32B,c4,63,58,128,0.466525
Qwen/Qwen3-32B,c4,63,58,512,0.228324
Qwen/Qwen3-32B,c4,63,58,2048,0.056046
Qwen/Qwen3-32B,c4,63,59,128,0.056101
Qwen/Qwen3-32B,c4,63,59,512,0.022629
Qwen/Qwen3-32B,c4,63,59,2048,0.006069
Qwen/Qwen3-32B,c4,63,60,128,0.032034
Qwen/Qwen3-32B,c4,63,60,512,0.019309
Qwen/Qwen3-32B,c4,63,60,2048,0.005914
Qwen/Qwen3-32B,c4,63,61,128,0.107201
Qwen/Qwen3-32B,c4,63,61,512,0.053615
Qwen/Qwen3-32B,c4,63,61,2048,0.020269
Qwen/Qwen3-32B,c4,63,62,128,0.492447
Qwen/Qwen3-32B,c4,63,62,512,0.227918
Qwen/Qwen3-32B,c4,63,62,2048,0.061005
Qwen/Qwen3-32B,c4,63,63,128,0.555453
Qwen/Qwen3-32B,c4,63,63,512,0.354420
Qwen/Qwen3-32B,c4,63,63,2048,0.111733
