model,refs,layer,head,window,beyond_mass
Qwen/Qwen3-8B,cnndm,0,0,128,0.478950
Qwen/Qwen3-8B,cnndm,0,0,512,0.307502
Qwen/Qwen3-8B,cnndm,0,0,2048,0.138624
Qwen/Qwen3-8B,cnndm,0,0,4096,0.063703
Qwen/Qwen3-8B,cnndm,0,1,128,0.057126
Qwen/Qwen3-8B,cnndm,0,1,512,0.038525
Qwen/Qwen3-8B,cnndm,0,1,2048,0.009828
Qwen/Qwen3-8B,cnndm,0,1,4096,0.003212
Qwen/Qwen3-8B,cnndm,0,2,128,0.286747
Qwen/Qwen3-8B,cnndm,0,2,512,0.227740
Qwen/Qwen3-8B,cnndm,0,2,2048,0.138126
Qwen/Qwen3-8B,cnndm,0,2,4096,0.080369
Qwen/Qwen3-8B,cnndm,0,3,128,0.569090
Qwen/Qwen3-8B,cnndm,0,3,512,0.380257
Qwen/Qwen3-8B,cnndm,0,3,2048,0.159396
Qwen/Qwen3-8B,cnndm,0,3,4096,0.093163
Qwen/Qwen3-8B,cnndm,0,4,128,0.127852
Qwen/Qwen3-8B,cnndm,0,4,512,0.071592
Qwen/Qwen3-8B,cnndm,0,4,2048,0.022935
Qwen/Qwen3-8B,cnndm,0,4,4096,0.002501
Qwen/Qwen3-8B,cnndm,0,5,128,0.432717
Qwen/Qwen3-8B,cnndm,0,5,512,0.340903
Qwen/Qwen3-8B,cnndm,0,5,2048,0.068385
Qwen/Qwen3-8B,cnndm,0,5,4096,0.025344
Qwen/Qwen3-8B,cnndm,0,6,128,0.093591
Qwen/Qwen3-8B,cnndm,0,6,512,0.060637
Qwen/Qwen3-8B,cnndm,0,6,2048,0.022142
Qwen/Qwen3-8B,cnndm,0,6,4096,0.001836
Qwen/Qwen3-8B,cnndm,0,7,128,0.118402
Qwen/Qwen3-8B,cnndm,0,7,512,0.074207
Qwen/Qwen3-8B,cnndm,0,7,2048,0.032851
Qwen/Qwen3-8B,cnndm,0,7,4096,0.002586
Qwen/Qwen3-8B,cnndm,0,8,128,0.311020
Qwen/Qwen3-8B,cnndm,0,8,512,0.211273
Qwen/Qwen3-8B,cnndm,0,8,2048,0.059022
Qwen/Qwen3-8B,cnndm,0,8,4096,0.008973
Qwen/Qwen3-8B,cnndm,0,9,128,0.133496
Qwen/Qwen3-8B,cnndm,0,9,512,0.091506
Qwen/Qwen3-8B,cnndm,0,9,2048,0.037302
Qwen/Qwen3-8B,cnndm,0,9,4096,0.005971
Qwen/Qwen3-8B,cnndm,0,10,128,0.077961
Qwen/Qwen3-8B,cnndm,0,10,512,0.049134
Qwen/Qwen3-8B,cnndm,0,10,2048,0.022070
Qwen/Qwen3-8B,cnndm,0,10,4096,0.002026
Qwen/Qwen3-8B,cnndm,0,11,128,0.095692
Qwen/Qwen3-8B,cnndm,0,11,512,0.056320
Qwen/Qwen3-8B,cnndm,0,11,2048,0.034411
Qwen/Qwen3-8B,cnndm,0,11,4096,0.002586
Qwen/Qwen3-8B,cnndm,0,12,128,0.261871
Qwen/Qwen3-8B,cnndm,0,12,512,0.166267
Qwen/Qwen3-8B,cnndm,0,12,2048,0.067474
Qwen/Qwen3-8B,cnndm,0,12,4096,0.025306
Qwen/Qwen3-8B,cnndm,0,13,128,0.523874
Qwen/Qwen3-8B,cnndm,0,13,512,0.335889
Qwen/Qwen3-8B,cnndm,0,13,2048,0.158174
Qwen/Qwen3-8B,cnndm,0,13,4096,0.061456
Qwen/Qwen3-8B,cnndm,0,14,128,0.466662
Qwen/Qwen3-8B,cnndm,0,14,512,0.299441
Qwen/Qwen3-8B,cnndm,0,14,2048,0.128846
Qwen/Qwen3-8B,cnndm,0,14,4096,0.047533
Qwen/Qwen3-8B,cnndm,0,15,128,0.253613
Qwen/Qwen3-8B,cnndm,0,15,512,0.194714
Qwen/Qwen3-8B,cnndm,0,15,2048,0.094248
Qwen/Qwen3-8B,cnndm,0,15,4096,0.057596
Qwen/Qwen3-8B,cnndm,0,16,128,0.180998
Qwen/Qwen3-8B,cnndm,0,16,512,0.106182
Qwen/Qwen3-8B,cnndm,0,16,2048,0.035310
Qwen/Qwen3-8B,cnndm,0,16,4096,0.004828
Qwen/Qwen3-8B,cnndm,0,17,128,0.206358
Qwen/Qwen3-8B,cnndm,0,17,512,0.119963
Qwen/Qwen3-8B,cnndm,0,17,2048,0.036993
Qwen/Qwen3-8B,cnndm,0,17,4096,0.004585
Qwen/Qwen3-8B,cnndm,0,18,128,0.193509
Qwen/Qwen3-8B,cnndm,0,18,512,0.098524
Qwen/Qwen3-8B,cnndm,0,18,2048,0.037444
Qwen/Qwen3-8B,cnndm,0,18,4096,0.003498
Qwen/Qwen3-8B,cnndm,0,19,128,0.168567
Qwen/Qwen3-8B,cnndm,0,19,512,0.087960
Qwen/Qwen3-8B,cnndm,0,19,2048,0.037885
Qwen/Qwen3-8B,cnndm,0,19,4096,0.004259
Qwen/Qwen3-8B,cnndm,0,20,128,0.243076
Qwen/Qwen3-8B,cnndm,0,20,512,0.172772
Qwen/Qwen3-8B,cnndm,0,20,2048,0.068920
Qwen/Qwen3-8B,cnndm,0,20,4096,0.014737
Qwen/Qwen3-8B,cnndm,0,21,128,0.343620
Qwen/Qwen3-8B,cnndm,0,21,512,0.246859
Qwen/Qwen3-8B,cnndm,0,21,2048,0.104571
Qwen/Qwen3-8B,cnndm,0,21,4096,0.028396
Qwen/Qwen3-8B,cnndm,0,22,128,0.144181
Qwen/Qwen3-8B,cnndm,0,22,512,0.109764
Qwen/Qwen3-8B,cnndm,0,22,2048,0.052692
Qwen/Qwen3-8B,cnndm,0,22,4096,0.017113
Qwen/Qwen3-8B,cnndm,0,23,128,0.197459
Qwen/Qwen3-8B,cnndm,0,23,512,0.127100
Qwen/Qwen3-8B,cnndm,0,23,2048,0.050892
Qwen/Qwen3-8B,cnndm,0,23,4096,0.010053
Qwen/Qwen3-8B,cnndm,0,24,128,0.057523
Qwen/Qwen3-8B,cnndm,0,24,512,0.042031
Qwen/Qwen3-8B,cnndm,0,24,2048,0.009626
Qwen/Qwen3-8B,cnndm,0,24,4096,0.001622
Qwen/Qwen3-8B,cnndm,0,25,128,0.812162
Qwen/Qwen3-8B,cnndm,0,25,512,0.628949
Qwen/Qwen3-8B,cnndm,0,25,2048,0.351936
Qwen/Qwen3-8B,cnndm,0,25,4096,0.278901
Qwen/Qwen3-8B,cnndm,0,26,128,0.224604
Qwen/Qwen3-8B,cnndm,0,26,512,0.126875
Qwen/Qwen3-8B,cnndm,0,26,2048,0.062730
Qwen/Qwen3-8B,cnndm,0,26,4096,0.020553
Qwen/Qwen3-8B,cnndm,0,27,128,0.620803
Qwen/Qwen3-8B,cnndm,0,27,512,0.411950
Qwen/Qwen3-8B,cnndm,0,27,2048,0.231157
Qwen/Qwen3-8B,cnndm,0,27,4096,0.097757
Qwen/Qwen3-8B,cnndm,0,28,128,0.169168
Qwen/Qwen3-8B,cnndm,0,28,512,0.092083
Qwen/Qwen3-8B,cnndm,0,28,2048,0.062645
Qwen/Qwen3-8B,cnndm,0,28,4096,0.004575
Qwen/Qwen3-8B,cnndm,0,29,128,0.587100
Qwen/Qwen3-8B,cnndm,0,29,512,0.384373
Qwen/Qwen3-8B,cnndm,0,29,2048,0.184149
Qwen/Qwen3-8B,cnndm,0,29,4096,0.048281
Qwen/Qwen3-8B,cnndm,0,30,128,0.159801
Qwen/Qwen3-8B,cnndm,0,30,512,0.082664
Qwen/Qwen3-8B,cnndm,0,30,2048,0.060618
Qwen/Qwen3-8B,cnndm,0,30,4096,0.004069
Qwen/Qwen3-8B,cnndm,0,31,128,0.182884
Qwen/Qwen3-8B,cnndm,0,31,512,0.093128
Qwen/Qwen3-8B,cnndm,0,31,2048,0.070691
Qwen/Qwen3-8B,cnndm,0,31,4096,0.004740
Qwen/Qwen3-8B,cnndm,1,0,128,0.207884
Qwen/Qwen3-8B,cnndm,1,0,512,0.141012
Qwen/Qwen3-8B,cnndm,1,0,2048,0.059155
Qwen/Qwen3-8B,cnndm,1,0,4096,0.041845
Qwen/Qwen3-8B,cnndm,1,1,128,0.418701
Qwen/Qwen3-8B,cnndm,1,1,512,0.300233
Qwen/Qwen3-8B,cnndm,1,1,2048,0.133150
Qwen/Qwen3-8B,cnndm,1,1,4096,0.083009
Qwen/Qwen3-8B,cnndm,1,2,128,0.300261
Qwen/Qwen3-8B,cnndm,1,2,512,0.201995
Qwen/Qwen3-8B,cnndm,1,2,2048,0.088316
Qwen/Qwen3-8B,cnndm,1,2,4096,0.061390
Qwen/Qwen3-8B,cnndm,1,3,128,0.538421
Qwen/Qwen3-8B,cnndm,1,3,512,0.386650
Qwen/Qwen3-8B,cnndm,1,3,2048,0.187504
Qwen/Qwen3-8B,cnndm,1,3,4096,0.121448
Qwen/Qwen3-8B,cnndm,1,4,128,0.053919
Qwen/Qwen3-8B,cnndm,1,4,512,0.037865
Qwen/Qwen3-8B,cnndm,1,4,2048,0.016335
Qwen/Qwen3-8B,cnndm,1,4,4096,0.010719
Qwen/Qwen3-8B,cnndm,1,5,128,0.228703
Qwen/Qwen3-8B,cnndm,1,5,512,0.166523
Qwen/Qwen3-8B,cnndm,1,5,2048,0.066917
Qwen/Qwen3-8B,cnndm,1,5,4096,0.030244
Qwen/Qwen3-8B,cnndm,1,6,128,0.419227
Qwen/Qwen3-8B,cnndm,1,6,512,0.300591
Qwen/Qwen3-8B,cnndm,1,6,2048,0.125015
Qwen/Qwen3-8B,cnndm,1,6,4096,0.053323
Qwen/Qwen3-8B,cnndm,1,7,128,0.152896
Qwen/Qwen3-8B,cnndm,1,7,512,0.101513
Qwen/Qwen3-8B,cnndm,1,7,2048,0.045773
Qwen/Qwen3-8B,cnndm,1,7,4096,0.026062
Qwen/Qwen3-8B,cnndm,1,8,128,0.600033
Qwen/Qwen3-8B,cnndm,1,8,512,0.437158
Qwen/Qwen3-8B,cnndm,1,8,2048,0.227779
Qwen/Qwen3-8B,cnndm,1,8,4096,0.090795
Qwen/Qwen3-8B,cnndm,1,9,128,0.297471
Qwen/Qwen3-8B,cnndm,1,9,512,0.170638
Qwen/Qwen3-8B,cnndm,1,9,2048,0.078236
Qwen/Qwen3-8B,cnndm,1,9,4096,0.043109
Qwen/Qwen3-8B,cnndm,1,10,128,0.809421
Qwen/Qwen3-8B,cnndm,1,10,512,0.584943
Qwen/Qwen3-8B,cnndm,1,10,2048,0.335638
Qwen/Qwen3-8B,cnndm,1,10,4096,0.197323
Qwen/Qwen3-8B,cnndm,1,11,128,0.714787
Qwen/Qwen3-8B,cnndm,1,11,512,0.512975
Qwen/Qwen3-8B,cnndm,1,11,2048,0.307859
Qwen/Qwen3-8B,cnndm,1,11,4096,0.169783
Qwen/Qwen3-8B,cnndm,1,12,128,0.452602
Qwen/Qwen3-8B,cnndm,1,12,512,0.298510
Qwen/Qwen3-8B,cnndm,1,12,2048,0.118862
Qwen/Qwen3-8B,cnndm,1,12,4096,0.053131
Qwen/Qwen3-8B,cnndm,1,13,128,0.683693
Qwen/Qwen3-8B,cnndm,1,13,512,0.516064
Qwen/Qwen3-8B,cnndm,1,13,2048,0.214742
Qwen/Qwen3-8B,cnndm,1,13,4096,0.080737
Qwen/Qwen3-8B,cnndm,1,14,128,0.606993
Qwen/Qwen3-8B,cnndm,1,14,512,0.403126
Qwen/Qwen3-8B,cnndm,1,14,2048,0.153452
Qwen/Qwen3-8B,cnndm,1,14,4096,0.075475
Qwen/Qwen3-8B,cnndm,1,15,128,0.491874
Qwen/Qwen3-8B,cnndm,1,15,512,0.328708
Qwen/Qwen3-8B,cnndm,1,15,2048,0.141487
Qwen/Qwen3-8B,cnndm,1,15,4096,0.078037
Qwen/Qwen3-8B,cnndm,1,16,128,0.469342
Qwen/Qwen3-8B,cnndm,1,16,512,0.283706
Qwen/Qwen3-8B,cnndm,1,16,2048,0.117147
Qwen/Qwen3-8B,cnndm,1,16,4096,0.047160
Qwen/Qwen3-8B,cnndm,1,17,128,0.925647
Qwen/Qwen3-8B,cnndm,1,17,512,0.838095
Qwen/Qwen3-8B,cnndm,1,17,2048,0.578963
Qwen/Qwen3-8B,cnndm,1,17,4096,0.398564
Qwen/Qwen3-8B,cnndm,1,18,128,0.804609
Qwen/Qwen3-8B,cnndm,1,18,512,0.547634
Qwen/Qwen3-8B,cnndm,1,18,2048,0.227649
Qwen/Qwen3-8B,cnndm,1,18,4096,0.101854
Qwen/Qwen3-8B,cnndm,1,19,128,0.434180
Qwen/Qwen3-8B,cnndm,1,19,512,0.279254
Qwen/Qwen3-8B,cnndm,1,19,2048,0.128718
Qwen/Qwen3-8B,cnndm,1,19,4096,0.057662
Qwen/Qwen3-8B,cnndm,1,20,128,0.715608
Qwen/Qwen3-8B,cnndm,1,20,512,0.420239
Qwen/Qwen3-8B,cnndm,1,20,2048,0.165324
Qwen/Qwen3-8B,cnndm,1,20,4096,0.088503
Qwen/Qwen3-8B,cnndm,1,21,128,0.153903
Qwen/Qwen3-8B,cnndm,1,21,512,0.082737
Qwen/Qwen3-8B,cnndm,1,21,2048,0.029794
Qwen/Qwen3-8B,cnndm,1,21,4096,0.015936
Qwen/Qwen3-8B,cnndm,1,22,128,0.493936
Qwen/Qwen3-8B,cnndm,1,22,512,0.325060
Qwen/Qwen3-8B,cnndm,1,22,2048,0.157450
Qwen/Qwen3-8B,cnndm,1,22,4096,0.077856
Qwen/Qwen3-8B,cnndm,1,23,128,0.455090
Qwen/Qwen3-8B,cnndm,1,23,512,0.295617
Qwen/Qwen3-8B,cnndm,1,23,2048,0.131130
Qwen/Qwen3-8B,cnndm,1,23,4096,0.073382
Qwen/Qwen3-8B,cnndm,1,24,128,0.128635
Qwen/Qwen3-8B,cnndm,1,24,512,0.023159
Qwen/Qwen3-8B,cnndm,1,24,2048,0.010302
Qwen/Qwen3-8B,cnndm,1,24,4096,0.012792
Qwen/Qwen3-8B,cnndm,1,25,128,0.040010
Qwen/Qwen3-8B,cnndm,1,25,512,0.023032
Qwen/Qwen3-8B,cnndm,1,25,2048,0.014574
Qwen/Qwen3-8B,cnndm,1,25,4096,0.016939
Qwen/Qwen3-8B,cnndm,1,26,128,0.516172
Qwen/Qwen3-8B,cnndm,1,26,512,0.310365
Qwen/Qwen3-8B,cnndm,1,26,2048,0.104063
Qwen/Qwen3-8B,cnndm,1,26,4096,0.047452
Qwen/Qwen3-8B,cnndm,1,27,128,0.577301
Qwen/Qwen3-8B,cnndm,1,27,512,0.438894
Qwen/Qwen3-8B,cnndm,1,27,2048,0.209193
Qwen/Qwen3-8B,cnndm,1,27,4096,0.083093
Qwen/Qwen3-8B,cnndm,1,28,128,0.946134
Qwen/Qwen3-8B,cnndm,1,28,512,0.701864
Qwen/Qwen3-8B,cnndm,1,28,2048,0.296307
Qwen/Qwen3-8B,cnndm,1,28,4096,0.148844
Qwen/Qwen3-8B,cnndm,1,29,128,0.451996
Qwen/Qwen3-8B,cnndm,1,29,512,0.329915
Qwen/Qwen3-8B,cnndm,1,29,2048,0.185387
Qwen/Qwen3-8B,cnndm,1,29,4096,0.106715
Qwen/Qwen3-8B,cnndm,1,30,128,0.429399
Qwen/Qwen3-8B,cnndm,1,30,512,0.269451
Qwen/Qwen3-8B,cnndm,1,30,2048,0.124795
Qwen/Qwen3-8B,cnndm,1,30,4096,0.073579
Qwen/Qwen3-8B,cnndm,1,31,128,0.463554
Qwen/Qwen3-8B,cnndm,1,31,512,0.331978
Qwen/Qwen3-8B,cnndm,1,31,2048,0.217951
Qwen/Qwen3-8B,cnndm,1,31,4096,0.124845
Qwen/Qwen3-8B,cnndm,2,0,128,0.717763
Qwen/Qwen3-8B,cnndm,2,0,512,0.562033
Qwen/Qwen3-8B,cnndm,2,0,2048,0.306089
Qwen/Qwen3-8B,cnndm,2,0,4096,0.182348
Qwen/Qwen3-8B,cnndm,2,1,128,0.777208
Qwen/Qwen3-8B,cnndm,2,1,512,0.637681
Qwen/Qwen3-8B,cnndm,2,1,2048,0.388577
Qwen/Qwen3-8B,cnndm,2,1,4096,0.212961
Qwen/Qwen3-8B,cnndm,2,2,128,0.801675
Qwen/Qwen3-8B,cnndm,2,2,512,0.649945
Qwen/Qwen3-8B,cnndm,2,2,2048,0.386959
Qwen/Qwen3-8B,cnndm,2,2,4096,0.217473
Qwen/Qwen3-8B,cnndm,2,3,128,0.728440
Qwen/Qwen3-8B,cnndm,2,3,512,0.568568
Qwen/Qwen3-8B,cnndm,2,3,2048,0.322849
Qwen/Qwen3-8B,cnndm,2,3,4096,0.180387
Qwen/Qwen3-8B,cnndm,2,4,128,0.159188
Qwen/Qwen3-8B,cnndm,2,4,512,0.104786
Qwen/Qwen3-8B,cnndm,2,4,2048,0.045702
Qwen/Qwen3-8B,cnndm,2,4,4096,0.017635
Qwen/Qwen3-8B,cnndm,2,5,128,0.444807
Qwen/Qwen3-8B,cnndm,2,5,512,0.331702
Qwen/Qwen3-8B,cnndm,2,5,2048,0.151761
Qwen/Qwen3-8B,cnndm,2,5,4096,0.063553
Qwen/Qwen3-8B,cnndm,2,6,128,0.339158
Qwen/Qwen3-8B,cnndm,2,6,512,0.254496
Qwen/Qwen3-8B,cnndm,2,6,2048,0.114915
Qwen/Qwen3-8B,cnndm,2,6,4096,0.039926
Qwen/Qwen3-8B,cnndm,2,7,128,0.425652
Qwen/Qwen3-8B,cnndm,2,7,512,0.342435
Qwen/Qwen3-8B,cnndm,2,7,2048,0.176985
Qwen/Qwen3-8B,cnndm,2,7,4096,0.072726
Qwen/Qwen3-8B,cnndm,2,8,128,0.490323
Qwen/Qwen3-8B,cnndm,2,8,512,0.309505
Qwen/Qwen3-8B,cnndm,2,8,2048,0.148491
Qwen/Qwen3-8B,cnndm,2,8,4096,0.060592
Qwen/Qwen3-8B,cnndm,2,9,128,0.485103
Qwen/Qwen3-8B,cnndm,2,9,512,0.292777
Qwen/Qwen3-8B,cnndm,2,9,2048,0.150068
Qwen/Qwen3-8B,cnndm,2,9,4096,0.063889
Qwen/Qwen3-8B,cnndm,2,10,128,0.604374
Qwen/Qwen3-8B,cnndm,2,10,512,0.391214
Qwen/Qwen3-8B,cnndm,2,10,2048,0.226168
Qwen/Qwen3-8B,cnndm,2,10,4096,0.098187
Qwen/Qwen3-8B,cnndm,2,11,128,0.424217
Qwen/Qwen3-8B,cnndm,2,11,512,0.163396
Qwen/Qwen3-8B,cnndm,2,11,2048,0.043236
Qwen/Qwen3-8B,cnndm,2,11,4096,0.020216
Qwen/Qwen3-8B,cnndm,2,12,128,0.464895
Qwen/Qwen3-8B,cnndm,2,12,512,0.267649
Qwen/Qwen3-8B,cnndm,2,12,2048,0.134026
Qwen/Qwen3-8B,cnndm,2,12,4096,0.048229
Qwen/Qwen3-8B,cnndm,2,13,128,0.403787
Qwen/Qwen3-8B,cnndm,2,13,512,0.235815
Qwen/Qwen3-8B,cnndm,2,13,2048,0.104479
Qwen/Qwen3-8B,cnndm,2,13,4096,0.047781
Qwen/Qwen3-8B,cnndm,2,14,128,0.436563
Qwen/Qwen3-8B,cnndm,2,14,512,0.267377
Qwen/Qwen3-8B,cnndm,2,14,2048,0.135670
Qwen/Qwen3-8B,cnndm,2,14,4096,0.058335
Qwen/Qwen3-8B,cnndm,2,15,128,0.641093
Qwen/Qwen3-8B,cnndm,2,15,512,0.402865
Qwen/Qwen3-8B,cnndm,2,15,2048,0.188962
Qwen/Qwen3-8B,cnndm,2,15,4096,0.087128
Qwen/Qwen3-8B,cnndm,2,16,128,0.715919
Qwen/Qwen3-8B,cnndm,2,16,512,0.511376
Qwen/Qwen3-8B,cnndm,2,16,2048,0.286747
Qwen/Qwen3-8B,cnndm,2,16,4096,0.130048
Qwen/Qwen3-8B,cnndm,2,17,128,0.617002
Qwen/Qwen3-8B,cnndm,2,17,512,0.425092
Qwen/Qwen3-8B,cnndm,2,17,2048,0.244679
Qwen/Qwen3-8B,cnndm,2,17,4096,0.093751
Qwen/Qwen3-8B,cnndm,2,18,128,0.603863
Qwen/Qwen3-8B,cnndm,2,18,512,0.429120
Qwen/Qwen3-8B,cnndm,2,18,2048,0.238976
Qwen/Qwen3-8B,cnndm,2,18,4096,0.099893
Qwen/Qwen3-8B,cnndm,2,19,128,0.572669
Qwen/Qwen3-8B,cnndm,2,19,512,0.465938
Qwen/Qwen3-8B,cnndm,2,19,2048,0.256918
Qwen/Qwen3-8B,cnndm,2,19,4096,0.121156
Qwen/Qwen3-8B,cnndm,2,20,128,0.554047
Qwen/Qwen3-8B,cnndm,2,20,512,0.430490
Qwen/Qwen3-8B,cnndm,2,20,2048,0.222594
Qwen/Qwen3-8B,cnndm,2,20,4096,0.116519
Qwen/Qwen3-8B,cnndm,2,21,128,0.730842
Qwen/Qwen3-8B,cnndm,2,21,512,0.553714
Qwen/Qwen3-8B,cnndm,2,21,2048,0.296866
Qwen/Qwen3-8B,cnndm,2,21,4096,0.156430
Qwen/Qwen3-8B,cnndm,2,22,128,0.555671
Qwen/Qwen3-8B,cnndm,2,22,512,0.431505
Qwen/Qwen3-8B,cnndm,2,22,2048,0.223878
Qwen/Qwen3-8B,cnndm,2,22,4096,0.119086
Qwen/Qwen3-8B,cnndm,2,23,128,0.600043
Qwen/Qwen3-8B,cnndm,2,23,512,0.491655
Qwen/Qwen3-8B,cnndm,2,23,2048,0.254997
Qwen/Qwen3-8B,cnndm,2,23,4096,0.136201
Qwen/Qwen3-8B,cnndm,2,24,128,0.316266
Qwen/Qwen3-8B,cnndm,2,24,512,0.244623
Qwen/Qwen3-8B,cnndm,2,24,2048,0.101727
Qwen/Qwen3-8B,cnndm,2,24,4096,0.051242
Qwen/Qwen3-8B,cnndm,2,25,128,0.262919
Qwen/Qwen3-8B,cnndm,2,25,512,0.193292
Qwen/Qwen3-8B,cnndm,2,25,2048,0.077928
Qwen/Qwen3-8B,cnndm,2,25,4096,0.042651
Qwen/Qwen3-8B,cnndm,2,26,128,0.282392
Qwen/Qwen3-8B,cnndm,2,26,512,0.204167
Qwen/Qwen3-8B,cnndm,2,26,2048,0.080281
Qwen/Qwen3-8B,cnndm,2,26,4096,0.040583
Qwen/Qwen3-8B,cnndm,2,27,128,0.395075
Qwen/Qwen3-8B,cnndm,2,27,512,0.298091
Qwen/Qwen3-8B,cnndm,2,27,2048,0.134493
Qwen/Qwen3-8B,cnndm,2,27,4096,0.072920
Qwen/Qwen3-8B,cnndm,2,28,128,0.843601
Qwen/Qwen3-8B,cnndm,2,28,512,0.701704
Qwen/Qwen3-8B,cnndm,2,28,2048,0.469442
Qwen/Qwen3-8B,cnndm,2,28,4096,0.287999
Qwen/Qwen3-8B,cnndm,2,29,128,0.859295
Qwen/Qwen3-8B,cnndm,2,29,512,0.588925
Qwen/Qwen3-8B,cnndm,2,29,2048,0.261106
Qwen/Qwen3-8B,cnndm,2,29,4096,0.119832
Qwen/Qwen3-8B,cnndm,2,30,128,0.926716
Qwen/Qwen3-8B,cnndm,2,30,512,0.814367
Qwen/Qwen3-8B,cnndm,2,30,2048,0.482840
Qwen/Qwen3-8B,cnndm,2,30,4096,0.260381
Qwen/Qwen3-8B,cnndm,2,31,128,0.807923
Qwen/Qwen3-8B,cnndm,2,31,512,0.645350
Qwen/Qwen3-8B,cnndm,2,31,2048,0.413761
Qwen/Qwen3-8B,cnndm,2,31,4096,0.245045
Qwen/Qwen3-8B,cnndm,3,0,128,0.470057
Qwen/Qwen3-8B,cnndm,3,0,512,0.187634
Qwen/Qwen3-8B,cnndm,3,0,2048,0.105844
Qwen/Qwen3-8B,cnndm,3,0,4096,0.068663
Qwen/Qwen3-8B,cnndm,3,1,128,0.091399
Qwen/Qwen3-8B,cnndm,3,1,512,0.069529
Qwen/Qwen3-8B,cnndm,3,1,2048,0.046336
Qwen/Qwen3-8B,cnndm,3,1,4096,0.025234
Qwen/Qwen3-8B,cnndm,3,2,128,0.102652
Qwen/Qwen3-8B,cnndm,3,2,512,0.081308
Qwen/Qwen3-8B,cnndm,3,2,2048,0.047151
Qwen/Qwen3-8B,cnndm,3,2,4096,0.023959
Qwen/Qwen3-8B,cnndm,3,3,128,0.205886
Qwen/Qwen3-8B,cnndm,3,3,512,0.168841
Qwen/Qwen3-8B,cnndm,3,3,2048,0.103373
Qwen/Qwen3-8B,cnndm,3,3,4096,0.050715
Qwen/Qwen3-8B,cnndm,3,4,128,0.899195
Qwen/Qwen3-8B,cnndm,3,4,512,0.787503
Qwen/Qwen3-8B,cnndm,3,4,2048,0.546863
Qwen/Qwen3-8B,cnndm,3,4,4096,0.349663
Qwen/Qwen3-8B,cnndm,3,5,128,0.865907
Qwen/Qwen3-8B,cnndm,3,5,512,0.809072
Qwen/Qwen3-8B,cnndm,3,5,2048,0.662072
Qwen/Qwen3-8B,cnndm,3,5,4096,0.505368
Qwen/Qwen3-8B,cnndm,3,6,128,0.803930
Qwen/Qwen3-8B,cnndm,3,6,512,0.612248
Qwen/Qwen3-8B,cnndm,3,6,2048,0.435397
Qwen/Qwen3-8B,cnndm,3,6,4096,0.293457
Qwen/Qwen3-8B,cnndm,3,7,128,0.751603
Qwen/Qwen3-8B,cnndm,3,7,512,0.688668
Qwen/Qwen3-8B,cnndm,3,7,2048,0.517206
Qwen/Qwen3-8B,cnndm,3,7,4096,0.346470
Qwen/Qwen3-8B,cnndm,3,8,128,0.607397
Qwen/Qwen3-8B,cnndm,3,8,512,0.372981
Qwen/Qwen3-8B,cnndm,3,8,2048,0.199824
Qwen/Qwen3-8B,cnndm,3,8,4096,0.104713
Qwen/Qwen3-8B,cnndm,3,9,128,0.655989
Qwen/Qwen3-8B,cnndm,3,9,512,0.464351
Qwen/Qwen3-8B,cnndm,3,9,2048,0.226142
Qwen/Qwen3-8B,cnndm,3,9,4096,0.120756
Qwen/Qwen3-8B,cnndm,3,10,128,0.723791
Qwen/Qwen3-8B,cnndm,3,10,512,0.489554
Qwen/Qwen3-8B,cnndm,3,10,2048,0.257722
Qwen/Qwen3-8B,cnndm,3,10,4096,0.123615
Qwen/Qwen3-8B,cnndm,3,11,128,0.567643
Qwen/Qwen3-8B,cnndm,3,11,512,0.377723
Qwen/Qwen3-8B,cnndm,3,11,2048,0.200341
Qwen/Qwen3-8B,cnndm,3,11,4096,0.132183
Qwen/Qwen3-8B,cnndm,3,12,128,0.899545
Qwen/Qwen3-8B,cnndm,3,12,512,0.840789
Qwen/Qwen3-8B,cnndm,3,12,2048,0.606135
Qwen/Qwen3-8B,cnndm,3,12,4096,0.396911
Qwen/Qwen3-8B,cnndm,3,13,128,0.762435
Qwen/Qwen3-8B,cnndm,3,13,512,0.580058
Qwen/Qwen3-8B,cnndm,3,13,2048,0.366457
Qwen/Qwen3-8B,cnndm,3,13,4096,0.214785
Qwen/Qwen3-8B,cnndm,3,14,128,0.766399
Qwen/Qwen3-8B,cnndm,3,14,512,0.647986
Qwen/Qwen3-8B,cnndm,3,14,2048,0.480327
Qwen/Qwen3-8B,cnndm,3,14,4096,0.308825
Qwen/Qwen3-8B,cnndm,3,15,128,0.794196
Qwen/Qwen3-8B,cnndm,3,15,512,0.569261
Qwen/Qwen3-8B,cnndm,3,15,2048,0.351377
Qwen/Qwen3-8B,cnndm,3,15,4096,0.237940
Qwen/Qwen3-8B,cnndm,3,16,128,0.626875
Qwen/Qwen3-8B,cnndm,3,16,512,0.515878
Qwen/Qwen3-8B,cnndm,3,16,2048,0.318408
Qwen/Qwen3-8B,cnndm,3,16,4096,0.186840
Qwen/Qwen3-8B,cnndm,3,17,128,0.535920
Qwen/Qwen3-8B,cnndm,3,17,512,0.424661
Qwen/Qwen3-8B,cnndm,3,17,2048,0.278972
Qwen/Qwen3-8B,cnndm,3,17,4096,0.167008
Qwen/Qwen3-8B,cnndm,3,18,128,0.431389
Qwen/Qwen3-8B,cnndm,3,18,512,0.341548
Qwen/Qwen3-8B,cnndm,3,18,2048,0.211057
Qwen/Qwen3-8B,cnndm,3,18,4096,0.123952
Qwen/Qwen3-8B,cnndm,3,19,128,0.769312
Qwen/Qwen3-8B,cnndm,3,19,512,0.584153
Qwen/Qwen3-8B,cnndm,3,19,2048,0.353452
Qwen/Qwen3-8B,cnndm,3,19,4096,0.188181
Qwen/Qwen3-8B,cnndm,3,20,128,0.842069
Qwen/Qwen3-8B,cnndm,3,20,512,0.681075
Qwen/Qwen3-8B,cnndm,3,20,2048,0.442813
Qwen/Qwen3-8B,cnndm,3,20,4096,0.282134
Qwen/Qwen3-8B,cnndm,3,21,128,0.591555
Qwen/Qwen3-8B,cnndm,3,21,512,0.392742
Qwen/Qwen3-8B,cnndm,3,21,2048,0.222539
Qwen/Qwen3-8B,cnndm,3,21,4096,0.112574
Qwen/Qwen3-8B,cnndm,3,22,128,0.765464
Qwen/Qwen3-8B,cnndm,3,22,512,0.532615
Qwen/Qwen3-8B,cnndm,3,22,2048,0.305791
Qwen/Qwen3-8B,cnndm,3,22,4096,0.211610
Qwen/Qwen3-8B,cnndm,3,23,128,0.723023
Qwen/Qwen3-8B,cnndm,3,23,512,0.564464
Qwen/Qwen3-8B,cnndm,3,23,2048,0.362406
Qwen/Qwen3-8B,cnndm,3,23,4096,0.216585
Qwen/Qwen3-8B,cnndm,3,24,128,0.674092
Qwen/Qwen3-8B,cnndm,3,24,512,0.597235
Qwen/Qwen3-8B,cnndm,3,24,2048,0.422634
Qwen/Qwen3-8B,cnndm,3,24,4096,0.285220
Qwen/Qwen3-8B,cnndm,3,25,128,0.571943
Qwen/Qwen3-8B,cnndm,3,25,512,0.503455
Qwen/Qwen3-8B,cnndm,3,25,2048,0.353357
Qwen/Qwen3-8B,cnndm,3,25,4096,0.230900
Qwen/Qwen3-8B,cnndm,3,26,128,0.575683
Qwen/Qwen3-8B,cnndm,3,26,512,0.506031
Qwen/Qwen3-8B,cnndm,3,26,2048,0.348187
Qwen/Qwen3-8B,cnndm,3,26,4096,0.227104
Qwen/Qwen3-8B,cnndm,3,27,128,0.642312
Qwen/Qwen3-8B,cnndm,3,27,512,0.571653
Qwen/Qwen3-8B,cnndm,3,27,2048,0.409945
Qwen/Qwen3-8B,cnndm,3,27,4096,0.280160
Qwen/Qwen3-8B,cnndm,3,28,128,0.755279
Qwen/Qwen3-8B,cnndm,3,28,512,0.653093
Qwen/Qwen3-8B,cnndm,3,28,2048,0.450164
Qwen/Qwen3-8B,cnndm,3,28,4096,0.286509
Qwen/Qwen3-8B,cnndm,3,29,128,0.711887
Qwen/Qwen3-8B,cnndm,3,29,512,0.606929
Qwen/Qwen3-8B,cnndm,3,29,2048,0.407147
Qwen/Qwen3-8B,cnndm,3,29,4096,0.257533
Qwen/Qwen3-8B,cnndm,3,30,128,0.811239
Qwen/Qwen3-8B,cnndm,3,30,512,0.713111
Qwen/Qwen3-8B,cnndm,3,30,2048,0.500441
Qwen/Qwen3-8B,cnndm,3,30,4096,0.333156
Qwen/Qwen3-8B,cnndm,3,31,128,0.686513
Qwen/Qwen3-8B,cnndm,3,31,512,0.598271
Qwen/Qwen3-8B,cnndm,3,31,2048,0.420638
Qwen/Qwen3-8B,cnndm,3,31,4096,0.279018
Qwen/Qwen3-8B,cnndm,4,0,128,0.514437
Qwen/Qwen3-8B,cnndm,4,0,512,0.364272
Qwen/Qwen3-8B,cnndm,4,0,2048,0.217719
Qwen/Qwen3-8B,cnndm,4,0,4096,0.139284
Qwen/Qwen3-8B,cnndm,4,1,128,0.718609
Qwen/Qwen3-8B,cnndm,4,1,512,0.563924
Qwen/Qwen3-8B,cnndm,4,1,2048,0.370435
Qwen/Qwen3-8B,cnndm,4,1,4096,0.241450
Qwen/Qwen3-8B,cnndm,4,2,128,0.816368
Qwen/Qwen3-8B,cnndm,4,2,512,0.634139
Qwen/Qwen3-8B,cnndm,4,2,2048,0.385448
Qwen/Qwen3-8B,cnndm,4,2,4096,0.234874
Qwen/Qwen3-8B,cnndm,4,3,128,0.642379
Qwen/Qwen3-8B,cnndm,4,3,512,0.484426
Qwen/Qwen3-8B,cnndm,4,3,2048,0.312220
Qwen/Qwen3-8B,cnndm,4,3,4096,0.198140
Qwen/Qwen3-8B,cnndm,4,4,128,0.752202
Qwen/Qwen3-8B,cnndm,4,4,512,0.600319
Qwen/Qwen3-8B,cnndm,4,4,2048,0.401561
Qwen/Qwen3-8B,cnndm,4,4,4096,0.260298
Qwen/Qwen3-8B,cnndm,4,5,128,0.500291
Qwen/Qwen3-8B,cnndm,4,5,512,0.429673
Qwen/Qwen3-8B,cnndm,4,5,2048,0.291629
Qwen/Qwen3-8B,cnndm,4,5,4096,0.192628
Qwen/Qwen3-8B,cnndm,4,6,128,0.609482
Qwen/Qwen3-8B,cnndm,4,6,512,0.549399
Qwen/Qwen3-8B,cnndm,4,6,2048,0.417942
Qwen/Qwen3-8B,cnndm,4,6,4096,0.296355
Qwen/Qwen3-8B,cnndm,4,7,128,0.887703
Qwen/Qwen3-8B,cnndm,4,7,512,0.802560
Qwen/Qwen3-8B,cnndm,4,7,2048,0.621460
Qwen/Qwen3-8B,cnndm,4,7,4096,0.469009
Qwen/Qwen3-8B,cnndm,4,8,128,0.728176
Qwen/Qwen3-8B,cnndm,4,8,512,0.639561
Qwen/Qwen3-8B,cnndm,4,8,2048,0.458427
Qwen/Qwen3-8B,cnndm,4,8,4096,0.309846
Qwen/Qwen3-8B,cnndm,4,9,128,0.706625
Qwen/Qwen3-8B,cnndm,4,9,512,0.617150
Qwen/Qwen3-8B,cnndm,4,9,2048,0.428127
Qwen/Qwen3-8B,cnndm,4,9,4096,0.287288
Qwen/Qwen3-8B,cnndm,4,10,128,0.676193
Qwen/Qwen3-8B,cnndm,4,10,512,0.584239
Qwen/Qwen3-8B,cnndm,4,10,2048,0.402243
Qwen/Qwen3-8B,cnndm,4,10,4096,0.265016
Qwen/Qwen3-8B,cnndm,4,11,128,0.629955
Qwen/Qwen3-8B,cnndm,4,11,512,0.546606
Qwen/Qwen3-8B,cnndm,4,11,2048,0.321777
Qwen/Qwen3-8B,cnndm,4,11,4096,0.203497
Qwen/Qwen3-8B,cnndm,4,12,128,0.567249
Qwen/Qwen3-8B,cnndm,4,12,512,0.501103
Qwen/Qwen3-8B,cnndm,4,12,2048,0.357189
Qwen/Qwen3-8B,cnndm,4,12,4096,0.237198
Qwen/Qwen3-8B,cnndm,4,13,128,0.592523
Qwen/Qwen3-8B,cnndm,4,13,512,0.526885
Qwen/Qwen3-8B,cnndm,4,13,2048,0.380426
Qwen/Qwen3-8B,cnndm,4,13,4096,0.254044
Qwen/Qwen3-8B,cnndm,4,14,128,0.708812
Qwen/Qwen3-8B,cnndm,4,14,512,0.637789
Qwen/Qwen3-8B,cnndm,4,14,2048,0.461511
Qwen/Qwen3-8B,cnndm,4,14,4096,0.309946
Qwen/Qwen3-8B,cnndm,4,15,128,0.618507
Qwen/Qwen3-8B,cnndm,4,15,512,0.551332
Qwen/Qwen3-8B,cnndm,4,15,2048,0.398272
Qwen/Qwen3-8B,cnndm,4,15,4096,0.260778
Qwen/Qwen3-8B,cnndm,4,16,128,0.653263
Qwen/Qwen3-8B,cnndm,4,16,512,0.557931
Qwen/Qwen3-8B,cnndm,4,16,2048,0.373872
Qwen/Qwen3-8B,cnndm,4,16,4096,0.246309
Qwen/Qwen3-8B,cnndm,4,17,128,0.687913
Qwen/Qwen3-8B,cnndm,4,17,512,0.598097
Qwen/Qwen3-8B,cnndm,4,17,2048,0.414346
Qwen/Qwen3-8B,cnndm,4,17,4096,0.274768
Qwen/Qwen3-8B,cnndm,4,18,128,0.687676
Qwen/Qwen3-8B,cnndm,4,18,512,0.601453
Qwen/Qwen3-8B,cnndm,4,18,2048,0.411735
Qwen/Qwen3-8B,cnndm,4,18,4096,0.272592
Qwen/Qwen3-8B,cnndm,4,19,128,0.726717
Qwen/Qwen3-8B,cnndm,4,19,512,0.636030
Qwen/Qwen3-8B,cnndm,4,19,2048,0.440590
Qwen/Qwen3-8B,cnndm,4,19,4096,0.290691
Qwen/Qwen3-8B,cnndm,4,20,128,0.800304
Qwen/Qwen3-8B,cnndm,4,20,512,0.585742
Qwen/Qwen3-8B,cnndm,4,20,2048,0.321913
Qwen/Qwen3-8B,cnndm,4,20,4096,0.171651
Qwen/Qwen3-8B,cnndm,4,21,128,0.629639
Qwen/Qwen3-8B,cnndm,4,21,512,0.419301
Qwen/Qwen3-8B,cnndm,4,21,2048,0.259572
Qwen/Qwen3-8B,cnndm,4,21,4096,0.168182
Qwen/Qwen3-8B,cnndm,4,22,128,0.559510
Qwen/Qwen3-8B,cnndm,4,22,512,0.309228
Qwen/Qwen3-8B,cnndm,4,22,2048,0.147330
Qwen/Qwen3-8B,cnndm,4,22,4096,0.083232
Qwen/Qwen3-8B,cnndm,4,23,128,0.769631
Qwen/Qwen3-8B,cnndm,4,23,512,0.581164
Qwen/Qwen3-8B,cnndm,4,23,2048,0.340760
Qwen/Qwen3-8B,cnndm,4,23,4096,0.212399
Qwen/Qwen3-8B,cnndm,4,24,128,0.287199
Qwen/Qwen3-8B,cnndm,4,24,512,0.229489
Qwen/Qwen3-8B,cnndm,4,24,2048,0.151272
Qwen/Qwen3-8B,cnndm,4,24,4096,0.100638
Qwen/Qwen3-8B,cnndm,4,25,128,0.343981
Qwen/Qwen3-8B,cnndm,4,25,512,0.251898
Qwen/Qwen3-8B,cnndm,4,25,2048,0.150539
Qwen/Qwen3-8B,cnndm,4,25,4096,0.102469
Qwen/Qwen3-8B,cnndm,4,26,128,0.476394
Qwen/Qwen3-8B,cnndm,4,26,512,0.417072
Qwen/Qwen3-8B,cnndm,4,26,2048,0.287756
Qwen/Qwen3-8B,cnndm,4,26,4096,0.198376
Qwen/Qwen3-8B,cnndm,4,27,128,0.305040
Qwen/Qwen3-8B,cnndm,4,27,512,0.265812
Qwen/Qwen3-8B,cnndm,4,27,2048,0.180121
Qwen/Qwen3-8B,cnndm,4,27,4096,0.123426
Qwen/Qwen3-8B,cnndm,4,28,128,0.395514
Qwen/Qwen3-8B,cnndm,4,28,512,0.248718
Qwen/Qwen3-8B,cnndm,4,28,2048,0.136724
Qwen/Qwen3-8B,cnndm,4,28,4096,0.084468
Qwen/Qwen3-8B,cnndm,4,29,128,0.665943
Qwen/Qwen3-8B,cnndm,4,29,512,0.441657
Qwen/Qwen3-8B,cnndm,4,29,2048,0.242850
Qwen/Qwen3-8B,cnndm,4,29,4096,0.141044
Qwen/Qwen3-8B,cnndm,4,30,128,0.659961
Qwen/Qwen3-8B,cnndm,4,30,512,0.481815
Qwen/Qwen3-8B,cnndm,4,30,2048,0.230285
Qwen/Qwen3-8B,cnndm,4,30,4096,0.141139
Qwen/Qwen3-8B,cnndm,4,31,128,0.463245
Qwen/Qwen3-8B,cnndm,4,31,512,0.266063
Qwen/Qwen3-8B,cnndm,4,31,2048,0.132440
Qwen/Qwen3-8B,cnndm,4,31,4096,0.075344
Qwen/Qwen3-8B,cnndm,5,0,128,0.235369
Qwen/Qwen3-8B,cnndm,5,0,512,0.133389
Qwen/Qwen3-8B,cnndm,5,0,2048,0.075204
Qwen/Qwen3-8B,cnndm,5,0,4096,0.048872
Qwen/Qwen3-8B,cnndm,5,1,128,0.430626
Qwen/Qwen3-8B,cnndm,5,1,512,0.344457
Qwen/Qwen3-8B,cnndm,5,1,2048,0.226389
Qwen/Qwen3-8B,cnndm,5,1,4096,0.147221
Qwen/Qwen3-8B,cnndm,5,2,128,0.462408
Qwen/Qwen3-8B,cnndm,5,2,512,0.226757
Qwen/Qwen3-8B,cnndm,5,2,2048,0.123722
Qwen/Qwen3-8B,cnndm,5,2,4096,0.075801
Qwen/Qwen3-8B,cnndm,5,3,128,0.306721
Qwen/Qwen3-8B,cnndm,5,3,512,0.261791
Qwen/Qwen3-8B,cnndm,5,3,2048,0.178689
Qwen/Qwen3-8B,cnndm,5,3,4096,0.114600
Qwen/Qwen3-8B,cnndm,5,4,128,0.556454
Qwen/Qwen3-8B,cnndm,5,4,512,0.470486
Qwen/Qwen3-8B,cnndm,5,4,2048,0.320591
Qwen/Qwen3-8B,cnndm,5,4,4096,0.212472
Qwen/Qwen3-8B,cnndm,5,5,128,0.859742
Qwen/Qwen3-8B,cnndm,5,5,512,0.790828
Qwen/Qwen3-8B,cnndm,5,5,2048,0.627166
Qwen/Qwen3-8B,cnndm,5,5,4096,0.455829
Qwen/Qwen3-8B,cnndm,5,6,128,0.551538
Qwen/Qwen3-8B,cnndm,5,6,512,0.491794
Qwen/Qwen3-8B,cnndm,5,6,2048,0.340075
Qwen/Qwen3-8B,cnndm,5,6,4096,0.225864
Qwen/Qwen3-8B,cnndm,5,7,128,0.538036
Qwen/Qwen3-8B,cnndm,5,7,512,0.450157
Qwen/Qwen3-8B,cnndm,5,7,2048,0.268442
Qwen/Qwen3-8B,cnndm,5,7,4096,0.169649
Qwen/Qwen3-8B,cnndm,5,8,128,0.016374
Qwen/Qwen3-8B,cnndm,5,8,512,0.009253
Qwen/Qwen3-8B,cnndm,5,8,2048,0.004923
Qwen/Qwen3-8B,cnndm,5,8,4096,0.003729
Qwen/Qwen3-8B,cnndm,5,9,128,0.048307
Qwen/Qwen3-8B,cnndm,5,9,512,0.029621
Qwen/Qwen3-8B,cnndm,5,9,2048,0.019580
Qwen/Qwen3-8B,cnndm,5,9,4096,0.011509
Qwen/Qwen3-8B,cnndm,5,10,128,0.801047
Qwen/Qwen3-8B,cnndm,5,10,512,0.745441
Qwen/Qwen3-8B,cnndm,5,10,2048,0.582111
Qwen/Qwen3-8B,cnndm,5,10,4096,0.430746
Qwen/Qwen3-8B,cnndm,5,11,128,0.536116
Qwen/Qwen3-8B,cnndm,5,11,512,0.468633
Qwen/Qwen3-8B,cnndm,5,11,2048,0.360312
Qwen/Qwen3-8B,cnndm,5,11,4096,0.262602
Qwen/Qwen3-8B,cnndm,5,12,128,0.462049
Qwen/Qwen3-8B,cnndm,5,12,512,0.349935
Qwen/Qwen3-8B,cnndm,5,12,2048,0.208602
Qwen/Qwen3-8B,cnndm,5,12,4096,0.134722
Qwen/Qwen3-8B,cnndm,5,13,128,0.804483
Qwen/Qwen3-8B,cnndm,5,13,512,0.588843
Qwen/Qwen3-8B,cnndm,5,13,2048,0.372474
Qwen/Qwen3-8B,cnndm,5,13,4096,0.242695
Qwen/Qwen3-8B,cnndm,5,14,128,0.487127
Qwen/Qwen3-8B,cnndm,5,14,512,0.310134
Qwen/Qwen3-8B,cnndm,5,14,2048,0.172130
Qwen/Qwen3-8B,cnndm,5,14,4096,0.110410
Qwen/Qwen3-8B,cnndm,5,15,128,0.436733
Qwen/Qwen3-8B,cnndm,5,15,512,0.316419
Qwen/Qwen3-8B,cnndm,5,15,2048,0.196741
Qwen/Qwen3-8B,cnndm,5,15,4096,0.123900
Qwen/Qwen3-8B,cnndm,5,16,128,0.416601
Qwen/Qwen3-8B,cnndm,5,16,512,0.365915
Qwen/Qwen3-8B,cnndm,5,16,2048,0.259472
Qwen/Qwen3-8B,cnndm,5,16,4096,0.182080
Qwen/Qwen3-8B,cnndm,5,17,128,0.326668
Qwen/Qwen3-8B,cnndm,5,17,512,0.282275
Qwen/Qwen3-8B,cnndm,5,17,2048,0.193994
Qwen/Qwen3-8B,cnndm,5,17,4096,0.136124
Qwen/Qwen3-8B,cnndm,5,18,128,0.494535
Qwen/Qwen3-8B,cnndm,5,18,512,0.439375
Qwen/Qwen3-8B,cnndm,5,18,2048,0.312297
Qwen/Qwen3-8B,cnndm,5,18,4096,0.218348
Qwen/Qwen3-8B,cnndm,5,19,128,0.485546
Qwen/Qwen3-8B,cnndm,5,19,512,0.415183
Qwen/Qwen3-8B,cnndm,5,19,2048,0.284077
Qwen/Qwen3-8B,cnndm,5,19,4096,0.200914
Qwen/Qwen3-8B,cnndm,5,20,128,0.495348
Qwen/Qwen3-8B,cnndm,5,20,512,0.429083
Qwen/Qwen3-8B,cnndm,5,20,2048,0.292739
Qwen/Qwen3-8B,cnndm,5,20,4096,0.191253
Qwen/Qwen3-8B,cnndm,5,21,128,0.609351
Qwen/Qwen3-8B,cnndm,5,21,512,0.533814
Qwen/Qwen3-8B,cnndm,5,21,2048,0.376674
Qwen/Qwen3-8B,cnndm,5,21,4096,0.246162
Qwen/Qwen3-8B,cnndm,5,22,128,0.482581
Qwen/Qwen3-8B,cnndm,5,22,512,0.399707
Qwen/Qwen3-8B,cnndm,5,22,2048,0.252864
Qwen/Qwen3-8B,cnndm,5,22,4096,0.162725
Qwen/Qwen3-8B,cnndm,5,23,128,0.614886
Qwen/Qwen3-8B,cnndm,5,23,512,0.535131
Qwen/Qwen3-8B,cnndm,5,23,2048,0.376620
Qwen/Qwen3-8B,cnndm,5,23,4096,0.246677
Qwen/Qwen3-8B,cnndm,5,24,128,0.777837
Qwen/Qwen3-8B,cnndm,5,24,512,0.678476
Qwen/Qwen3-8B,cnndm,5,24,2048,0.460347
Qwen/Qwen3-8B,cnndm,5,24,4096,0.305586
Qwen/Qwen3-8B,cnndm,5,25,128,0.766666
Qwen/Qwen3-8B,cnndm,5,25,512,0.653652
Qwen/Qwen3-8B,cnndm,5,25,2048,0.422455
Qwen/Qwen3-8B,cnndm,5,25,4096,0.276532
Qwen/Qwen3-8B,cnndm,5,26,128,0.819160
Qwen/Qwen3-8B,cnndm,5,26,512,0.722048
Qwen/Qwen3-8B,cnndm,5,26,2048,0.505893
Qwen/Qwen3-8B,cnndm,5,26,4096,0.341577
Qwen/Qwen3-8B,cnndm,5,27,128,0.820766
Qwen/Qwen3-8B,cnndm,5,27,512,0.709772
Qwen/Qwen3-8B,cnndm,5,27,2048,0.469985
Qwen/Qwen3-8B,cnndm,5,27,4096,0.313655
Qwen/Qwen3-8B,cnndm,5,28,128,0.445182
Qwen/Qwen3-8B,cnndm,5,28,512,0.208359
Qwen/Qwen3-8B,cnndm,5,28,2048,0.076124
Qwen/Qwen3-8B,cnndm,5,28,4096,0.044734
Qwen/Qwen3-8B,cnndm,5,29,128,0.463119
Qwen/Qwen3-8B,cnndm,5,29,512,0.352650
Qwen/Qwen3-8B,cnndm,5,29,2048,0.210995
Qwen/Qwen3-8B,cnndm,5,29,4096,0.132113
Qwen/Qwen3-8B,cnndm,5,30,128,0.429813
Qwen/Qwen3-8B,cnndm,5,30,512,0.355741
Qwen/Qwen3-8B,cnndm,5,30,2048,0.233843
Qwen/Qwen3-8B,cnndm,5,30,4096,0.154497
Qwen/Qwen3-8B,cnndm,5,31,128,0.577854
Qwen/Qwen3-8B,cnndm,5,31,512,0.472513
Qwen/Qwen3-8B,cnndm,5,31,2048,0.312706
Qwen/Qwen3-8B,cnndm,5,31,4096,0.200934
Qwen/Qwen3-8B,cnndm,6,0,128,0.277237
Qwen/Qwen3-8B,cnndm,6,0,512,0.222104
Qwen/Qwen3-8B,cnndm,6,0,2048,0.141410
Qwen/Qwen3-8B,cnndm,6,0,4096,0.091361
Qwen/Qwen3-8B,cnndm,6,1,128,0.425665
Qwen/Qwen3-8B,cnndm,6,1,512,0.342199
Qwen/Qwen3-8B,cnndm,6,1,2048,0.221892
Qwen/Qwen3-8B,cnndm,6,1,4096,0.148017
Qwen/Qwen3-8B,cnndm,6,2,128,0.326560
Qwen/Qwen3-8B,cnndm,6,2,512,0.266305
Qwen/Qwen3-8B,cnndm,6,2,2048,0.171284
Qwen/Qwen3-8B,cnndm,6,2,4096,0.120480
Qwen/Qwen3-8B,cnndm,6,3,128,0.309183
Qwen/Qwen3-8B,cnndm,6,3,512,0.242123
Qwen/Qwen3-8B,cnndm,6,3,2048,0.151920
Qwen/Qwen3-8B,cnndm,6,3,4096,0.101015
Qwen/Qwen3-8B,cnndm,6,4,128,0.417332
Qwen/Qwen3-8B,cnndm,6,4,512,0.326238
Qwen/Qwen3-8B,cnndm,6,4,2048,0.192603
Qwen/Qwen3-8B,cnndm,6,4,4096,0.120679
Qwen/Qwen3-8B,cnndm,6,5,128,0.514438
Qwen/Qwen3-8B,cnndm,6,5,512,0.335006
Qwen/Qwen3-8B,cnndm,6,5,2048,0.162749
Qwen/Qwen3-8B,cnndm,6,5,4096,0.077117
Qwen/Qwen3-8B,cnndm,6,6,128,0.754259
Qwen/Qwen3-8B,cnndm,6,6,512,0.544180
Qwen/Qwen3-8B,cnndm,6,6,2048,0.313838
Qwen/Qwen3-8B,cnndm,6,6,4096,0.201191
Qwen/Qwen3-8B,cnndm,6,7,128,0.678252
Qwen/Qwen3-8B,cnndm,6,7,512,0.462859
Qwen/Qwen3-8B,cnndm,6,7,2048,0.253551
Qwen/Qwen3-8B,cnndm,6,7,4096,0.145204
Qwen/Qwen3-8B,cnndm,6,8,128,0.431878
Qwen/Qwen3-8B,cnndm,6,8,512,0.219690
Qwen/Qwen3-8B,cnndm,6,8,2048,0.104586
Qwen/Qwen3-8B,cnndm,6,8,4096,0.069535
Qwen/Qwen3-8B,cnndm,6,9,128,0.285377
Qwen/Qwen3-8B,cnndm,6,9,512,0.195348
Qwen/Qwen3-8B,cnndm,6,9,2048,0.099151
Qwen/Qwen3-8B,cnndm,6,9,4096,0.066536
Qwen/Qwen3-8B,cnndm,6,10,128,0.401344
Qwen/Qwen3-8B,cnndm,6,10,512,0.197041
Qwen/Qwen3-8B,cnndm,6,10,2048,0.075721
Qwen/Qwen3-8B,cnndm,6,10,4096,0.045477
Qwen/Qwen3-8B,cnndm,6,11,128,0.311186
Qwen/Qwen3-8B,cnndm,6,11,512,0.209034
Qwen/Qwen3-8B,cnndm,6,11,2048,0.121582
Qwen/Qwen3-8B,cnndm,6,11,4096,0.088835
Qwen/Qwen3-8B,cnndm,6,12,128,0.706924
Qwen/Qwen3-8B,cnndm,6,12,512,0.502635
Qwen/Qwen3-8B,cnndm,6,12,2048,0.250835
Qwen/Qwen3-8B,cnndm,6,12,4096,0.130496
Qwen/Qwen3-8B,cnndm,6,13,128,0.654505
Qwen/Qwen3-8B,cnndm,6,13,512,0.542668
Qwen/Qwen3-8B,cnndm,6,13,2048,0.338690
Qwen/Qwen3-8B,cnndm,6,13,4096,0.212061
Qwen/Qwen3-8B,cnndm,6,14,128,0.547905
Qwen/Qwen3-8B,cnndm,6,14,512,0.452103
Qwen/Qwen3-8B,cnndm,6,14,2048,0.268426
Qwen/Qwen3-8B,cnndm,6,14,4096,0.166507
Qwen/Qwen3-8B,cnndm,6,15,128,0.274561
Qwen/Qwen3-8B,cnndm,6,15,512,0.210785
Qwen/Qwen3-8B,cnndm,6,15,2048,0.113448
Qwen/Qwen3-8B,cnndm,6,15,4096,0.070637
Qwen/Qwen3-8B,cnndm,6,16,128,0.432867
Qwen/Qwen3-8B,cnndm,6,16,512,0.344618
Qwen/Qwen3-8B,cnndm,6,16,2048,0.223833
Qwen/Qwen3-8B,cnndm,6,16,4096,0.141286
Qwen/Qwen3-8B,cnndm,6,17,128,0.256306
Qwen/Qwen3-8B,cnndm,6,17,512,0.194770
Qwen/Qwen3-8B,cnndm,6,17,2048,0.129037
Qwen/Qwen3-8B,cnndm,6,17,4096,0.084005
Qwen/Qwen3-8B,cnndm,6,18,128,0.432206
Qwen/Qwen3-8B,cnndm,6,18,512,0.329050
Qwen/Qwen3-8B,cnndm,6,18,2048,0.194289
Qwen/Qwen3-8B,cnndm,6,18,4096,0.120905
Qwen/Qwen3-8B,cnndm,6,19,128,0.380734
Qwen/Qwen3-8B,cnndm,6,19,512,0.304229
Qwen/Qwen3-8B,cnndm,6,19,2048,0.212825
Qwen/Qwen3-8B,cnndm,6,19,4096,0.135422
Qwen/Qwen3-8B,cnndm,6,20,128,0.271762
Qwen/Qwen3-8B,cnndm,6,20,512,0.206362
Qwen/Qwen3-8B,cnndm,6,20,2048,0.115260
Qwen/Qwen3-8B,cnndm,6,20,4096,0.080342
Qwen/Qwen3-8B,cnndm,6,21,128,0.249103
Qwen/Qwen3-8B,cnndm,6,21,512,0.183218
Qwen/Qwen3-8B,cnndm,6,21,2048,0.101574
Qwen/Qwen3-8B,cnndm,6,21,4096,0.074680
Qwen/Qwen3-8B,cnndm,6,22,128,0.332924
Qwen/Qwen3-8B,cnndm,6,22,512,0.246442
Qwen/Qwen3-8B,cnndm,6,22,2048,0.149880
Qwen/Qwen3-8B,cnndm,6,22,4096,0.108077
Qwen/Qwen3-8B,cnndm,6,23,128,0.157193
Qwen/Qwen3-8B,cnndm,6,23,512,0.118765
Qwen/Qwen3-8B,cnndm,6,23,2048,0.058795
Qwen/Qwen3-8B,cnndm,6,23,4096,0.041304
Qwen/Qwen3-8B,cnndm,6,24,128,0.306358
Qwen/Qwen3-8B,cnndm,6,24,512,0.226819
Qwen/Qwen3-8B,cnndm,6,24,2048,0.147123
Qwen/Qwen3-8B,cnndm,6,24,4096,0.098572
Qwen/Qwen3-8B,cnndm,6,25,128,0.585905
Qwen/Qwen3-8B,cnndm,6,25,512,0.422894
Qwen/Qwen3-8B,cnndm,6,25,2048,0.253443
Qwen/Qwen3-8B,cnndm,6,25,4096,0.166466
Qwen/Qwen3-8B,cnndm,6,26,128,0.311036
Qwen/Qwen3-8B,cnndm,6,26,512,0.215631
Qwen/Qwen3-8B,cnndm,6,26,2048,0.115645
Qwen/Qwen3-8B,cnndm,6,26,4096,0.075678
Qwen/Qwen3-8B,cnndm,6,27,128,0.452082
Qwen/Qwen3-8B,cnndm,6,27,512,0.351385
Qwen/Qwen3-8B,cnndm,6,27,2048,0.228801
Qwen/Qwen3-8B,cnndm,6,27,4096,0.162415
Qwen/Qwen3-8B,cnndm,6,28,128,0.557356
Qwen/Qwen3-8B,cnndm,6,28,512,0.417165
Qwen/Qwen3-8B,cnndm,6,28,2048,0.231877
Qwen/Qwen3-8B,cnndm,6,28,4096,0.138126
Qwen/Qwen3-8B,cnndm,6,29,128,0.440267
Qwen/Qwen3-8B,cnndm,6,29,512,0.353652
Qwen/Qwen3-8B,cnndm,6,29,2048,0.217632
Qwen/Qwen3-8B,cnndm,6,29,4096,0.144267
Qwen/Qwen3-8B,cnndm,6,30,128,0.529088
Qwen/Qwen3-8B,cnndm,6,30,512,0.396584
Qwen/Qwen3-8B,cnndm,6,30,2048,0.210260
Qwen/Qwen3-8B,cnndm,6,30,4096,0.138210
Qwen/Qwen3-8B,cnndm,6,31,128,0.633827
Qwen/Qwen3-8B,cnndm,6,31,512,0.534375
Qwen/Qwen3-8B,cnndm,6,31,2048,0.345422
Qwen/Qwen3-8B,cnndm,6,31,4096,0.235168
Qwen/Qwen3-8B,cnndm,7,0,128,0.044215
Qwen/Qwen3-8B,cnndm,7,0,512,0.030601
Qwen/Qwen3-8B,cnndm,7,0,2048,0.015114
Qwen/Qwen3-8B,cnndm,7,0,4096,0.002770
Qwen/Qwen3-8B,cnndm,7,1,128,0.237752
Qwen/Qwen3-8B,cnndm,7,1,512,0.070832
Qwen/Qwen3-8B,cnndm,7,1,2048,0.022118
Qwen/Qwen3-8B,cnndm,7,1,4096,0.004342
Qwen/Qwen3-8B,cnndm,7,2,128,0.284509
Qwen/Qwen3-8B,cnndm,7,2,512,0.190094
Qwen/Qwen3-8B,cnndm,7,2,2048,0.089849
Qwen/Qwen3-8B,cnndm,7,2,4096,0.038503
Qwen/Qwen3-8B,cnndm,7,3,128,0.419382
Qwen/Qwen3-8B,cnndm,7,3,512,0.241883
Qwen/Qwen3-8B,cnndm,7,3,2048,0.102028
Qwen/Qwen3-8B,cnndm,7,3,4096,0.048325
Qwen/Qwen3-8B,cnndm,7,4,128,0.034175
Qwen/Qwen3-8B,cnndm,7,4,512,0.035440
Qwen/Qwen3-8B,cnndm,7,4,2048,0.041275
Qwen/Qwen3-8B,cnndm,7,4,4096,0.040580
Qwen/Qwen3-8B,cnndm,7,5,128,0.076402
Qwen/Qwen3-8B,cnndm,7,5,512,0.020267
Qwen/Qwen3-8B,cnndm,7,5,2048,0.002769
Qwen/Qwen3-8B,cnndm,7,5,4096,0.001512
Qwen/Qwen3-8B,cnndm,7,6,128,0.034243
Qwen/Qwen3-8B,cnndm,7,6,512,0.028278
Qwen/Qwen3-8B,cnndm,7,6,2048,0.018768
Qwen/Qwen3-8B,cnndm,7,6,4096,0.011735
Qwen/Qwen3-8B,cnndm,7,7,128,0.156527
Qwen/Qwen3-8B,cnndm,7,7,512,0.140880
Qwen/Qwen3-8B,cnndm,7,7,2048,0.079999
Qwen/Qwen3-8B,cnndm,7,7,4096,0.035038
Qwen/Qwen3-8B,cnndm,7,8,128,0.047588
Qwen/Qwen3-8B,cnndm,7,8,512,0.037249
Qwen/Qwen3-8B,cnndm,7,8,2048,0.018551
Qwen/Qwen3-8B,cnndm,7,8,4096,0.005992
Qwen/Qwen3-8B,cnndm,7,9,128,0.031700
Qwen/Qwen3-8B,cnndm,7,9,512,0.019887
Qwen/Qwen3-8B,cnndm,7,9,2048,0.010330
Qwen/Qwen3-8B,cnndm,7,9,4096,0.003431
Qwen/Qwen3-8B,cnndm,7,10,128,0.056943
Qwen/Qwen3-8B,cnndm,7,10,512,0.036456
Qwen/Qwen3-8B,cnndm,7,10,2048,0.016915
Qwen/Qwen3-8B,cnndm,7,10,4096,0.003540
Qwen/Qwen3-8B,cnndm,7,11,128,0.143811
Qwen/Qwen3-8B,cnndm,7,11,512,0.103305
Qwen/Qwen3-8B,cnndm,7,11,2048,0.051077
Qwen/Qwen3-8B,cnndm,7,11,4096,0.018543
Qwen/Qwen3-8B,cnndm,7,12,128,0.020750
Qwen/Qwen3-8B,cnndm,7,12,512,0.006628
Qwen/Qwen3-8B,cnndm,7,12,2048,0.002440
Qwen/Qwen3-8B,cnndm,7,12,4096,0.001123
Qwen/Qwen3-8B,cnndm,7,13,128,0.031463
Qwen/Qwen3-8B,cnndm,7,13,512,0.023504
Qwen/Qwen3-8B,cnndm,7,13,2048,0.013404
Qwen/Qwen3-8B,cnndm,7,13,4096,0.007313
Qwen/Qwen3-8B,cnndm,7,14,128,0.018913
Qwen/Qwen3-8B,cnndm,7,14,512,0.011204
Qwen/Qwen3-8B,cnndm,7,14,2048,0.007277
Qwen/Qwen3-8B,cnndm,7,14,4096,0.003806
Qwen/Qwen3-8B,cnndm,7,15,128,0.011288
Qwen/Qwen3-8B,cnndm,7,15,512,0.007797
Qwen/Qwen3-8B,cnndm,7,15,2048,0.005480
Qwen/Qwen3-8B,cnndm,7,15,4096,0.002594
Qwen/Qwen3-8B,cnndm,7,16,128,0.050905
Qwen/Qwen3-8B,cnndm,7,16,512,0.037695
Qwen/Qwen3-8B,cnndm,7,16,2048,0.015622
Qwen/Qwen3-8B,cnndm,7,16,4096,0.006890
Qwen/Qwen3-8B,cnndm,7,17,128,0.044119
Qwen/Qwen3-8B,cnndm,7,17,512,0.032671
Qwen/Qwen3-8B,cnndm,7,17,2048,0.013511
Qwen/Qwen3-8B,cnndm,7,17,4096,0.006703
Qwen/Qwen3-8B,cnndm,7,18,128,0.056304
Qwen/Qwen3-8B,cnndm,7,18,512,0.042653
Qwen/Qwen3-8B,cnndm,7,18,2048,0.019085
Qwen/Qwen3-8B,cnndm,7,18,4096,0.006037
Qwen/Qwen3-8B,cnndm,7,19,128,0.040692
Qwen/Qwen3-8B,cnndm,7,19,512,0.032019
Qwen/Qwen3-8B,cnndm,7,19,2048,0.013998
Qwen/Qwen3-8B,cnndm,7,19,4096,0.005983
Qwen/Qwen3-8B,cnndm,7,20,128,0.128698
Qwen/Qwen3-8B,cnndm,7,20,512,0.089734
Qwen/Qwen3-8B,cnndm,7,20,2048,0.042697
Qwen/Qwen3-8B,cnndm,7,20,4096,0.019537
Qwen/Qwen3-8B,cnndm,7,21,128,0.115859
Qwen/Qwen3-8B,cnndm,7,21,512,0.085329
Qwen/Qwen3-8B,cnndm,7,21,2048,0.046538
Qwen/Qwen3-8B,cnndm,7,21,4096,0.019081
Qwen/Qwen3-8B,cnndm,7,22,128,0.218440
Qwen/Qwen3-8B,cnndm,7,22,512,0.129489
Qwen/Qwen3-8B,cnndm,7,22,2048,0.062318
Qwen/Qwen3-8B,cnndm,7,22,4096,0.033491
Qwen/Qwen3-8B,cnndm,7,23,128,0.121897
Qwen/Qwen3-8B,cnndm,7,23,512,0.068814
Qwen/Qwen3-8B,cnndm,7,23,2048,0.034302
Qwen/Qwen3-8B,cnndm,7,23,4096,0.017614
Qwen/Qwen3-8B,cnndm,7,24,128,0.040066
Qwen/Qwen3-8B,cnndm,7,24,512,0.028222
Qwen/Qwen3-8B,cnndm,7,24,2048,0.011080
Qwen/Qwen3-8B,cnndm,7,24,4096,0.004165
Qwen/Qwen3-8B,cnndm,7,25,128,0.053846
Qwen/Qwen3-8B,cnndm,7,25,512,0.037779
Qwen/Qwen3-8B,cnndm,7,25,2048,0.014358
Qwen/Qwen3-8B,cnndm,7,25,4096,0.005818
Qwen/Qwen3-8B,cnndm,7,26,128,0.099472
Qwen/Qwen3-8B,cnndm,7,26,512,0.068989
Qwen/Qwen3-8B,cnndm,7,26,2048,0.023274
Qwen/Qwen3-8B,cnndm,7,26,4096,0.006944
Qwen/Qwen3-8B,cnndm,7,27,128,0.032980
Qwen/Qwen3-8B,cnndm,7,27,512,0.025896
Qwen/Qwen3-8B,cnndm,7,27,2048,0.010963
Qwen/Qwen3-8B,cnndm,7,27,4096,0.004095
Qwen/Qwen3-8B,cnndm,7,28,128,0.051328
Qwen/Qwen3-8B,cnndm,7,28,512,0.040922
Qwen/Qwen3-8B,cnndm,7,28,2048,0.021977
Qwen/Qwen3-8B,cnndm,7,28,4096,0.008247
Qwen/Qwen3-8B,cnndm,7,29,128,0.065949
Qwen/Qwen3-8B,cnndm,7,29,512,0.051941
Qwen/Qwen3-8B,cnndm,7,29,2048,0.028343
Qwen/Qwen3-8B,cnndm,7,29,4096,0.009976
Qwen/Qwen3-8B,cnndm,7,30,128,0.045713
Qwen/Qwen3-8B,cnndm,7,30,512,0.035140
Qwen/Qwen3-8B,cnndm,7,30,2048,0.015118
Qwen/Qwen3-8B,cnndm,7,30,4096,0.004652
Qwen/Qwen3-8B,cnndm,7,31,128,0.044309
Qwen/Qwen3-8B,cnndm,7,31,512,0.033308
Qwen/Qwen3-8B,cnndm,7,31,2048,0.016593
Qwen/Qwen3-8B,cnndm,7,31,4096,0.005932
Qwen/Qwen3-8B,cnndm,8,0,128,0.064230
Qwen/Qwen3-8B,cnndm,8,0,512,0.033356
Qwen/Qwen3-8B,cnndm,8,0,2048,0.016842
Qwen/Qwen3-8B,cnndm,8,0,4096,0.001052
Qwen/Qwen3-8B,cnndm,8,1,128,0.050148
Qwen/Qwen3-8B,cnndm,8,1,512,0.028584
Qwen/Qwen3-8B,cnndm,8,1,2048,0.013921
Qwen/Qwen3-8B,cnndm,8,1,4096,0.000749
Qwen/Qwen3-8B,cnndm,8,2,128,0.173519
Qwen/Qwen3-8B,cnndm,8,2,512,0.069931
Qwen/Qwen3-8B,cnndm,8,2,2048,0.025508
Qwen/Qwen3-8B,cnndm,8,2,4096,0.007041
Qwen/Qwen3-8B,cnndm,8,3,128,0.112834
Qwen/Qwen3-8B,cnndm,8,3,512,0.063310
Qwen/Qwen3-8B,cnndm,8,3,2048,0.023075
Qwen/Qwen3-8B,cnndm,8,3,4096,0.001927
Qwen/Qwen3-8B,cnndm,8,4,128,0.434430
Qwen/Qwen3-8B,cnndm,8,4,512,0.185103
Qwen/Qwen3-8B,cnndm,8,4,2048,0.074153
Qwen/Qwen3-8B,cnndm,8,4,4096,0.034307
Qwen/Qwen3-8B,cnndm,8,5,128,0.121233
Qwen/Qwen3-8B,cnndm,8,5,512,0.062620
Qwen/Qwen3-8B,cnndm,8,5,2048,0.023501
Qwen/Qwen3-8B,cnndm,8,5,4096,0.006376
Qwen/Qwen3-8B,cnndm,8,6,128,0.200045
Qwen/Qwen3-8B,cnndm,8,6,512,0.088215
Qwen/Qwen3-8B,cnndm,8,6,2048,0.032697
Qwen/Qwen3-8B,cnndm,8,6,4096,0.010529
Qwen/Qwen3-8B,cnndm,8,7,128,0.313370
Qwen/Qwen3-8B,cnndm,8,7,512,0.162400
Qwen/Qwen3-8B,cnndm,8,7,2048,0.070390
Qwen/Qwen3-8B,cnndm,8,7,4096,0.024756
Qwen/Qwen3-8B,cnndm,8,8,128,0.065846
Qwen/Qwen3-8B,cnndm,8,8,512,0.029328
Qwen/Qwen3-8B,cnndm,8,8,2048,0.009695
Qwen/Qwen3-8B,cnndm,8,8,4096,0.000450
Qwen/Qwen3-8B,cnndm,8,9,128,0.031923
Qwen/Qwen3-8B,cnndm,8,9,512,0.016272
Qwen/Qwen3-8B,cnndm,8,9,2048,0.007345
Qwen/Qwen3-8B,cnndm,8,9,4096,0.000254
Qwen/Qwen3-8B,cnndm,8,10,128,0.038145
Qwen/Qwen3-8B,cnndm,8,10,512,0.020228
Qwen/Qwen3-8B,cnndm,8,10,2048,0.008427
Qwen/Qwen3-8B,cnndm,8,10,4096,0.000292
Qwen/Qwen3-8B,cnndm,8,11,128,0.046559
Qwen/Qwen3-8B,cnndm,8,11,512,0.025299
Qwen/Qwen3-8B,cnndm,8,11,2048,0.012059
Qwen/Qwen3-8B,cnndm,8,11,4096,0.000249
Qwen/Qwen3-8B,cnndm,8,12,128,0.061233
Qwen/Qwen3-8B,cnndm,8,12,512,0.031491
Qwen/Qwen3-8B,cnndm,8,12,2048,0.014589
Qwen/Qwen3-8B,cnndm,8,12,4096,0.000230
Qwen/Qwen3-8B,cnndm,8,13,128,0.056909
Qwen/Qwen3-8B,cnndm,8,13,512,0.030054
Qwen/Qwen3-8B,cnndm,8,13,2048,0.011641
Qwen/Qwen3-8B,cnndm,8,13,4096,0.000146
Qwen/Qwen3-8B,cnndm,8,14,128,0.055757
Qwen/Qwen3-8B,cnndm,8,14,512,0.032637
Qwen/Qwen3-8B,cnndm,8,14,2048,0.013228
Qwen/Qwen3-8B,cnndm,8,14,4096,0.000225
Qwen/Qwen3-8B,cnndm,8,15,128,0.087607
Qwen/Qwen3-8B,cnndm,8,15,512,0.053712
Qwen/Qwen3-8B,cnndm,8,15,2048,0.018096
Qwen/Qwen3-8B,cnndm,8,15,4096,0.000701
Qwen/Qwen3-8B,cnndm,8,16,128,0.351342
Qwen/Qwen3-8B,cnndm,8,16,512,0.278455
Qwen/Qwen3-8B,cnndm,8,16,2048,0.164072
Qwen/Qwen3-8B,cnndm,8,16,4096,0.094483
Qwen/Qwen3-8B,cnndm,8,17,128,0.232738
Qwen/Qwen3-8B,cnndm,8,17,512,0.154697
Qwen/Qwen3-8B,cnndm,8,17,2048,0.081445
Qwen/Qwen3-8B,cnndm,8,17,4096,0.043277
Qwen/Qwen3-8B,cnndm,8,18,128,0.343446
Qwen/Qwen3-8B,cnndm,8,18,512,0.245392
Qwen/Qwen3-8B,cnndm,8,18,2048,0.129584
Qwen/Qwen3-8B,cnndm,8,18,4096,0.057748
Qwen/Qwen3-8B,cnndm,8,19,128,0.406592
Qwen/Qwen3-8B,cnndm,8,19,512,0.256675
Qwen/Qwen3-8B,cnndm,8,19,2048,0.124819
Qwen/Qwen3-8B,cnndm,8,19,4096,0.069019
Qwen/Qwen3-8B,cnndm,8,20,128,0.053122
Qwen/Qwen3-8B,cnndm,8,20,512,0.030702
Qwen/Qwen3-8B,cnndm,8,20,2048,0.013166
Qwen/Qwen3-8B,cnndm,8,20,4096,0.000398
Qwen/Qwen3-8B,cnndm,8,21,128,0.028561
Qwen/Qwen3-8B,cnndm,8,21,512,0.019016
Qwen/Qwen3-8B,cnndm,8,21,2048,0.008493
Qwen/Qwen3-8B,cnndm,8,21,4096,0.001051
Qwen/Qwen3-8B,cnndm,8,22,128,0.065819
Qwen/Qwen3-8B,cnndm,8,22,512,0.037195
Qwen/Qwen3-8B,cnndm,8,22,2048,0.013717
Qwen/Qwen3-8B,cnndm,8,22,4096,0.001226
Qwen/Qwen3-8B,cnndm,8,23,128,0.120213
Qwen/Qwen3-8B,cnndm,8,23,512,0.062345
Qwen/Qwen3-8B,cnndm,8,23,2048,0.016246
Qwen/Qwen3-8B,cnndm,8,23,4096,0.003895
Qwen/Qwen3-8B,cnndm,8,24,128,0.061659
Qwen/Qwen3-8B,cnndm,8,24,512,0.033746
Qwen/Qwen3-8B,cnndm,8,24,2048,0.014692
Qwen/Qwen3-8B,cnndm,8,24,4096,0.002466
Qwen/Qwen3-8B,cnndm,8,25,128,0.144845
Qwen/Qwen3-8B,cnndm,8,25,512,0.093935
Qwen/Qwen3-8B,cnndm,8,25,2048,0.044063
Qwen/Qwen3-8B,cnndm,8,25,4096,0.008539
Qwen/Qwen3-8B,cnndm,8,26,128,0.583568
Qwen/Qwen3-8B,cnndm,8,26,512,0.386611
Qwen/Qwen3-8B,cnndm,8,26,2048,0.203907
Qwen/Qwen3-8B,cnndm,8,26,4096,0.106407
Qwen/Qwen3-8B,cnndm,8,27,128,0.171594
Qwen/Qwen3-8B,cnndm,8,27,512,0.052350
Qwen/Qwen3-8B,cnndm,8,27,2048,0.014398
Qwen/Qwen3-8B,cnndm,8,27,4096,0.002795
Qwen/Qwen3-8B,cnndm,8,28,128,0.215380
Qwen/Qwen3-8B,cnndm,8,28,512,0.104619
Qwen/Qwen3-8B,cnndm,8,28,2048,0.039132
Qwen/Qwen3-8B,cnndm,8,28,4096,0.012431
Qwen/Qwen3-8B,cnndm,8,29,128,0.155540
Qwen/Qwen3-8B,cnndm,8,29,512,0.062196
Qwen/Qwen3-8B,cnndm,8,29,2048,0.022036
Qwen/Qwen3-8B,cnndm,8,29,4096,0.007008
Qwen/Qwen3-8B,cnndm,8,30,128,0.078967
Qwen/Qwen3-8B,cnndm,8,30,512,0.045357
Qwen/Qwen3-8B,cnndm,8,30,2048,0.020060
Qwen/Qwen3-8B,cnndm,8,30,4096,0.003743
Qwen/Qwen3-8B,cnndm,8,31,128,0.081917
Qwen/Qwen3-8B,cnndm,8,31,512,0.043016
Qwen/Qwen3-8B,cnndm,8,31,2048,0.014820
Qwen/Qwen3-8B,cnndm,8,31,4096,0.003668
Qwen/Qwen3-8B,cnndm,9,0,128,0.114227
Qwen/Qwen3-8B,cnndm,9,0,512,0.050772
Qwen/Qwen3-8B,cnndm,9,0,2048,0.021015
Qwen/Qwen3-8B,cnndm,9,0,4096,0.009322
Qwen/Qwen3-8B,cnndm,9,1,128,0.071447
Qwen/Qwen3-8B,cnndm,9,1,512,0.045532
Qwen/Qwen3-8B,cnndm,9,1,2048,0.024607
Qwen/Qwen3-8B,cnndm,9,1,4096,0.006581
Qwen/Qwen3-8B,cnndm,9,2,128,0.106744
Qwen/Qwen3-8B,cnndm,9,2,512,0.076933
Qwen/Qwen3-8B,cnndm,9,2,2048,0.041618
Qwen/Qwen3-8B,cnndm,9,2,4096,0.018558
Qwen/Qwen3-8B,cnndm,9,3,128,0.072647
Qwen/Qwen3-8B,cnndm,9,3,512,0.043364
Qwen/Qwen3-8B,cnndm,9,3,2048,0.023921
Qwen/Qwen3-8B,cnndm,9,3,4096,0.007136
Qwen/Qwen3-8B,cnndm,9,4,128,0.068506
Qwen/Qwen3-8B,cnndm,9,4,512,0.049268
Qwen/Qwen3-8B,cnndm,9,4,2048,0.028871
Qwen/Qwen3-8B,cnndm,9,4,4096,0.015633
Qwen/Qwen3-8B,cnndm,9,5,128,0.047929
Qwen/Qwen3-8B,cnndm,9,5,512,0.038827
Qwen/Qwen3-8B,cnndm,9,5,2048,0.025293
Qwen/Qwen3-8B,cnndm,9,5,4096,0.013856
Qwen/Qwen3-8B,cnndm,9,6,128,0.054031
Qwen/Qwen3-8B,cnndm,9,6,512,0.041954
Qwen/Qwen3-8B,cnndm,9,6,2048,0.025631
Qwen/Qwen3-8B,cnndm,9,6,4096,0.014320
Qwen/Qwen3-8B,cnndm,9,7,128,0.047377
Qwen/Qwen3-8B,cnndm,9,7,512,0.039047
Qwen/Qwen3-8B,cnndm,9,7,2048,0.021704
Qwen/Qwen3-8B,cnndm,9,7,4096,0.012891
Qwen/Qwen3-8B,cnndm,9,8,128,0.088521
Qwen/Qwen3-8B,cnndm,9,8,512,0.061519
Qwen/Qwen3-8B,cnndm,9,8,2048,0.035773
Qwen/Qwen3-8B,cnndm,9,8,4096,0.021127
Qwen/Qwen3-8B,cnndm,9,9,128,0.027141
Qwen/Qwen3-8B,cnndm,9,9,512,0.013493
Qwen/Qwen3-8B,cnndm,9,9,2048,0.005922
Qwen/Qwen3-8B,cnndm,9,9,4096,0.003189
Qwen/Qwen3-8B,cnndm,9,10,128,0.135924
Qwen/Qwen3-8B,cnndm,9,10,512,0.085485
Qwen/Qwen3-8B,cnndm,9,10,2048,0.044910
Qwen/Qwen3-8B,cnndm,9,10,4096,0.027846
Qwen/Qwen3-8B,cnndm,9,11,128,0.090977
Qwen/Qwen3-8B,cnndm,9,11,512,0.048626
Qwen/Qwen3-8B,cnndm,9,11,2048,0.023449
Qwen/Qwen3-8B,cnndm,9,11,4096,0.015273
Qwen/Qwen3-8B,cnndm,9,12,128,0.126317
Qwen/Qwen3-8B,cnndm,9,12,512,0.079525
Qwen/Qwen3-8B,cnndm,9,12,2048,0.037615
Qwen/Qwen3-8B,cnndm,9,12,4096,0.016009
Qwen/Qwen3-8B,cnndm,9,13,128,0.264028
Qwen/Qwen3-8B,cnndm,9,13,512,0.138364
Qwen/Qwen3-8B,cnndm,9,13,2048,0.066192
Qwen/Qwen3-8B,cnndm,9,13,4096,0.040068
Qwen/Qwen3-8B,cnndm,9,14,128,0.433507
Qwen/Qwen3-8B,cnndm,9,14,512,0.190234
Qwen/Qwen3-8B,cnndm,9,14,2048,0.082806
Qwen/Qwen3-8B,cnndm,9,14,4096,0.052079
Qwen/Qwen3-8B,cnndm,9,15,128,0.130536
Qwen/Qwen3-8B,cnndm,9,15,512,0.046148
Qwen/Qwen3-8B,cnndm,9,15,2048,0.017382
Qwen/Qwen3-8B,cnndm,9,15,4096,0.009893
Qwen/Qwen3-8B,cnndm,9,16,128,0.101567
Qwen/Qwen3-8B,cnndm,9,16,512,0.021328
Qwen/Qwen3-8B,cnndm,9,16,2048,0.012040
Qwen/Qwen3-8B,cnndm,9,16,4096,0.009307
Qwen/Qwen3-8B,cnndm,9,17,128,0.372703
Qwen/Qwen3-8B,cnndm,9,17,512,0.223774
Qwen/Qwen3-8B,cnndm,9,17,2048,0.105285
Qwen/Qwen3-8B,cnndm,9,17,4096,0.060127
Qwen/Qwen3-8B,cnndm,9,18,128,0.445506
Qwen/Qwen3-8B,cnndm,9,18,512,0.219643
Qwen/Qwen3-8B,cnndm,9,18,2048,0.030712
Qwen/Qwen3-8B,cnndm,9,18,4096,0.004399
Qwen/Qwen3-8B,cnndm,9,19,128,0.236818
Qwen/Qwen3-8B,cnndm,9,19,512,0.244714
Qwen/Qwen3-8B,cnndm,9,19,2048,0.231236
Qwen/Qwen3-8B,cnndm,9,19,4096,0.140003
Qwen/Qwen3-8B,cnndm,9,20,128,0.394496
Qwen/Qwen3-8B,cnndm,9,20,512,0.227301
Qwen/Qwen3-8B,cnndm,9,20,2048,0.108257
Qwen/Qwen3-8B,cnndm,9,20,4096,0.065480
Qwen/Qwen3-8B,cnndm,9,21,128,0.124417
Qwen/Qwen3-8B,cnndm,9,21,512,0.078638
Qwen/Qwen3-8B,cnndm,9,21,2048,0.036570
Qwen/Qwen3-8B,cnndm,9,21,4096,0.025554
Qwen/Qwen3-8B,cnndm,9,22,128,0.157649
Qwen/Qwen3-8B,cnndm,9,22,512,0.068974
Qwen/Qwen3-8B,cnndm,9,22,2048,0.028644
Qwen/Qwen3-8B,cnndm,9,22,4096,0.016494
Qwen/Qwen3-8B,cnndm,9,23,128,0.233792
Qwen/Qwen3-8B,cnndm,9,23,512,0.102622
Qwen/Qwen3-8B,cnndm,9,23,2048,0.041893
Qwen/Qwen3-8B,cnndm,9,23,4096,0.024505
Qwen/Qwen3-8B,cnndm,9,24,128,0.137861
Qwen/Qwen3-8B,cnndm,9,24,512,0.099818
Qwen/Qwen3-8B,cnndm,9,24,2048,0.060922
Qwen/Qwen3-8B,cnndm,9,24,4096,0.033813
Qwen/Qwen3-8B,cnndm,9,25,128,0.168754
Qwen/Qwen3-8B,cnndm,9,25,512,0.080350
Qwen/Qwen3-8B,cnndm,9,25,2048,0.034692
Qwen/Qwen3-8B,cnndm,9,25,4096,0.019419
Qwen/Qwen3-8B,cnndm,9,26,128,0.563665
Qwen/Qwen3-8B,cnndm,9,26,512,0.385409
Qwen/Qwen3-8B,cnndm,9,26,2048,0.216724
Qwen/Qwen3-8B,cnndm,9,26,4096,0.118791
Qwen/Qwen3-8B,cnndm,9,27,128,0.319960
Qwen/Qwen3-8B,cnndm,9,27,512,0.200291
Qwen/Qwen3-8B,cnndm,9,27,2048,0.103045
Qwen/Qwen3-8B,cnndm,9,27,4096,0.053002
Qwen/Qwen3-8B,cnndm,9,28,128,0.015237
Qwen/Qwen3-8B,cnndm,9,28,512,0.007797
Qwen/Qwen3-8B,cnndm,9,28,2048,0.003816
Qwen/Qwen3-8B,cnndm,9,28,4096,0.002204
Qwen/Qwen3-8B,cnndm,9,29,128,0.147309
Qwen/Qwen3-8B,cnndm,9,29,512,0.096394
Qwen/Qwen3-8B,cnndm,9,29,2048,0.057076
Qwen/Qwen3-8B,cnndm,9,29,4096,0.038598
Qwen/Qwen3-8B,cnndm,9,30,128,0.016445
Qwen/Qwen3-8B,cnndm,9,30,512,0.015988
Qwen/Qwen3-8B,cnndm,9,30,2048,0.014589
Qwen/Qwen3-8B,cnndm,9,30,4096,0.011374
Qwen/Qwen3-8B,cnndm,9,31,128,0.027936
Qwen/Qwen3-8B,cnndm,9,31,512,0.018043
Qwen/Qwen3-8B,cnndm,9,31,2048,0.010472
Qwen/Qwen3-8B,cnndm,9,31,4096,0.005707
Qwen/Qwen3-8B,cnndm,10,0,128,0.026338
Qwen/Qwen3-8B,cnndm,10,0,512,0.010126
Qwen/Qwen3-8B,cnndm,10,0,2048,0.003495
Qwen/Qwen3-8B,cnndm,10,0,4096,0.001198
Qwen/Qwen3-8B,cnndm,10,1,128,0.067335
Qwen/Qwen3-8B,cnndm,10,1,512,0.028461
Qwen/Qwen3-8B,cnndm,10,1,2048,0.012693
Qwen/Qwen3-8B,cnndm,10,1,4096,0.005571
Qwen/Qwen3-8B,cnndm,10,2,128,0.051120
Qwen/Qwen3-8B,cnndm,10,2,512,0.019469
Qwen/Qwen3-8B,cnndm,10,2,2048,0.006111
Qwen/Qwen3-8B,cnndm,10,2,4096,0.001960
Qwen/Qwen3-8B,cnndm,10,3,128,0.031575
Qwen/Qwen3-8B,cnndm,10,3,512,0.014075
Qwen/Qwen3-8B,cnndm,10,3,2048,0.007453
Qwen/Qwen3-8B,cnndm,10,3,4096,0.003224
Qwen/Qwen3-8B,cnndm,10,4,128,0.068227
Qwen/Qwen3-8B,cnndm,10,4,512,0.028539
Qwen/Qwen3-8B,cnndm,10,4,2048,0.010906
Qwen/Qwen3-8B,cnndm,10,4,4096,0.004680
Qwen/Qwen3-8B,cnndm,10,5,128,0.057716
Qwen/Qwen3-8B,cnndm,10,5,512,0.027446
Qwen/Qwen3-8B,cnndm,10,5,2048,0.013501
Qwen/Qwen3-8B,cnndm,10,5,4096,0.006003
Qwen/Qwen3-8B,cnndm,10,6,128,0.077282
Qwen/Qwen3-8B,cnndm,10,6,512,0.038789
Qwen/Qwen3-8B,cnndm,10,6,2048,0.016687
Qwen/Qwen3-8B,cnndm,10,6,4096,0.006601
Qwen/Qwen3-8B,cnndm,10,7,128,0.122009
Qwen/Qwen3-8B,cnndm,10,7,512,0.046045
Qwen/Qwen3-8B,cnndm,10,7,2048,0.016262
Qwen/Qwen3-8B,cnndm,10,7,4096,0.006832
Qwen/Qwen3-8B,cnndm,10,8,128,0.148591
Qwen/Qwen3-8B,cnndm,10,8,512,0.057236
Qwen/Qwen3-8B,cnndm,10,8,2048,0.014886
Qwen/Qwen3-8B,cnndm,10,8,4096,0.006200
Qwen/Qwen3-8B,cnndm,10,9,128,0.223686
Qwen/Qwen3-8B,cnndm,10,9,512,0.090799
Qwen/Qwen3-8B,cnndm,10,9,2048,0.031217
Qwen/Qwen3-8B,cnndm,10,9,4096,0.015504
Qwen/Qwen3-8B,cnndm,10,10,128,0.039655
Qwen/Qwen3-8B,cnndm,10,10,512,0.016133
Qwen/Qwen3-8B,cnndm,10,10,2048,0.006062
Qwen/Qwen3-8B,cnndm,10,10,4096,0.002649
Qwen/Qwen3-8B,cnndm,10,11,128,0.086803
Qwen/Qwen3-8B,cnndm,10,11,512,0.039555
Qwen/Qwen3-8B,cnndm,10,11,2048,0.015097
Qwen/Qwen3-8B,cnndm,10,11,4096,0.006280
Qwen/Qwen3-8B,cnndm,10,12,128,0.111718
Qwen/Qwen3-8B,cnndm,10,12,512,0.018782
Qwen/Qwen3-8B,cnndm,10,12,2048,0.008364
Qwen/Qwen3-8B,cnndm,10,12,4096,0.004731
Qwen/Qwen3-8B,cnndm,10,13,128,0.031987
Qwen/Qwen3-8B,cnndm,10,13,512,0.017381
Qwen/Qwen3-8B,cnndm,10,13,2048,0.007561
Qwen/Qwen3-8B,cnndm,10,13,4096,0.003326
Qwen/Qwen3-8B,cnndm,10,14,128,0.055730
Qwen/Qwen3-8B,cnndm,10,14,512,0.017336
Qwen/Qwen3-8B,cnndm,10,14,2048,0.007881
Qwen/Qwen3-8B,cnndm,10,14,4096,0.004450
Qwen/Qwen3-8B,cnndm,10,15,128,0.046213
Qwen/Qwen3-8B,cnndm,10,15,512,0.021760
Qwen/Qwen3-8B,cnndm,10,15,2048,0.008263
Qwen/Qwen3-8B,cnndm,10,15,4096,0.003139
Qwen/Qwen3-8B,cnndm,10,16,128,0.155328
Qwen/Qwen3-8B,cnndm,10,16,512,0.081082
Qwen/Qwen3-8B,cnndm,10,16,2048,0.027731
Qwen/Qwen3-8B,cnndm,10,16,4096,0.011463
Qwen/Qwen3-8B,cnndm,10,17,128,0.067336
Qwen/Qwen3-8B,cnndm,10,17,512,0.033837
Qwen/Qwen3-8B,cnndm,10,17,2048,0.014555
Qwen/Qwen3-8B,cnndm,10,17,4096,0.007521
Qwen/Qwen3-8B,cnndm,10,18,128,0.198343
Qwen/Qwen3-8B,cnndm,10,18,512,0.104490
Qwen/Qwen3-8B,cnndm,10,18,2048,0.040518
Qwen/Qwen3-8B,cnndm,10,18,4096,0.020878
Qwen/Qwen3-8B,cnndm,10,19,128,0.114128
Qwen/Qwen3-8B,cnndm,10,19,512,0.052045
Qwen/Qwen3-8B,cnndm,10,19,2048,0.017454
Qwen/Qwen3-8B,cnndm,10,19,4096,0.008234
Qwen/Qwen3-8B,cnndm,10,20,128,0.107240
Qwen/Qwen3-8B,cnndm,10,20,512,0.041694
Qwen/Qwen3-8B,cnndm,10,20,2048,0.014971
Qwen/Qwen3-8B,cnndm,10,20,4096,0.007400
Qwen/Qwen3-8B,cnndm,10,21,128,0.204872
Qwen/Qwen3-8B,cnndm,10,21,512,0.122262
Qwen/Qwen3-8B,cnndm,10,21,2048,0.060035
Qwen/Qwen3-8B,cnndm,10,21,4096,0.024647
Qwen/Qwen3-8B,cnndm,10,22,128,0.153583
Qwen/Qwen3-8B,cnndm,10,22,512,0.071969
Qwen/Qwen3-8B,cnndm,10,22,2048,0.031241
Qwen/Qwen3-8B,cnndm,10,22,4096,0.015844
Qwen/Qwen3-8B,cnndm,10,23,128,0.334318
Qwen/Qwen3-8B,cnndm,10,23,512,0.188352
Qwen/Qwen3-8B,cnndm,10,23,2048,0.089451
Qwen/Qwen3-8B,cnndm,10,23,4096,0.042302
Qwen/Qwen3-8B,cnndm,10,24,128,0.331471
Qwen/Qwen3-8B,cnndm,10,24,512,0.188887
Qwen/Qwen3-8B,cnndm,10,24,2048,0.090354
Qwen/Qwen3-8B,cnndm,10,24,4096,0.049916
Qwen/Qwen3-8B,cnndm,10,25,128,0.089831
Qwen/Qwen3-8B,cnndm,10,25,512,0.039146
Qwen/Qwen3-8B,cnndm,10,25,2048,0.015673
Qwen/Qwen3-8B,cnndm,10,25,4096,0.008603
Qwen/Qwen3-8B,cnndm,10,26,128,0.328700
Qwen/Qwen3-8B,cnndm,10,26,512,0.186015
Qwen/Qwen3-8B,cnndm,10,26,2048,0.082967
Qwen/Qwen3-8B,cnndm,10,26,4096,0.046490
Qwen/Qwen3-8B,cnndm,10,27,128,0.169245
Qwen/Qwen3-8B,cnndm,10,27,512,0.065069
Qwen/Qwen3-8B,cnndm,10,27,2048,0.022457
Qwen/Qwen3-8B,cnndm,10,27,4096,0.013333
Qwen/Qwen3-8B,cnndm,10,28,128,0.075142
Qwen/Qwen3-8B,cnndm,10,28,512,0.031627
Qwen/Qwen3-8B,cnndm,10,28,2048,0.009441
Qwen/Qwen3-8B,cnndm,10,28,4096,0.003439
Qwen/Qwen3-8B,cnndm,10,29,128,0.253461
Qwen/Qwen3-8B,cnndm,10,29,512,0.099990
Qwen/Qwen3-8B,cnndm,10,29,2048,0.030295
Qwen/Qwen3-8B,cnndm,10,29,4096,0.016216
Qwen/Qwen3-8B,cnndm,10,30,128,0.086294
Qwen/Qwen3-8B,cnndm,10,30,512,0.040412
Qwen/Qwen3-8B,cnndm,10,30,2048,0.013698
Qwen/Qwen3-8B,cnndm,10,30,4096,0.006635
Qwen/Qwen3-8B,cnndm,10,31,128,0.039762
Qwen/Qwen3-8B,cnndm,10,31,512,0.018533
Qwen/Qwen3-8B,cnndm,10,31,2048,0.007729
Qwen/Qwen3-8B,cnndm,10,31,4096,0.003358
Qwen/Qwen3-8B,cnndm,11,0,128,0.186507
Qwen/Qwen3-8B,cnndm,11,0,512,0.070846
Qwen/Qwen3-8B,cnndm,11,0,2048,0.023305
Qwen/Qwen3-8B,cnndm,11,0,4096,0.015365
Qwen/Qwen3-8B,cnndm,11,1,128,0.184915
Qwen/Qwen3-8B,cnndm,11,1,512,0.099165
Qwen/Qwen3-8B,cnndm,11,1,2048,0.039179
Qwen/Qwen3-8B,cnndm,11,1,4096,0.027794
Qwen/Qwen3-8B,cnndm,11,2,128,0.133350
Qwen/Qwen3-8B,cnndm,11,2,512,0.062648
Qwen/Qwen3-8B,cnndm,11,2,2048,0.026911
Qwen/Qwen3-8B,cnndm,11,2,4096,0.021872
Qwen/Qwen3-8B,cnndm,11,3,128,0.471831
Qwen/Qwen3-8B,cnndm,11,3,512,0.214092
Qwen/Qwen3-8B,cnndm,11,3,2048,0.077374
Qwen/Qwen3-8B,cnndm,11,3,4096,0.044471
Qwen/Qwen3-8B,cnndm,11,4,128,0.208715
Qwen/Qwen3-8B,cnndm,11,4,512,0.112857
Qwen/Qwen3-8B,cnndm,11,4,2048,0.056301
Qwen/Qwen3-8B,cnndm,11,4,4096,0.035339
Qwen/Qwen3-8B,cnndm,11,5,128,0.073570
Qwen/Qwen3-8B,cnndm,11,5,512,0.041954
Qwen/Qwen3-8B,cnndm,11,5,2048,0.025083
Qwen/Qwen3-8B,cnndm,11,5,4096,0.020099
Qwen/Qwen3-8B,cnndm,11,6,128,0.075234
Qwen/Qwen3-8B,cnndm,11,6,512,0.039084
Qwen/Qwen3-8B,cnndm,11,6,2048,0.018296
Qwen/Qwen3-8B,cnndm,11,6,4096,0.013034
Qwen/Qwen3-8B,cnndm,11,7,128,0.051961
Qwen/Qwen3-8B,cnndm,11,7,512,0.027880
Qwen/Qwen3-8B,cnndm,11,7,2048,0.014768
Qwen/Qwen3-8B,cnndm,11,7,4096,0.011163
Qwen/Qwen3-8B,cnndm,11,8,128,0.039227
Qwen/Qwen3-8B,cnndm,11,8,512,0.029076
Qwen/Qwen3-8B,cnndm,11,8,2048,0.021758
Qwen/Qwen3-8B,cnndm,11,8,4096,0.016395
Qwen/Qwen3-8B,cnndm,11,9,128,0.220683
Qwen/Qwen3-8B,cnndm,11,9,512,0.201435
Qwen/Qwen3-8B,cnndm,11,9,2048,0.083649
Qwen/Qwen3-8B,cnndm,11,9,4096,0.019563
Qwen/Qwen3-8B,cnndm,11,10,128,0.202749
Qwen/Qwen3-8B,cnndm,11,10,512,0.037844
Qwen/Qwen3-8B,cnndm,11,10,2048,0.007433
Qwen/Qwen3-8B,cnndm,11,10,4096,0.005972
Qwen/Qwen3-8B,cnndm,11,11,128,0.083693
Qwen/Qwen3-8B,cnndm,11,11,512,0.044439
Qwen/Qwen3-8B,cnndm,11,11,2048,0.022451
Qwen/Qwen3-8B,cnndm,11,11,4096,0.015612
Qwen/Qwen3-8B,cnndm,11,12,128,0.265022
Qwen/Qwen3-8B,cnndm,11,12,512,0.128971
Qwen/Qwen3-8B,cnndm,11,12,2048,0.051957
Qwen/Qwen3-8B,cnndm,11,12,4096,0.037319
Qwen/Qwen3-8B,cnndm,11,13,128,0.158254
Qwen/Qwen3-8B,cnndm,11,13,512,0.079313
Qwen/Qwen3-8B,cnndm,11,13,2048,0.030106
Qwen/Qwen3-8B,cnndm,11,13,4096,0.012648
Qwen/Qwen3-8B,cnndm,11,14,128,0.341005
Qwen/Qwen3-8B,cnndm,11,14,512,0.141782
Qwen/Qwen3-8B,cnndm,11,14,2048,0.046894
Qwen/Qwen3-8B,cnndm,11,14,4096,0.030844
Qwen/Qwen3-8B,cnndm,11,15,128,0.078153
Qwen/Qwen3-8B,cnndm,11,15,512,0.032499
Qwen/Qwen3-8B,cnndm,11,15,2048,0.010775
Qwen/Qwen3-8B,cnndm,11,15,4096,0.010029
Qwen/Qwen3-8B,cnndm,11,16,128,0.129426
Qwen/Qwen3-8B,cnndm,11,16,512,0.051100
Qwen/Qwen3-8B,cnndm,11,16,2048,0.018170
Qwen/Qwen3-8B,cnndm,11,16,4096,0.011337
Qwen/Qwen3-8B,cnndm,11,17,128,0.079860
Qwen/Qwen3-8B,cnndm,11,17,512,0.042232
Qwen/Qwen3-8B,cnndm,11,17,2048,0.021353
Qwen/Qwen3-8B,cnndm,11,17,4096,0.017592
Qwen/Qwen3-8B,cnndm,11,18,128,0.101464
Qwen/Qwen3-8B,cnndm,11,18,512,0.039554
Qwen/Qwen3-8B,cnndm,11,18,2048,0.011611
Qwen/Qwen3-8B,cnndm,11,18,4096,0.005019
Qwen/Qwen3-8B,cnndm,11,19,128,0.037591
Qwen/Qwen3-8B,cnndm,11,19,512,0.017970
Qwen/Qwen3-8B,cnndm,11,19,2048,0.009233
Qwen/Qwen3-8B,cnndm,11,19,4096,0.006742
Qwen/Qwen3-8B,cnndm,11,20,128,0.039188
Qwen/Qwen3-8B,cnndm,11,20,512,0.019688
Qwen/Qwen3-8B,cnndm,11,20,2048,0.009444
Qwen/Qwen3-8B,cnndm,11,20,4096,0.007836
Qwen/Qwen3-8B,cnndm,11,21,128,0.051474
Qwen/Qwen3-8B,cnndm,11,21,512,0.027186
Qwen/Qwen3-8B,cnndm,11,21,2048,0.010104
Qwen/Qwen3-8B,cnndm,11,21,4096,0.007311
Qwen/Qwen3-8B,cnndm,11,22,128,0.039286
Qwen/Qwen3-8B,cnndm,11,22,512,0.018830
Qwen/Qwen3-8B,cnndm,11,22,2048,0.009349
Qwen/Qwen3-8B,cnndm,11,22,4096,0.008794
Qwen/Qwen3-8B,cnndm,11,23,128,0.033573
Qwen/Qwen3-8B,cnndm,11,23,512,0.018780
Qwen/Qwen3-8B,cnndm,11,23,2048,0.009463
Qwen/Qwen3-8B,cnndm,11,23,4096,0.007624
Qwen/Qwen3-8B,cnndm,11,24,128,0.159875
Qwen/Qwen3-8B,cnndm,11,24,512,0.064579
Qwen/Qwen3-8B,cnndm,11,24,2048,0.023277
Qwen/Qwen3-8B,cnndm,11,24,4096,0.015208
Qwen/Qwen3-8B,cnndm,11,25,128,0.093495
Qwen/Qwen3-8B,cnndm,11,25,512,0.054019
Qwen/Qwen3-8B,cnndm,11,25,2048,0.025311
Qwen/Qwen3-8B,cnndm,11,25,4096,0.014426
Qwen/Qwen3-8B,cnndm,11,26,128,0.145393
Qwen/Qwen3-8B,cnndm,11,26,512,0.049658
Qwen/Qwen3-8B,cnndm,11,26,2048,0.013782
Qwen/Qwen3-8B,cnndm,11,26,4096,0.009150
Qwen/Qwen3-8B,cnndm,11,27,128,0.152663
Qwen/Qwen3-8B,cnndm,11,27,512,0.073246
Qwen/Qwen3-8B,cnndm,11,27,2048,0.029967
Qwen/Qwen3-8B,cnndm,11,27,4096,0.018868
Qwen/Qwen3-8B,cnndm,11,28,128,0.103729
Qwen/Qwen3-8B,cnndm,11,28,512,0.049962
Qwen/Qwen3-8B,cnndm,11,28,2048,0.018187
Qwen/Qwen3-8B,cnndm,11,28,4096,0.010564
Qwen/Qwen3-8B,cnndm,11,29,128,0.142543
Qwen/Qwen3-8B,cnndm,11,29,512,0.050971
Qwen/Qwen3-8B,cnndm,11,29,2048,0.015904
Qwen/Qwen3-8B,cnndm,11,29,4096,0.010667
Qwen/Qwen3-8B,cnndm,11,30,128,0.033210
Qwen/Qwen3-8B,cnndm,11,30,512,0.018807
Qwen/Qwen3-8B,cnndm,11,30,2048,0.008628
Qwen/Qwen3-8B,cnndm,11,30,4096,0.004758
Qwen/Qwen3-8B,cnndm,11,31,128,0.071944
Qwen/Qwen3-8B,cnndm,11,31,512,0.030918
Qwen/Qwen3-8B,cnndm,11,31,2048,0.015134
Qwen/Qwen3-8B,cnndm,11,31,4096,0.008772
Qwen/Qwen3-8B,cnndm,12,0,128,0.038271
Qwen/Qwen3-8B,cnndm,12,0,512,0.027734
Qwen/Qwen3-8B,cnndm,12,0,2048,0.010560
Qwen/Qwen3-8B,cnndm,12,0,4096,0.008518
Qwen/Qwen3-8B,cnndm,12,1,128,0.075635
Qwen/Qwen3-8B,cnndm,12,1,512,0.040146
Qwen/Qwen3-8B,cnndm,12,1,2048,0.014489
Qwen/Qwen3-8B,cnndm,12,1,4096,0.010423
Qwen/Qwen3-8B,cnndm,12,2,128,0.030788
Qwen/Qwen3-8B,cnndm,12,2,512,0.023257
Qwen/Qwen3-8B,cnndm,12,2,2048,0.009967
Qwen/Qwen3-8B,cnndm,12,2,4096,0.009089
Qwen/Qwen3-8B,cnndm,12,3,128,0.465856
Qwen/Qwen3-8B,cnndm,12,3,512,0.293634
Qwen/Qwen3-8B,cnndm,12,3,2048,0.144493
Qwen/Qwen3-8B,cnndm,12,3,4096,0.069821
Qwen/Qwen3-8B,cnndm,12,4,128,0.117849
Qwen/Qwen3-8B,cnndm,12,4,512,0.051584
Qwen/Qwen3-8B,cnndm,12,4,2048,0.016642
Qwen/Qwen3-8B,cnndm,12,4,4096,0.013679
Qwen/Qwen3-8B,cnndm,12,5,128,0.073125
Qwen/Qwen3-8B,cnndm,12,5,512,0.037652
Qwen/Qwen3-8B,cnndm,12,5,2048,0.014514
Qwen/Qwen3-8B,cnndm,12,5,4096,0.012218
Qwen/Qwen3-8B,cnndm,12,6,128,0.072147
Qwen/Qwen3-8B,cnndm,12,6,512,0.035095
Qwen/Qwen3-8B,cnndm,12,6,2048,0.012554
Qwen/Qwen3-8B,cnndm,12,6,4096,0.011150
Qwen/Qwen3-8B,cnndm,12,7,128,0.111274
Qwen/Qwen3-8B,cnndm,12,7,512,0.055184
Qwen/Qwen3-8B,cnndm,12,7,2048,0.020397
Qwen/Qwen3-8B,cnndm,12,7,4096,0.015945
Qwen/Qwen3-8B,cnndm,12,8,128,0.129737
Qwen/Qwen3-8B,cnndm,12,8,512,0.063855
Qwen/Qwen3-8B,cnndm,12,8,2048,0.025797
Qwen/Qwen3-8B,cnndm,12,8,4096,0.014234
Qwen/Qwen3-8B,cnndm,12,9,128,0.140930
Qwen/Qwen3-8B,cnndm,12,9,512,0.058967
Qwen/Qwen3-8B,cnndm,12,9,2048,0.024811
Qwen/Qwen3-8B,cnndm,12,9,4096,0.015256
Qwen/Qwen3-8B,cnndm,12,10,128,0.191989
Qwen/Qwen3-8B,cnndm,12,10,512,0.068430
Qwen/Qwen3-8B,cnndm,12,10,2048,0.019884
Qwen/Qwen3-8B,cnndm,12,10,4096,0.011392
Qwen/Qwen3-8B,cnndm,12,11,128,0.076534
Qwen/Qwen3-8B,cnndm,12,11,512,0.032701
Qwen/Qwen3-8B,cnndm,12,11,2048,0.011926
Qwen/Qwen3-8B,cnndm,12,11,4096,0.007772
Qwen/Qwen3-8B,cnndm,12,12,128,0.142450
Qwen/Qwen3-8B,cnndm,12,12,512,0.054734
Qwen/Qwen3-8B,cnndm,12,12,2048,0.016125
Qwen/Qwen3-8B,cnndm,12,12,4096,0.011763
Qwen/Qwen3-8B,cnndm,12,13,128,0.142213
Qwen/Qwen3-8B,cnndm,12,13,512,0.065102
Qwen/Qwen3-8B,cnndm,12,13,2048,0.022140
Qwen/Qwen3-8B,cnndm,12,13,4096,0.017085
Qwen/Qwen3-8B,cnndm,12,14,128,0.120697
Qwen/Qwen3-8B,cnndm,12,14,512,0.057166
Qwen/Qwen3-8B,cnndm,12,14,2048,0.019015
Qwen/Qwen3-8B,cnndm,12,14,4096,0.014716
Qwen/Qwen3-8B,cnndm,12,15,128,0.093336
Qwen/Qwen3-8B,cnndm,12,15,512,0.040977
Qwen/Qwen3-8B,cnndm,12,15,2048,0.014422
Qwen/Qwen3-8B,cnndm,12,15,4096,0.010921
Qwen/Qwen3-8B,cnndm,12,16,128,0.063937
Qwen/Qwen3-8B,cnndm,12,16,512,0.028575
Qwen/Qwen3-8B,cnndm,12,16,2048,0.011036
Qwen/Qwen3-8B,cnndm,12,16,4096,0.010299
Qwen/Qwen3-8B,cnndm,12,17,128,0.674795
Qwen/Qwen3-8B,cnndm,12,17,512,0.369210
Qwen/Qwen3-8B,cnndm,12,17,2048,0.178804
Qwen/Qwen3-8B,cnndm,12,17,4096,0.092744
Qwen/Qwen3-8B,cnndm,12,18,128,0.670555
Qwen/Qwen3-8B,cnndm,12,18,512,0.410753
Qwen/Qwen3-8B,cnndm,12,18,2048,0.209091
Qwen/Qwen3-8B,cnndm,12,18,4096,0.122797
Qwen/Qwen3-8B,cnndm,12,19,128,0.283733
Qwen/Qwen3-8B,cnndm,12,19,512,0.166617
Qwen/Qwen3-8B,cnndm,12,19,2048,0.084894
Qwen/Qwen3-8B,cnndm,12,19,4096,0.046156
Qwen/Qwen3-8B,cnndm,12,20,128,0.420754
Qwen/Qwen3-8B,cnndm,12,20,512,0.276873
Qwen/Qwen3-8B,cnndm,12,20,2048,0.142334
Qwen/Qwen3-8B,cnndm,12,20,4096,0.070792
Qwen/Qwen3-8B,cnndm,12,21,128,0.199009
Qwen/Qwen3-8B,cnndm,12,21,512,0.132081
Qwen/Qwen3-8B,cnndm,12,21,2048,0.067554
Qwen/Qwen3-8B,cnndm,12,21,4096,0.030763
Qwen/Qwen3-8B,cnndm,12,22,128,0.292468
Qwen/Qwen3-8B,cnndm,12,22,512,0.149972
Qwen/Qwen3-8B,cnndm,12,22,2048,0.059862
Qwen/Qwen3-8B,cnndm,12,22,4096,0.024689
Qwen/Qwen3-8B,cnndm,12,23,128,0.414834
Qwen/Qwen3-8B,cnndm,12,23,512,0.272980
Qwen/Qwen3-8B,cnndm,12,23,2048,0.135516
Qwen/Qwen3-8B,cnndm,12,23,4096,0.063794
Qwen/Qwen3-8B,cnndm,12,24,128,0.434820
Qwen/Qwen3-8B,cnndm,12,24,512,0.308714
Qwen/Qwen3-8B,cnndm,12,24,2048,0.181188
Qwen/Qwen3-8B,cnndm,12,24,4096,0.102370
Qwen/Qwen3-8B,cnndm,12,25,128,0.014156
Qwen/Qwen3-8B,cnndm,12,25,512,0.008230
Qwen/Qwen3-8B,cnndm,12,25,2048,0.004245
Qwen/Qwen3-8B,cnndm,12,25,4096,0.002674
Qwen/Qwen3-8B,cnndm,12,26,128,0.371389
Qwen/Qwen3-8B,cnndm,12,26,512,0.242589
Qwen/Qwen3-8B,cnndm,12,26,2048,0.131155
Qwen/Qwen3-8B,cnndm,12,26,4096,0.074459
Qwen/Qwen3-8B,cnndm,12,27,128,0.116637
Qwen/Qwen3-8B,cnndm,12,27,512,0.049153
Qwen/Qwen3-8B,cnndm,12,27,2048,0.020109
Qwen/Qwen3-8B,cnndm,12,27,4096,0.015060
Qwen/Qwen3-8B,cnndm,12,28,128,0.215774
Qwen/Qwen3-8B,cnndm,12,28,512,0.112718
Qwen/Qwen3-8B,cnndm,12,28,2048,0.048509
Qwen/Qwen3-8B,cnndm,12,28,4096,0.024962
Qwen/Qwen3-8B,cnndm,12,29,128,0.075068
Qwen/Qwen3-8B,cnndm,12,29,512,0.042250
Qwen/Qwen3-8B,cnndm,12,29,2048,0.021786
Qwen/Qwen3-8B,cnndm,12,29,4096,0.013527
Qwen/Qwen3-8B,cnndm,12,30,128,0.251936
Qwen/Qwen3-8B,cnndm,12,30,512,0.156190
Qwen/Qwen3-8B,cnndm,12,30,2048,0.074093
Qwen/Qwen3-8B,cnndm,12,30,4096,0.036349
Qwen/Qwen3-8B,cnndm,12,31,128,0.086727
Qwen/Qwen3-8B,cnndm,12,31,512,0.042040
Qwen/Qwen3-8B,cnndm,12,31,2048,0.017849
Qwen/Qwen3-8B,cnndm,12,31,4096,0.010934
Qwen/Qwen3-8B,cnndm,13,0,128,0.354355
Qwen/Qwen3-8B,cnndm,13,0,512,0.170900
Qwen/Qwen3-8B,cnndm,13,0,2048,0.074127
Qwen/Qwen3-8B,cnndm,13,0,4096,0.041221
Qwen/Qwen3-8B,cnndm,13,1,128,0.313977
Qwen/Qwen3-8B,cnndm,13,1,512,0.123668
Qwen/Qwen3-8B,cnndm,13,1,2048,0.045867
Qwen/Qwen3-8B,cnndm,13,1,4096,0.027789
Qwen/Qwen3-8B,cnndm,13,2,128,0.338476
Qwen/Qwen3-8B,cnndm,13,2,512,0.158675
Qwen/Qwen3-8B,cnndm,13,2,2048,0.062101
Qwen/Qwen3-8B,cnndm,13,2,4096,0.036637
Qwen/Qwen3-8B,cnndm,13,3,128,0.444921
Qwen/Qwen3-8B,cnndm,13,3,512,0.226543
Qwen/Qwen3-8B,cnndm,13,3,2048,0.103149
Qwen/Qwen3-8B,cnndm,13,3,4096,0.056564
Qwen/Qwen3-8B,cnndm,13,4,128,0.055753
Qwen/Qwen3-8B,cnndm,13,4,512,0.045279
Qwen/Qwen3-8B,cnndm,13,4,2048,0.032039
Qwen/Qwen3-8B,cnndm,13,4,4096,0.015056
Qwen/Qwen3-8B,cnndm,13,5,128,0.084488
Qwen/Qwen3-8B,cnndm,13,5,512,0.071202
Qwen/Qwen3-8B,cnndm,13,5,2048,0.053588
Qwen/Qwen3-8B,cnndm,13,5,4096,0.022781
Qwen/Qwen3-8B,cnndm,13,6,128,0.074881
Qwen/Qwen3-8B,cnndm,13,6,512,0.063714
Qwen/Qwen3-8B,cnndm,13,6,2048,0.045368
Qwen/Qwen3-8B,cnndm,13,6,4096,0.022287
Qwen/Qwen3-8B,cnndm,13,7,128,0.057498
Qwen/Qwen3-8B,cnndm,13,7,512,0.049167
Qwen/Qwen3-8B,cnndm,13,7,2048,0.036456
Qwen/Qwen3-8B,cnndm,13,7,4096,0.017887
Qwen/Qwen3-8B,cnndm,13,8,128,0.225173
Qwen/Qwen3-8B,cnndm,13,8,512,0.108563
Qwen/Qwen3-8B,cnndm,13,8,2048,0.052849
Qwen/Qwen3-8B,cnndm,13,8,4096,0.029037
Qwen/Qwen3-8B,cnndm,13,9,128,0.154778
Qwen/Qwen3-8B,cnndm,13,9,512,0.054531
Qwen/Qwen3-8B,cnndm,13,9,2048,0.034709
Qwen/Qwen3-8B,cnndm,13,9,4096,0.024710
Qwen/Qwen3-8B,cnndm,13,10,128,0.470244
Qwen/Qwen3-8B,cnndm,13,10,512,0.188274
Qwen/Qwen3-8B,cnndm,13,10,2048,0.052833
Qwen/Qwen3-8B,cnndm,13,10,4096,0.024376
Qwen/Qwen3-8B,cnndm,13,11,128,0.231734
Qwen/Qwen3-8B,cnndm,13,11,512,0.211686
Qwen/Qwen3-8B,cnndm,13,11,2048,0.150905
Qwen/Qwen3-8B,cnndm,13,11,4096,0.092309
Qwen/Qwen3-8B,cnndm,13,12,128,0.000633
Qwen/Qwen3-8B,cnndm,13,12,512,0.000616
Qwen/Qwen3-8B,cnndm,13,12,2048,0.000565
Qwen/Qwen3-8B,cnndm,13,12,4096,0.000395
Qwen/Qwen3-8B,cnndm,13,13,128,0.201059
Qwen/Qwen3-8B,cnndm,13,13,512,0.112301
Qwen/Qwen3-8B,cnndm,13,13,2048,0.055377
Qwen/Qwen3-8B,cnndm,13,13,4096,0.036216
Qwen/Qwen3-8B,cnndm,13,14,128,0.147342
Qwen/Qwen3-8B,cnndm,13,14,512,0.061398
Qwen/Qwen3-8B,cnndm,13,14,2048,0.023422
Qwen/Qwen3-8B,cnndm,13,14,4096,0.016177
Qwen/Qwen3-8B,cnndm,13,15,128,0.057356
Qwen/Qwen3-8B,cnndm,13,15,512,0.039425
Qwen/Qwen3-8B,cnndm,13,15,2048,0.021253
Qwen/Qwen3-8B,cnndm,13,15,4096,0.012722
Qwen/Qwen3-8B,cnndm,13,16,128,0.406498
Qwen/Qwen3-8B,cnndm,13,16,512,0.209235
Qwen/Qwen3-8B,cnndm,13,16,2048,0.095705
Qwen/Qwen3-8B,cnndm,13,16,4096,0.050676
Qwen/Qwen3-8B,cnndm,13,17,128,0.247239
Qwen/Qwen3-8B,cnndm,13,17,512,0.098569
Qwen/Qwen3-8B,cnndm,13,17,2048,0.038922
Qwen/Qwen3-8B,cnndm,13,17,4096,0.019538
Qwen/Qwen3-8B,cnndm,13,18,128,0.361862
Qwen/Qwen3-8B,cnndm,13,18,512,0.148583
Qwen/Qwen3-8B,cnndm,13,18,2048,0.048621
Qwen/Qwen3-8B,cnndm,13,18,4096,0.024330
Qwen/Qwen3-8B,cnndm,13,19,128,0.292369
Qwen/Qwen3-8B,cnndm,13,19,512,0.108713
Qwen/Qwen3-8B,cnndm,13,19,2048,0.030895
Qwen/Qwen3-8B,cnndm,13,19,4096,0.016112
Qwen/Qwen3-8B,cnndm,13,20,128,0.014736
Qwen/Qwen3-8B,cnndm,13,20,512,0.009580
Qwen/Qwen3-8B,cnndm,13,20,2048,0.006581
Qwen/Qwen3-8B,cnndm,13,20,4096,0.004446
Qwen/Qwen3-8B,cnndm,13,21,128,0.030711
Qwen/Qwen3-8B,cnndm,13,21,512,0.020183
Qwen/Qwen3-8B,cnndm,13,21,2048,0.011329
Qwen/Qwen3-8B,cnndm,13,21,4096,0.008219
Qwen/Qwen3-8B,cnndm,13,22,128,0.118017
Qwen/Qwen3-8B,cnndm,13,22,512,0.044647
Qwen/Qwen3-8B,cnndm,13,22,2048,0.014004
Qwen/Qwen3-8B,cnndm,13,22,4096,0.007398
Qwen/Qwen3-8B,cnndm,13,23,128,0.050163
Qwen/Qwen3-8B,cnndm,13,23,512,0.030416
Qwen/Qwen3-8B,cnndm,13,23,2048,0.015380
Qwen/Qwen3-8B,cnndm,13,23,4096,0.008799
Qwen/Qwen3-8B,cnndm,13,24,128,0.061793
Qwen/Qwen3-8B,cnndm,13,24,512,0.037873
Qwen/Qwen3-8B,cnndm,13,24,2048,0.022432
Qwen/Qwen3-8B,cnndm,13,24,4096,0.011785
Qwen/Qwen3-8B,cnndm,13,25,128,0.051648
Qwen/Qwen3-8B,cnndm,13,25,512,0.040912
Qwen/Qwen3-8B,cnndm,13,25,2048,0.027650
Qwen/Qwen3-8B,cnndm,13,25,4096,0.017651
Qwen/Qwen3-8B,cnndm,13,26,128,0.302800
Qwen/Qwen3-8B,cnndm,13,26,512,0.153543
Qwen/Qwen3-8B,cnndm,13,26,2048,0.066510
Qwen/Qwen3-8B,cnndm,13,26,4096,0.034350
Qwen/Qwen3-8B,cnndm,13,27,128,0.335481
Qwen/Qwen3-8B,cnndm,13,27,512,0.134465
Qwen/Qwen3-8B,cnndm,13,27,2048,0.052586
Qwen/Qwen3-8B,cnndm,13,27,4096,0.028910
Qwen/Qwen3-8B,cnndm,13,28,128,0.351200
Qwen/Qwen3-8B,cnndm,13,28,512,0.263952
Qwen/Qwen3-8B,cnndm,13,28,2048,0.146962
Qwen/Qwen3-8B,cnndm,13,28,4096,0.073022
Qwen/Qwen3-8B,cnndm,13,29,128,0.186362
Qwen/Qwen3-8B,cnndm,13,29,512,0.121191
Qwen/Qwen3-8B,cnndm,13,29,2048,0.066632
Qwen/Qwen3-8B,cnndm,13,29,4096,0.037974
Qwen/Qwen3-8B,cnndm,13,30,128,0.061128
Qwen/Qwen3-8B,cnndm,13,30,512,0.026546
Qwen/Qwen3-8B,cnndm,13,30,2048,0.012975
Qwen/Qwen3-8B,cnndm,13,30,4096,0.008249
Qwen/Qwen3-8B,cnndm,13,31,128,0.364074
Qwen/Qwen3-8B,cnndm,13,31,512,0.223074
Qwen/Qwen3-8B,cnndm,13,31,2048,0.108894
Qwen/Qwen3-8B,cnndm,13,31,4096,0.062920
Qwen/Qwen3-8B,cnndm,14,0,128,0.018106
Qwen/Qwen3-8B,cnndm,14,0,512,0.008607
Qwen/Qwen3-8B,cnndm,14,0,2048,0.001074
Qwen/Qwen3-8B,cnndm,14,0,4096,0.001189
Qwen/Qwen3-8B,cnndm,14,1,128,0.035322
Qwen/Qwen3-8B,cnndm,14,1,512,0.017294
Qwen/Qwen3-8B,cnndm,14,1,2048,0.002701
Qwen/Qwen3-8B,cnndm,14,1,4096,0.003030
Qwen/Qwen3-8B,cnndm,14,2,128,0.037076
Qwen/Qwen3-8B,cnndm,14,2,512,0.022816
Qwen/Qwen3-8B,cnndm,14,2,2048,0.004189
Qwen/Qwen3-8B,cnndm,14,2,4096,0.004292
Qwen/Qwen3-8B,cnndm,14,3,128,0.032274
Qwen/Qwen3-8B,cnndm,14,3,512,0.018674
Qwen/Qwen3-8B,cnndm,14,3,2048,0.004185
Qwen/Qwen3-8B,cnndm,14,3,4096,0.003499
Qwen/Qwen3-8B,cnndm,14,4,128,0.267943
Qwen/Qwen3-8B,cnndm,14,4,512,0.118193
Qwen/Qwen3-8B,cnndm,14,4,2048,0.042001
Qwen/Qwen3-8B,cnndm,14,4,4096,0.019496
Qwen/Qwen3-8B,cnndm,14,5,128,0.272942
Qwen/Qwen3-8B,cnndm,14,5,512,0.137066
Qwen/Qwen3-8B,cnndm,14,5,2048,0.059484
Qwen/Qwen3-8B,cnndm,14,5,4096,0.026528
Qwen/Qwen3-8B,cnndm,14,6,128,0.281871
Qwen/Qwen3-8B,cnndm,14,6,512,0.102109
Qwen/Qwen3-8B,cnndm,14,6,2048,0.032566
Qwen/Qwen3-8B,cnndm,14,6,4096,0.013312
Qwen/Qwen3-8B,cnndm,14,7,128,0.180782
Qwen/Qwen3-8B,cnndm,14,7,512,0.069611
Qwen/Qwen3-8B,cnndm,14,7,2048,0.020104
Qwen/Qwen3-8B,cnndm,14,7,4096,0.008968
Qwen/Qwen3-8B,cnndm,14,8,128,0.088332
Qwen/Qwen3-8B,cnndm,14,8,512,0.030897
Qwen/Qwen3-8B,cnndm,14,8,2048,0.004156
Qwen/Qwen3-8B,cnndm,14,8,4096,0.003060
Qwen/Qwen3-8B,cnndm,14,9,128,0.087190
Qwen/Qwen3-8B,cnndm,14,9,512,0.033866
Qwen/Qwen3-8B,cnndm,14,9,2048,0.004501
Qwen/Qwen3-8B,cnndm,14,9,4096,0.002622
Qwen/Qwen3-8B,cnndm,14,10,128,0.085561
Qwen/Qwen3-8B,cnndm,14,10,512,0.032674
Qwen/Qwen3-8B,cnndm,14,10,2048,0.005660
Qwen/Qwen3-8B,cnndm,14,10,4096,0.003888
Qwen/Qwen3-8B,cnndm,14,11,128,0.066696
Qwen/Qwen3-8B,cnndm,14,11,512,0.026881
Qwen/Qwen3-8B,cnndm,14,11,2048,0.004175
Qwen/Qwen3-8B,cnndm,14,11,4096,0.002949
Qwen/Qwen3-8B,cnndm,14,12,128,0.253375
Qwen/Qwen3-8B,cnndm,14,12,512,0.134701
Qwen/Qwen3-8B,cnndm,14,12,2048,0.061141
Qwen/Qwen3-8B,cnndm,14,12,4096,0.033097
Qwen/Qwen3-8B,cnndm,14,13,128,0.419329
Qwen/Qwen3-8B,cnndm,14,13,512,0.221279
Qwen/Qwen3-8B,cnndm,14,13,2048,0.100091
Qwen/Qwen3-8B,cnndm,14,13,4096,0.053059
Qwen/Qwen3-8B,cnndm,14,14,128,0.339731
Qwen/Qwen3-8B,cnndm,14,14,512,0.180408
Qwen/Qwen3-8B,cnndm,14,14,2048,0.081350
Qwen/Qwen3-8B,cnndm,14,14,4096,0.040655
Qwen/Qwen3-8B,cnndm,14,15,128,0.421113
Qwen/Qwen3-8B,cnndm,14,15,512,0.215126
Qwen/Qwen3-8B,cnndm,14,15,2048,0.090618
Qwen/Qwen3-8B,cnndm,14,15,4096,0.040880
Qwen/Qwen3-8B,cnndm,14,16,128,0.165504
Qwen/Qwen3-8B,cnndm,14,16,512,0.064585
Qwen/Qwen3-8B,cnndm,14,16,2048,0.026181
Qwen/Qwen3-8B,cnndm,14,16,4096,0.011825
Qwen/Qwen3-8B,cnndm,14,17,128,0.666895
Qwen/Qwen3-8B,cnndm,14,17,512,0.413300
Qwen/Qwen3-8B,cnndm,14,17,2048,0.180484
Qwen/Qwen3-8B,cnndm,14,17,4096,0.078108
Qwen/Qwen3-8B,cnndm,14,18,128,0.162624
Qwen/Qwen3-8B,cnndm,14,18,512,0.045314
Qwen/Qwen3-8B,cnndm,14,18,2048,0.015344
Qwen/Qwen3-8B,cnndm,14,18,4096,0.008117
Qwen/Qwen3-8B,cnndm,14,19,128,0.163366
Qwen/Qwen3-8B,cnndm,14,19,512,0.050706
Qwen/Qwen3-8B,cnndm,14,19,2048,0.017800
Qwen/Qwen3-8B,cnndm,14,19,4096,0.008117
Qwen/Qwen3-8B,cnndm,14,20,128,0.035220
Qwen/Qwen3-8B,cnndm,14,20,512,0.018193
Qwen/Qwen3-8B,cnndm,14,20,2048,0.006837
Qwen/Qwen3-8B,cnndm,14,20,4096,0.005619
Qwen/Qwen3-8B,cnndm,14,21,128,0.040387
Qwen/Qwen3-8B,cnndm,14,21,512,0.021218
Qwen/Qwen3-8B,cnndm,14,21,2048,0.007138
Qwen/Qwen3-8B,cnndm,14,21,4096,0.005892
Qwen/Qwen3-8B,cnndm,14,22,128,0.031386
Qwen/Qwen3-8B,cnndm,14,22,512,0.023295
Qwen/Qwen3-8B,cnndm,14,22,2048,0.006216
Qwen/Qwen3-8B,cnndm,14,22,4096,0.005416
Qwen/Qwen3-8B,cnndm,14,23,128,0.037298
Qwen/Qwen3-8B,cnndm,14,23,512,0.023028
Qwen/Qwen3-8B,cnndm,14,23,2048,0.007147
Qwen/Qwen3-8B,cnndm,14,23,4096,0.005897
Qwen/Qwen3-8B,cnndm,14,24,128,0.218266
Qwen/Qwen3-8B,cnndm,14,24,512,0.115946
Qwen/Qwen3-8B,cnndm,14,24,2048,0.046177
Qwen/Qwen3-8B,cnndm,14,24,4096,0.026994
Qwen/Qwen3-8B,cnndm,14,25,128,0.283089
Qwen/Qwen3-8B,cnndm,14,25,512,0.146647
Qwen/Qwen3-8B,cnndm,14,25,2048,0.056553
Qwen/Qwen3-8B,cnndm,14,25,4096,0.033363
Qwen/Qwen3-8B,cnndm,14,26,128,0.054268
Qwen/Qwen3-8B,cnndm,14,26,512,0.030080
Qwen/Qwen3-8B,cnndm,14,26,2048,0.010762
Qwen/Qwen3-8B,cnndm,14,26,4096,0.008575
Qwen/Qwen3-8B,cnndm,14,27,128,0.228455
Qwen/Qwen3-8B,cnndm,14,27,512,0.094456
Qwen/Qwen3-8B,cnndm,14,27,2048,0.026324
Qwen/Qwen3-8B,cnndm,14,27,4096,0.015125
Qwen/Qwen3-8B,cnndm,14,28,128,0.051072
Qwen/Qwen3-8B,cnndm,14,28,512,0.033364
Qwen/Qwen3-8B,cnndm,14,28,2048,0.013460
Qwen/Qwen3-8B,cnndm,14,28,4096,0.010724
Qwen/Qwen3-8B,cnndm,14,29,128,0.058271
Qwen/Qwen3-8B,cnndm,14,29,512,0.035895
Qwen/Qwen3-8B,cnndm,14,29,2048,0.012129
Qwen/Qwen3-8B,cnndm,14,29,4096,0.009231
Qwen/Qwen3-8B,cnndm,14,30,128,0.049494
Qwen/Qwen3-8B,cnndm,14,30,512,0.037079
Qwen/Qwen3-8B,cnndm,14,30,2048,0.017277
Qwen/Qwen3-8B,cnndm,14,30,4096,0.012345
Qwen/Qwen3-8B,cnndm,14,31,128,0.139953
Qwen/Qwen3-8B,cnndm,14,31,512,0.061818
Qwen/Qwen3-8B,cnndm,14,31,2048,0.017178
Qwen/Qwen3-8B,cnndm,14,31,4096,0.011579
Qwen/Qwen3-8B,cnndm,15,0,128,0.598796
Qwen/Qwen3-8B,cnndm,15,0,512,0.312135
Qwen/Qwen3-8B,cnndm,15,0,2048,0.136070
Qwen/Qwen3-8B,cnndm,15,0,4096,0.074749
Qwen/Qwen3-8B,cnndm,15,1,128,0.170608
Qwen/Qwen3-8B,cnndm,15,1,512,0.092742
Qwen/Qwen3-8B,cnndm,15,1,2048,0.058341
Qwen/Qwen3-8B,cnndm,15,1,4096,0.046782
Qwen/Qwen3-8B,cnndm,15,2,128,0.606257
Qwen/Qwen3-8B,cnndm,15,2,512,0.284825
Qwen/Qwen3-8B,cnndm,15,2,2048,0.114802
Qwen/Qwen3-8B,cnndm,15,2,4096,0.055466
Qwen/Qwen3-8B,cnndm,15,3,128,0.147652
Qwen/Qwen3-8B,cnndm,15,3,512,0.067348
Qwen/Qwen3-8B,cnndm,15,3,2048,0.038896
Qwen/Qwen3-8B,cnndm,15,3,4096,0.029631
Qwen/Qwen3-8B,cnndm,15,4,128,0.218204
Qwen/Qwen3-8B,cnndm,15,4,512,0.110380
Qwen/Qwen3-8B,cnndm,15,4,2048,0.052447
Qwen/Qwen3-8B,cnndm,15,4,4096,0.029307
Qwen/Qwen3-8B,cnndm,15,5,128,0.157251
Qwen/Qwen3-8B,cnndm,15,5,512,0.079339
Qwen/Qwen3-8B,cnndm,15,5,2048,0.034549
Qwen/Qwen3-8B,cnndm,15,5,4096,0.024731
Qwen/Qwen3-8B,cnndm,15,6,128,0.086504
Qwen/Qwen3-8B,cnndm,15,6,512,0.043927
Qwen/Qwen3-8B,cnndm,15,6,2048,0.018682
Qwen/Qwen3-8B,cnndm,15,6,4096,0.012960
Qwen/Qwen3-8B,cnndm,15,7,128,0.142841
Qwen/Qwen3-8B,cnndm,15,7,512,0.052313
Qwen/Qwen3-8B,cnndm,15,7,2048,0.017905
Qwen/Qwen3-8B,cnndm,15,7,4096,0.011538
Qwen/Qwen3-8B,cnndm,15,8,128,0.596716
Qwen/Qwen3-8B,cnndm,15,8,512,0.360450
Qwen/Qwen3-8B,cnndm,15,8,2048,0.196654
Qwen/Qwen3-8B,cnndm,15,8,4096,0.112505
Qwen/Qwen3-8B,cnndm,15,9,128,0.451504
Qwen/Qwen3-8B,cnndm,15,9,512,0.213498
Qwen/Qwen3-8B,cnndm,15,9,2048,0.104693
Qwen/Qwen3-8B,cnndm,15,9,4096,0.060084
Qwen/Qwen3-8B,cnndm,15,10,128,0.246347
Qwen/Qwen3-8B,cnndm,15,10,512,0.163672
Qwen/Qwen3-8B,cnndm,15,10,2048,0.093320
Qwen/Qwen3-8B,cnndm,15,10,4096,0.055206
Qwen/Qwen3-8B,cnndm,15,11,128,0.502504
Qwen/Qwen3-8B,cnndm,15,11,512,0.352395
Qwen/Qwen3-8B,cnndm,15,11,2048,0.201488
Qwen/Qwen3-8B,cnndm,15,11,4096,0.122401
Qwen/Qwen3-8B,cnndm,15,12,128,0.164805
Qwen/Qwen3-8B,cnndm,15,12,512,0.057558
Qwen/Qwen3-8B,cnndm,15,12,2048,0.019539
Qwen/Qwen3-8B,cnndm,15,12,4096,0.014295
Qwen/Qwen3-8B,cnndm,15,13,128,0.176414
Qwen/Qwen3-8B,cnndm,15,13,512,0.081670
Qwen/Qwen3-8B,cnndm,15,13,2048,0.033447
Qwen/Qwen3-8B,cnndm,15,13,4096,0.018015
Qwen/Qwen3-8B,cnndm,15,14,128,0.088361
Qwen/Qwen3-8B,cnndm,15,14,512,0.047679
Qwen/Qwen3-8B,cnndm,15,14,2048,0.024930
Qwen/Qwen3-8B,cnndm,15,14,4096,0.018309
Qwen/Qwen3-8B,cnndm,15,15,128,0.291376
Qwen/Qwen3-8B,cnndm,15,15,512,0.125542
Qwen/Qwen3-8B,cnndm,15,15,2048,0.041244
Qwen/Qwen3-8B,cnndm,15,15,4096,0.024960
Qwen/Qwen3-8B,cnndm,15,16,128,0.288577
Qwen/Qwen3-8B,cnndm,15,16,512,0.123125
Qwen/Qwen3-8B,cnndm,15,16,2048,0.043873
Qwen/Qwen3-8B,cnndm,15,16,4096,0.023058
Qwen/Qwen3-8B,cnndm,15,17,128,0.290525
Qwen/Qwen3-8B,cnndm,15,17,512,0.097487
Qwen/Qwen3-8B,cnndm,15,17,2048,0.021153
Qwen/Qwen3-8B,cnndm,15,17,4096,0.011528
Qwen/Qwen3-8B,cnndm,15,18,128,0.065271
Qwen/Qwen3-8B,cnndm,15,18,512,0.031176
Qwen/Qwen3-8B,cnndm,15,18,2048,0.014613
Qwen/Qwen3-8B,cnndm,15,18,4096,0.013009
Qwen/Qwen3-8B,cnndm,15,19,128,0.221417
Qwen/Qwen3-8B,cnndm,15,19,512,0.081519
Qwen/Qwen3-8B,cnndm,15,19,2048,0.025171
Qwen/Qwen3-8B,cnndm,15,19,4096,0.016442
Qwen/Qwen3-8B,cnndm,15,20,128,0.071596
Qwen/Qwen3-8B,cnndm,15,20,512,0.052989
Qwen/Qwen3-8B,cnndm,15,20,2048,0.023077
Qwen/Qwen3-8B,cnndm,15,20,4096,0.016818
Qwen/Qwen3-8B,cnndm,15,21,128,0.057733
Qwen/Qwen3-8B,cnndm,15,21,512,0.049114
Qwen/Qwen3-8B,cnndm,15,21,2048,0.030109
Qwen/Qwen3-8B,cnndm,15,21,4096,0.021639
Qwen/Qwen3-8B,cnndm,15,22,128,0.034667
Qwen/Qwen3-8B,cnndm,15,22,512,0.027388
Qwen/Qwen3-8B,cnndm,15,22,2048,0.017904
Qwen/Qwen3-8B,cnndm,15,22,4096,0.012313
Qwen/Qwen3-8B,cnndm,15,23,128,0.037349
Qwen/Qwen3-8B,cnndm,15,23,512,0.029251
Qwen/Qwen3-8B,cnndm,15,23,2048,0.016101
Qwen/Qwen3-8B,cnndm,15,23,4096,0.012798
Qwen/Qwen3-8B,cnndm,15,24,128,0.353457
Qwen/Qwen3-8B,cnndm,15,24,512,0.121225
Qwen/Qwen3-8B,cnndm,15,24,2048,0.030214
Qwen/Qwen3-8B,cnndm,15,24,4096,0.014408
Qwen/Qwen3-8B,cnndm,15,25,128,0.049401
Qwen/Qwen3-8B,cnndm,15,25,512,0.024279
Qwen/Qwen3-8B,cnndm,15,25,2048,0.014241
Qwen/Qwen3-8B,cnndm,15,25,4096,0.011431
Qwen/Qwen3-8B,cnndm,15,26,128,0.044482
Qwen/Qwen3-8B,cnndm,15,26,512,0.029800
Qwen/Qwen3-8B,cnndm,15,26,2048,0.016189
Qwen/Qwen3-8B,cnndm,15,26,4096,0.011845
Qwen/Qwen3-8B,cnndm,15,27,128,0.026556
Qwen/Qwen3-8B,cnndm,15,27,512,0.015349
Qwen/Qwen3-8B,cnndm,15,27,2048,0.008255
Qwen/Qwen3-8B,cnndm,15,27,4096,0.006647
Qwen/Qwen3-8B,cnndm,15,28,128,0.058642
Qwen/Qwen3-8B,cnndm,15,28,512,0.046517
Qwen/Qwen3-8B,cnndm,15,28,2048,0.031759
Qwen/Qwen3-8B,cnndm,15,28,4096,0.015720
Qwen/Qwen3-8B,cnndm,15,29,128,0.409169
Qwen/Qwen3-8B,cnndm,15,29,512,0.188810
Qwen/Qwen3-8B,cnndm,15,29,2048,0.082969
Qwen/Qwen3-8B,cnndm,15,29,4096,0.038710
Qwen/Qwen3-8B,cnndm,15,30,128,0.108951
Qwen/Qwen3-8B,cnndm,15,30,512,0.056921
Qwen/Qwen3-8B,cnndm,15,30,2048,0.030507
Qwen/Qwen3-8B,cnndm,15,30,4096,0.020471
Qwen/Qwen3-8B,cnndm,15,31,128,0.079951
Qwen/Qwen3-8B,cnndm,15,31,512,0.042431
Qwen/Qwen3-8B,cnndm,15,31,2048,0.026467
Qwen/Qwen3-8B,cnndm,15,31,4096,0.020212
Qwen/Qwen3-8B,cnndm,16,0,128,0.289385
Qwen/Qwen3-8B,cnndm,16,0,512,0.111591
Qwen/Qwen3-8B,cnndm,16,0,2048,0.042320
Qwen/Qwen3-8B,cnndm,16,0,4096,0.023957
Qwen/Qwen3-8B,cnndm,16,1,128,0.324266
Qwen/Qwen3-8B,cnndm,16,1,512,0.161912
Qwen/Qwen3-8B,cnndm,16,1,2048,0.079610
Qwen/Qwen3-8B,cnndm,16,1,4096,0.038649
Qwen/Qwen3-8B,cnndm,16,2,128,0.167830
Qwen/Qwen3-8B,cnndm,16,2,512,0.070627
Qwen/Qwen3-8B,cnndm,16,2,2048,0.028131
Qwen/Qwen3-8B,cnndm,16,2,4096,0.014877
Qwen/Qwen3-8B,cnndm,16,3,128,0.182674
Qwen/Qwen3-8B,cnndm,16,3,512,0.079517
Qwen/Qwen3-8B,cnndm,16,3,2048,0.034546
Qwen/Qwen3-8B,cnndm,16,3,4096,0.019428
Qwen/Qwen3-8B,cnndm,16,4,128,0.094346
Qwen/Qwen3-8B,cnndm,16,4,512,0.049384
Qwen/Qwen3-8B,cnndm,16,4,2048,0.028318
Qwen/Qwen3-8B,cnndm,16,4,4096,0.018725
Qwen/Qwen3-8B,cnndm,16,5,128,0.133120
Qwen/Qwen3-8B,cnndm,16,5,512,0.067222
Qwen/Qwen3-8B,cnndm,16,5,2048,0.037121
Qwen/Qwen3-8B,cnndm,16,5,4096,0.020921
Qwen/Qwen3-8B,cnndm,16,6,128,0.138791
Qwen/Qwen3-8B,cnndm,16,6,512,0.074203
Qwen/Qwen3-8B,cnndm,16,6,2048,0.043070
Qwen/Qwen3-8B,cnndm,16,6,4096,0.025823
Qwen/Qwen3-8B,cnndm,16,7,128,0.267492
Qwen/Qwen3-8B,cnndm,16,7,512,0.117132
Qwen/Qwen3-8B,cnndm,16,7,2048,0.049293
Qwen/Qwen3-8B,cnndm,16,7,4096,0.030303
Qwen/Qwen3-8B,cnndm,16,8,128,0.042418
Qwen/Qwen3-8B,cnndm,16,8,512,0.018594
Qwen/Qwen3-8B,cnndm,16,8,2048,0.009452
Qwen/Qwen3-8B,cnndm,16,8,4096,0.002032
Qwen/Qwen3-8B,cnndm,16,9,128,0.109375
Qwen/Qwen3-8B,cnndm,16,9,512,0.032915
Qwen/Qwen3-8B,cnndm,16,9,2048,0.010488
Qwen/Qwen3-8B,cnndm,16,9,4096,0.003492
Qwen/Qwen3-8B,cnndm,16,10,128,0.199774
Qwen/Qwen3-8B,cnndm,16,10,512,0.069094
Qwen/Qwen3-8B,cnndm,16,10,2048,0.015638
Qwen/Qwen3-8B,cnndm,16,10,4096,0.006319
Qwen/Qwen3-8B,cnndm,16,11,128,0.033243
Qwen/Qwen3-8B,cnndm,16,11,512,0.023275
Qwen/Qwen3-8B,cnndm,16,11,2048,0.015558
Qwen/Qwen3-8B,cnndm,16,11,4096,0.003152
Qwen/Qwen3-8B,cnndm,16,12,128,0.277134
Qwen/Qwen3-8B,cnndm,16,12,512,0.148314
Qwen/Qwen3-8B,cnndm,16,12,2048,0.072477
Qwen/Qwen3-8B,cnndm,16,12,4096,0.040452
Qwen/Qwen3-8B,cnndm,16,13,128,0.246134
Qwen/Qwen3-8B,cnndm,16,13,512,0.133485
Qwen/Qwen3-8B,cnndm,16,13,2048,0.060759
Qwen/Qwen3-8B,cnndm,16,13,4096,0.026701
Qwen/Qwen3-8B,cnndm,16,14,128,0.127873
Qwen/Qwen3-8B,cnndm,16,14,512,0.055842
Qwen/Qwen3-8B,cnndm,16,14,2048,0.024896
Qwen/Qwen3-8B,cnndm,16,14,4096,0.011333
Qwen/Qwen3-8B,cnndm,16,15,128,0.364039
Qwen/Qwen3-8B,cnndm,16,15,512,0.219522
Qwen/Qwen3-8B,cnndm,16,15,2048,0.110093
Qwen/Qwen3-8B,cnndm,16,15,4096,0.056971
Qwen/Qwen3-8B,cnndm,16,16,128,0.230372
Qwen/Qwen3-8B,cnndm,16,16,512,0.101494
Qwen/Qwen3-8B,cnndm,16,16,2048,0.043826
Qwen/Qwen3-8B,cnndm,16,16,4096,0.019275
Qwen/Qwen3-8B,cnndm,16,17,128,0.202049
Qwen/Qwen3-8B,cnndm,16,17,512,0.088224
Qwen/Qwen3-8B,cnndm,16,17,2048,0.038371
Qwen/Qwen3-8B,cnndm,16,17,4096,0.016621
Qwen/Qwen3-8B,cnndm,16,18,128,0.237674
Qwen/Qwen3-8B,cnndm,16,18,512,0.107693
Qwen/Qwen3-8B,cnndm,16,18,2048,0.048075
Qwen/Qwen3-8B,cnndm,16,18,4096,0.019581
Qwen/Qwen3-8B,cnndm,16,19,128,0.206689
Qwen/Qwen3-8B,cnndm,16,19,512,0.083470
Qwen/Qwen3-8B,cnndm,16,19,2048,0.035323
Qwen/Qwen3-8B,cnndm,16,19,4096,0.016210
Qwen/Qwen3-8B,cnndm,16,20,128,0.219745
Qwen/Qwen3-8B,cnndm,16,20,512,0.164358
Qwen/Qwen3-8B,cnndm,16,20,2048,0.102301
Qwen/Qwen3-8B,cnndm,16,20,4096,0.055844
Qwen/Qwen3-8B,cnndm,16,21,128,0.114471
Qwen/Qwen3-8B,cnndm,16,21,512,0.082625
Qwen/Qwen3-8B,cnndm,16,21,2048,0.053627
Qwen/Qwen3-8B,cnndm,16,21,4096,0.030889
Qwen/Qwen3-8B,cnndm,16,22,128,0.191066
Qwen/Qwen3-8B,cnndm,16,22,512,0.107079
Qwen/Qwen3-8B,cnndm,16,22,2048,0.056363
Qwen/Qwen3-8B,cnndm,16,22,4096,0.031729
Qwen/Qwen3-8B,cnndm,16,23,128,0.178103
Qwen/Qwen3-8B,cnndm,16,23,512,0.084476
Qwen/Qwen3-8B,cnndm,16,23,2048,0.038501
Qwen/Qwen3-8B,cnndm,16,23,4096,0.019301
Qwen/Qwen3-8B,cnndm,16,24,128,0.488467
Qwen/Qwen3-8B,cnndm,16,24,512,0.267872
Qwen/Qwen3-8B,cnndm,16,24,2048,0.122257
Qwen/Qwen3-8B,cnndm,16,24,4096,0.060923
Qwen/Qwen3-8B,cnndm,16,25,128,0.146012
Qwen/Qwen3-8B,cnndm,16,25,512,0.060865
Qwen/Qwen3-8B,cnndm,16,25,2048,0.027664
Qwen/Qwen3-8B,cnndm,16,25,4096,0.011377
Qwen/Qwen3-8B,cnndm,16,26,128,0.495851
Qwen/Qwen3-8B,cnndm,16,26,512,0.213492
Qwen/Qwen3-8B,cnndm,16,26,2048,0.072210
Qwen/Qwen3-8B,cnndm,16,26,4096,0.032382
Qwen/Qwen3-8B,cnndm,16,27,128,0.044894
Qwen/Qwen3-8B,cnndm,16,27,512,0.035734
Qwen/Qwen3-8B,cnndm,16,27,2048,0.023550
Qwen/Qwen3-8B,cnndm,16,27,4096,0.012526
Qwen/Qwen3-8B,cnndm,16,28,128,0.297885
Qwen/Qwen3-8B,cnndm,16,28,512,0.119343
Qwen/Qwen3-8B,cnndm,16,28,2048,0.051021
Qwen/Qwen3-8B,cnndm,16,28,4096,0.032916
Qwen/Qwen3-8B,cnndm,16,29,128,0.241035
Qwen/Qwen3-8B,cnndm,16,29,512,0.090811
Qwen/Qwen3-8B,cnndm,16,29,2048,0.037114
Qwen/Qwen3-8B,cnndm,16,29,4096,0.022680
Qwen/Qwen3-8B,cnndm,16,30,128,0.246141
Qwen/Qwen3-8B,cnndm,16,30,512,0.111318
Qwen/Qwen3-8B,cnndm,16,30,2048,0.054619
Qwen/Qwen3-8B,cnndm,16,30,4096,0.034618
Qwen/Qwen3-8B,cnndm,16,31,128,0.264010
Qwen/Qwen3-8B,cnndm,16,31,512,0.100121
Qwen/Qwen3-8B,cnndm,16,31,2048,0.040947
Qwen/Qwen3-8B,cnndm,16,31,4096,0.025147
Qwen/Qwen3-8B,cnndm,17,0,128,0.365671
Qwen/Qwen3-8B,cnndm,17,0,512,0.282226
Qwen/Qwen3-8B,cnndm,17,0,2048,0.195908
Qwen/Qwen3-8B,cnndm,17,0,4096,0.124902
Qwen/Qwen3-8B,cnndm,17,1,128,0.274983
Qwen/Qwen3-8B,cnndm,17,1,512,0.159651
Qwen/Qwen3-8B,cnndm,17,1,2048,0.104129
Qwen/Qwen3-8B,cnndm,17,1,4096,0.072940
Qwen/Qwen3-8B,cnndm,17,2,128,0.226510
Qwen/Qwen3-8B,cnndm,17,2,512,0.112431
Qwen/Qwen3-8B,cnndm,17,2,2048,0.064614
Qwen/Qwen3-8B,cnndm,17,2,4096,0.043474
Qwen/Qwen3-8B,cnndm,17,3,128,0.180935
Qwen/Qwen3-8B,cnndm,17,3,512,0.108011
Qwen/Qwen3-8B,cnndm,17,3,2048,0.073631
Qwen/Qwen3-8B,cnndm,17,3,4096,0.050428
Qwen/Qwen3-8B,cnndm,17,4,128,0.390617
Qwen/Qwen3-8B,cnndm,17,4,512,0.150540
Qwen/Qwen3-8B,cnndm,17,4,2048,0.057561
Qwen/Qwen3-8B,cnndm,17,4,4096,0.036339
Qwen/Qwen3-8B,cnndm,17,5,128,0.306535
Qwen/Qwen3-8B,cnndm,17,5,512,0.125504
Qwen/Qwen3-8B,cnndm,17,5,2048,0.055362
Qwen/Qwen3-8B,cnndm,17,5,4096,0.035496
Qwen/Qwen3-8B,cnndm,17,6,128,0.169476
Qwen/Qwen3-8B,cnndm,17,6,512,0.062981
Qwen/Qwen3-8B,cnndm,17,6,2048,0.034766
Qwen/Qwen3-8B,cnndm,17,6,4096,0.018937
Qwen/Qwen3-8B,cnndm,17,7,128,0.386459
Qwen/Qwen3-8B,cnndm,17,7,512,0.179871
Qwen/Qwen3-8B,cnndm,17,7,2048,0.084792
Qwen/Qwen3-8B,cnndm,17,7,4096,0.050524
Qwen/Qwen3-8B,cnndm,17,8,128,0.588288
Qwen/Qwen3-8B,cnndm,17,8,512,0.435953
Qwen/Qwen3-8B,cnndm,17,8,2048,0.276904
Qwen/Qwen3-8B,cnndm,17,8,4096,0.168512
Qwen/Qwen3-8B,cnndm,17,9,128,0.356980
Qwen/Qwen3-8B,cnndm,17,9,512,0.282392
Qwen/Qwen3-8B,cnndm,17,9,2048,0.199771
Qwen/Qwen3-8B,cnndm,17,9,4096,0.138196
Qwen/Qwen3-8B,cnndm,17,10,128,0.631042
Qwen/Qwen3-8B,cnndm,17,10,512,0.427846
Qwen/Qwen3-8B,cnndm,17,10,2048,0.248546
Qwen/Qwen3-8B,cnndm,17,10,4096,0.154271
Qwen/Qwen3-8B,cnndm,17,11,128,0.441901
Qwen/Qwen3-8B,cnndm,17,11,512,0.343124
Qwen/Qwen3-8B,cnndm,17,11,2048,0.234601
Qwen/Qwen3-8B,cnndm,17,11,4096,0.152775
Qwen/Qwen3-8B,cnndm,17,12,128,0.169602
Qwen/Qwen3-8B,cnndm,17,12,512,0.088472
Qwen/Qwen3-8B,cnndm,17,12,2048,0.052207
Qwen/Qwen3-8B,cnndm,17,12,4096,0.030975
Qwen/Qwen3-8B,cnndm,17,13,128,0.137827
Qwen/Qwen3-8B,cnndm,17,13,512,0.074030
Qwen/Qwen3-8B,cnndm,17,13,2048,0.049801
Qwen/Qwen3-8B,cnndm,17,13,4096,0.033211
Qwen/Qwen3-8B,cnndm,17,14,128,0.202724
Qwen/Qwen3-8B,cnndm,17,14,512,0.113960
Qwen/Qwen3-8B,cnndm,17,14,2048,0.076020
Qwen/Qwen3-8B,cnndm,17,14,4096,0.054856
Qwen/Qwen3-8B,cnndm,17,15,128,0.224954
Qwen/Qwen3-8B,cnndm,17,15,512,0.129155
Qwen/Qwen3-8B,cnndm,17,15,2048,0.080546
Qwen/Qwen3-8B,cnndm,17,15,4096,0.054572
Qwen/Qwen3-8B,cnndm,17,16,128,0.360505
Qwen/Qwen3-8B,cnndm,17,16,512,0.159685
Qwen/Qwen3-8B,cnndm,17,16,2048,0.074569
Qwen/Qwen3-8B,cnndm,17,16,4096,0.044544
Qwen/Qwen3-8B,cnndm,17,17,128,0.293028
Qwen/Qwen3-8B,cnndm,17,17,512,0.130993
Qwen/Qwen3-8B,cnndm,17,17,2048,0.065367
Qwen/Qwen3-8B,cnndm,17,17,4096,0.047759
Qwen/Qwen3-8B,cnndm,17,18,128,0.554531
Qwen/Qwen3-8B,cnndm,17,18,512,0.312726
Qwen/Qwen3-8B,cnndm,17,18,2048,0.156257
Qwen/Qwen3-8B,cnndm,17,18,4096,0.095553
Qwen/Qwen3-8B,cnndm,17,19,128,0.372819
Qwen/Qwen3-8B,cnndm,17,19,512,0.185018
Qwen/Qwen3-8B,cnndm,17,19,2048,0.088887
Qwen/Qwen3-8B,cnndm,17,19,4096,0.047223
Qwen/Qwen3-8B,cnndm,17,20,128,0.401382
Qwen/Qwen3-8B,cnndm,17,20,512,0.271782
Qwen/Qwen3-8B,cnndm,17,20,2048,0.179133
Qwen/Qwen3-8B,cnndm,17,20,4096,0.112218
Qwen/Qwen3-8B,cnndm,17,21,128,0.368843
Qwen/Qwen3-8B,cnndm,17,21,512,0.259208
Qwen/Qwen3-8B,cnndm,17,21,2048,0.171626
Qwen/Qwen3-8B,cnndm,17,21,4096,0.113625
Qwen/Qwen3-8B,cnndm,17,22,128,0.431480
Qwen/Qwen3-8B,cnndm,17,22,512,0.281707
Qwen/Qwen3-8B,cnndm,17,22,2048,0.171535
Qwen/Qwen3-8B,cnndm,17,22,4096,0.107875
Qwen/Qwen3-8B,cnndm,17,23,128,0.213138
Qwen/Qwen3-8B,cnndm,17,23,512,0.158733
Qwen/Qwen3-8B,cnndm,17,23,2048,0.118715
Qwen/Qwen3-8B,cnndm,17,23,4096,0.088388
Qwen/Qwen3-8B,cnndm,17,24,128,0.475302
Qwen/Qwen3-8B,cnndm,17,24,512,0.220919
Qwen/Qwen3-8B,cnndm,17,24,2048,0.108239
Qwen/Qwen3-8B,cnndm,17,24,4096,0.068961
Qwen/Qwen3-8B,cnndm,17,25,128,0.391003
Qwen/Qwen3-8B,cnndm,17,25,512,0.213477
Qwen/Qwen3-8B,cnndm,17,25,2048,0.114399
Qwen/Qwen3-8B,cnndm,17,25,4096,0.076524
Qwen/Qwen3-8B,cnndm,17,26,128,0.399519
Qwen/Qwen3-8B,cnndm,17,26,512,0.163148
Qwen/Qwen3-8B,cnndm,17,26,2048,0.069473
Qwen/Qwen3-8B,cnndm,17,26,4096,0.046203
Qwen/Qwen3-8B,cnndm,17,27,128,0.381212
Qwen/Qwen3-8B,cnndm,17,27,512,0.166269
Qwen/Qwen3-8B,cnndm,17,27,2048,0.072158
Qwen/Qwen3-8B,cnndm,17,27,4096,0.047865
Qwen/Qwen3-8B,cnndm,17,28,128,0.090357
Qwen/Qwen3-8B,cnndm,17,28,512,0.065740
Qwen/Qwen3-8B,cnndm,17,28,2048,0.055249
Qwen/Qwen3-8B,cnndm,17,28,4096,0.041118
Qwen/Qwen3-8B,cnndm,17,29,128,0.152308
Qwen/Qwen3-8B,cnndm,17,29,512,0.092353
Qwen/Qwen3-8B,cnndm,17,29,2048,0.070262
Qwen/Qwen3-8B,cnndm,17,29,4096,0.052178
Qwen/Qwen3-8B,cnndm,17,30,128,0.135888
Qwen/Qwen3-8B,cnndm,17,30,512,0.114536
Qwen/Qwen3-8B,cnndm,17,30,2048,0.098700
Qwen/Qwen3-8B,cnndm,17,30,4096,0.074214
Qwen/Qwen3-8B,cnndm,17,31,128,0.155728
Qwen/Qwen3-8B,cnndm,17,31,512,0.106109
Qwen/Qwen3-8B,cnndm,17,31,2048,0.080216
Qwen/Qwen3-8B,cnndm,17,31,4096,0.055621
Qwen/Qwen3-8B,cnndm,18,0,128,0.073683
Qwen/Qwen3-8B,cnndm,18,0,512,0.040838
Qwen/Qwen3-8B,cnndm,18,0,2048,0.027406
Qwen/Qwen3-8B,cnndm,18,0,4096,0.021897
Qwen/Qwen3-8B,cnndm,18,1,128,0.155573
Qwen/Qwen3-8B,cnndm,18,1,512,0.094657
Qwen/Qwen3-8B,cnndm,18,1,2048,0.051327
Qwen/Qwen3-8B,cnndm,18,1,4096,0.037365
Qwen/Qwen3-8B,cnndm,18,2,128,0.086829
Qwen/Qwen3-8B,cnndm,18,2,512,0.071648
Qwen/Qwen3-8B,cnndm,18,2,2048,0.054153
Qwen/Qwen3-8B,cnndm,18,2,4096,0.041116
Qwen/Qwen3-8B,cnndm,18,3,128,0.089607
Qwen/Qwen3-8B,cnndm,18,3,512,0.081261
Qwen/Qwen3-8B,cnndm,18,3,2048,0.060076
Qwen/Qwen3-8B,cnndm,18,3,4096,0.047413
Qwen/Qwen3-8B,cnndm,18,4,128,0.276544
Qwen/Qwen3-8B,cnndm,18,4,512,0.157103
Qwen/Qwen3-8B,cnndm,18,4,2048,0.087187
Qwen/Qwen3-8B,cnndm,18,4,4096,0.062653
Qwen/Qwen3-8B,cnndm,18,5,128,0.260755
Qwen/Qwen3-8B,cnndm,18,5,512,0.136584
Qwen/Qwen3-8B,cnndm,18,5,2048,0.084459
Qwen/Qwen3-8B,cnndm,18,5,4096,0.065665
Qwen/Qwen3-8B,cnndm,18,6,128,0.204448
Qwen/Qwen3-8B,cnndm,18,6,512,0.140046
Qwen/Qwen3-8B,cnndm,18,6,2048,0.100473
Qwen/Qwen3-8B,cnndm,18,6,4096,0.078169
Qwen/Qwen3-8B,cnndm,18,7,128,0.313655
Qwen/Qwen3-8B,cnndm,18,7,512,0.133916
Qwen/Qwen3-8B,cnndm,18,7,2048,0.064291
Qwen/Qwen3-8B,cnndm,18,7,4096,0.047065
Qwen/Qwen3-8B,cnndm,18,8,128,0.310060
Qwen/Qwen3-8B,cnndm,18,8,512,0.150837
Qwen/Qwen3-8B,cnndm,18,8,2048,0.085240
Qwen/Qwen3-8B,cnndm,18,8,4096,0.055948
Qwen/Qwen3-8B,cnndm,18,9,128,0.268329
Qwen/Qwen3-8B,cnndm,18,9,512,0.118600
Qwen/Qwen3-8B,cnndm,18,9,2048,0.065131
Qwen/Qwen3-8B,cnndm,18,9,4096,0.041392
Qwen/Qwen3-8B,cnndm,18,10,128,0.276545
Qwen/Qwen3-8B,cnndm,18,10,512,0.137799
Qwen/Qwen3-8B,cnndm,18,10,2048,0.085444
Qwen/Qwen3-8B,cnndm,18,10,4096,0.058699
Qwen/Qwen3-8B,cnndm,18,11,128,0.386894
Qwen/Qwen3-8B,cnndm,18,11,512,0.218355
Qwen/Qwen3-8B,cnndm,18,11,2048,0.134250
Qwen/Qwen3-8B,cnndm,18,11,4096,0.091291
Qwen/Qwen3-8B,cnndm,18,12,128,0.353915
Qwen/Qwen3-8B,cnndm,18,12,512,0.178252
Qwen/Qwen3-8B,cnndm,18,12,2048,0.105152
Qwen/Qwen3-8B,cnndm,18,12,4096,0.069358
Qwen/Qwen3-8B,cnndm,18,13,128,0.466557
Qwen/Qwen3-8B,cnndm,18,13,512,0.254898
Qwen/Qwen3-8B,cnndm,18,13,2048,0.133181
Qwen/Qwen3-8B,cnndm,18,13,4096,0.079247
Qwen/Qwen3-8B,cnndm,18,14,128,0.387904
Qwen/Qwen3-8B,cnndm,18,14,512,0.193091
Qwen/Qwen3-8B,cnndm,18,14,2048,0.105828
Qwen/Qwen3-8B,cnndm,18,14,4096,0.067092
Qwen/Qwen3-8B,cnndm,18,15,128,0.320474
Qwen/Qwen3-8B,cnndm,18,15,512,0.166619
Qwen/Qwen3-8B,cnndm,18,15,2048,0.097186
Qwen/Qwen3-8B,cnndm,18,15,4096,0.067789
Qwen/Qwen3-8B,cnndm,18,16,128,0.329593
Qwen/Qwen3-8B,cnndm,18,16,512,0.176839
Qwen/Qwen3-8B,cnndm,18,16,2048,0.093552
Qwen/Qwen3-8B,cnndm,18,16,4096,0.056110
Qwen/Qwen3-8B,cnndm,18,17,128,0.257408
Qwen/Qwen3-8B,cnndm,18,17,512,0.183959
Qwen/Qwen3-8B,cnndm,18,17,2048,0.138405
Qwen/Qwen3-8B,cnndm,18,17,4096,0.102827
Qwen/Qwen3-8B,cnndm,18,18,128,0.283359
Qwen/Qwen3-8B,cnndm,18,18,512,0.157074
Qwen/Qwen3-8B,cnndm,18,18,2048,0.104572
Qwen/Qwen3-8B,cnndm,18,18,4096,0.079473
Qwen/Qwen3-8B,cnndm,18,19,128,0.288573
Qwen/Qwen3-8B,cnndm,18,19,512,0.138614
Qwen/Qwen3-8B,cnndm,18,19,2048,0.073894
Qwen/Qwen3-8B,cnndm,18,19,4096,0.051323
Qwen/Qwen3-8B,cnndm,18,20,128,0.249910
Qwen/Qwen3-8B,cnndm,18,20,512,0.138165
Qwen/Qwen3-8B,cnndm,18,20,2048,0.089039
Qwen/Qwen3-8B,cnndm,18,20,4096,0.064949
Qwen/Qwen3-8B,cnndm,18,21,128,0.295006
Qwen/Qwen3-8B,cnndm,18,21,512,0.105145
Qwen/Qwen3-8B,cnndm,18,21,2048,0.049776
Qwen/Qwen3-8B,cnndm,18,21,4096,0.032938
Qwen/Qwen3-8B,cnndm,18,22,128,0.419385
Qwen/Qwen3-8B,cnndm,18,22,512,0.206262
Qwen/Qwen3-8B,cnndm,18,22,2048,0.113300
Qwen/Qwen3-8B,cnndm,18,22,4096,0.072396
Qwen/Qwen3-8B,cnndm,18,23,128,0.486070
Qwen/Qwen3-8B,cnndm,18,23,512,0.267941
Qwen/Qwen3-8B,cnndm,18,23,2048,0.141267
Qwen/Qwen3-8B,cnndm,18,23,4096,0.088125
Qwen/Qwen3-8B,cnndm,18,24,128,0.244669
Qwen/Qwen3-8B,cnndm,18,24,512,0.111278
Qwen/Qwen3-8B,cnndm,18,24,2048,0.058851
Qwen/Qwen3-8B,cnndm,18,24,4096,0.037576
Qwen/Qwen3-8B,cnndm,18,25,128,0.285952
Qwen/Qwen3-8B,cnndm,18,25,512,0.145211
Qwen/Qwen3-8B,cnndm,18,25,2048,0.089054
Qwen/Qwen3-8B,cnndm,18,25,4096,0.056067
Qwen/Qwen3-8B,cnndm,18,26,128,0.283200
Qwen/Qwen3-8B,cnndm,18,26,512,0.137545
Qwen/Qwen3-8B,cnndm,18,26,2048,0.075406
Qwen/Qwen3-8B,cnndm,18,26,4096,0.048326
Qwen/Qwen3-8B,cnndm,18,27,128,0.280935
Qwen/Qwen3-8B,cnndm,18,27,512,0.135526
Qwen/Qwen3-8B,cnndm,18,27,2048,0.077399
Qwen/Qwen3-8B,cnndm,18,27,4096,0.048974
Qwen/Qwen3-8B,cnndm,18,28,128,0.244165
Qwen/Qwen3-8B,cnndm,18,28,512,0.115561
Qwen/Qwen3-8B,cnndm,18,28,2048,0.066603
Qwen/Qwen3-8B,cnndm,18,28,4096,0.051691
Qwen/Qwen3-8B,cnndm,18,29,128,0.360785
Qwen/Qwen3-8B,cnndm,18,29,512,0.116854
Qwen/Qwen3-8B,cnndm,18,29,2048,0.037800
Qwen/Qwen3-8B,cnndm,18,29,4096,0.024475
Qwen/Qwen3-8B,cnndm,18,30,128,0.276155
Qwen/Qwen3-8B,cnndm,18,30,512,0.132705
Qwen/Qwen3-8B,cnndm,18,30,2048,0.077271
Qwen/Qwen3-8B,cnndm,18,30,4096,0.061671
Qwen/Qwen3-8B,cnndm,18,31,128,0.334321
Qwen/Qwen3-8B,cnndm,18,31,512,0.157770
Qwen/Qwen3-8B,cnndm,18,31,2048,0.076640
Qwen/Qwen3-8B,cnndm,18,31,4096,0.054726
Qwen/Qwen3-8B,cnndm,19,0,128,0.339832
Qwen/Qwen3-8B,cnndm,19,0,512,0.207850
Qwen/Qwen3-8B,cnndm,19,0,2048,0.141225
Qwen/Qwen3-8B,cnndm,19,0,4096,0.106366
Qwen/Qwen3-8B,cnndm,19,1,128,0.257263
Qwen/Qwen3-8B,cnndm,19,1,512,0.180545
Qwen/Qwen3-8B,cnndm,19,1,2048,0.134557
Qwen/Qwen3-8B,cnndm,19,1,4096,0.105327
Qwen/Qwen3-8B,cnndm,19,2,128,0.252619
Qwen/Qwen3-8B,cnndm,19,2,512,0.156568
Qwen/Qwen3-8B,cnndm,19,2,2048,0.108967
Qwen/Qwen3-8B,cnndm,19,2,4096,0.085447
Qwen/Qwen3-8B,cnndm,19,3,128,0.295268
Qwen/Qwen3-8B,cnndm,19,3,512,0.150460
Qwen/Qwen3-8B,cnndm,19,3,2048,0.087898
Qwen/Qwen3-8B,cnndm,19,3,4096,0.065672
Qwen/Qwen3-8B,cnndm,19,4,128,0.447027
Qwen/Qwen3-8B,cnndm,19,4,512,0.254905
Qwen/Qwen3-8B,cnndm,19,4,2048,0.146049
Qwen/Qwen3-8B,cnndm,19,4,4096,0.112406
Qwen/Qwen3-8B,cnndm,19,5,128,0.477025
Qwen/Qwen3-8B,cnndm,19,5,512,0.319393
Qwen/Qwen3-8B,cnndm,19,5,2048,0.200348
Qwen/Qwen3-8B,cnndm,19,5,4096,0.143879
Qwen/Qwen3-8B,cnndm,19,6,128,0.501667
Qwen/Qwen3-8B,cnndm,19,6,512,0.222406
Qwen/Qwen3-8B,cnndm,19,6,2048,0.083985
Qwen/Qwen3-8B,cnndm,19,6,4096,0.066852
Qwen/Qwen3-8B,cnndm,19,7,128,0.579712
Qwen/Qwen3-8B,cnndm,19,7,512,0.370632
Qwen/Qwen3-8B,cnndm,19,7,2048,0.198009
Qwen/Qwen3-8B,cnndm,19,7,4096,0.137668
Qwen/Qwen3-8B,cnndm,19,8,128,0.166091
Qwen/Qwen3-8B,cnndm,19,8,512,0.143530
Qwen/Qwen3-8B,cnndm,19,8,2048,0.124816
Qwen/Qwen3-8B,cnndm,19,8,4096,0.106249
Qwen/Qwen3-8B,cnndm,19,9,128,0.205949
Qwen/Qwen3-8B,cnndm,19,9,512,0.152883
Qwen/Qwen3-8B,cnndm,19,9,2048,0.125519
Qwen/Qwen3-8B,cnndm,19,9,4096,0.105737
Qwen/Qwen3-8B,cnndm,19,10,128,0.179989
Qwen/Qwen3-8B,cnndm,19,10,512,0.146036
Qwen/Qwen3-8B,cnndm,19,10,2048,0.123945
Qwen/Qwen3-8B,cnndm,19,10,4096,0.108736
Qwen/Qwen3-8B,cnndm,19,11,128,0.357654
Qwen/Qwen3-8B,cnndm,19,11,512,0.262309
Qwen/Qwen3-8B,cnndm,19,11,2048,0.184133
Qwen/Qwen3-8B,cnndm,19,11,4096,0.125433
Qwen/Qwen3-8B,cnndm,19,12,128,0.343893
Qwen/Qwen3-8B,cnndm,19,12,512,0.184233
Qwen/Qwen3-8B,cnndm,19,12,2048,0.105522
Qwen/Qwen3-8B,cnndm,19,12,4096,0.073150
Qwen/Qwen3-8B,cnndm,19,13,128,0.325113
Qwen/Qwen3-8B,cnndm,19,13,512,0.167079
Qwen/Qwen3-8B,cnndm,19,13,2048,0.092873
Qwen/Qwen3-8B,cnndm,19,13,4096,0.064729
Qwen/Qwen3-8B,cnndm,19,14,128,0.338083
Qwen/Qwen3-8B,cnndm,19,14,512,0.206299
Qwen/Qwen3-8B,cnndm,19,14,2048,0.140045
Qwen/Qwen3-8B,cnndm,19,14,4096,0.104373
Qwen/Qwen3-8B,cnndm,19,15,128,0.333246
Qwen/Qwen3-8B,cnndm,19,15,512,0.198568
Qwen/Qwen3-8B,cnndm,19,15,2048,0.123760
Qwen/Qwen3-8B,cnndm,19,15,4096,0.089392
Qwen/Qwen3-8B,cnndm,19,16,128,0.250964
Qwen/Qwen3-8B,cnndm,19,16,512,0.155990
Qwen/Qwen3-8B,cnndm,19,16,2048,0.121820
Qwen/Qwen3-8B,cnndm,19,16,4096,0.102038
Qwen/Qwen3-8B,cnndm,19,17,128,0.208864
Qwen/Qwen3-8B,cnndm,19,17,512,0.185118
Qwen/Qwen3-8B,cnndm,19,17,2048,0.163698
Qwen/Qwen3-8B,cnndm,19,17,4096,0.138187
Qwen/Qwen3-8B,cnndm,19,18,128,0.109693
Qwen/Qwen3-8B,cnndm,19,18,512,0.088896
Qwen/Qwen3-8B,cnndm,19,18,2048,0.076994
Qwen/Qwen3-8B,cnndm,19,18,4096,0.065687
Qwen/Qwen3-8B,cnndm,19,19,128,0.294741
Qwen/Qwen3-8B,cnndm,19,19,512,0.091074
Qwen/Qwen3-8B,cnndm,19,19,2048,0.033765
Qwen/Qwen3-8B,cnndm,19,19,4096,0.025147
Qwen/Qwen3-8B,cnndm,19,20,128,0.052020
Qwen/Qwen3-8B,cnndm,19,20,512,0.046173
Qwen/Qwen3-8B,cnndm,19,20,2048,0.036031
Qwen/Qwen3-8B,cnndm,19,20,4096,0.031775
Qwen/Qwen3-8B,cnndm,19,21,128,0.138097
Qwen/Qwen3-8B,cnndm,19,21,512,0.065273
Qwen/Qwen3-8B,cnndm,19,21,2048,0.033546
Qwen/Qwen3-8B,cnndm,19,21,4096,0.028677
Qwen/Qwen3-8B,cnndm,19,22,128,0.048688
Qwen/Qwen3-8B,cnndm,19,22,512,0.036133
Qwen/Qwen3-8B,cnndm,19,22,2048,0.026309
Qwen/Qwen3-8B,cnndm,19,22,4096,0.023487
Qwen/Qwen3-8B,cnndm,19,23,128,0.128885
Qwen/Qwen3-8B,cnndm,19,23,512,0.064545
Qwen/Qwen3-8B,cnndm,19,23,2048,0.042275
Qwen/Qwen3-8B,cnndm,19,23,4096,0.035857
Qwen/Qwen3-8B,cnndm,19,24,128,0.357319
Qwen/Qwen3-8B,cnndm,19,24,512,0.277816
Qwen/Qwen3-8B,cnndm,19,24,2048,0.209089
Qwen/Qwen3-8B,cnndm,19,24,4096,0.155140
Qwen/Qwen3-8B,cnndm,19,25,128,0.408548
Qwen/Qwen3-8B,cnndm,19,25,512,0.301090
Qwen/Qwen3-8B,cnndm,19,25,2048,0.221894
Qwen/Qwen3-8B,cnndm,19,25,4096,0.166710
Qwen/Qwen3-8B,cnndm,19,26,128,0.365668
Qwen/Qwen3-8B,cnndm,19,26,512,0.281124
Qwen/Qwen3-8B,cnndm,19,26,2048,0.227606
Qwen/Qwen3-8B,cnndm,19,26,4096,0.181987
Qwen/Qwen3-8B,cnndm,19,27,128,0.341453
Qwen/Qwen3-8B,cnndm,19,27,512,0.292656
Qwen/Qwen3-8B,cnndm,19,27,2048,0.241300
Qwen/Qwen3-8B,cnndm,19,27,4096,0.190646
Qwen/Qwen3-8B,cnndm,19,28,128,0.287996
Qwen/Qwen3-8B,cnndm,19,28,512,0.181183
Qwen/Qwen3-8B,cnndm,19,28,2048,0.128063
Qwen/Qwen3-8B,cnndm,19,28,4096,0.093603
Qwen/Qwen3-8B,cnndm,19,29,128,0.282938
Qwen/Qwen3-8B,cnndm,19,29,512,0.213293
Qwen/Qwen3-8B,cnndm,19,29,2048,0.164383
Qwen/Qwen3-8B,cnndm,19,29,4096,0.124632
Qwen/Qwen3-8B,cnndm,19,30,128,0.330204
Qwen/Qwen3-8B,cnndm,19,30,512,0.210973
Qwen/Qwen3-8B,cnndm,19,30,2048,0.141670
Qwen/Qwen3-8B,cnndm,19,30,4096,0.104386
Qwen/Qwen3-8B,cnndm,19,31,128,0.274090
Qwen/Qwen3-8B,cnndm,19,31,512,0.172714
Qwen/Qwen3-8B,cnndm,19,31,2048,0.123653
Qwen/Qwen3-8B,cnndm,19,31,4096,0.096678
Qwen/Qwen3-8B,cnndm,20,0,128,0.318655
Qwen/Qwen3-8B,cnndm,20,0,512,0.229406
Qwen/Qwen3-8B,cnndm,20,0,2048,0.181043
Qwen/Qwen3-8B,cnndm,20,0,4096,0.145540
Qwen/Qwen3-8B,cnndm,20,1,128,0.261302
Qwen/Qwen3-8B,cnndm,20,1,512,0.218640
Qwen/Qwen3-8B,cnndm,20,1,2048,0.185656
Qwen/Qwen3-8B,cnndm,20,1,4096,0.149934
Qwen/Qwen3-8B,cnndm,20,2,128,0.285601
Qwen/Qwen3-8B,cnndm,20,2,512,0.221241
Qwen/Qwen3-8B,cnndm,20,2,2048,0.177898
Qwen/Qwen3-8B,cnndm,20,2,4096,0.144146
Qwen/Qwen3-8B,cnndm,20,3,128,0.296439
Qwen/Qwen3-8B,cnndm,20,3,512,0.194857
Qwen/Qwen3-8B,cnndm,20,3,2048,0.144776
Qwen/Qwen3-8B,cnndm,20,3,4096,0.114539
Qwen/Qwen3-8B,cnndm,20,4,128,0.307328
Qwen/Qwen3-8B,cnndm,20,4,512,0.202970
Qwen/Qwen3-8B,cnndm,20,4,2048,0.144968
Qwen/Qwen3-8B,cnndm,20,4,4096,0.111967
Qwen/Qwen3-8B,cnndm,20,5,128,0.209773
Qwen/Qwen3-8B,cnndm,20,5,512,0.152197
Qwen/Qwen3-8B,cnndm,20,5,2048,0.102877
Qwen/Qwen3-8B,cnndm,20,5,4096,0.077866
Qwen/Qwen3-8B,cnndm,20,6,128,0.162744
Qwen/Qwen3-8B,cnndm,20,6,512,0.136002
Qwen/Qwen3-8B,cnndm,20,6,2048,0.098580
Qwen/Qwen3-8B,cnndm,20,6,4096,0.078121
Qwen/Qwen3-8B,cnndm,20,7,128,0.291803
Qwen/Qwen3-8B,cnndm,20,7,512,0.192721
Qwen/Qwen3-8B,cnndm,20,7,2048,0.127168
Qwen/Qwen3-8B,cnndm,20,7,4096,0.089592
Qwen/Qwen3-8B,cnndm,20,8,128,0.182383
Qwen/Qwen3-8B,cnndm,20,8,512,0.091724
Qwen/Qwen3-8B,cnndm,20,8,2048,0.054916
Qwen/Qwen3-8B,cnndm,20,8,4096,0.039959
Qwen/Qwen3-8B,cnndm,20,9,128,0.188640
Qwen/Qwen3-8B,cnndm,20,9,512,0.107982
Qwen/Qwen3-8B,cnndm,20,9,2048,0.062463
Qwen/Qwen3-8B,cnndm,20,9,4096,0.039615
Qwen/Qwen3-8B,cnndm,20,10,128,0.225867
Qwen/Qwen3-8B,cnndm,20,10,512,0.089076
Qwen/Qwen3-8B,cnndm,20,10,2048,0.042677
Qwen/Qwen3-8B,cnndm,20,10,4096,0.028205
Qwen/Qwen3-8B,cnndm,20,11,128,0.130043
Qwen/Qwen3-8B,cnndm,20,11,512,0.103335
Qwen/Qwen3-8B,cnndm,20,11,2048,0.086003
Qwen/Qwen3-8B,cnndm,20,11,4096,0.066060
Qwen/Qwen3-8B,cnndm,20,12,128,0.351709
Qwen/Qwen3-8B,cnndm,20,12,512,0.263046
Qwen/Qwen3-8B,cnndm,20,12,2048,0.214477
Qwen/Qwen3-8B,cnndm,20,12,4096,0.165224
Qwen/Qwen3-8B,cnndm,20,13,128,0.327151
Qwen/Qwen3-8B,cnndm,20,13,512,0.205313
Qwen/Qwen3-8B,cnndm,20,13,2048,0.146420
Qwen/Qwen3-8B,cnndm,20,13,4096,0.107303
Qwen/Qwen3-8B,cnndm,20,14,128,0.350726
Qwen/Qwen3-8B,cnndm,20,14,512,0.233437
Qwen/Qwen3-8B,cnndm,20,14,2048,0.162731
Qwen/Qwen3-8B,cnndm,20,14,4096,0.114388
Qwen/Qwen3-8B,cnndm,20,15,128,0.332313
Qwen/Qwen3-8B,cnndm,20,15,512,0.219298
Qwen/Qwen3-8B,cnndm,20,15,2048,0.158013
Qwen/Qwen3-8B,cnndm,20,15,4096,0.124454
Qwen/Qwen3-8B,cnndm,20,16,128,0.312367
Qwen/Qwen3-8B,cnndm,20,16,512,0.147968
Qwen/Qwen3-8B,cnndm,20,16,2048,0.075312
Qwen/Qwen3-8B,cnndm,20,16,4096,0.050009
Qwen/Qwen3-8B,cnndm,20,17,128,0.267573
Qwen/Qwen3-8B,cnndm,20,17,512,0.155305
Qwen/Qwen3-8B,cnndm,20,17,2048,0.096888
Qwen/Qwen3-8B,cnndm,20,17,4096,0.067901
Qwen/Qwen3-8B,cnndm,20,18,128,0.297423
Qwen/Qwen3-8B,cnndm,20,18,512,0.169985
Qwen/Qwen3-8B,cnndm,20,18,2048,0.105265
Qwen/Qwen3-8B,cnndm,20,18,4096,0.074257
Qwen/Qwen3-8B,cnndm,20,19,128,0.300790
Qwen/Qwen3-8B,cnndm,20,19,512,0.166900
Qwen/Qwen3-8B,cnndm,20,19,2048,0.094617
Qwen/Qwen3-8B,cnndm,20,19,4096,0.059781
Qwen/Qwen3-8B,cnndm,20,20,128,0.179023
Qwen/Qwen3-8B,cnndm,20,20,512,0.146418
Qwen/Qwen3-8B,cnndm,20,20,2048,0.124383
Qwen/Qwen3-8B,cnndm,20,20,4096,0.098532
Qwen/Qwen3-8B,cnndm,20,21,128,0.310351
Qwen/Qwen3-8B,cnndm,20,21,512,0.253032
Qwen/Qwen3-8B,cnndm,20,21,2048,0.206445
Qwen/Qwen3-8B,cnndm,20,21,4096,0.161298
Qwen/Qwen3-8B,cnndm,20,22,128,0.281272
Qwen/Qwen3-8B,cnndm,20,22,512,0.226485
Qwen/Qwen3-8B,cnndm,20,22,2048,0.188600
Qwen/Qwen3-8B,cnndm,20,22,4096,0.149715
Qwen/Qwen3-8B,cnndm,20,23,128,0.331828
Qwen/Qwen3-8B,cnndm,20,23,512,0.239073
Qwen/Qwen3-8B,cnndm,20,23,2048,0.180946
Qwen/Qwen3-8B,cnndm,20,23,4096,0.135895
Qwen/Qwen3-8B,cnndm,20,24,128,0.346701
Qwen/Qwen3-8B,cnndm,20,24,512,0.316546
Qwen/Qwen3-8B,cnndm,20,24,2048,0.248316
Qwen/Qwen3-8B,cnndm,20,24,4096,0.181414
Qwen/Qwen3-8B,cnndm,20,25,128,0.592329
Qwen/Qwen3-8B,cnndm,20,25,512,0.419883
Qwen/Qwen3-8B,cnndm,20,25,2048,0.274858
Qwen/Qwen3-8B,cnndm,20,25,4096,0.168808
Qwen/Qwen3-8B,cnndm,20,26,128,0.346136
Qwen/Qwen3-8B,cnndm,20,26,512,0.270066
Qwen/Qwen3-8B,cnndm,20,26,2048,0.203568
Qwen/Qwen3-8B,cnndm,20,26,4096,0.141272
Qwen/Qwen3-8B,cnndm,20,27,128,0.600935
Qwen/Qwen3-8B,cnndm,20,27,512,0.432589
Qwen/Qwen3-8B,cnndm,20,27,2048,0.275348
Qwen/Qwen3-8B,cnndm,20,27,4096,0.179609
Qwen/Qwen3-8B,cnndm,20,28,128,0.378877
Qwen/Qwen3-8B,cnndm,20,28,512,0.250584
Qwen/Qwen3-8B,cnndm,20,28,2048,0.177343
Qwen/Qwen3-8B,cnndm,20,28,4096,0.127445
Qwen/Qwen3-8B,cnndm,20,29,128,0.337025
Qwen/Qwen3-8B,cnndm,20,29,512,0.210427
Qwen/Qwen3-8B,cnndm,20,29,2048,0.147115
Qwen/Qwen3-8B,cnndm,20,29,4096,0.106150
Qwen/Qwen3-8B,cnndm,20,30,128,0.318680
Qwen/Qwen3-8B,cnndm,20,30,512,0.232678
Qwen/Qwen3-8B,cnndm,20,30,2048,0.173855
Qwen/Qwen3-8B,cnndm,20,30,4096,0.126923
Qwen/Qwen3-8B,cnndm,20,31,128,0.339417
Qwen/Qwen3-8B,cnndm,20,31,512,0.266263
Qwen/Qwen3-8B,cnndm,20,31,2048,0.211415
Qwen/Qwen3-8B,cnndm,20,31,4096,0.160220
Qwen/Qwen3-8B,cnndm,21,0,128,0.084676
Qwen/Qwen3-8B,cnndm,21,0,512,0.069742
Qwen/Qwen3-8B,cnndm,21,0,2048,0.055261
Qwen/Qwen3-8B,cnndm,21,0,4096,0.048457
Qwen/Qwen3-8B,cnndm,21,1,128,0.088744
Qwen/Qwen3-8B,cnndm,21,1,512,0.083645
Qwen/Qwen3-8B,cnndm,21,1,2048,0.069177
Qwen/Qwen3-8B,cnndm,21,1,4096,0.059878
Qwen/Qwen3-8B,cnndm,21,2,128,0.148943
Qwen/Qwen3-8B,cnndm,21,2,512,0.112029
Qwen/Qwen3-8B,cnndm,21,2,2048,0.074013
Qwen/Qwen3-8B,cnndm,21,2,4096,0.056858
Qwen/Qwen3-8B,cnndm,21,3,128,0.125305
Qwen/Qwen3-8B,cnndm,21,3,512,0.113707
Qwen/Qwen3-8B,cnndm,21,3,2048,0.096088
Qwen/Qwen3-8B,cnndm,21,3,4096,0.084562
Qwen/Qwen3-8B,cnndm,21,4,128,0.154433
Qwen/Qwen3-8B,cnndm,21,4,512,0.128871
Qwen/Qwen3-8B,cnndm,21,4,2048,0.108962
Qwen/Qwen3-8B,cnndm,21,4,4096,0.084404
Qwen/Qwen3-8B,cnndm,21,5,128,0.331271
Qwen/Qwen3-8B,cnndm,21,5,512,0.200559
Qwen/Qwen3-8B,cnndm,21,5,2048,0.120102
Qwen/Qwen3-8B,cnndm,21,5,4096,0.078971
Qwen/Qwen3-8B,cnndm,21,6,128,0.350765
Qwen/Qwen3-8B,cnndm,21,6,512,0.232409
Qwen/Qwen3-8B,cnndm,21,6,2048,0.155760
Qwen/Qwen3-8B,cnndm,21,6,4096,0.107406
Qwen/Qwen3-8B,cnndm,21,7,128,0.192556
Qwen/Qwen3-8B,cnndm,21,7,512,0.178573
Qwen/Qwen3-8B,cnndm,21,7,2048,0.149475
Qwen/Qwen3-8B,cnndm,21,7,4096,0.101971
Qwen/Qwen3-8B,cnndm,21,8,128,0.310394
Qwen/Qwen3-8B,cnndm,21,8,512,0.263904
Qwen/Qwen3-8B,cnndm,21,8,2048,0.205591
Qwen/Qwen3-8B,cnndm,21,8,4096,0.150874
Qwen/Qwen3-8B,cnndm,21,9,128,0.230266
Qwen/Qwen3-8B,cnndm,21,9,512,0.130769
Qwen/Qwen3-8B,cnndm,21,9,2048,0.095450
Qwen/Qwen3-8B,cnndm,21,9,4096,0.070184
Qwen/Qwen3-8B,cnndm,21,10,128,0.319717
Qwen/Qwen3-8B,cnndm,21,10,512,0.178504
Qwen/Qwen3-8B,cnndm,21,10,2048,0.111814
Qwen/Qwen3-8B,cnndm,21,10,4096,0.080314
Qwen/Qwen3-8B,cnndm,21,11,128,0.412104
Qwen/Qwen3-8B,cnndm,21,11,512,0.178878
Qwen/Qwen3-8B,cnndm,21,11,2048,0.085461
Qwen/Qwen3-8B,cnndm,21,11,4096,0.056798
Qwen/Qwen3-8B,cnndm,21,12,128,0.167902
Qwen/Qwen3-8B,cnndm,21,12,512,0.114804
Qwen/Qwen3-8B,cnndm,21,12,2048,0.066739
Qwen/Qwen3-8B,cnndm,21,12,4096,0.053405
Qwen/Qwen3-8B,cnndm,21,13,128,0.123458
Qwen/Qwen3-8B,cnndm,21,13,512,0.073532
Qwen/Qwen3-8B,cnndm,21,13,2048,0.045943
Qwen/Qwen3-8B,cnndm,21,13,4096,0.037095
Qwen/Qwen3-8B,cnndm,21,14,128,0.124965
Qwen/Qwen3-8B,cnndm,21,14,512,0.103296
Qwen/Qwen3-8B,cnndm,21,14,2048,0.072786
Qwen/Qwen3-8B,cnndm,21,14,4096,0.060646
Qwen/Qwen3-8B,cnndm,21,15,128,0.110689
Qwen/Qwen3-8B,cnndm,21,15,512,0.082188
Qwen/Qwen3-8B,cnndm,21,15,2048,0.059743
Qwen/Qwen3-8B,cnndm,21,15,4096,0.049562
Qwen/Qwen3-8B,cnndm,21,16,128,0.287997
Qwen/Qwen3-8B,cnndm,21,16,512,0.163255
Qwen/Qwen3-8B,cnndm,21,16,2048,0.108570
Qwen/Qwen3-8B,cnndm,21,16,4096,0.082490
Qwen/Qwen3-8B,cnndm,21,17,128,0.387345
Qwen/Qwen3-8B,cnndm,21,17,512,0.230797
Qwen/Qwen3-8B,cnndm,21,17,2048,0.145615
Qwen/Qwen3-8B,cnndm,21,17,4096,0.101711
Qwen/Qwen3-8B,cnndm,21,18,128,0.373121
Qwen/Qwen3-8B,cnndm,21,18,512,0.189598
Qwen/Qwen3-8B,cnndm,21,18,2048,0.107301
Qwen/Qwen3-8B,cnndm,21,18,4096,0.077728
Qwen/Qwen3-8B,cnndm,21,19,128,0.247470
Qwen/Qwen3-8B,cnndm,21,19,512,0.159512
Qwen/Qwen3-8B,cnndm,21,19,2048,0.120094
Qwen/Qwen3-8B,cnndm,21,19,4096,0.087204
Qwen/Qwen3-8B,cnndm,21,20,128,0.537279
Qwen/Qwen3-8B,cnndm,21,20,512,0.371870
Qwen/Qwen3-8B,cnndm,21,20,2048,0.238307
Qwen/Qwen3-8B,cnndm,21,20,4096,0.161020
Qwen/Qwen3-8B,cnndm,21,21,128,0.476085
Qwen/Qwen3-8B,cnndm,21,21,512,0.356278
Qwen/Qwen3-8B,cnndm,21,21,2048,0.259716
Qwen/Qwen3-8B,cnndm,21,21,4096,0.179781
Qwen/Qwen3-8B,cnndm,21,22,128,0.426412
Qwen/Qwen3-8B,cnndm,21,22,512,0.327502
Qwen/Qwen3-8B,cnndm,21,22,2048,0.243879
Qwen/Qwen3-8B,cnndm,21,22,4096,0.175967
Qwen/Qwen3-8B,cnndm,21,23,128,0.428711
Qwen/Qwen3-8B,cnndm,21,23,512,0.294692
Qwen/Qwen3-8B,cnndm,21,23,2048,0.212446
Qwen/Qwen3-8B,cnndm,21,23,4096,0.158669
Qwen/Qwen3-8B,cnndm,21,24,128,0.268998
Qwen/Qwen3-8B,cnndm,21,24,512,0.130191
Qwen/Qwen3-8B,cnndm,21,24,2048,0.078663
Qwen/Qwen3-8B,cnndm,21,24,4096,0.052290
Qwen/Qwen3-8B,cnndm,21,25,128,0.267101
Qwen/Qwen3-8B,cnndm,21,25,512,0.129210
Qwen/Qwen3-8B,cnndm,21,25,2048,0.079555
Qwen/Qwen3-8B,cnndm,21,25,4096,0.056225
Qwen/Qwen3-8B,cnndm,21,26,128,0.239157
Qwen/Qwen3-8B,cnndm,21,26,512,0.127381
Qwen/Qwen3-8B,cnndm,21,26,2048,0.086806
Qwen/Qwen3-8B,cnndm,21,26,4096,0.062081
Qwen/Qwen3-8B,cnndm,21,27,128,0.426047
Qwen/Qwen3-8B,cnndm,21,27,512,0.237034
Qwen/Qwen3-8B,cnndm,21,27,2048,0.142301
Qwen/Qwen3-8B,cnndm,21,27,4096,0.093524
Qwen/Qwen3-8B,cnndm,21,28,128,0.253460
Qwen/Qwen3-8B,cnndm,21,28,512,0.160357
Qwen/Qwen3-8B,cnndm,21,28,2048,0.118522
Qwen/Qwen3-8B,cnndm,21,28,4096,0.089015
Qwen/Qwen3-8B,cnndm,21,29,128,0.260040
Qwen/Qwen3-8B,cnndm,21,29,512,0.182101
Qwen/Qwen3-8B,cnndm,21,29,2048,0.145756
Qwen/Qwen3-8B,cnndm,21,29,4096,0.115124
Qwen/Qwen3-8B,cnndm,21,30,128,0.238903
Qwen/Qwen3-8B,cnndm,21,30,512,0.143636
Qwen/Qwen3-8B,cnndm,21,30,2048,0.103659
Qwen/Qwen3-8B,cnndm,21,30,4096,0.075054
Qwen/Qwen3-8B,cnndm,21,31,128,0.465010
Qwen/Qwen3-8B,cnndm,21,31,512,0.289693
Qwen/Qwen3-8B,cnndm,21,31,2048,0.181971
Qwen/Qwen3-8B,cnndm,21,31,4096,0.120590
Qwen/Qwen3-8B,cnndm,22,0,128,0.289584
Qwen/Qwen3-8B,cnndm,22,0,512,0.171262
Qwen/Qwen3-8B,cnndm,22,0,2048,0.123552
Qwen/Qwen3-8B,cnndm,22,0,4096,0.094694
Qwen/Qwen3-8B,cnndm,22,1,128,0.183045
Qwen/Qwen3-8B,cnndm,22,1,512,0.137762
Qwen/Qwen3-8B,cnndm,22,1,2048,0.115615
Qwen/Qwen3-8B,cnndm,22,1,4096,0.087593
Qwen/Qwen3-8B,cnndm,22,2,128,0.293051
Qwen/Qwen3-8B,cnndm,22,2,512,0.167024
Qwen/Qwen3-8B,cnndm,22,2,2048,0.117692
Qwen/Qwen3-8B,cnndm,22,2,4096,0.087000
Qwen/Qwen3-8B,cnndm,22,3,128,0.292468
Qwen/Qwen3-8B,cnndm,22,3,512,0.189118
Qwen/Qwen3-8B,cnndm,22,3,2048,0.132259
Qwen/Qwen3-8B,cnndm,22,3,4096,0.090135
Qwen/Qwen3-8B,cnndm,22,4,128,0.315906
Qwen/Qwen3-8B,cnndm,22,4,512,0.179820
Qwen/Qwen3-8B,cnndm,22,4,2048,0.107987
Qwen/Qwen3-8B,cnndm,22,4,4096,0.070583
Qwen/Qwen3-8B,cnndm,22,5,128,0.281544
Qwen/Qwen3-8B,cnndm,22,5,512,0.172445
Qwen/Qwen3-8B,cnndm,22,5,2048,0.127588
Qwen/Qwen3-8B,cnndm,22,5,4096,0.097704
Qwen/Qwen3-8B,cnndm,22,6,128,0.319256
Qwen/Qwen3-8B,cnndm,22,6,512,0.170408
Qwen/Qwen3-8B,cnndm,22,6,2048,0.094117
Qwen/Qwen3-8B,cnndm,22,6,4096,0.053770
Qwen/Qwen3-8B,cnndm,22,7,128,0.220702
Qwen/Qwen3-8B,cnndm,22,7,512,0.140572
Qwen/Qwen3-8B,cnndm,22,7,2048,0.105189
Qwen/Qwen3-8B,cnndm,22,7,4096,0.077740
Qwen/Qwen3-8B,cnndm,22,8,128,0.163855
Qwen/Qwen3-8B,cnndm,22,8,512,0.095744
Qwen/Qwen3-8B,cnndm,22,8,2048,0.060202
Qwen/Qwen3-8B,cnndm,22,8,4096,0.042702
Qwen/Qwen3-8B,cnndm,22,9,128,0.161314
Qwen/Qwen3-8B,cnndm,22,9,512,0.113357
Qwen/Qwen3-8B,cnndm,22,9,2048,0.095128
Qwen/Qwen3-8B,cnndm,22,9,4096,0.072963
Qwen/Qwen3-8B,cnndm,22,10,128,0.117045
Qwen/Qwen3-8B,cnndm,22,10,512,0.098115
Qwen/Qwen3-8B,cnndm,22,10,2048,0.088366
Qwen/Qwen3-8B,cnndm,22,10,4096,0.070593
Qwen/Qwen3-8B,cnndm,22,11,128,0.234369
Qwen/Qwen3-8B,cnndm,22,11,512,0.102656
Qwen/Qwen3-8B,cnndm,22,11,2048,0.066269
Qwen/Qwen3-8B,cnndm,22,11,4096,0.052233
Qwen/Qwen3-8B,cnndm,22,12,128,0.082468
Qwen/Qwen3-8B,cnndm,22,12,512,0.062852
Qwen/Qwen3-8B,cnndm,22,12,2048,0.046053
Qwen/Qwen3-8B,cnndm,22,12,4096,0.027761
Qwen/Qwen3-8B,cnndm,22,13,128,0.554958
Qwen/Qwen3-8B,cnndm,22,13,512,0.369933
Qwen/Qwen3-8B,cnndm,22,13,2048,0.226682
Qwen/Qwen3-8B,cnndm,22,13,4096,0.139781
Qwen/Qwen3-8B,cnndm,22,14,128,0.504010
Qwen/Qwen3-8B,cnndm,22,14,512,0.269553
Qwen/Qwen3-8B,cnndm,22,14,2048,0.139906
Qwen/Qwen3-8B,cnndm,22,14,4096,0.086754
Qwen/Qwen3-8B,cnndm,22,15,128,0.230645
Qwen/Qwen3-8B,cnndm,22,15,512,0.166620
Qwen/Qwen3-8B,cnndm,22,15,2048,0.138556
Qwen/Qwen3-8B,cnndm,22,15,4096,0.113486
Qwen/Qwen3-8B,cnndm,22,16,128,0.228278
Qwen/Qwen3-8B,cnndm,22,16,512,0.141930
Qwen/Qwen3-8B,cnndm,22,16,2048,0.082944
Qwen/Qwen3-8B,cnndm,22,16,4096,0.046047
Qwen/Qwen3-8B,cnndm,22,17,128,0.243681
Qwen/Qwen3-8B,cnndm,22,17,512,0.199207
Qwen/Qwen3-8B,cnndm,22,17,2048,0.170458
Qwen/Qwen3-8B,cnndm,22,17,4096,0.138729
Qwen/Qwen3-8B,cnndm,22,18,128,0.234954
Qwen/Qwen3-8B,cnndm,22,18,512,0.155437
Qwen/Qwen3-8B,cnndm,22,18,2048,0.121867
Qwen/Qwen3-8B,cnndm,22,18,4096,0.097185
Qwen/Qwen3-8B,cnndm,22,19,128,0.200660
Qwen/Qwen3-8B,cnndm,22,19,512,0.097892
Qwen/Qwen3-8B,cnndm,22,19,2048,0.050880
Qwen/Qwen3-8B,cnndm,22,19,4096,0.030257
Qwen/Qwen3-8B,cnndm,22,20,128,0.439209
Qwen/Qwen3-8B,cnndm,22,20,512,0.327026
Qwen/Qwen3-8B,cnndm,22,20,2048,0.223647
Qwen/Qwen3-8B,cnndm,22,20,4096,0.155091
Qwen/Qwen3-8B,cnndm,22,21,128,0.348007
Qwen/Qwen3-8B,cnndm,22,21,512,0.286638
Qwen/Qwen3-8B,cnndm,22,21,2048,0.214431
Qwen/Qwen3-8B,cnndm,22,21,4096,0.152973
Qwen/Qwen3-8B,cnndm,22,22,128,0.258991
Qwen/Qwen3-8B,cnndm,22,22,512,0.222422
Qwen/Qwen3-8B,cnndm,22,22,2048,0.184808
Qwen/Qwen3-8B,cnndm,22,22,4096,0.145524
Qwen/Qwen3-8B,cnndm,22,23,128,0.296775
Qwen/Qwen3-8B,cnndm,22,23,512,0.262712
Qwen/Qwen3-8B,cnndm,22,23,2048,0.211572
Qwen/Qwen3-8B,cnndm,22,23,4096,0.157009
Qwen/Qwen3-8B,cnndm,22,24,128,0.224894
Qwen/Qwen3-8B,cnndm,22,24,512,0.203566
Qwen/Qwen3-8B,cnndm,22,24,2048,0.186007
Qwen/Qwen3-8B,cnndm,22,24,4096,0.156852
Qwen/Qwen3-8B,cnndm,22,25,128,0.187669
Qwen/Qwen3-8B,cnndm,22,25,512,0.160903
Qwen/Qwen3-8B,cnndm,22,25,2048,0.140898
Qwen/Qwen3-8B,cnndm,22,25,4096,0.113678
Qwen/Qwen3-8B,cnndm,22,26,128,0.210274
Qwen/Qwen3-8B,cnndm,22,26,512,0.197551
Qwen/Qwen3-8B,cnndm,22,26,2048,0.180443
Qwen/Qwen3-8B,cnndm,22,26,4096,0.148969
Qwen/Qwen3-8B,cnndm,22,27,128,0.215718
Qwen/Qwen3-8B,cnndm,22,27,512,0.207601
Qwen/Qwen3-8B,cnndm,22,27,2048,0.193885
Qwen/Qwen3-8B,cnndm,22,27,4096,0.164916
Qwen/Qwen3-8B,cnndm,22,28,128,0.333171
Qwen/Qwen3-8B,cnndm,22,28,512,0.274678
Qwen/Qwen3-8B,cnndm,22,28,2048,0.206139
Qwen/Qwen3-8B,cnndm,22,28,4096,0.145924
Qwen/Qwen3-8B,cnndm,22,29,128,0.555472
Qwen/Qwen3-8B,cnndm,22,29,512,0.400066
Qwen/Qwen3-8B,cnndm,22,29,2048,0.257514
Qwen/Qwen3-8B,cnndm,22,29,4096,0.164357
Qwen/Qwen3-8B,cnndm,22,30,128,0.362286
Qwen/Qwen3-8B,cnndm,22,30,512,0.308144
Qwen/Qwen3-8B,cnndm,22,30,2048,0.253564
Qwen/Qwen3-8B,cnndm,22,30,4096,0.189193
Qwen/Qwen3-8B,cnndm,22,31,128,0.508943
Qwen/Qwen3-8B,cnndm,22,31,512,0.356971
Qwen/Qwen3-8B,cnndm,22,31,2048,0.231366
Qwen/Qwen3-8B,cnndm,22,31,4096,0.150860
Qwen/Qwen3-8B,cnndm,23,0,128,0.110611
Qwen/Qwen3-8B,cnndm,23,0,512,0.084794
Qwen/Qwen3-8B,cnndm,23,0,2048,0.070423
Qwen/Qwen3-8B,cnndm,23,0,4096,0.058475
Qwen/Qwen3-8B,cnndm,23,1,128,0.108148
Qwen/Qwen3-8B,cnndm,23,1,512,0.073901
Qwen/Qwen3-8B,cnndm,23,1,2048,0.052034
Qwen/Qwen3-8B,cnndm,23,1,4096,0.043908
Qwen/Qwen3-8B,cnndm,23,2,128,0.140835
Qwen/Qwen3-8B,cnndm,23,2,512,0.117158
Qwen/Qwen3-8B,cnndm,23,2,2048,0.097238
Qwen/Qwen3-8B,cnndm,23,2,4096,0.081604
Qwen/Qwen3-8B,cnndm,23,3,128,0.100612
Qwen/Qwen3-8B,cnndm,23,3,512,0.058228
Qwen/Qwen3-8B,cnndm,23,3,2048,0.042874
Qwen/Qwen3-8B,cnndm,23,3,4096,0.035910
Qwen/Qwen3-8B,cnndm,23,4,128,0.358689
Qwen/Qwen3-8B,cnndm,23,4,512,0.279989
Qwen/Qwen3-8B,cnndm,23,4,2048,0.230295
Qwen/Qwen3-8B,cnndm,23,4,4096,0.190129
Qwen/Qwen3-8B,cnndm,23,5,128,0.309339
Qwen/Qwen3-8B,cnndm,23,5,512,0.260824
Qwen/Qwen3-8B,cnndm,23,5,2048,0.227842
Qwen/Qwen3-8B,cnndm,23,5,4096,0.187027
Qwen/Qwen3-8B,cnndm,23,6,128,0.134175
Qwen/Qwen3-8B,cnndm,23,6,512,0.099040
Qwen/Qwen3-8B,cnndm,23,6,2048,0.077078
Qwen/Qwen3-8B,cnndm,23,6,4096,0.057879
Qwen/Qwen3-8B,cnndm,23,7,128,0.236029
Qwen/Qwen3-8B,cnndm,23,7,512,0.209216
Qwen/Qwen3-8B,cnndm,23,7,2048,0.185780
Qwen/Qwen3-8B,cnndm,23,7,4096,0.145656
Qwen/Qwen3-8B,cnndm,23,8,128,0.323064
Qwen/Qwen3-8B,cnndm,23,8,512,0.199376
Qwen/Qwen3-8B,cnndm,23,8,2048,0.142746
Qwen/Qwen3-8B,cnndm,23,8,4096,0.109305
Qwen/Qwen3-8B,cnndm,23,9,128,0.286235
Qwen/Qwen3-8B,cnndm,23,9,512,0.124661
Qwen/Qwen3-8B,cnndm,23,9,2048,0.056022
Qwen/Qwen3-8B,cnndm,23,9,4096,0.035024
Qwen/Qwen3-8B,cnndm,23,10,128,0.297811
Qwen/Qwen3-8B,cnndm,23,10,512,0.118913
Qwen/Qwen3-8B,cnndm,23,10,2048,0.050133
Qwen/Qwen3-8B,cnndm,23,10,4096,0.034495
Qwen/Qwen3-8B,cnndm,23,11,128,0.233571
Qwen/Qwen3-8B,cnndm,23,11,512,0.158371
Qwen/Qwen3-8B,cnndm,23,11,2048,0.121181
Qwen/Qwen3-8B,cnndm,23,11,4096,0.093962
Qwen/Qwen3-8B,cnndm,23,12,128,0.305449
Qwen/Qwen3-8B,cnndm,23,12,512,0.183273
Qwen/Qwen3-8B,cnndm,23,12,2048,0.127891
Qwen/Qwen3-8B,cnndm,23,12,4096,0.098293
Qwen/Qwen3-8B,cnndm,23,13,128,0.306691
Qwen/Qwen3-8B,cnndm,23,13,512,0.189447
Qwen/Qwen3-8B,cnndm,23,13,2048,0.131965
Qwen/Qwen3-8B,cnndm,23,13,4096,0.100553
Qwen/Qwen3-8B,cnndm,23,14,128,0.300827
Qwen/Qwen3-8B,cnndm,23,14,512,0.180845
Qwen/Qwen3-8B,cnndm,23,14,2048,0.127082
Qwen/Qwen3-8B,cnndm,23,14,4096,0.096956
Qwen/Qwen3-8B,cnndm,23,15,128,0.265963
Qwen/Qwen3-8B,cnndm,23,15,512,0.187803
Qwen/Qwen3-8B,cnndm,23,15,2048,0.145295
Qwen/Qwen3-8B,cnndm,23,15,4096,0.109447
Qwen/Qwen3-8B,cnndm,23,16,128,0.166150
Qwen/Qwen3-8B,cnndm,23,16,512,0.155320
Qwen/Qwen3-8B,cnndm,23,16,2048,0.141279
Qwen/Qwen3-8B,cnndm,23,16,4096,0.120998
Qwen/Qwen3-8B,cnndm,23,17,128,0.151556
Qwen/Qwen3-8B,cnndm,23,17,512,0.140401
Qwen/Qwen3-8B,cnndm,23,17,2048,0.128180
Qwen/Qwen3-8B,cnndm,23,17,4096,0.109279
Qwen/Qwen3-8B,cnndm,23,18,128,0.166858
Qwen/Qwen3-8B,cnndm,23,18,512,0.148078
Qwen/Qwen3-8B,cnndm,23,18,2048,0.131172
Qwen/Qwen3-8B,cnndm,23,18,4096,0.110981
Qwen/Qwen3-8B,cnndm,23,19,128,0.194280
Qwen/Qwen3-8B,cnndm,23,19,512,0.184691
Qwen/Qwen3-8B,cnndm,23,19,2048,0.170225
Qwen/Qwen3-8B,cnndm,23,19,4096,0.143348
Qwen/Qwen3-8B,cnndm,23,20,128,0.166227
Qwen/Qwen3-8B,cnndm,23,20,512,0.146618
Qwen/Qwen3-8B,cnndm,23,20,2048,0.125666
Qwen/Qwen3-8B,cnndm,23,20,4096,0.099927
Qwen/Qwen3-8B,cnndm,23,21,128,0.341137
Qwen/Qwen3-8B,cnndm,23,21,512,0.272594
Qwen/Qwen3-8B,cnndm,23,21,2048,0.213781
Qwen/Qwen3-8B,cnndm,23,21,4096,0.161748
Qwen/Qwen3-8B,cnndm,23,22,128,0.193760
Qwen/Qwen3-8B,cnndm,23,22,512,0.168638
Qwen/Qwen3-8B,cnndm,23,22,2048,0.146188
Qwen/Qwen3-8B,cnndm,23,22,4096,0.116518
Qwen/Qwen3-8B,cnndm,23,23,128,0.236125
Qwen/Qwen3-8B,cnndm,23,23,512,0.179322
Qwen/Qwen3-8B,cnndm,23,23,2048,0.142974
Qwen/Qwen3-8B,cnndm,23,23,4096,0.113396
Qwen/Qwen3-8B,cnndm,23,24,128,0.259721
Qwen/Qwen3-8B,cnndm,23,24,512,0.192288
Qwen/Qwen3-8B,cnndm,23,24,2048,0.156201
Qwen/Qwen3-8B,cnndm,23,24,4096,0.127036
Qwen/Qwen3-8B,cnndm,23,25,128,0.200871
Qwen/Qwen3-8B,cnndm,23,25,512,0.181029
Qwen/Qwen3-8B,cnndm,23,25,2048,0.161418
Qwen/Qwen3-8B,cnndm,23,25,4096,0.134475
Qwen/Qwen3-8B,cnndm,23,26,128,0.277259
Qwen/Qwen3-8B,cnndm,23,26,512,0.185438
Qwen/Qwen3-8B,cnndm,23,26,2048,0.139517
Qwen/Qwen3-8B,cnndm,23,26,4096,0.112065
Qwen/Qwen3-8B,cnndm,23,27,128,0.222634
Qwen/Qwen3-8B,cnndm,23,27,512,0.207395
Qwen/Qwen3-8B,cnndm,23,27,2048,0.193858
Qwen/Qwen3-8B,cnndm,23,27,4096,0.163531
Qwen/Qwen3-8B,cnndm,23,28,128,0.370854
Qwen/Qwen3-8B,cnndm,23,28,512,0.249357
Qwen/Qwen3-8B,cnndm,23,28,2048,0.183154
Qwen/Qwen3-8B,cnndm,23,28,4096,0.131588
Qwen/Qwen3-8B,cnndm,23,29,128,0.310388
Qwen/Qwen3-8B,cnndm,23,29,512,0.225441
Qwen/Qwen3-8B,cnndm,23,29,2048,0.178543
Qwen/Qwen3-8B,cnndm,23,29,4096,0.133905
Qwen/Qwen3-8B,cnndm,23,30,128,0.315212
Qwen/Qwen3-8B,cnndm,23,30,512,0.198965
Qwen/Qwen3-8B,cnndm,23,30,2048,0.142390
Qwen/Qwen3-8B,cnndm,23,30,4096,0.106784
Qwen/Qwen3-8B,cnndm,23,31,128,0.293945
Qwen/Qwen3-8B,cnndm,23,31,512,0.162602
Qwen/Qwen3-8B,cnndm,23,31,2048,0.110270
Qwen/Qwen3-8B,cnndm,23,31,4096,0.084039
Qwen/Qwen3-8B,cnndm,24,0,128,0.192630
Qwen/Qwen3-8B,cnndm,24,0,512,0.179432
Qwen/Qwen3-8B,cnndm,24,0,2048,0.160463
Qwen/Qwen3-8B,cnndm,24,0,4096,0.130357
Qwen/Qwen3-8B,cnndm,24,1,128,0.267576
Qwen/Qwen3-8B,cnndm,24,1,512,0.242543
Qwen/Qwen3-8B,cnndm,24,1,2048,0.212428
Qwen/Qwen3-8B,cnndm,24,1,4096,0.177587
Qwen/Qwen3-8B,cnndm,24,2,128,0.335207
Qwen/Qwen3-8B,cnndm,24,2,512,0.266136
Qwen/Qwen3-8B,cnndm,24,2,2048,0.210284
Qwen/Qwen3-8B,cnndm,24,2,4096,0.156711
Qwen/Qwen3-8B,cnndm,24,3,128,0.233368
Qwen/Qwen3-8B,cnndm,24,3,512,0.223123
Qwen/Qwen3-8B,cnndm,24,3,2048,0.204523
Qwen/Qwen3-8B,cnndm,24,3,4096,0.168336
Qwen/Qwen3-8B,cnndm,24,4,128,0.346035
Qwen/Qwen3-8B,cnndm,24,4,512,0.259536
Qwen/Qwen3-8B,cnndm,24,4,2048,0.198186
Qwen/Qwen3-8B,cnndm,24,4,4096,0.156473
Qwen/Qwen3-8B,cnndm,24,5,128,0.326828
Qwen/Qwen3-8B,cnndm,24,5,512,0.262141
Qwen/Qwen3-8B,cnndm,24,5,2048,0.212318
Qwen/Qwen3-8B,cnndm,24,5,4096,0.163308
Qwen/Qwen3-8B,cnndm,24,6,128,0.239690
Qwen/Qwen3-8B,cnndm,24,6,512,0.227924
Qwen/Qwen3-8B,cnndm,24,6,2048,0.207652
Qwen/Qwen3-8B,cnndm,24,6,4096,0.165140
Qwen/Qwen3-8B,cnndm,24,7,128,0.252544
Qwen/Qwen3-8B,cnndm,24,7,512,0.207750
Qwen/Qwen3-8B,cnndm,24,7,2048,0.170938
Qwen/Qwen3-8B,cnndm,24,7,4096,0.134270
Qwen/Qwen3-8B,cnndm,24,8,128,0.340689
Qwen/Qwen3-8B,cnndm,24,8,512,0.247374
Qwen/Qwen3-8B,cnndm,24,8,2048,0.189719
Qwen/Qwen3-8B,cnndm,24,8,4096,0.147513
Qwen/Qwen3-8B,cnndm,24,9,128,0.244730
Qwen/Qwen3-8B,cnndm,24,9,512,0.189210
Qwen/Qwen3-8B,cnndm,24,9,2048,0.162010
Qwen/Qwen3-8B,cnndm,24,9,4096,0.135015
Qwen/Qwen3-8B,cnndm,24,10,128,0.280377
Qwen/Qwen3-8B,cnndm,24,10,512,0.259702
Qwen/Qwen3-8B,cnndm,24,10,2048,0.232006
Qwen/Qwen3-8B,cnndm,24,10,4096,0.186900
Qwen/Qwen3-8B,cnndm,24,11,128,0.253693
Qwen/Qwen3-8B,cnndm,24,11,512,0.193310
Qwen/Qwen3-8B,cnndm,24,11,2048,0.160228
Qwen/Qwen3-8B,cnndm,24,11,4096,0.129332
Qwen/Qwen3-8B,cnndm,24,12,128,0.370529
Qwen/Qwen3-8B,cnndm,24,12,512,0.227598
Qwen/Qwen3-8B,cnndm,24,12,2048,0.154995
Qwen/Qwen3-8B,cnndm,24,12,4096,0.109846
Qwen/Qwen3-8B,cnndm,24,13,128,0.354577
Qwen/Qwen3-8B,cnndm,24,13,512,0.224746
Qwen/Qwen3-8B,cnndm,24,13,2048,0.158539
Qwen/Qwen3-8B,cnndm,24,13,4096,0.115762
Qwen/Qwen3-8B,cnndm,24,14,128,0.355949
Qwen/Qwen3-8B,cnndm,24,14,512,0.214849
Qwen/Qwen3-8B,cnndm,24,14,2048,0.152900
Qwen/Qwen3-8B,cnndm,24,14,4096,0.111580
Qwen/Qwen3-8B,cnndm,24,15,128,0.290566
Qwen/Qwen3-8B,cnndm,24,15,512,0.165989
Qwen/Qwen3-8B,cnndm,24,15,2048,0.109692
Qwen/Qwen3-8B,cnndm,24,15,4096,0.079749
Qwen/Qwen3-8B,cnndm,24,16,128,0.344150
Qwen/Qwen3-8B,cnndm,24,16,512,0.224186
Qwen/Qwen3-8B,cnndm,24,16,2048,0.170970
Qwen/Qwen3-8B,cnndm,24,16,4096,0.132722
Qwen/Qwen3-8B,cnndm,24,17,128,0.302261
Qwen/Qwen3-8B,cnndm,24,17,512,0.227610
Qwen/Qwen3-8B,cnndm,24,17,2048,0.185683
Qwen/Qwen3-8B,cnndm,24,17,4096,0.146872
Qwen/Qwen3-8B,cnndm,24,18,128,0.384150
Qwen/Qwen3-8B,cnndm,24,18,512,0.264236
Qwen/Qwen3-8B,cnndm,24,18,2048,0.191202
Qwen/Qwen3-8B,cnndm,24,18,4096,0.154617
Qwen/Qwen3-8B,cnndm,24,19,128,0.323623
Qwen/Qwen3-8B,cnndm,24,19,512,0.246173
Qwen/Qwen3-8B,cnndm,24,19,2048,0.204204
Qwen/Qwen3-8B,cnndm,24,19,4096,0.161747
Qwen/Qwen3-8B,cnndm,24,20,128,0.323011
Qwen/Qwen3-8B,cnndm,24,20,512,0.293466
Qwen/Qwen3-8B,cnndm,24,20,2048,0.246387
Qwen/Qwen3-8B,cnndm,24,20,4096,0.186488
Qwen/Qwen3-8B,cnndm,24,21,128,0.319483
Qwen/Qwen3-8B,cnndm,24,21,512,0.251850
Qwen/Qwen3-8B,cnndm,24,21,2048,0.199120
Qwen/Qwen3-8B,cnndm,24,21,4096,0.147848
Qwen/Qwen3-8B,cnndm,24,22,128,0.363979
Qwen/Qwen3-8B,cnndm,24,22,512,0.300475
Qwen/Qwen3-8B,cnndm,24,22,2048,0.237864
Qwen/Qwen3-8B,cnndm,24,22,4096,0.172257
Qwen/Qwen3-8B,cnndm,24,23,128,0.336532
Qwen/Qwen3-8B,cnndm,24,23,512,0.293479
Qwen/Qwen3-8B,cnndm,24,23,2048,0.236127
Qwen/Qwen3-8B,cnndm,24,23,4096,0.176108
Qwen/Qwen3-8B,cnndm,24,24,128,0.371195
Qwen/Qwen3-8B,cnndm,24,24,512,0.238769
Qwen/Qwen3-8B,cnndm,24,24,2048,0.145799
Qwen/Qwen3-8B,cnndm,24,24,4096,0.097972
Qwen/Qwen3-8B,cnndm,24,25,128,0.387136
Qwen/Qwen3-8B,cnndm,24,25,512,0.191734
Qwen/Qwen3-8B,cnndm,24,25,2048,0.107263
Qwen/Qwen3-8B,cnndm,24,25,4096,0.070523
Qwen/Qwen3-8B,cnndm,24,26,128,0.351773
Qwen/Qwen3-8B,cnndm,24,26,512,0.210394
Qwen/Qwen3-8B,cnndm,24,26,2048,0.148504
Qwen/Qwen3-8B,cnndm,24,26,4096,0.117389
Qwen/Qwen3-8B,cnndm,24,27,128,0.463956
Qwen/Qwen3-8B,cnndm,24,27,512,0.219143
Qwen/Qwen3-8B,cnndm,24,27,2048,0.096798
Qwen/Qwen3-8B,cnndm,24,27,4096,0.048074
Qwen/Qwen3-8B,cnndm,24,28,128,0.459032
Qwen/Qwen3-8B,cnndm,24,28,512,0.308655
Qwen/Qwen3-8B,cnndm,24,28,2048,0.212185
Qwen/Qwen3-8B,cnndm,24,28,4096,0.152719
Qwen/Qwen3-8B,cnndm,24,29,128,0.398156
Qwen/Qwen3-8B,cnndm,24,29,512,0.281969
Qwen/Qwen3-8B,cnndm,24,29,2048,0.201933
Qwen/Qwen3-8B,cnndm,24,29,4096,0.154305
Qwen/Qwen3-8B,cnndm,24,30,128,0.394071
Qwen/Qwen3-8B,cnndm,24,30,512,0.266654
Qwen/Qwen3-8B,cnndm,24,30,2048,0.196530
Qwen/Qwen3-8B,cnndm,24,30,4096,0.149872
Qwen/Qwen3-8B,cnndm,24,31,128,0.352081
Qwen/Qwen3-8B,cnndm,24,31,512,0.244582
Qwen/Qwen3-8B,cnndm,24,31,2048,0.197211
Qwen/Qwen3-8B,cnndm,24,31,4096,0.155970
Qwen/Qwen3-8B,cnndm,25,0,128,0.303188
Qwen/Qwen3-8B,cnndm,25,0,512,0.240651
Qwen/Qwen3-8B,cnndm,25,0,2048,0.188756
Qwen/Qwen3-8B,cnndm,25,0,4096,0.139091
Qwen/Qwen3-8B,cnndm,25,1,128,0.220166
Qwen/Qwen3-8B,cnndm,25,1,512,0.206521
Qwen/Qwen3-8B,cnndm,25,1,2048,0.184859
Qwen/Qwen3-8B,cnndm,25,1,4096,0.154888
Qwen/Qwen3-8B,cnndm,25,2,128,0.215852
Qwen/Qwen3-8B,cnndm,25,2,512,0.203833
Qwen/Qwen3-8B,cnndm,25,2,2048,0.186152
Qwen/Qwen3-8B,cnndm,25,2,4096,0.157738
Qwen/Qwen3-8B,cnndm,25,3,128,0.193052
Qwen/Qwen3-8B,cnndm,25,3,512,0.183027
Qwen/Qwen3-8B,cnndm,25,3,2048,0.167735
Qwen/Qwen3-8B,cnndm,25,3,4096,0.135947
Qwen/Qwen3-8B,cnndm,25,4,128,0.195943
Qwen/Qwen3-8B,cnndm,25,4,512,0.162041
Qwen/Qwen3-8B,cnndm,25,4,2048,0.132222
Qwen/Qwen3-8B,cnndm,25,4,4096,0.090636
Qwen/Qwen3-8B,cnndm,25,5,128,0.132859
Qwen/Qwen3-8B,cnndm,25,5,512,0.123408
Qwen/Qwen3-8B,cnndm,25,5,2048,0.110929
Qwen/Qwen3-8B,cnndm,25,5,4096,0.087753
Qwen/Qwen3-8B,cnndm,25,6,128,0.267310
Qwen/Qwen3-8B,cnndm,25,6,512,0.225601
Qwen/Qwen3-8B,cnndm,25,6,2048,0.187831
Qwen/Qwen3-8B,cnndm,25,6,4096,0.151360
Qwen/Qwen3-8B,cnndm,25,7,128,0.152212
Qwen/Qwen3-8B,cnndm,25,7,512,0.141225
Qwen/Qwen3-8B,cnndm,25,7,2048,0.127306
Qwen/Qwen3-8B,cnndm,25,7,4096,0.099336
Qwen/Qwen3-8B,cnndm,25,8,128,0.335201
Qwen/Qwen3-8B,cnndm,25,8,512,0.240543
Qwen/Qwen3-8B,cnndm,25,8,2048,0.186387
Qwen/Qwen3-8B,cnndm,25,8,4096,0.144727
Qwen/Qwen3-8B,cnndm,25,9,128,0.323493
Qwen/Qwen3-8B,cnndm,25,9,512,0.230620
Qwen/Qwen3-8B,cnndm,25,9,2048,0.180666
Qwen/Qwen3-8B,cnndm,25,9,4096,0.135385
Qwen/Qwen3-8B,cnndm,25,10,128,0.320902
Qwen/Qwen3-8B,cnndm,25,10,512,0.218089
Qwen/Qwen3-8B,cnndm,25,10,2048,0.163455
Qwen/Qwen3-8B,cnndm,25,10,4096,0.123640
Qwen/Qwen3-8B,cnndm,25,11,128,0.325664
Qwen/Qwen3-8B,cnndm,25,11,512,0.244973
Qwen/Qwen3-8B,cnndm,25,11,2048,0.195094
Qwen/Qwen3-8B,cnndm,25,11,4096,0.145738
Qwen/Qwen3-8B,cnndm,25,12,128,0.133924
Qwen/Qwen3-8B,cnndm,25,12,512,0.121081
Qwen/Qwen3-8B,cnndm,25,12,2048,0.111259
Qwen/Qwen3-8B,cnndm,25,12,4096,0.094608
Qwen/Qwen3-8B,cnndm,25,13,128,0.198016
Qwen/Qwen3-8B,cnndm,25,13,512,0.185277
Qwen/Qwen3-8B,cnndm,25,13,2048,0.170167
Qwen/Qwen3-8B,cnndm,25,13,4096,0.145218
Qwen/Qwen3-8B,cnndm,25,14,128,0.150866
Qwen/Qwen3-8B,cnndm,25,14,512,0.103070
Qwen/Qwen3-8B,cnndm,25,14,2048,0.076785
Qwen/Qwen3-8B,cnndm,25,14,4096,0.055748
Qwen/Qwen3-8B,cnndm,25,15,128,0.166042
Qwen/Qwen3-8B,cnndm,25,15,512,0.138007
Qwen/Qwen3-8B,cnndm,25,15,2048,0.121939
Qwen/Qwen3-8B,cnndm,25,15,4096,0.103892
Qwen/Qwen3-8B,cnndm,25,16,128,0.190785
Qwen/Qwen3-8B,cnndm,25,16,512,0.181676
Qwen/Qwen3-8B,cnndm,25,16,2048,0.167936
Qwen/Qwen3-8B,cnndm,25,16,4096,0.140585
Qwen/Qwen3-8B,cnndm,25,17,128,0.206357
Qwen/Qwen3-8B,cnndm,25,17,512,0.195487
Qwen/Qwen3-8B,cnndm,25,17,2048,0.181263
Qwen/Qwen3-8B,cnndm,25,17,4096,0.152319
Qwen/Qwen3-8B,cnndm,25,18,128,0.205448
Qwen/Qwen3-8B,cnndm,25,18,512,0.195405
Qwen/Qwen3-8B,cnndm,25,18,2048,0.182683
Qwen/Qwen3-8B,cnndm,25,18,4096,0.152387
Qwen/Qwen3-8B,cnndm,25,19,128,0.195245
Qwen/Qwen3-8B,cnndm,25,19,512,0.172498
Qwen/Qwen3-8B,cnndm,25,19,2048,0.154639
Qwen/Qwen3-8B,cnndm,25,19,4096,0.127407
Qwen/Qwen3-8B,cnndm,25,20,128,0.229069
Qwen/Qwen3-8B,cnndm,25,20,512,0.205592
Qwen/Qwen3-8B,cnndm,25,20,2048,0.185112
Qwen/Qwen3-8B,cnndm,25,20,4096,0.150775
Qwen/Qwen3-8B,cnndm,25,21,128,0.239296
Qwen/Qwen3-8B,cnndm,25,21,512,0.199350
Qwen/Qwen3-8B,cnndm,25,21,2048,0.164331
Qwen/Qwen3-8B,cnndm,25,21,4096,0.126428
Qwen/Qwen3-8B,cnndm,25,22,128,0.241117
Qwen/Qwen3-8B,cnndm,25,22,512,0.211291
Qwen/Qwen3-8B,cnndm,25,22,2048,0.186988
Qwen/Qwen3-8B,cnndm,25,22,4096,0.147979
Qwen/Qwen3-8B,cnndm,25,23,128,0.333838
Qwen/Qwen3-8B,cnndm,25,23,512,0.236258
Qwen/Qwen3-8B,cnndm,25,23,2048,0.176704
Qwen/Qwen3-8B,cnndm,25,23,4096,0.136450
Qwen/Qwen3-8B,cnndm,25,24,128,0.307488
Qwen/Qwen3-8B,cnndm,25,24,512,0.266895
Qwen/Qwen3-8B,cnndm,25,24,2048,0.236346
Qwen/Qwen3-8B,cnndm,25,24,4096,0.192420
Qwen/Qwen3-8B,cnndm,25,25,128,0.310916
Qwen/Qwen3-8B,cnndm,25,25,512,0.265712
Qwen/Qwen3-8B,cnndm,25,25,2048,0.232563
Qwen/Qwen3-8B,cnndm,25,25,4096,0.188470
Qwen/Qwen3-8B,cnndm,25,26,128,0.301302
Qwen/Qwen3-8B,cnndm,25,26,512,0.223332
Qwen/Qwen3-8B,cnndm,25,26,2048,0.182905
Qwen/Qwen3-8B,cnndm,25,26,4096,0.147597
Qwen/Qwen3-8B,cnndm,25,27,128,0.340416
Qwen/Qwen3-8B,cnndm,25,27,512,0.259905
Qwen/Qwen3-8B,cnndm,25,27,2048,0.212302
Qwen/Qwen3-8B,cnndm,25,27,4096,0.169621
Qwen/Qwen3-8B,cnndm,25,28,128,0.232708
Qwen/Qwen3-8B,cnndm,25,28,512,0.182161
Qwen/Qwen3-8B,cnndm,25,28,2048,0.150100
Qwen/Qwen3-8B,cnndm,25,28,4096,0.115034
Qwen/Qwen3-8B,cnndm,25,29,128,0.186902
Qwen/Qwen3-8B,cnndm,25,29,512,0.178930
Qwen/Qwen3-8B,cnndm,25,29,2048,0.161852
Qwen/Qwen3-8B,cnndm,25,29,4096,0.130495
Qwen/Qwen3-8B,cnndm,25,30,128,0.402135
Qwen/Qwen3-8B,cnndm,25,30,512,0.275514
Qwen/Qwen3-8B,cnndm,25,30,2048,0.198354
Qwen/Qwen3-8B,cnndm,25,30,4096,0.143281
Qwen/Qwen3-8B,cnndm,25,31,128,0.334088
Qwen/Qwen3-8B,cnndm,25,31,512,0.240081
Qwen/Qwen3-8B,cnndm,25,31,2048,0.171651
Qwen/Qwen3-8B,cnndm,25,31,4096,0.117510
Qwen/Qwen3-8B,cnndm,26,0,128,0.350117
Qwen/Qwen3-8B,cnndm,26,0,512,0.255747
Qwen/Qwen3-8B,cnndm,26,0,2048,0.185359
Qwen/Qwen3-8B,cnndm,26,0,4096,0.131704
Qwen/Qwen3-8B,cnndm,26,1,128,0.438561
Qwen/Qwen3-8B,cnndm,26,1,512,0.284355
Qwen/Qwen3-8B,cnndm,26,1,2048,0.173835
Qwen/Qwen3-8B,cnndm,26,1,4096,0.113982
Qwen/Qwen3-8B,cnndm,26,2,128,0.439699
Qwen/Qwen3-8B,cnndm,26,2,512,0.327763
Qwen/Qwen3-8B,cnndm,26,2,2048,0.222742
Qwen/Qwen3-8B,cnndm,26,2,4096,0.152304
Qwen/Qwen3-8B,cnndm,26,3,128,0.214859
Qwen/Qwen3-8B,cnndm,26,3,512,0.181219
Qwen/Qwen3-8B,cnndm,26,3,2048,0.138004
Qwen/Qwen3-8B,cnndm,26,3,4096,0.101565
Qwen/Qwen3-8B,cnndm,26,4,128,0.348971
Qwen/Qwen3-8B,cnndm,26,4,512,0.305169
Qwen/Qwen3-8B,cnndm,26,4,2048,0.260360
Qwen/Qwen3-8B,cnndm,26,4,4096,0.203699
Qwen/Qwen3-8B,cnndm,26,5,128,0.445946
Qwen/Qwen3-8B,cnndm,26,5,512,0.362069
Qwen/Qwen3-8B,cnndm,26,5,2048,0.279315
Qwen/Qwen3-8B,cnndm,26,5,4096,0.210490
Qwen/Qwen3-8B,cnndm,26,6,128,0.396027
Qwen/Qwen3-8B,cnndm,26,6,512,0.337315
Qwen/Qwen3-8B,cnndm,26,6,2048,0.269394
Qwen/Qwen3-8B,cnndm,26,6,4096,0.201048
Qwen/Qwen3-8B,cnndm,26,7,128,0.405179
Qwen/Qwen3-8B,cnndm,26,7,512,0.331160
Qwen/Qwen3-8B,cnndm,26,7,2048,0.276954
Qwen/Qwen3-8B,cnndm,26,7,4096,0.221554
Qwen/Qwen3-8B,cnndm,26,8,128,0.190238
Qwen/Qwen3-8B,cnndm,26,8,512,0.180588
Qwen/Qwen3-8B,cnndm,26,8,2048,0.161549
Qwen/Qwen3-8B,cnndm,26,8,4096,0.140462
Qwen/Qwen3-8B,cnndm,26,9,128,0.178014
Qwen/Qwen3-8B,cnndm,26,9,512,0.169689
Qwen/Qwen3-8B,cnndm,26,9,2048,0.150947
Qwen/Qwen3-8B,cnndm,26,9,4096,0.131385
Qwen/Qwen3-8B,cnndm,26,10,128,0.170142
Qwen/Qwen3-8B,cnndm,26,10,512,0.164466
Qwen/Qwen3-8B,cnndm,26,10,2048,0.149113
Qwen/Qwen3-8B,cnndm,26,10,4096,0.130836
Qwen/Qwen3-8B,cnndm,26,11,128,0.170530
Qwen/Qwen3-8B,cnndm,26,11,512,0.162886
Qwen/Qwen3-8B,cnndm,26,11,2048,0.145981
Qwen/Qwen3-8B,cnndm,26,11,4096,0.127850
Qwen/Qwen3-8B,cnndm,26,12,128,0.280074
Qwen/Qwen3-8B,cnndm,26,12,512,0.246438
Qwen/Qwen3-8B,cnndm,26,12,2048,0.197351
Qwen/Qwen3-8B,cnndm,26,12,4096,0.139171
Qwen/Qwen3-8B,cnndm,26,13,128,0.268221
Qwen/Qwen3-8B,cnndm,26,13,512,0.238849
Qwen/Qwen3-8B,cnndm,26,13,2048,0.199836
Qwen/Qwen3-8B,cnndm,26,13,4096,0.149896
Qwen/Qwen3-8B,cnndm,26,14,128,0.390669
Qwen/Qwen3-8B,cnndm,26,14,512,0.327347
Qwen/Qwen3-8B,cnndm,26,14,2048,0.258006
Qwen/Qwen3-8B,cnndm,26,14,4096,0.188822
Qwen/Qwen3-8B,cnndm,26,15,128,0.352173
Qwen/Qwen3-8B,cnndm,26,15,512,0.294982
Qwen/Qwen3-8B,cnndm,26,15,2048,0.240431
Qwen/Qwen3-8B,cnndm,26,15,4096,0.177799
Qwen/Qwen3-8B,cnndm,26,16,128,0.316484
Qwen/Qwen3-8B,cnndm,26,16,512,0.222425
Qwen/Qwen3-8B,cnndm,26,16,2048,0.167765
Qwen/Qwen3-8B,cnndm,26,16,4096,0.120069
Qwen/Qwen3-8B,cnndm,26,17,128,0.292087
Qwen/Qwen3-8B,cnndm,26,17,512,0.231318
Qwen/Qwen3-8B,cnndm,26,17,2048,0.186499
Qwen/Qwen3-8B,cnndm,26,17,4096,0.133367
Qwen/Qwen3-8B,cnndm,26,18,128,0.313699
Qwen/Qwen3-8B,cnndm,26,18,512,0.243011
Qwen/Qwen3-8B,cnndm,26,18,2048,0.191507
Qwen/Qwen3-8B,cnndm,26,18,4096,0.137761
Qwen/Qwen3-8B,cnndm,26,19,128,0.287864
Qwen/Qwen3-8B,cnndm,26,19,512,0.202248
Qwen/Qwen3-8B,cnndm,26,19,2048,0.154955
Qwen/Qwen3-8B,cnndm,26,19,4096,0.116164
Qwen/Qwen3-8B,cnndm,26,20,128,0.289146
Qwen/Qwen3-8B,cnndm,26,20,512,0.209544
Qwen/Qwen3-8B,cnndm,26,20,2048,0.159202
Qwen/Qwen3-8B,cnndm,26,20,4096,0.116124
Qwen/Qwen3-8B,cnndm,26,21,128,0.304240
Qwen/Qwen3-8B,cnndm,26,21,512,0.255501
Qwen/Qwen3-8B,cnndm,26,21,2048,0.210025
Qwen/Qwen3-8B,cnndm,26,21,4096,0.154372
Qwen/Qwen3-8B,cnndm,26,22,128,0.259772
Qwen/Qwen3-8B,cnndm,26,22,512,0.228635
Qwen/Qwen3-8B,cnndm,26,22,2048,0.193708
Qwen/Qwen3-8B,cnndm,26,22,4096,0.148841
Qwen/Qwen3-8B,cnndm,26,23,128,0.265250
Qwen/Qwen3-8B,cnndm,26,23,512,0.227518
Qwen/Qwen3-8B,cnndm,26,23,2048,0.190067
Qwen/Qwen3-8B,cnndm,26,23,4096,0.141875
Qwen/Qwen3-8B,cnndm,26,24,128,0.313469
Qwen/Qwen3-8B,cnndm,26,24,512,0.227087
Qwen/Qwen3-8B,cnndm,26,24,2048,0.173643
Qwen/Qwen3-8B,cnndm,26,24,4096,0.127562
Qwen/Qwen3-8B,cnndm,26,25,128,0.359623
Qwen/Qwen3-8B,cnndm,26,25,512,0.266005
Qwen/Qwen3-8B,cnndm,26,25,2048,0.206866
Qwen/Qwen3-8B,cnndm,26,25,4096,0.151476
Qwen/Qwen3-8B,cnndm,26,26,128,0.389610
Qwen/Qwen3-8B,cnndm,26,26,512,0.271379
Qwen/Qwen3-8B,cnndm,26,26,2048,0.197351
Qwen/Qwen3-8B,cnndm,26,26,4096,0.146355
Qwen/Qwen3-8B,cnndm,26,27,128,0.334880
Qwen/Qwen3-8B,cnndm,26,27,512,0.244371
Qwen/Qwen3-8B,cnndm,26,27,2048,0.185796
Qwen/Qwen3-8B,cnndm,26,27,4096,0.132223
Qwen/Qwen3-8B,cnndm,26,28,128,0.333286
Qwen/Qwen3-8B,cnndm,26,28,512,0.274857
Qwen/Qwen3-8B,cnndm,26,28,2048,0.228611
Qwen/Qwen3-8B,cnndm,26,28,4096,0.184535
Qwen/Qwen3-8B,cnndm,26,29,128,0.317772
Qwen/Qwen3-8B,cnndm,26,29,512,0.246600
Qwen/Qwen3-8B,cnndm,26,29,2048,0.196921
Qwen/Qwen3-8B,cnndm,26,29,4096,0.145549
Qwen/Qwen3-8B,cnndm,26,30,128,0.328677
Qwen/Qwen3-8B,cnndm,26,30,512,0.293654
Qwen/Qwen3-8B,cnndm,26,30,2048,0.254142
Qwen/Qwen3-8B,cnndm,26,30,4096,0.196748
Qwen/Qwen3-8B,cnndm,26,31,128,0.321190
Qwen/Qwen3-8B,cnndm,26,31,512,0.214730
Qwen/Qwen3-8B,cnndm,26,31,2048,0.159550
Qwen/Qwen3-8B,cnndm,26,31,4096,0.123776
Qwen/Qwen3-8B,cnndm,27,0,128,0.197640
Qwen/Qwen3-8B,cnndm,27,0,512,0.180144
Qwen/Qwen3-8B,cnndm,27,0,2048,0.165493
Qwen/Qwen3-8B,cnndm,27,0,4096,0.133443
Qwen/Qwen3-8B,cnndm,27,1,128,0.262867
Qwen/Qwen3-8B,cnndm,27,1,512,0.245376
Qwen/Qwen3-8B,cnndm,27,1,2048,0.219709
Qwen/Qwen3-8B,cnndm,27,1,4096,0.177050
Qwen/Qwen3-8B,cnndm,27,2,128,0.232058
Qwen/Qwen3-8B,cnndm,27,2,512,0.223825
Qwen/Qwen3-8B,cnndm,27,2,2048,0.210420
Qwen/Qwen3-8B,cnndm,27,2,4096,0.174727
Qwen/Qwen3-8B,cnndm,27,3,128,0.266709
Qwen/Qwen3-8B,cnndm,27,3,512,0.235590
Qwen/Qwen3-8B,cnndm,27,3,2048,0.214000
Qwen/Qwen3-8B,cnndm,27,3,4096,0.174710
Qwen/Qwen3-8B,cnndm,27,4,128,0.237616
Qwen/Qwen3-8B,cnndm,27,4,512,0.209188
Qwen/Qwen3-8B,cnndm,27,4,2048,0.190169
Qwen/Qwen3-8B,cnndm,27,4,4096,0.152482
Qwen/Qwen3-8B,cnndm,27,5,128,0.211702
Qwen/Qwen3-8B,cnndm,27,5,512,0.199559
Qwen/Qwen3-8B,cnndm,27,5,2048,0.187893
Qwen/Qwen3-8B,cnndm,27,5,4096,0.154062
Qwen/Qwen3-8B,cnndm,27,6,128,0.215797
Qwen/Qwen3-8B,cnndm,27,6,512,0.207247
Qwen/Qwen3-8B,cnndm,27,6,2048,0.196763
Qwen/Qwen3-8B,cnndm,27,6,4096,0.160022
Qwen/Qwen3-8B,cnndm,27,7,128,0.232106
Qwen/Qwen3-8B,cnndm,27,7,512,0.185700
Qwen/Qwen3-8B,cnndm,27,7,2048,0.160772
Qwen/Qwen3-8B,cnndm,27,7,4096,0.121920
Qwen/Qwen3-8B,cnndm,27,8,128,0.223794
Qwen/Qwen3-8B,cnndm,27,8,512,0.198334
Qwen/Qwen3-8B,cnndm,27,8,2048,0.171326
Qwen/Qwen3-8B,cnndm,27,8,4096,0.129109
Qwen/Qwen3-8B,cnndm,27,9,128,0.238389
Qwen/Qwen3-8B,cnndm,27,9,512,0.219695
Qwen/Qwen3-8B,cnndm,27,9,2048,0.197349
Qwen/Qwen3-8B,cnndm,27,9,4096,0.156202
Qwen/Qwen3-8B,cnndm,27,10,128,0.389630
Qwen/Qwen3-8B,cnndm,27,10,512,0.312083
Qwen/Qwen3-8B,cnndm,27,10,2048,0.235540
Qwen/Qwen3-8B,cnndm,27,10,4096,0.167992
Qwen/Qwen3-8B,cnndm,27,11,128,0.253499
Qwen/Qwen3-8B,cnndm,27,11,512,0.223563
Qwen/Qwen3-8B,cnndm,27,11,2048,0.191838
Qwen/Qwen3-8B,cnndm,27,11,4096,0.148011
Qwen/Qwen3-8B,cnndm,27,12,128,0.207202
Qwen/Qwen3-8B,cnndm,27,12,512,0.187556
Qwen/Qwen3-8B,cnndm,27,12,2048,0.165988
Qwen/Qwen3-8B,cnndm,27,12,4096,0.123127
Qwen/Qwen3-8B,cnndm,27,13,128,0.276148
Qwen/Qwen3-8B,cnndm,27,13,512,0.222488
Qwen/Qwen3-8B,cnndm,27,13,2048,0.189568
Qwen/Qwen3-8B,cnndm,27,13,4096,0.150327
Qwen/Qwen3-8B,cnndm,27,14,128,0.217094
Qwen/Qwen3-8B,cnndm,27,14,512,0.181536
Qwen/Qwen3-8B,cnndm,27,14,2048,0.155727
Qwen/Qwen3-8B,cnndm,27,14,4096,0.119897
Qwen/Qwen3-8B,cnndm,27,15,128,0.346410
Qwen/Qwen3-8B,cnndm,27,15,512,0.251507
Qwen/Qwen3-8B,cnndm,27,15,2048,0.193604
Qwen/Qwen3-8B,cnndm,27,15,4096,0.136536
Qwen/Qwen3-8B,cnndm,27,16,128,0.481391
Qwen/Qwen3-8B,cnndm,27,16,512,0.331413
Qwen/Qwen3-8B,cnndm,27,16,2048,0.239077
Qwen/Qwen3-8B,cnndm,27,16,4096,0.170728
Qwen/Qwen3-8B,cnndm,27,17,128,0.375620
Qwen/Qwen3-8B,cnndm,27,17,512,0.248766
Qwen/Qwen3-8B,cnndm,27,17,2048,0.178837
Qwen/Qwen3-8B,cnndm,27,17,4096,0.136313
Qwen/Qwen3-8B,cnndm,27,18,128,0.383307
Qwen/Qwen3-8B,cnndm,27,18,512,0.262308
Qwen/Qwen3-8B,cnndm,27,18,2048,0.188917
Qwen/Qwen3-8B,cnndm,27,18,4096,0.140744
Qwen/Qwen3-8B,cnndm,27,19,128,0.402530
Qwen/Qwen3-8B,cnndm,27,19,512,0.309236
Qwen/Qwen3-8B,cnndm,27,19,2048,0.231603
Qwen/Qwen3-8B,cnndm,27,19,4096,0.168817
Qwen/Qwen3-8B,cnndm,27,20,128,0.424228
Qwen/Qwen3-8B,cnndm,27,20,512,0.344878
Qwen/Qwen3-8B,cnndm,27,20,2048,0.271847
Qwen/Qwen3-8B,cnndm,27,20,4096,0.193336
Qwen/Qwen3-8B,cnndm,27,21,128,0.231407
Qwen/Qwen3-8B,cnndm,27,21,512,0.199757
Qwen/Qwen3-8B,cnndm,27,21,2048,0.171967
Qwen/Qwen3-8B,cnndm,27,21,4096,0.135647
Qwen/Qwen3-8B,cnndm,27,22,128,0.266956
Qwen/Qwen3-8B,cnndm,27,22,512,0.254342
Qwen/Qwen3-8B,cnndm,27,22,2048,0.238349
Qwen/Qwen3-8B,cnndm,27,22,4096,0.204837
Qwen/Qwen3-8B,cnndm,27,23,128,0.424030
Qwen/Qwen3-8B,cnndm,27,23,512,0.344516
Qwen/Qwen3-8B,cnndm,27,23,2048,0.262508
Qwen/Qwen3-8B,cnndm,27,23,4096,0.167192
Qwen/Qwen3-8B,cnndm,27,24,128,0.343833
Qwen/Qwen3-8B,cnndm,27,24,512,0.288707
Qwen/Qwen3-8B,cnndm,27,24,2048,0.232254
Qwen/Qwen3-8B,cnndm,27,24,4096,0.178292
Qwen/Qwen3-8B,cnndm,27,25,128,0.417659
Qwen/Qwen3-8B,cnndm,27,25,512,0.359743
Qwen/Qwen3-8B,cnndm,27,25,2048,0.274914
Qwen/Qwen3-8B,cnndm,27,25,4096,0.202612
Qwen/Qwen3-8B,cnndm,27,26,128,0.345066
Qwen/Qwen3-8B,cnndm,27,26,512,0.297114
Qwen/Qwen3-8B,cnndm,27,26,2048,0.236158
Qwen/Qwen3-8B,cnndm,27,26,4096,0.179443
Qwen/Qwen3-8B,cnndm,27,27,128,0.387719
Qwen/Qwen3-8B,cnndm,27,27,512,0.328514
Qwen/Qwen3-8B,cnndm,27,27,2048,0.256056
Qwen/Qwen3-8B,cnndm,27,27,4096,0.186758
Qwen/Qwen3-8B,cnndm,27,28,128,0.291945
Qwen/Qwen3-8B,cnndm,27,28,512,0.251096
Qwen/Qwen3-8B,cnndm,27,28,2048,0.217901
Qwen/Qwen3-8B,cnndm,27,28,4096,0.177787
Qwen/Qwen3-8B,cnndm,27,29,128,0.252997
Qwen/Qwen3-8B,cnndm,27,29,512,0.197036
Qwen/Qwen3-8B,cnndm,27,29,2048,0.167232
Qwen/Qwen3-8B,cnndm,27,29,4096,0.131243
Qwen/Qwen3-8B,cnndm,27,30,128,0.298593
Qwen/Qwen3-8B,cnndm,27,30,512,0.236829
Qwen/Qwen3-8B,cnndm,27,30,2048,0.198594
Qwen/Qwen3-8B,cnndm,27,30,4096,0.160739
Qwen/Qwen3-8B,cnndm,27,31,128,0.302201
Qwen/Qwen3-8B,cnndm,27,31,512,0.254685
Qwen/Qwen3-8B,cnndm,27,31,2048,0.223150
Qwen/Qwen3-8B,cnndm,27,31,4096,0.185129
Qwen/Qwen3-8B,cnndm,28,0,128,0.349563
Qwen/Qwen3-8B,cnndm,28,0,512,0.256455
Qwen/Qwen3-8B,cnndm,28,0,2048,0.200008
Qwen/Qwen3-8B,cnndm,28,0,4096,0.150876
Qwen/Qwen3-8B,cnndm,28,1,128,0.296446
Qwen/Qwen3-8B,cnndm,28,1,512,0.227890
Qwen/Qwen3-8B,cnndm,28,1,2048,0.184402
Qwen/Qwen3-8B,cnndm,28,1,4096,0.134128
Qwen/Qwen3-8B,cnndm,28,2,128,0.360835
Qwen/Qwen3-8B,cnndm,28,2,512,0.255611
Qwen/Qwen3-8B,cnndm,28,2,2048,0.192939
Qwen/Qwen3-8B,cnndm,28,2,4096,0.142970
Qwen/Qwen3-8B,cnndm,28,3,128,0.390228
Qwen/Qwen3-8B,cnndm,28,3,512,0.288789
Qwen/Qwen3-8B,cnndm,28,3,2048,0.222211
Qwen/Qwen3-8B,cnndm,28,3,4096,0.160514
Qwen/Qwen3-8B,cnndm,28,4,128,0.177311
Qwen/Qwen3-8B,cnndm,28,4,512,0.163443
Qwen/Qwen3-8B,cnndm,28,4,2048,0.146701
Qwen/Qwen3-8B,cnndm,28,4,4096,0.128566
Qwen/Qwen3-8B,cnndm,28,5,128,0.142184
Qwen/Qwen3-8B,cnndm,28,5,512,0.120401
Qwen/Qwen3-8B,cnndm,28,5,2048,0.103001
Qwen/Qwen3-8B,cnndm,28,5,4096,0.089138
Qwen/Qwen3-8B,cnndm,28,6,128,0.168985
Qwen/Qwen3-8B,cnndm,28,6,512,0.139792
Qwen/Qwen3-8B,cnndm,28,6,2048,0.118946
Qwen/Qwen3-8B,cnndm,28,6,4096,0.103610
Qwen/Qwen3-8B,cnndm,28,7,128,0.179349
Qwen/Qwen3-8B,cnndm,28,7,512,0.127784
Qwen/Qwen3-8B,cnndm,28,7,2048,0.096248
Qwen/Qwen3-8B,cnndm,28,7,4096,0.083563
Qwen/Qwen3-8B,cnndm,28,8,128,0.294863
Qwen/Qwen3-8B,cnndm,28,8,512,0.208799
Qwen/Qwen3-8B,cnndm,28,8,2048,0.153746
Qwen/Qwen3-8B,cnndm,28,8,4096,0.113675
Qwen/Qwen3-8B,cnndm,28,9,128,0.284200
Qwen/Qwen3-8B,cnndm,28,9,512,0.224310
Qwen/Qwen3-8B,cnndm,28,9,2048,0.177822
Qwen/Qwen3-8B,cnndm,28,9,4096,0.133297
Qwen/Qwen3-8B,cnndm,28,10,128,0.268496
Qwen/Qwen3-8B,cnndm,28,10,512,0.199974
Qwen/Qwen3-8B,cnndm,28,10,2048,0.153536
Qwen/Qwen3-8B,cnndm,28,10,4096,0.113176
Qwen/Qwen3-8B,cnndm,28,11,128,0.283389
Qwen/Qwen3-8B,cnndm,28,11,512,0.212770
Qwen/Qwen3-8B,cnndm,28,11,2048,0.161599
Qwen/Qwen3-8B,cnndm,28,11,4096,0.117200
Qwen/Qwen3-8B,cnndm,28,12,128,0.292047
Qwen/Qwen3-8B,cnndm,28,12,512,0.233913
Qwen/Qwen3-8B,cnndm,28,12,2048,0.185543
Qwen/Qwen3-8B,cnndm,28,12,4096,0.144873
Qwen/Qwen3-8B,cnndm,28,13,128,0.240850
Qwen/Qwen3-8B,cnndm,28,13,512,0.201336
Qwen/Qwen3-8B,cnndm,28,13,2048,0.166031
Qwen/Qwen3-8B,cnndm,28,13,4096,0.130031
Qwen/Qwen3-8B,cnndm,28,14,128,0.194708
Qwen/Qwen3-8B,cnndm,28,14,512,0.173825
Qwen/Qwen3-8B,cnndm,28,14,2048,0.148318
Qwen/Qwen3-8B,cnndm,28,14,4096,0.115932
Qwen/Qwen3-8B,cnndm,28,15,128,0.225910
Qwen/Qwen3-8B,cnndm,28,15,512,0.192464
Qwen/Qwen3-8B,cnndm,28,15,2048,0.162804
Qwen/Qwen3-8B,cnndm,28,15,4096,0.128126
Qwen/Qwen3-8B,cnndm,28,16,128,0.285997
Qwen/Qwen3-8B,cnndm,28,16,512,0.223327
Qwen/Qwen3-8B,cnndm,28,16,2048,0.175273
Qwen/Qwen3-8B,cnndm,28,16,4096,0.131348
Qwen/Qwen3-8B,cnndm,28,17,128,0.251630
Qwen/Qwen3-8B,cnndm,28,17,512,0.202936
Qwen/Qwen3-8B,cnndm,28,17,2048,0.165859
Qwen/Qwen3-8B,cnndm,28,17,4096,0.126236
Qwen/Qwen3-8B,cnndm,28,18,128,0.304509
Qwen/Qwen3-8B,cnndm,28,18,512,0.224598
Qwen/Qwen3-8B,cnndm,28,18,2048,0.169835
Qwen/Qwen3-8B,cnndm,28,18,4096,0.123406
Qwen/Qwen3-8B,cnndm,28,19,128,0.284393
Qwen/Qwen3-8B,cnndm,28,19,512,0.231644
Qwen/Qwen3-8B,cnndm,28,19,2048,0.189475
Qwen/Qwen3-8B,cnndm,28,19,4096,0.144827
Qwen/Qwen3-8B,cnndm,28,20,128,0.191272
Qwen/Qwen3-8B,cnndm,28,20,512,0.166309
Qwen/Qwen3-8B,cnndm,28,20,2048,0.136929
Qwen/Qwen3-8B,cnndm,28,20,4096,0.106472
Qwen/Qwen3-8B,cnndm,28,21,128,0.408631
Qwen/Qwen3-8B,cnndm,28,21,512,0.265191
Qwen/Qwen3-8B,cnndm,28,21,2048,0.161238
Qwen/Qwen3-8B,cnndm,28,21,4096,0.119874
Qwen/Qwen3-8B,cnndm,28,22,128,0.228510
Qwen/Qwen3-8B,cnndm,28,22,512,0.144690
Qwen/Qwen3-8B,cnndm,28,22,2048,0.096992
Qwen/Qwen3-8B,cnndm,28,22,4096,0.069697
Qwen/Qwen3-8B,cnndm,28,23,128,0.395149
Qwen/Qwen3-8B,cnndm,28,23,512,0.267274
Qwen/Qwen3-8B,cnndm,28,23,2048,0.193872
Qwen/Qwen3-8B,cnndm,28,23,4096,0.141291
Qwen/Qwen3-8B,cnndm,28,24,128,0.145375
Qwen/Qwen3-8B,cnndm,28,24,512,0.135947
Qwen/Qwen3-8B,cnndm,28,24,2048,0.119312
Qwen/Qwen3-8B,cnndm,28,24,4096,0.099540
Qwen/Qwen3-8B,cnndm,28,25,128,0.196703
Qwen/Qwen3-8B,cnndm,28,25,512,0.163758
Qwen/Qwen3-8B,cnndm,28,25,2048,0.122982
Qwen/Qwen3-8B,cnndm,28,25,4096,0.101303
Qwen/Qwen3-8B,cnndm,28,26,128,0.180679
Qwen/Qwen3-8B,cnndm,28,26,512,0.169341
Qwen/Qwen3-8B,cnndm,28,26,2048,0.149561
Qwen/Qwen3-8B,cnndm,28,26,4096,0.123840
Qwen/Qwen3-8B,cnndm,28,27,128,0.161368
Qwen/Qwen3-8B,cnndm,28,27,512,0.150571
Qwen/Qwen3-8B,cnndm,28,27,2048,0.133195
Qwen/Qwen3-8B,cnndm,28,27,4096,0.110274
Qwen/Qwen3-8B,cnndm,28,28,128,0.148144
Qwen/Qwen3-8B,cnndm,28,28,512,0.141214
Qwen/Qwen3-8B,cnndm,28,28,2048,0.129160
Qwen/Qwen3-8B,cnndm,28,28,4096,0.111947
Qwen/Qwen3-8B,cnndm,28,29,128,0.153029
Qwen/Qwen3-8B,cnndm,28,29,512,0.142380
Qwen/Qwen3-8B,cnndm,28,29,2048,0.129720
Qwen/Qwen3-8B,cnndm,28,29,4096,0.113508
Qwen/Qwen3-8B,cnndm,28,30,128,0.140463
Qwen/Qwen3-8B,cnndm,28,30,512,0.122693
Qwen/Qwen3-8B,cnndm,28,30,2048,0.107687
Qwen/Qwen3-8B,cnndm,28,30,4096,0.092433
Qwen/Qwen3-8B,cnndm,28,31,128,0.168786
Qwen/Qwen3-8B,cnndm,28,31,512,0.152018
Qwen/Qwen3-8B,cnndm,28,31,2048,0.135915
Qwen/Qwen3-8B,cnndm,28,31,4096,0.117739
Qwen/Qwen3-8B,cnndm,29,0,128,0.352068
Qwen/Qwen3-8B,cnndm,29,0,512,0.280630
Qwen/Qwen3-8B,cnndm,29,0,2048,0.224994
Qwen/Qwen3-8B,cnndm,29,0,4096,0.173742
Qwen/Qwen3-8B,cnndm,29,1,128,0.349952
Qwen/Qwen3-8B,cnndm,29,1,512,0.293331
Qwen/Qwen3-8B,cnndm,29,1,2048,0.240772
Qwen/Qwen3-8B,cnndm,29,1,4096,0.189995
Qwen/Qwen3-8B,cnndm,29,2,128,0.354089
Qwen/Qwen3-8B,cnndm,29,2,512,0.288700
Qwen/Qwen3-8B,cnndm,29,2,2048,0.233098
Qwen/Qwen3-8B,cnndm,29,2,4096,0.183214
Qwen/Qwen3-8B,cnndm,29,3,128,0.354488
Qwen/Qwen3-8B,cnndm,29,3,512,0.288254
Qwen/Qwen3-8B,cnndm,29,3,2048,0.229752
Qwen/Qwen3-8B,cnndm,29,3,4096,0.175243
Qwen/Qwen3-8B,cnndm,29,4,128,0.333107
Qwen/Qwen3-8B,cnndm,29,4,512,0.239715
Qwen/Qwen3-8B,cnndm,29,4,2048,0.189125
Qwen/Qwen3-8B,cnndm,29,4,4096,0.148530
Qwen/Qwen3-8B,cnndm,29,5,128,0.336923
Qwen/Qwen3-8B,cnndm,29,5,512,0.285730
Qwen/Qwen3-8B,cnndm,29,5,2048,0.242906
Qwen/Qwen3-8B,cnndm,29,5,4096,0.190721
Qwen/Qwen3-8B,cnndm,29,6,128,0.326523
Qwen/Qwen3-8B,cnndm,29,6,512,0.236992
Qwen/Qwen3-8B,cnndm,29,6,2048,0.186947
Qwen/Qwen3-8B,cnndm,29,6,4096,0.147390
Qwen/Qwen3-8B,cnndm,29,7,128,0.315671
Qwen/Qwen3-8B,cnndm,29,7,512,0.271515
Qwen/Qwen3-8B,cnndm,29,7,2048,0.231944
Qwen/Qwen3-8B,cnndm,29,7,4096,0.185385
Qwen/Qwen3-8B,cnndm,29,8,128,0.293585
Qwen/Qwen3-8B,cnndm,29,8,512,0.261932
Qwen/Qwen3-8B,cnndm,29,8,2048,0.227185
Qwen/Qwen3-8B,cnndm,29,8,4096,0.175169
Qwen/Qwen3-8B,cnndm,29,9,128,0.335067
Qwen/Qwen3-8B,cnndm,29,9,512,0.272597
Qwen/Qwen3-8B,cnndm,29,9,2048,0.222410
Qwen/Qwen3-8B,cnndm,29,9,4096,0.171098
Qwen/Qwen3-8B,cnndm,29,10,128,0.267181
Qwen/Qwen3-8B,cnndm,29,10,512,0.244162
Qwen/Qwen3-8B,cnndm,29,10,2048,0.210835
Qwen/Qwen3-8B,cnndm,29,10,4096,0.163206
Qwen/Qwen3-8B,cnndm,29,11,128,0.348302
Qwen/Qwen3-8B,cnndm,29,11,512,0.281069
Qwen/Qwen3-8B,cnndm,29,11,2048,0.231872
Qwen/Qwen3-8B,cnndm,29,11,4096,0.179625
Qwen/Qwen3-8B,cnndm,29,12,128,0.375753
Qwen/Qwen3-8B,cnndm,29,12,512,0.329609
Qwen/Qwen3-8B,cnndm,29,12,2048,0.274615
Qwen/Qwen3-8B,cnndm,29,12,4096,0.202990
Qwen/Qwen3-8B,cnndm,29,13,128,0.334071
Qwen/Qwen3-8B,cnndm,29,13,512,0.292338
Qwen/Qwen3-8B,cnndm,29,13,2048,0.244662
Qwen/Qwen3-8B,cnndm,29,13,4096,0.189300
Qwen/Qwen3-8B,cnndm,29,14,128,0.443412
Qwen/Qwen3-8B,cnndm,29,14,512,0.393206
Qwen/Qwen3-8B,cnndm,29,14,2048,0.316232
Qwen/Qwen3-8B,cnndm,29,14,4096,0.221598
Qwen/Qwen3-8B,cnndm,29,15,128,0.364527
Qwen/Qwen3-8B,cnndm,29,15,512,0.320771
Qwen/Qwen3-8B,cnndm,29,15,2048,0.267629
Qwen/Qwen3-8B,cnndm,29,15,4096,0.201709
Qwen/Qwen3-8B,cnndm,29,16,128,0.259721
Qwen/Qwen3-8B,cnndm,29,16,512,0.238213
Qwen/Qwen3-8B,cnndm,29,16,2048,0.215274
Qwen/Qwen3-8B,cnndm,29,16,4096,0.181540
Qwen/Qwen3-8B,cnndm,29,17,128,0.408086
Qwen/Qwen3-8B,cnndm,29,17,512,0.328344
Qwen/Qwen3-8B,cnndm,29,17,2048,0.237211
Qwen/Qwen3-8B,cnndm,29,17,4096,0.166233
Qwen/Qwen3-8B,cnndm,29,18,128,0.267597
Qwen/Qwen3-8B,cnndm,29,18,512,0.250824
Qwen/Qwen3-8B,cnndm,29,18,2048,0.224936
Qwen/Qwen3-8B,cnndm,29,18,4096,0.188864
Qwen/Qwen3-8B,cnndm,29,19,128,0.243624
Qwen/Qwen3-8B,cnndm,29,19,512,0.231809
Qwen/Qwen3-8B,cnndm,29,19,2048,0.216670
Qwen/Qwen3-8B,cnndm,29,19,4096,0.188809
Qwen/Qwen3-8B,cnndm,29,20,128,0.278818
Qwen/Qwen3-8B,cnndm,29,20,512,0.249924
Qwen/Qwen3-8B,cnndm,29,20,2048,0.212367
Qwen/Qwen3-8B,cnndm,29,20,4096,0.174057
Qwen/Qwen3-8B,cnndm,29,21,128,0.249152
Qwen/Qwen3-8B,cnndm,29,21,512,0.237431
Qwen/Qwen3-8B,cnndm,29,21,2048,0.221766
Qwen/Qwen3-8B,cnndm,29,21,4096,0.184928
Qwen/Qwen3-8B,cnndm,29,22,128,0.421713
Qwen/Qwen3-8B,cnndm,29,22,512,0.341746
Qwen/Qwen3-8B,cnndm,29,22,2048,0.248102
Qwen/Qwen3-8B,cnndm,29,22,4096,0.189998
Qwen/Qwen3-8B,cnndm,29,23,128,0.204744
Qwen/Qwen3-8B,cnndm,29,23,512,0.201959
Qwen/Qwen3-8B,cnndm,29,23,2048,0.197553
Qwen/Qwen3-8B,cnndm,29,23,4096,0.172648
Qwen/Qwen3-8B,cnndm,29,24,128,0.287519
Qwen/Qwen3-8B,cnndm,29,24,512,0.209563
Qwen/Qwen3-8B,cnndm,29,24,2048,0.167826
Qwen/Qwen3-8B,cnndm,29,24,4096,0.131626
Qwen/Qwen3-8B,cnndm,29,25,128,0.290090
Qwen/Qwen3-8B,cnndm,29,25,512,0.230888
Qwen/Qwen3-8B,cnndm,29,25,2048,0.191992
Qwen/Qwen3-8B,cnndm,29,25,4096,0.150448
Qwen/Qwen3-8B,cnndm,29,26,128,0.287769
Qwen/Qwen3-8B,cnndm,29,26,512,0.219466
Qwen/Qwen3-8B,cnndm,29,26,2048,0.179574
Qwen/Qwen3-8B,cnndm,29,26,4096,0.141415
Qwen/Qwen3-8B,cnndm,29,27,128,0.293692
Qwen/Qwen3-8B,cnndm,29,27,512,0.235971
Qwen/Qwen3-8B,cnndm,29,27,2048,0.195363
Qwen/Qwen3-8B,cnndm,29,27,4096,0.149694
Qwen/Qwen3-8B,cnndm,29,28,128,0.231891
Qwen/Qwen3-8B,cnndm,29,28,512,0.217792
Qwen/Qwen3-8B,cnndm,29,28,2048,0.201590
Qwen/Qwen3-8B,cnndm,29,28,4096,0.173818
Qwen/Qwen3-8B,cnndm,29,29,128,0.212738
Qwen/Qwen3-8B,cnndm,29,29,512,0.192724
Qwen/Qwen3-8B,cnndm,29,29,2048,0.173960
Qwen/Qwen3-8B,cnndm,29,29,4096,0.148925
Qwen/Qwen3-8B,cnndm,29,30,128,0.210687
Qwen/Qwen3-8B,cnndm,29,30,512,0.200904
Qwen/Qwen3-8B,cnndm,29,30,2048,0.183772
Qwen/Qwen3-8B,cnndm,29,30,4096,0.156355
Qwen/Qwen3-8B,cnndm,29,31,128,0.230158
Qwen/Qwen3-8B,cnndm,29,31,512,0.212520
Qwen/Qwen3-8B,cnndm,29,31,2048,0.196240
Qwen/Qwen3-8B,cnndm,29,31,4096,0.172773
Qwen/Qwen3-8B,cnndm,30,0,128,0.178983
Qwen/Qwen3-8B,cnndm,30,0,512,0.140903
Qwen/Qwen3-8B,cnndm,30,0,2048,0.119288
Qwen/Qwen3-8B,cnndm,30,0,4096,0.107526
Qwen/Qwen3-8B,cnndm,30,1,128,0.169828
Qwen/Qwen3-8B,cnndm,30,1,512,0.153949
Qwen/Qwen3-8B,cnndm,30,1,2048,0.141176
Qwen/Qwen3-8B,cnndm,30,1,4096,0.127512
Qwen/Qwen3-8B,cnndm,30,2,128,0.165331
Qwen/Qwen3-8B,cnndm,30,2,512,0.134563
Qwen/Qwen3-8B,cnndm,30,2,2048,0.107970
Qwen/Qwen3-8B,cnndm,30,2,4096,0.094664
Qwen/Qwen3-8B,cnndm,30,3,128,0.191807
Qwen/Qwen3-8B,cnndm,30,3,512,0.171144
Qwen/Qwen3-8B,cnndm,30,3,2048,0.154570
Qwen/Qwen3-8B,cnndm,30,3,4096,0.136885
Qwen/Qwen3-8B,cnndm,30,4,128,0.207921
Qwen/Qwen3-8B,cnndm,30,4,512,0.189187
Qwen/Qwen3-8B,cnndm,30,4,2048,0.166746
Qwen/Qwen3-8B,cnndm,30,4,4096,0.136763
Qwen/Qwen3-8B,cnndm,30,5,128,0.167739
Qwen/Qwen3-8B,cnndm,30,5,512,0.157609
Qwen/Qwen3-8B,cnndm,30,5,2048,0.145211
Qwen/Qwen3-8B,cnndm,30,5,4096,0.121583
Qwen/Qwen3-8B,cnndm,30,6,128,0.340563
Qwen/Qwen3-8B,cnndm,30,6,512,0.220759
Qwen/Qwen3-8B,cnndm,30,6,2048,0.155856
Qwen/Qwen3-8B,cnndm,30,6,4096,0.125467
Qwen/Qwen3-8B,cnndm,30,7,128,0.149277
Qwen/Qwen3-8B,cnndm,30,7,512,0.119565
Qwen/Qwen3-8B,cnndm,30,7,2048,0.102301
Qwen/Qwen3-8B,cnndm,30,7,4096,0.083374
Qwen/Qwen3-8B,cnndm,30,8,128,0.344542
Qwen/Qwen3-8B,cnndm,30,8,512,0.292015
Qwen/Qwen3-8B,cnndm,30,8,2048,0.238302
Qwen/Qwen3-8B,cnndm,30,8,4096,0.179664
Qwen/Qwen3-8B,cnndm,30,9,128,0.329746
Qwen/Qwen3-8B,cnndm,30,9,512,0.279451
Qwen/Qwen3-8B,cnndm,30,9,2048,0.229527
Qwen/Qwen3-8B,cnndm,30,9,4096,0.174695
Qwen/Qwen3-8B,cnndm,30,10,128,0.246458
Qwen/Qwen3-8B,cnndm,30,10,512,0.226228
Qwen/Qwen3-8B,cnndm,30,10,2048,0.197210
Qwen/Qwen3-8B,cnndm,30,10,4096,0.156608
Qwen/Qwen3-8B,cnndm,30,11,128,0.346376
Qwen/Qwen3-8B,cnndm,30,11,512,0.304427
Qwen/Qwen3-8B,cnndm,30,11,2048,0.254811
Qwen/Qwen3-8B,cnndm,30,11,4096,0.195366
Qwen/Qwen3-8B,cnndm,30,12,128,0.169847
Qwen/Qwen3-8B,cnndm,30,12,512,0.157477
Qwen/Qwen3-8B,cnndm,30,12,2048,0.145105
Qwen/Qwen3-8B,cnndm,30,12,4096,0.127186
Qwen/Qwen3-8B,cnndm,30,13,128,0.192578
Qwen/Qwen3-8B,cnndm,30,13,512,0.175300
Qwen/Qwen3-8B,cnndm,30,13,2048,0.158464
Qwen/Qwen3-8B,cnndm,30,13,4096,0.138679
Qwen/Qwen3-8B,cnndm,30,14,128,0.191128
Qwen/Qwen3-8B,cnndm,30,14,512,0.184073
Qwen/Qwen3-8B,cnndm,30,14,2048,0.173259
Qwen/Qwen3-8B,cnndm,30,14,4096,0.149884
Qwen/Qwen3-8B,cnndm,30,15,128,0.173488
Qwen/Qwen3-8B,cnndm,30,15,512,0.157192
Qwen/Qwen3-8B,cnndm,30,15,2048,0.144842
Qwen/Qwen3-8B,cnndm,30,15,4096,0.128139
Qwen/Qwen3-8B,cnndm,30,16,128,0.255143
Qwen/Qwen3-8B,cnndm,30,16,512,0.199666
Qwen/Qwen3-8B,cnndm,30,16,2048,0.157385
Qwen/Qwen3-8B,cnndm,30,16,4096,0.127265
Qwen/Qwen3-8B,cnndm,30,17,128,0.271428
Qwen/Qwen3-8B,cnndm,30,17,512,0.186017
Qwen/Qwen3-8B,cnndm,30,17,2048,0.145571
Qwen/Qwen3-8B,cnndm,30,17,4096,0.118618
Qwen/Qwen3-8B,cnndm,30,18,128,0.243801
Qwen/Qwen3-8B,cnndm,30,18,512,0.211915
Qwen/Qwen3-8B,cnndm,30,18,2048,0.186151
Qwen/Qwen3-8B,cnndm,30,18,4096,0.155669
Qwen/Qwen3-8B,cnndm,30,19,128,0.227673
Qwen/Qwen3-8B,cnndm,30,19,512,0.189936
Qwen/Qwen3-8B,cnndm,30,19,2048,0.153629
Qwen/Qwen3-8B,cnndm,30,19,4096,0.124018
Qwen/Qwen3-8B,cnndm,30,20,128,0.187322
Qwen/Qwen3-8B,cnndm,30,20,512,0.109044
Qwen/Qwen3-8B,cnndm,30,20,2048,0.062942
Qwen/Qwen3-8B,cnndm,30,20,4096,0.048288
Qwen/Qwen3-8B,cnndm,30,21,128,0.207722
Qwen/Qwen3-8B,cnndm,30,21,512,0.200285
Qwen/Qwen3-8B,cnndm,30,21,2048,0.187412
Qwen/Qwen3-8B,cnndm,30,21,4096,0.158256
Qwen/Qwen3-8B,cnndm,30,22,128,0.249881
Qwen/Qwen3-8B,cnndm,30,22,512,0.201384
Qwen/Qwen3-8B,cnndm,30,22,2048,0.163261
Qwen/Qwen3-8B,cnndm,30,22,4096,0.133549
Qwen/Qwen3-8B,cnndm,30,23,128,0.215300
Qwen/Qwen3-8B,cnndm,30,23,512,0.194424
Qwen/Qwen3-8B,cnndm,30,23,2048,0.168396
Qwen/Qwen3-8B,cnndm,30,23,4096,0.139931
Qwen/Qwen3-8B,cnndm,30,24,128,0.325843
Qwen/Qwen3-8B,cnndm,30,24,512,0.271350
Qwen/Qwen3-8B,cnndm,30,24,2048,0.219077
Qwen/Qwen3-8B,cnndm,30,24,4096,0.166481
Qwen/Qwen3-8B,cnndm,30,25,128,0.315767
Qwen/Qwen3-8B,cnndm,30,25,512,0.274103
Qwen/Qwen3-8B,cnndm,30,25,2048,0.232406
Qwen/Qwen3-8B,cnndm,30,25,4096,0.182094
Qwen/Qwen3-8B,cnndm,30,26,128,0.322937
Qwen/Qwen3-8B,cnndm,30,26,512,0.272809
Qwen/Qwen3-8B,cnndm,30,26,2048,0.224523
Qwen/Qwen3-8B,cnndm,30,26,4096,0.171083
Qwen/Qwen3-8B,cnndm,30,27,128,0.345158
Qwen/Qwen3-8B,cnndm,30,27,512,0.292759
Qwen/Qwen3-8B,cnndm,30,27,2048,0.242467
Qwen/Qwen3-8B,cnndm,30,27,4096,0.186825
Qwen/Qwen3-8B,cnndm,30,28,128,0.170110
Qwen/Qwen3-8B,cnndm,30,28,512,0.157550
Qwen/Qwen3-8B,cnndm,30,28,2048,0.147064
Qwen/Qwen3-8B,cnndm,30,28,4096,0.128262
Qwen/Qwen3-8B,cnndm,30,29,128,0.173918
Qwen/Qwen3-8B,cnndm,30,29,512,0.165577
Qwen/Qwen3-8B,cnndm,30,29,2048,0.159323
Qwen/Qwen3-8B,cnndm,30,29,4096,0.142751
Qwen/Qwen3-8B,cnndm,30,30,128,0.173006
Qwen/Qwen3-8B,cnndm,30,30,512,0.158019
Qwen/Qwen3-8B,cnndm,30,30,2048,0.143444
Qwen/Qwen3-8B,cnndm,30,30,4096,0.124612
Qwen/Qwen3-8B,cnndm,30,31,128,0.170031
Qwen/Qwen3-8B,cnndm,30,31,512,0.158295
Qwen/Qwen3-8B,cnndm,30,31,2048,0.148216
Qwen/Qwen3-8B,cnndm,30,31,4096,0.132267
Qwen/Qwen3-8B,cnndm,31,0,128,0.228530
Qwen/Qwen3-8B,cnndm,31,0,512,0.185082
Qwen/Qwen3-8B,cnndm,31,0,2048,0.145819
Qwen/Qwen3-8B,cnndm,31,0,4096,0.119000
Qwen/Qwen3-8B,cnndm,31,1,128,0.293408
Qwen/Qwen3-8B,cnndm,31,1,512,0.267169
Qwen/Qwen3-8B,cnndm,31,1,2048,0.243315
Qwen/Qwen3-8B,cnndm,31,1,4096,0.202747
Qwen/Qwen3-8B,cnndm,31,2,128,0.287462
Qwen/Qwen3-8B,cnndm,31,2,512,0.226974
Qwen/Qwen3-8B,cnndm,31,2,2048,0.186642
Qwen/Qwen3-8B,cnndm,31,2,4096,0.152894
Qwen/Qwen3-8B,cnndm,31,3,128,0.313273
Qwen/Qwen3-8B,cnndm,31,3,512,0.219603
Qwen/Qwen3-8B,cnndm,31,3,2048,0.170386
Qwen/Qwen3-8B,cnndm,31,3,4096,0.139681
Qwen/Qwen3-8B,cnndm,31,4,128,0.350691
Qwen/Qwen3-8B,cnndm,31,4,512,0.282516
Qwen/Qwen3-8B,cnndm,31,4,2048,0.231026
Qwen/Qwen3-8B,cnndm,31,4,4096,0.182100
Qwen/Qwen3-8B,cnndm,31,5,128,0.340370
Qwen/Qwen3-8B,cnndm,31,5,512,0.276826
Qwen/Qwen3-8B,cnndm,31,5,2048,0.227668
Qwen/Qwen3-8B,cnndm,31,5,4096,0.180461
Qwen/Qwen3-8B,cnndm,31,6,128,0.352725
Qwen/Qwen3-8B,cnndm,31,6,512,0.296370
Qwen/Qwen3-8B,cnndm,31,6,2048,0.248604
Qwen/Qwen3-8B,cnndm,31,6,4096,0.199531
Qwen/Qwen3-8B,cnndm,31,7,128,0.334863
Qwen/Qwen3-8B,cnndm,31,7,512,0.284182
Qwen/Qwen3-8B,cnndm,31,7,2048,0.238789
Qwen/Qwen3-8B,cnndm,31,7,4096,0.188596
Qwen/Qwen3-8B,cnndm,31,8,128,0.261841
Qwen/Qwen3-8B,cnndm,31,8,512,0.228427
Qwen/Qwen3-8B,cnndm,31,8,2048,0.194447
Qwen/Qwen3-8B,cnndm,31,8,4096,0.162203
Qwen/Qwen3-8B,cnndm,31,9,128,0.233863
Qwen/Qwen3-8B,cnndm,31,9,512,0.182047
Qwen/Qwen3-8B,cnndm,31,9,2048,0.146046
Qwen/Qwen3-8B,cnndm,31,9,4096,0.121276
Qwen/Qwen3-8B,cnndm,31,10,128,0.232770
Qwen/Qwen3-8B,cnndm,31,10,512,0.185794
Qwen/Qwen3-8B,cnndm,31,10,2048,0.134029
Qwen/Qwen3-8B,cnndm,31,10,4096,0.109862
Qwen/Qwen3-8B,cnndm,31,11,128,0.220458
Qwen/Qwen3-8B,cnndm,31,11,512,0.186072
Qwen/Qwen3-8B,cnndm,31,11,2048,0.156548
Qwen/Qwen3-8B,cnndm,31,11,4096,0.129286
Qwen/Qwen3-8B,cnndm,31,12,128,0.291716
Qwen/Qwen3-8B,cnndm,31,12,512,0.260761
Qwen/Qwen3-8B,cnndm,31,12,2048,0.223056
Qwen/Qwen3-8B,cnndm,31,12,4096,0.182423
Qwen/Qwen3-8B,cnndm,31,13,128,0.343211
Qwen/Qwen3-8B,cnndm,31,13,512,0.290360
Qwen/Qwen3-8B,cnndm,31,13,2048,0.239368
Qwen/Qwen3-8B,cnndm,31,13,4096,0.187783
Qwen/Qwen3-8B,cnndm,31,14,128,0.339306
Qwen/Qwen3-8B,cnndm,31,14,512,0.286461
Qwen/Qwen3-8B,cnndm,31,14,2048,0.236089
Qwen/Qwen3-8B,cnndm,31,14,4096,0.184682
Qwen/Qwen3-8B,cnndm,31,15,128,0.344834
Qwen/Qwen3-8B,cnndm,31,15,512,0.285134
Qwen/Qwen3-8B,cnndm,31,15,2048,0.229749
Qwen/Qwen3-8B,cnndm,31,15,4096,0.177900
Qwen/Qwen3-8B,cnndm,31,16,128,0.178056
Qwen/Qwen3-8B,cnndm,31,16,512,0.173075
Qwen/Qwen3-8B,cnndm,31,16,2048,0.164623
Qwen/Qwen3-8B,cnndm,31,16,4096,0.145023
Qwen/Qwen3-8B,cnndm,31,17,128,0.208682
Qwen/Qwen3-8B,cnndm,31,17,512,0.197408
Qwen/Qwen3-8B,cnndm,31,17,2048,0.183864
Qwen/Qwen3-8B,cnndm,31,17,4096,0.161048
Qwen/Qwen3-8B,cnndm,31,18,128,0.221839
Qwen/Qwen3-8B,cnndm,31,18,512,0.199319
Qwen/Qwen3-8B,cnndm,31,18,2048,0.169282
Qwen/Qwen3-8B,cnndm,31,18,4096,0.145680
Qwen/Qwen3-8B,cnndm,31,19,128,0.209184
Qwen/Qwen3-8B,cnndm,31,19,512,0.193294
Qwen/Qwen3-8B,cnndm,31,19,2048,0.178696
Qwen/Qwen3-8B,cnndm,31,19,4096,0.155385
Qwen/Qwen3-8B,cnndm,31,20,128,0.278016
Qwen/Qwen3-8B,cnndm,31,20,512,0.236150
Qwen/Qwen3-8B,cnndm,31,20,2048,0.193436
Qwen/Qwen3-8B,cnndm,31,20,4096,0.152630
Qwen/Qwen3-8B,cnndm,31,21,128,0.211375
Qwen/Qwen3-8B,cnndm,31,21,512,0.199983
Qwen/Qwen3-8B,cnndm,31,21,2048,0.184344
Qwen/Qwen3-8B,cnndm,31,21,4096,0.154071
Qwen/Qwen3-8B,cnndm,31,22,128,0.222428
Qwen/Qwen3-8B,cnndm,31,22,512,0.208945
Qwen/Qwen3-8B,cnndm,31,22,2048,0.188270
Qwen/Qwen3-8B,cnndm,31,22,4096,0.157874
Qwen/Qwen3-8B,cnndm,31,23,128,0.207825
Qwen/Qwen3-8B,cnndm,31,23,512,0.197430
Qwen/Qwen3-8B,cnndm,31,23,2048,0.184822
Qwen/Qwen3-8B,cnndm,31,23,4096,0.157453
Qwen/Qwen3-8B,cnndm,31,24,128,0.254171
Qwen/Qwen3-8B,cnndm,31,24,512,0.222086
Qwen/Qwen3-8B,cnndm,31,24,2048,0.183639
Qwen/Qwen3-8B,cnndm,31,24,4096,0.148523
Qwen/Qwen3-8B,cnndm,31,25,128,0.214659
Qwen/Qwen3-8B,cnndm,31,25,512,0.206166
Qwen/Qwen3-8B,cnndm,31,25,2048,0.189283
Qwen/Qwen3-8B,cnndm,31,25,4096,0.163624
Qwen/Qwen3-8B,cnndm,31,26,128,0.207004
Qwen/Qwen3-8B,cnndm,31,26,512,0.186464
Qwen/Qwen3-8B,cnndm,31,26,2048,0.161055
Qwen/Qwen3-8B,cnndm,31,26,4096,0.138836
Qwen/Qwen3-8B,cnndm,31,27,128,0.236685
Qwen/Qwen3-8B,cnndm,31,27,512,0.231709
Qwen/Qwen3-8B,cnndm,31,27,2048,0.215109
Qwen/Qwen3-8B,cnndm,31,27,4096,0.184194
Qwen/Qwen3-8B,cnndm,31,28,128,0.338722
Qwen/Qwen3-8B,cnndm,31,28,512,0.274272
Qwen/Qwen3-8B,cnndm,31,28,2048,0.217438
Qwen/Qwen3-8B,cnndm,31,28,4096,0.165255
Qwen/Qwen3-8B,cnndm,31,29,128,0.366041
Qwen/Qwen3-8B,cnndm,31,29,512,0.299928
Qwen/Qwen3-8B,cnndm,31,29,2048,0.237482
Qwen/Qwen3-8B,cnndm,31,29,4096,0.182030
Qwen/Qwen3-8B,cnndm,31,30,128,0.371057
Qwen/Qwen3-8B,cnndm,31,30,512,0.277329
Qwen/Qwen3-8B,cnndm,31,30,2048,0.214933
Qwen/Qwen3-8B,cnndm,31,30,4096,0.163516
Qwen/Qwen3-8B,cnndm,31,31,128,0.351367
Qwen/Qwen3-8B,cnndm,31,31,512,0.284836
Qwen/Qwen3-8B,cnndm,31,31,2048,0.224855
Qwen/Qwen3-8B,cnndm,31,31,4096,0.169368
Qwen/Qwen3-8B,cnndm,32,0,128,0.340838
Qwen/Qwen3-8B,cnndm,32,0,512,0.274369
Qwen/Qwen3-8B,cnndm,32,0,2048,0.219364
Qwen/Qwen3-8B,cnndm,32,0,4096,0.164136
Qwen/Qwen3-8B,cnndm,32,1,128,0.288279
Qwen/Qwen3-8B,cnndm,32,1,512,0.254711
Qwen/Qwen3-8B,cnndm,32,1,2048,0.221943
Qwen/Qwen3-8B,cnndm,32,1,4096,0.171579
Qwen/Qwen3-8B,cnndm,32,2,128,0.332899
Qwen/Qwen3-8B,cnndm,32,2,512,0.283266
Qwen/Qwen3-8B,cnndm,32,2,2048,0.233317
Qwen/Qwen3-8B,cnndm,32,2,4096,0.177938
Qwen/Qwen3-8B,cnndm,32,3,128,0.351105
Qwen/Qwen3-8B,cnndm,32,3,512,0.278107
Qwen/Qwen3-8B,cnndm,32,3,2048,0.220098
Qwen/Qwen3-8B,cnndm,32,3,4096,0.164318
Qwen/Qwen3-8B,cnndm,32,4,128,0.286165
Qwen/Qwen3-8B,cnndm,32,4,512,0.258968
Qwen/Qwen3-8B,cnndm,32,4,2048,0.229948
Qwen/Qwen3-8B,cnndm,32,4,4096,0.185762
Qwen/Qwen3-8B,cnndm,32,5,128,0.325769
Qwen/Qwen3-8B,cnndm,32,5,512,0.277401
Qwen/Qwen3-8B,cnndm,32,5,2048,0.228938
Qwen/Qwen3-8B,cnndm,32,5,4096,0.175431
Qwen/Qwen3-8B,cnndm,32,6,128,0.333845
Qwen/Qwen3-8B,cnndm,32,6,512,0.285792
Qwen/Qwen3-8B,cnndm,32,6,2048,0.236391
Qwen/Qwen3-8B,cnndm,32,6,4096,0.180712
Qwen/Qwen3-8B,cnndm,32,7,128,0.343012
Qwen/Qwen3-8B,cnndm,32,7,512,0.289708
Qwen/Qwen3-8B,cnndm,32,7,2048,0.238836
Qwen/Qwen3-8B,cnndm,32,7,4096,0.180767
Qwen/Qwen3-8B,cnndm,32,8,128,0.374160
Qwen/Qwen3-8B,cnndm,32,8,512,0.293771
Qwen/Qwen3-8B,cnndm,32,8,2048,0.235688
Qwen/Qwen3-8B,cnndm,32,8,4096,0.178577
Qwen/Qwen3-8B,cnndm,32,9,128,0.315354
Qwen/Qwen3-8B,cnndm,32,9,512,0.271328
Qwen/Qwen3-8B,cnndm,32,9,2048,0.230441
Qwen/Qwen3-8B,cnndm,32,9,4096,0.179425
Qwen/Qwen3-8B,cnndm,32,10,128,0.342639
Qwen/Qwen3-8B,cnndm,32,10,512,0.284230
Qwen/Qwen3-8B,cnndm,32,10,2048,0.232203
Qwen/Qwen3-8B,cnndm,32,10,4096,0.177429
Qwen/Qwen3-8B,cnndm,32,11,128,0.345706
Qwen/Qwen3-8B,cnndm,32,11,512,0.286900
Qwen/Qwen3-8B,cnndm,32,11,2048,0.234488
Qwen/Qwen3-8B,cnndm,32,11,4096,0.181011
Qwen/Qwen3-8B,cnndm,32,12,128,0.255416
Qwen/Qwen3-8B,cnndm,32,12,512,0.214599
Qwen/Qwen3-8B,cnndm,32,12,2048,0.158439
Qwen/Qwen3-8B,cnndm,32,12,4096,0.105348
Qwen/Qwen3-8B,cnndm,32,13,128,0.165653
Qwen/Qwen3-8B,cnndm,32,13,512,0.156182
Qwen/Qwen3-8B,cnndm,32,13,2048,0.138853
Qwen/Qwen3-8B,cnndm,32,13,4096,0.109154
Qwen/Qwen3-8B,cnndm,32,14,128,0.169073
Qwen/Qwen3-8B,cnndm,32,14,512,0.161742
Qwen/Qwen3-8B,cnndm,32,14,2048,0.145270
Qwen/Qwen3-8B,cnndm,32,14,4096,0.117936
Qwen/Qwen3-8B,cnndm,32,15,128,0.211817
Qwen/Qwen3-8B,cnndm,32,15,512,0.180087
Qwen/Qwen3-8B,cnndm,32,15,2048,0.152605
Qwen/Qwen3-8B,cnndm,32,15,4096,0.120438
Qwen/Qwen3-8B,cnndm,32,16,128,0.241138
Qwen/Qwen3-8B,cnndm,32,16,512,0.228535
Qwen/Qwen3-8B,cnndm,32,16,2048,0.206985
Qwen/Qwen3-8B,cnndm,32,16,4096,0.162684
Qwen/Qwen3-8B,cnndm,32,17,128,0.345309
Qwen/Qwen3-8B,cnndm,32,17,512,0.274723
Qwen/Qwen3-8B,cnndm,32,17,2048,0.210163
Qwen/Qwen3-8B,cnndm,32,17,4096,0.149632
Qwen/Qwen3-8B,cnndm,32,18,128,0.278041
Qwen/Qwen3-8B,cnndm,32,18,512,0.228407
Qwen/Qwen3-8B,cnndm,32,18,2048,0.183498
Qwen/Qwen3-8B,cnndm,32,18,4096,0.139768
Qwen/Qwen3-8B,cnndm,32,19,128,0.203708
Qwen/Qwen3-8B,cnndm,32,19,512,0.183706
Qwen/Qwen3-8B,cnndm,32,19,2048,0.158476
Qwen/Qwen3-8B,cnndm,32,19,4096,0.125719
Qwen/Qwen3-8B,cnndm,32,20,128,0.226296
Qwen/Qwen3-8B,cnndm,32,20,512,0.207351
Qwen/Qwen3-8B,cnndm,32,20,2048,0.180334
Qwen/Qwen3-8B,cnndm,32,20,4096,0.143206
Qwen/Qwen3-8B,cnndm,32,21,128,0.386888
Qwen/Qwen3-8B,cnndm,32,21,512,0.274467
Qwen/Qwen3-8B,cnndm,32,21,2048,0.175778
Qwen/Qwen3-8B,cnndm,32,21,4096,0.116125
Qwen/Qwen3-8B,cnndm,32,22,128,0.245202
Qwen/Qwen3-8B,cnndm,32,22,512,0.225906
Qwen/Qwen3-8B,cnndm,32,22,2048,0.195338
Qwen/Qwen3-8B,cnndm,32,22,4096,0.154244
Qwen/Qwen3-8B,cnndm,32,23,128,0.248162
Qwen/Qwen3-8B,cnndm,32,23,512,0.240278
Qwen/Qwen3-8B,cnndm,32,23,2048,0.215543
Qwen/Qwen3-8B,cnndm,32,23,4096,0.169568
Qwen/Qwen3-8B,cnndm,32,24,128,0.164353
Qwen/Qwen3-8B,cnndm,32,24,512,0.131264
Qwen/Qwen3-8B,cnndm,32,24,2048,0.102599
Qwen/Qwen3-8B,cnndm,32,24,4096,0.082197
Qwen/Qwen3-8B,cnndm,32,25,128,0.182753
Qwen/Qwen3-8B,cnndm,32,25,512,0.162583
Qwen/Qwen3-8B,cnndm,32,25,2048,0.143168
Qwen/Qwen3-8B,cnndm,32,25,4096,0.120080
Qwen/Qwen3-8B,cnndm,32,26,128,0.200443
Qwen/Qwen3-8B,cnndm,32,26,512,0.152109
Qwen/Qwen3-8B,cnndm,32,26,2048,0.113536
Qwen/Qwen3-8B,cnndm,32,26,4096,0.086911
Qwen/Qwen3-8B,cnndm,32,27,128,0.197993
Qwen/Qwen3-8B,cnndm,32,27,512,0.165178
Qwen/Qwen3-8B,cnndm,32,27,2048,0.128478
Qwen/Qwen3-8B,cnndm,32,27,4096,0.096861
Qwen/Qwen3-8B,cnndm,32,28,128,0.167489
Qwen/Qwen3-8B,cnndm,32,28,512,0.159082
Qwen/Qwen3-8B,cnndm,32,28,2048,0.144027
Qwen/Qwen3-8B,cnndm,32,28,4096,0.119676
Qwen/Qwen3-8B,cnndm,32,29,128,0.153582
Qwen/Qwen3-8B,cnndm,32,29,512,0.144608
Qwen/Qwen3-8B,cnndm,32,29,2048,0.129416
Qwen/Qwen3-8B,cnndm,32,29,4096,0.107242
Qwen/Qwen3-8B,cnndm,32,30,128,0.154045
Qwen/Qwen3-8B,cnndm,32,30,512,0.145964
Qwen/Qwen3-8B,cnndm,32,30,2048,0.133448
Qwen/Qwen3-8B,cnndm,32,30,4096,0.111644
Qwen/Qwen3-8B,cnndm,32,31,128,0.140322
Qwen/Qwen3-8B,cnndm,32,31,512,0.128993
Qwen/Qwen3-8B,cnndm,32,31,2048,0.114522
Qwen/Qwen3-8B,cnndm,32,31,4096,0.096431
Qwen/Qwen3-8B,cnndm,33,0,128,0.407956
Qwen/Qwen3-8B,cnndm,33,0,512,0.324023
Qwen/Qwen3-8B,cnndm,33,0,2048,0.217613
Qwen/Qwen3-8B,cnndm,33,0,4096,0.146335
Qwen/Qwen3-8B,cnndm,33,1,128,0.269714
Qwen/Qwen3-8B,cnndm,33,1,512,0.247372
Qwen/Qwen3-8B,cnndm,33,1,2048,0.207542
Qwen/Qwen3-8B,cnndm,33,1,4096,0.162197
Qwen/Qwen3-8B,cnndm,33,2,128,0.222710
Qwen/Qwen3-8B,cnndm,33,2,512,0.198871
Qwen/Qwen3-8B,cnndm,33,2,2048,0.163073
Qwen/Qwen3-8B,cnndm,33,2,4096,0.126002
Qwen/Qwen3-8B,cnndm,33,3,128,0.252404
Qwen/Qwen3-8B,cnndm,33,3,512,0.220685
Qwen/Qwen3-8B,cnndm,33,3,2048,0.174092
Qwen/Qwen3-8B,cnndm,33,3,4096,0.130491
Qwen/Qwen3-8B,cnndm,33,4,128,0.302943
Qwen/Qwen3-8B,cnndm,33,4,512,0.247621
Qwen/Qwen3-8B,cnndm,33,4,2048,0.191701
Qwen/Qwen3-8B,cnndm,33,4,4096,0.145866
Qwen/Qwen3-8B,cnndm,33,5,128,0.243437
Qwen/Qwen3-8B,cnndm,33,5,512,0.214011
Qwen/Qwen3-8B,cnndm,33,5,2048,0.177509
Qwen/Qwen3-8B,cnndm,33,5,4096,0.135712
Qwen/Qwen3-8B,cnndm,33,6,128,0.302595
Qwen/Qwen3-8B,cnndm,33,6,512,0.181707
Qwen/Qwen3-8B,cnndm,33,6,2048,0.122449
Qwen/Qwen3-8B,cnndm,33,6,4096,0.087039
Qwen/Qwen3-8B,cnndm,33,7,128,0.341915
Qwen/Qwen3-8B,cnndm,33,7,512,0.266722
Qwen/Qwen3-8B,cnndm,33,7,2048,0.195864
Qwen/Qwen3-8B,cnndm,33,7,4096,0.137190
Qwen/Qwen3-8B,cnndm,33,8,128,0.307303
Qwen/Qwen3-8B,cnndm,33,8,512,0.276587
Qwen/Qwen3-8B,cnndm,33,8,2048,0.246683
Qwen/Qwen3-8B,cnndm,33,8,4096,0.202103
Qwen/Qwen3-8B,cnndm,33,9,128,0.334754
Qwen/Qwen3-8B,cnndm,33,9,512,0.274660
Qwen/Qwen3-8B,cnndm,33,9,2048,0.225990
Qwen/Qwen3-8B,cnndm,33,9,4096,0.179436
Qwen/Qwen3-8B,cnndm,33,10,128,0.340547
Qwen/Qwen3-8B,cnndm,33,10,512,0.279962
Qwen/Qwen3-8B,cnndm,33,10,2048,0.227840
Qwen/Qwen3-8B,cnndm,33,10,4096,0.178064
Qwen/Qwen3-8B,cnndm,33,11,128,0.331423
Qwen/Qwen3-8B,cnndm,33,11,512,0.269698
Qwen/Qwen3-8B,cnndm,33,11,2048,0.220105
Qwen/Qwen3-8B,cnndm,33,11,4096,0.174089
Qwen/Qwen3-8B,cnndm,33,12,128,0.343066
Qwen/Qwen3-8B,cnndm,33,12,512,0.288872
Qwen/Qwen3-8B,cnndm,33,12,2048,0.239804
Qwen/Qwen3-8B,cnndm,33,12,4096,0.186852
Qwen/Qwen3-8B,cnndm,33,13,128,0.342917
Qwen/Qwen3-8B,cnndm,33,13,512,0.283671
Qwen/Qwen3-8B,cnndm,33,13,2048,0.234358
Qwen/Qwen3-8B,cnndm,33,13,4096,0.181107
Qwen/Qwen3-8B,cnndm,33,14,128,0.342440
Qwen/Qwen3-8B,cnndm,33,14,512,0.287195
Qwen/Qwen3-8B,cnndm,33,14,2048,0.237794
Qwen/Qwen3-8B,cnndm,33,14,4096,0.184687
Qwen/Qwen3-8B,cnndm,33,15,128,0.325640
Qwen/Qwen3-8B,cnndm,33,15,512,0.271461
Qwen/Qwen3-8B,cnndm,33,15,2048,0.223854
Qwen/Qwen3-8B,cnndm,33,15,4096,0.174322
Qwen/Qwen3-8B,cnndm,33,16,128,0.350182
Qwen/Qwen3-8B,cnndm,33,16,512,0.287142
Qwen/Qwen3-8B,cnndm,33,16,2048,0.232421
Qwen/Qwen3-8B,cnndm,33,16,4096,0.179691
Qwen/Qwen3-8B,cnndm,33,17,128,0.330488
Qwen/Qwen3-8B,cnndm,33,17,512,0.278793
Qwen/Qwen3-8B,cnndm,33,17,2048,0.232383
Qwen/Qwen3-8B,cnndm,33,17,4096,0.182283
Qwen/Qwen3-8B,cnndm,33,18,128,0.374186
Qwen/Qwen3-8B,cnndm,33,18,512,0.305128
Qwen/Qwen3-8B,cnndm,33,18,2048,0.247931
Qwen/Qwen3-8B,cnndm,33,18,4096,0.190962
Qwen/Qwen3-8B,cnndm,33,19,128,0.362045
Qwen/Qwen3-8B,cnndm,33,19,512,0.294285
Qwen/Qwen3-8B,cnndm,33,19,2048,0.240458
Qwen/Qwen3-8B,cnndm,33,19,4096,0.188079
Qwen/Qwen3-8B,cnndm,33,20,128,0.317433
Qwen/Qwen3-8B,cnndm,33,20,512,0.257809
Qwen/Qwen3-8B,cnndm,33,20,2048,0.207755
Qwen/Qwen3-8B,cnndm,33,20,4096,0.160769
Qwen/Qwen3-8B,cnndm,33,21,128,0.379516
Qwen/Qwen3-8B,cnndm,33,21,512,0.274873
Qwen/Qwen3-8B,cnndm,33,21,2048,0.211891
Qwen/Qwen3-8B,cnndm,33,21,4096,0.158466
Qwen/Qwen3-8B,cnndm,33,22,128,0.334373
Qwen/Qwen3-8B,cnndm,33,22,512,0.286577
Qwen/Qwen3-8B,cnndm,33,22,2048,0.241706
Qwen/Qwen3-8B,cnndm,33,22,4096,0.185556
Qwen/Qwen3-8B,cnndm,33,23,128,0.325796
Qwen/Qwen3-8B,cnndm,33,23,512,0.261145
Qwen/Qwen3-8B,cnndm,33,23,2048,0.209540
Qwen/Qwen3-8B,cnndm,33,23,4096,0.161018
Qwen/Qwen3-8B,cnndm,33,24,128,0.186678
Qwen/Qwen3-8B,cnndm,33,24,512,0.168777
Qwen/Qwen3-8B,cnndm,33,24,2048,0.148179
Qwen/Qwen3-8B,cnndm,33,24,4096,0.124971
Qwen/Qwen3-8B,cnndm,33,25,128,0.192900
Qwen/Qwen3-8B,cnndm,33,25,512,0.181630
Qwen/Qwen3-8B,cnndm,33,25,2048,0.162939
Qwen/Qwen3-8B,cnndm,33,25,4096,0.138360
Qwen/Qwen3-8B,cnndm,33,26,128,0.171581
Qwen/Qwen3-8B,cnndm,33,26,512,0.166778
Qwen/Qwen3-8B,cnndm,33,26,2048,0.155671
Qwen/Qwen3-8B,cnndm,33,26,4096,0.132929
Qwen/Qwen3-8B,cnndm,33,27,128,0.191528
Qwen/Qwen3-8B,cnndm,33,27,512,0.184473
Qwen/Qwen3-8B,cnndm,33,27,2048,0.170167
Qwen/Qwen3-8B,cnndm,33,27,4096,0.144876
Qwen/Qwen3-8B,cnndm,33,28,128,0.347029
Qwen/Qwen3-8B,cnndm,33,28,512,0.276684
Qwen/Qwen3-8B,cnndm,33,28,2048,0.215614
Qwen/Qwen3-8B,cnndm,33,28,4096,0.159635
Qwen/Qwen3-8B,cnndm,33,29,128,0.364860
Qwen/Qwen3-8B,cnndm,33,29,512,0.287646
Qwen/Qwen3-8B,cnndm,33,29,2048,0.221820
Qwen/Qwen3-8B,cnndm,33,29,4096,0.161857
Qwen/Qwen3-8B,cnndm,33,30,128,0.375009
Qwen/Qwen3-8B,cnndm,33,30,512,0.294602
Qwen/Qwen3-8B,cnndm,33,30,2048,0.227988
Qwen/Qwen3-8B,cnndm,33,30,4096,0.166892
Qwen/Qwen3-8B,cnndm,33,31,128,0.358785
Qwen/Qwen3-8B,cnndm,33,31,512,0.283839
Qwen/Qwen3-8B,cnndm,33,31,2048,0.217666
Qwen/Qwen3-8B,cnndm,33,31,4096,0.158142
Qwen/Qwen3-8B,cnndm,34,0,128,0.348380
Qwen/Qwen3-8B,cnndm,34,0,512,0.268937
Qwen/Qwen3-8B,cnndm,34,0,2048,0.210867
Qwen/Qwen3-8B,cnndm,34,0,4096,0.159770
Qwen/Qwen3-8B,cnndm,34,1,128,0.360515
Qwen/Qwen3-8B,cnndm,34,1,512,0.273850
Qwen/Qwen3-8B,cnndm,34,1,2048,0.209646
Qwen/Qwen3-8B,cnndm,34,1,4096,0.156908
Qwen/Qwen3-8B,cnndm,34,2,128,0.336630
Qwen/Qwen3-8B,cnndm,34,2,512,0.261741
Qwen/Qwen3-8B,cnndm,34,2,2048,0.203979
Qwen/Qwen3-8B,cnndm,34,2,4096,0.154543
Qwen/Qwen3-8B,cnndm,34,3,128,0.328326
Qwen/Qwen3-8B,cnndm,34,3,512,0.260723
Qwen/Qwen3-8B,cnndm,34,3,2048,0.205353
Qwen/Qwen3-8B,cnndm,34,3,4096,0.155557
Qwen/Qwen3-8B,cnndm,34,4,128,0.351429
Qwen/Qwen3-8B,cnndm,34,4,512,0.284517
Qwen/Qwen3-8B,cnndm,34,4,2048,0.221953
Qwen/Qwen3-8B,cnndm,34,4,4096,0.164482
Qwen/Qwen3-8B,cnndm,34,5,128,0.360241
Qwen/Qwen3-8B,cnndm,34,5,512,0.281405
Qwen/Qwen3-8B,cnndm,34,5,2048,0.220865
Qwen/Qwen3-8B,cnndm,34,5,4096,0.165557
Qwen/Qwen3-8B,cnndm,34,6,128,0.407139
Qwen/Qwen3-8B,cnndm,34,6,512,0.333646
Qwen/Qwen3-8B,cnndm,34,6,2048,0.250381
Qwen/Qwen3-8B,cnndm,34,6,4096,0.177591
Qwen/Qwen3-8B,cnndm,34,7,128,0.366580
Qwen/Qwen3-8B,cnndm,34,7,512,0.258219
Qwen/Qwen3-8B,cnndm,34,7,2048,0.193655
Qwen/Qwen3-8B,cnndm,34,7,4096,0.144266
Qwen/Qwen3-8B,cnndm,34,8,128,0.559652
Qwen/Qwen3-8B,cnndm,34,8,512,0.341472
Qwen/Qwen3-8B,cnndm,34,8,2048,0.179846
Qwen/Qwen3-8B,cnndm,34,8,4096,0.106379
Qwen/Qwen3-8B,cnndm,34,9,128,0.478206
Qwen/Qwen3-8B,cnndm,34,9,512,0.376808
Qwen/Qwen3-8B,cnndm,34,9,2048,0.247389
Qwen/Qwen3-8B,cnndm,34,9,4096,0.151877
Qwen/Qwen3-8B,cnndm,34,10,128,0.226329
Qwen/Qwen3-8B,cnndm,34,10,512,0.189839
Qwen/Qwen3-8B,cnndm,34,10,2048,0.133614
Qwen/Qwen3-8B,cnndm,34,10,4096,0.087757
Qwen/Qwen3-8B,cnndm,34,11,128,0.580483
Qwen/Qwen3-8B,cnndm,34,11,512,0.415888
Qwen/Qwen3-8B,cnndm,34,11,2048,0.244546
Qwen/Qwen3-8B,cnndm,34,11,4096,0.133096
Qwen/Qwen3-8B,cnndm,34,12,128,0.113164
Qwen/Qwen3-8B,cnndm,34,12,512,0.109984
Qwen/Qwen3-8B,cnndm,34,12,2048,0.101901
Qwen/Qwen3-8B,cnndm,34,12,4096,0.086201
Qwen/Qwen3-8B,cnndm,34,13,128,0.114835
Qwen/Qwen3-8B,cnndm,34,13,512,0.111812
Qwen/Qwen3-8B,cnndm,34,13,2048,0.104302
Qwen/Qwen3-8B,cnndm,34,13,4096,0.089058
Qwen/Qwen3-8B,cnndm,34,14,128,0.127665
Qwen/Qwen3-8B,cnndm,34,14,512,0.110274
Qwen/Qwen3-8B,cnndm,34,14,2048,0.084102
Qwen/Qwen3-8B,cnndm,34,14,4096,0.068026
Qwen/Qwen3-8B,cnndm,34,15,128,0.151176
Qwen/Qwen3-8B,cnndm,34,15,512,0.114373
Qwen/Qwen3-8B,cnndm,34,15,2048,0.076610
Qwen/Qwen3-8B,cnndm,34,15,4096,0.062648
Qwen/Qwen3-8B,cnndm,34,16,128,0.229231
Qwen/Qwen3-8B,cnndm,34,16,512,0.168147
Qwen/Qwen3-8B,cnndm,34,16,2048,0.114061
Qwen/Qwen3-8B,cnndm,34,16,4096,0.073633
Qwen/Qwen3-8B,cnndm,34,17,128,0.168855
Qwen/Qwen3-8B,cnndm,34,17,512,0.134702
Qwen/Qwen3-8B,cnndm,34,17,2048,0.106279
Qwen/Qwen3-8B,cnndm,34,17,4096,0.084010
Qwen/Qwen3-8B,cnndm,34,18,128,0.122367
Qwen/Qwen3-8B,cnndm,34,18,512,0.118485
Qwen/Qwen3-8B,cnndm,34,18,2048,0.109562
Qwen/Qwen3-8B,cnndm,34,18,4096,0.093996
Qwen/Qwen3-8B,cnndm,34,19,128,0.249876
Qwen/Qwen3-8B,cnndm,34,19,512,0.126049
Qwen/Qwen3-8B,cnndm,34,19,2048,0.072955
Qwen/Qwen3-8B,cnndm,34,19,4096,0.049017
Qwen/Qwen3-8B,cnndm,34,20,128,0.152939
Qwen/Qwen3-8B,cnndm,34,20,512,0.150901
Qwen/Qwen3-8B,cnndm,34,20,2048,0.144719
Qwen/Qwen3-8B,cnndm,34,20,4096,0.127415
Qwen/Qwen3-8B,cnndm,34,21,128,0.212116
Qwen/Qwen3-8B,cnndm,34,21,512,0.112359
Qwen/Qwen3-8B,cnndm,34,21,2048,0.063590
Qwen/Qwen3-8B,cnndm,34,21,4096,0.048790
Qwen/Qwen3-8B,cnndm,34,22,128,0.161112
Qwen/Qwen3-8B,cnndm,34,22,512,0.154277
Qwen/Qwen3-8B,cnndm,34,22,2048,0.139344
Qwen/Qwen3-8B,cnndm,34,22,4096,0.120759
Qwen/Qwen3-8B,cnndm,34,23,128,0.132289
Qwen/Qwen3-8B,cnndm,34,23,512,0.129254
Qwen/Qwen3-8B,cnndm,34,23,2048,0.124411
Qwen/Qwen3-8B,cnndm,34,23,4096,0.111898
Qwen/Qwen3-8B,cnndm,34,24,128,0.097493
Qwen/Qwen3-8B,cnndm,34,24,512,0.091918
Qwen/Qwen3-8B,cnndm,34,24,2048,0.080861
Qwen/Qwen3-8B,cnndm,34,24,4096,0.065633
Qwen/Qwen3-8B,cnndm,34,25,128,0.114485
Qwen/Qwen3-8B,cnndm,34,25,512,0.109893
Qwen/Qwen3-8B,cnndm,34,25,2048,0.096038
Qwen/Qwen3-8B,cnndm,34,25,4096,0.075749
Qwen/Qwen3-8B,cnndm,34,26,128,0.113159
Qwen/Qwen3-8B,cnndm,34,26,512,0.108222
Qwen/Qwen3-8B,cnndm,34,26,2048,0.095242
Qwen/Qwen3-8B,cnndm,34,26,4096,0.075235
Qwen/Qwen3-8B,cnndm,34,27,128,0.138313
Qwen/Qwen3-8B,cnndm,34,27,512,0.128527
Qwen/Qwen3-8B,cnndm,34,27,2048,0.112584
Qwen/Qwen3-8B,cnndm,34,27,4096,0.091003
Qwen/Qwen3-8B,cnndm,34,28,128,0.284062
Qwen/Qwen3-8B,cnndm,34,28,512,0.155093
Qwen/Qwen3-8B,cnndm,34,28,2048,0.094640
Qwen/Qwen3-8B,cnndm,34,28,4096,0.064343
Qwen/Qwen3-8B,cnndm,34,29,128,0.282636
Qwen/Qwen3-8B,cnndm,34,29,512,0.191920
Qwen/Qwen3-8B,cnndm,34,29,2048,0.127352
Qwen/Qwen3-8B,cnndm,34,29,4096,0.087547
Qwen/Qwen3-8B,cnndm,34,30,128,0.295649
Qwen/Qwen3-8B,cnndm,34,30,512,0.187992
Qwen/Qwen3-8B,cnndm,34,30,2048,0.123329
Qwen/Qwen3-8B,cnndm,34,30,4096,0.085826
Qwen/Qwen3-8B,cnndm,34,31,128,0.213890
Qwen/Qwen3-8B,cnndm,34,31,512,0.186980
Qwen/Qwen3-8B,cnndm,34,31,2048,0.162976
Qwen/Qwen3-8B,cnndm,34,31,4096,0.132531
Qwen/Qwen3-8B,cnndm,35,0,128,0.269778
Qwen/Qwen3-8B,cnndm,35,0,512,0.191777
Qwen/Qwen3-8B,cnndm,35,0,2048,0.111270
Qwen/Qwen3-8B,cnndm,35,0,4096,0.057831
Qwen/Qwen3-8B,cnndm,35,1,128,0.043038
Qwen/Qwen3-8B,cnndm,35,1,512,0.032904
Qwen/Qwen3-8B,cnndm,35,1,2048,0.018162
Qwen/Qwen3-8B,cnndm,35,1,4096,0.009816
Qwen/Qwen3-8B,cnndm,35,2,128,0.052084
Qwen/Qwen3-8B,cnndm,35,2,512,0.035143
Qwen/Qwen3-8B,cnndm,35,2,2048,0.021489
Qwen/Qwen3-8B,cnndm,35,2,4096,0.009369
Qwen/Qwen3-8B,cnndm,35,3,128,0.088578
Qwen/Qwen3-8B,cnndm,35,3,512,0.062678
Qwen/Qwen3-8B,cnndm,35,3,2048,0.037096
Qwen/Qwen3-8B,cnndm,35,3,4096,0.019222
Qwen/Qwen3-8B,cnndm,35,4,128,0.076499
Qwen/Qwen3-8B,cnndm,35,4,512,0.058075
Qwen/Qwen3-8B,cnndm,35,4,2048,0.035526
Qwen/Qwen3-8B,cnndm,35,4,4096,0.023361
Qwen/Qwen3-8B,cnndm,35,5,128,0.050203
Qwen/Qwen3-8B,cnndm,35,5,512,0.030416
Qwen/Qwen3-8B,cnndm,35,5,2048,0.014183
Qwen/Qwen3-8B,cnndm,35,5,4096,0.007197
Qwen/Qwen3-8B,cnndm,35,6,128,0.062639
Qwen/Qwen3-8B,cnndm,35,6,512,0.043452
Qwen/Qwen3-8B,cnndm,35,6,2048,0.022675
Qwen/Qwen3-8B,cnndm,35,6,4096,0.012593
Qwen/Qwen3-8B,cnndm,35,7,128,0.029755
Qwen/Qwen3-8B,cnndm,35,7,512,0.021179
Qwen/Qwen3-8B,cnndm,35,7,2048,0.012213
Qwen/Qwen3-8B,cnndm,35,7,4096,0.006214
Qwen/Qwen3-8B,cnndm,35,8,128,0.424084
Qwen/Qwen3-8B,cnndm,35,8,512,0.254214
Qwen/Qwen3-8B,cnndm,35,8,2048,0.119498
Qwen/Qwen3-8B,cnndm,35,8,4096,0.053813
Qwen/Qwen3-8B,cnndm,35,9,128,0.376535
Qwen/Qwen3-8B,cnndm,35,9,512,0.266085
Qwen/Qwen3-8B,cnndm,35,9,2048,0.134833
Qwen/Qwen3-8B,cnndm,35,9,4096,0.067880
Qwen/Qwen3-8B,cnndm,35,10,128,0.189033
Qwen/Qwen3-8B,cnndm,35,10,512,0.138777
Qwen/Qwen3-8B,cnndm,35,10,2048,0.079190
Qwen/Qwen3-8B,cnndm,35,10,4096,0.047322
Qwen/Qwen3-8B,cnndm,35,11,128,0.411271
Qwen/Qwen3-8B,cnndm,35,11,512,0.297598
Qwen/Qwen3-8B,cnndm,35,11,2048,0.174067
Qwen/Qwen3-8B,cnndm,35,11,4096,0.099986
Qwen/Qwen3-8B,cnndm,35,12,128,0.322043
Qwen/Qwen3-8B,cnndm,35,12,512,0.216306
Qwen/Qwen3-8B,cnndm,35,12,2048,0.107520
Qwen/Qwen3-8B,cnndm,35,12,4096,0.068484
Qwen/Qwen3-8B,cnndm,35,13,128,0.126670
Qwen/Qwen3-8B,cnndm,35,13,512,0.075319
Qwen/Qwen3-8B,cnndm,35,13,2048,0.046645
Qwen/Qwen3-8B,cnndm,35,13,4096,0.029459
Qwen/Qwen3-8B,cnndm,35,14,128,0.533344
Qwen/Qwen3-8B,cnndm,35,14,512,0.347371
Qwen/Qwen3-8B,cnndm,35,14,2048,0.171954
Qwen/Qwen3-8B,cnndm,35,14,4096,0.100708
Qwen/Qwen3-8B,cnndm,35,15,128,0.328367
Qwen/Qwen3-8B,cnndm,35,15,512,0.193081
Qwen/Qwen3-8B,cnndm,35,15,2048,0.094694
Qwen/Qwen3-8B,cnndm,35,15,4096,0.045271
Qwen/Qwen3-8B,cnndm,35,16,128,0.040985
Qwen/Qwen3-8B,cnndm,35,16,512,0.027763
Qwen/Qwen3-8B,cnndm,35,16,2048,0.018774
Qwen/Qwen3-8B,cnndm,35,16,4096,0.007815
Qwen/Qwen3-8B,cnndm,35,17,128,0.048543
Qwen/Qwen3-8B,cnndm,35,17,512,0.025739
Qwen/Qwen3-8B,cnndm,35,17,2048,0.013435
Qwen/Qwen3-8B,cnndm,35,17,4096,0.007671
Qwen/Qwen3-8B,cnndm,35,18,128,0.130129
Qwen/Qwen3-8B,cnndm,35,18,512,0.083266
Qwen/Qwen3-8B,cnndm,35,18,2048,0.039662
Qwen/Qwen3-8B,cnndm,35,18,4096,0.020033
Qwen/Qwen3-8B,cnndm,35,19,128,0.114142
Qwen/Qwen3-8B,cnndm,35,19,512,0.064715
Qwen/Qwen3-8B,cnndm,35,19,2048,0.025551
Qwen/Qwen3-8B,cnndm,35,19,4096,0.011337
Qwen/Qwen3-8B,cnndm,35,20,128,0.196247
Qwen/Qwen3-8B,cnndm,35,20,512,0.128254
Qwen/Qwen3-8B,cnndm,35,20,2048,0.060051
Qwen/Qwen3-8B,cnndm,35,20,4096,0.036751
Qwen/Qwen3-8B,cnndm,35,21,128,0.153892
Qwen/Qwen3-8B,cnndm,35,21,512,0.100852
Qwen/Qwen3-8B,cnndm,35,21,2048,0.050345
Qwen/Qwen3-8B,cnndm,35,21,4096,0.030842
Qwen/Qwen3-8B,cnndm,35,22,128,0.206005
Qwen/Qwen3-8B,cnndm,35,22,512,0.101873
Qwen/Qwen3-8B,cnndm,35,22,2048,0.044969
Qwen/Qwen3-8B,cnndm,35,22,4096,0.025188
Qwen/Qwen3-8B,cnndm,35,23,128,0.080447
Qwen/Qwen3-8B,cnndm,35,23,512,0.049735
Qwen/Qwen3-8B,cnndm,35,23,2048,0.028572
Qwen/Qwen3-8B,cnndm,35,23,4096,0.019690
Qwen/Qwen3-8B,cnndm,35,24,128,0.103837
Qwen/Qwen3-8B,cnndm,35,24,512,0.066284
Qwen/Qwen3-8B,cnndm,35,24,2048,0.033778
Qwen/Qwen3-8B,cnndm,35,24,4096,0.011598
Qwen/Qwen3-8B,cnndm,35,25,128,0.168582
Qwen/Qwen3-8B,cnndm,35,25,512,0.079372
Qwen/Qwen3-8B,cnndm,35,25,2048,0.033198
Qwen/Qwen3-8B,cnndm,35,25,4096,0.012615
Qwen/Qwen3-8B,cnndm,35,26,128,0.097129
Qwen/Qwen3-8B,cnndm,35,26,512,0.050477
Qwen/Qwen3-8B,cnndm,35,26,2048,0.020249
Qwen/Qwen3-8B,cnndm,35,26,4096,0.007447
Qwen/Qwen3-8B,cnndm,35,27,128,0.127612
Qwen/Qwen3-8B,cnndm,35,27,512,0.075513
Qwen/Qwen3-8B,cnndm,35,27,2048,0.038182
Qwen/Qwen3-8B,cnndm,35,27,4096,0.014150
Qwen/Qwen3-8B,cnndm,35,28,128,0.067313
Qwen/Qwen3-8B,cnndm,35,28,512,0.048125
Qwen/Qwen3-8B,cnndm,35,28,2048,0.027842
Qwen/Qwen3-8B,cnndm,35,28,4096,0.015686
Qwen/Qwen3-8B,cnndm,35,29,128,0.121371
Qwen/Qwen3-8B,cnndm,35,29,512,0.087257
Qwen/Qwen3-8B,cnndm,35,29,2048,0.046539
Qwen/Qwen3-8B,cnndm,35,29,4096,0.023381
Qwen/Qwen3-8B,cnndm,35,30,128,0.058811
Qwen/Qwen3-8B,cnndm,35,30,512,0.044864
Qwen/Qwen3-8B,cnndm,35,30,2048,0.027559
Qwen/Qwen3-8B,cnndm,35,30,4096,0.013929
Qwen/Qwen3-8B,cnndm,35,31,128,0.084057
Qwen/Qwen3-8B,cnndm,35,31,512,0.063312
Qwen/Qwen3-8B,cnndm,35,31,2048,0.033527
Qwen/Qwen3-8B,cnndm,35,31,4096,0.017636
