model,refs,layer,head,window,beyond_mass
Qwen/Qwen3-8B,c4,0,0,128,0.392684
Qwen/Qwen3-8B,c4,0,0,512,0.208891
Qwen/Qwen3-8B,c4,0,0,2048,0.041932
Qwen/Qwen3-8B,c4,0,1,128,0.041301
Qwen/Qwen3-8B,c4,0,1,512,0.024477
Qwen/Qwen3-8B,c4,0,1,2048,0.003401
Qwen/Qwen3-8B,c4,0,2,128,0.223986
Qwen/Qwen3-8B,c4,0,2,512,0.145963
Qwen/Qwen3-8B,c4,0,2,2048,0.037157
Qwen/Qwen3-8B,c4,0,3,128,0.491888
Qwen/Qwen3-8B,c4,0,3,512,0.275610
Qwen/Qwen3-8B,c4,0,3,2048,0.039464
Qwen/Qwen3-8B,c4,0,4,128,0.098257
Qwen/Qwen3-8B,c4,0,4,512,0.042803
Qwen/Qwen3-8B,c4,0,4,2048,0.006557
Qwen/Qwen3-8B,c4,0,5,128,0.366908
Qwen/Qwen3-8B,c4,0,5,512,0.254338
Qwen/Qwen3-8B,c4,0,5,2048,0.024455
Qwen/Qwen3-8B,c4,0,6,128,0.067487
Qwen/Qwen3-8B,c4,0,6,512,0.034642
Qwen/Qwen3-8B,c4,0,6,2048,0.005890
Qwen/Qwen3-8B,c4,0,7,128,0.088676
Qwen/Qwen3-8B,c4,0,7,512,0.043552
Qwen/Qwen3-8B,c4,0,7,2048,0.008408
Qwen/Qwen3-8B,c4,0,8,128,0.244688
Qwen/Qwen3-8B,c4,0,8,512,0.138272
Qwen/Qwen3-8B,c4,0,8,2048,0.014495
Qwen/Qwen3-8B,c4,0,9,128,0.094984
Qwen/Qwen3-8B,c4,0,9,512,0.052131
Qwen/Qwen3-8B,c4,0,9,2048,0.010335
Qwen/Qwen3-8B,c4,0,10,128,0.057053
Qwen/Qwen3-8B,c4,0,10,512,0.028691
Qwen/Qwen3-8B,c4,0,10,2048,0.006336
Qwen/Qwen3-8B,c4,0,11,128,0.068044
Qwen/Qwen3-8B,c4,0,11,512,0.028034
Qwen/Qwen3-8B,c4,0,11,2048,0.008340
Qwen/Qwen3-8B,c4,0,12,128,0.192113
Qwen/Qwen3-8B,c4,0,12,512,0.094983
Qwen/Qwen3-8B,c4,0,12,2048,0.016953
Qwen/Qwen3-8B,c4,0,13,128,0.441145
Qwen/Qwen3-8B,c4,0,13,512,0.221873
Qwen/Qwen3-8B,c4,0,13,2048,0.047750
Qwen/Qwen3-8B,c4,0,14,128,0.381383
Qwen/Qwen3-8B,c4,0,14,512,0.196539
Qwen/Qwen3-8B,c4,0,14,2048,0.038202
Qwen/Qwen3-8B,c4,0,15,128,0.189844
Qwen/Qwen3-8B,c4,0,15,512,0.120111
Qwen/Qwen3-8B,c4,0,15,2048,0.022807
Qwen/Qwen3-8B,c4,0,16,128,0.137764
Qwen/Qwen3-8B,c4,0,16,512,0.060168
Qwen/Qwen3-8B,c4,0,16,2048,0.008576
Qwen/Qwen3-8B,c4,0,17,128,0.157921
Qwen/Qwen3-8B,c4,0,17,512,0.069599
Qwen/Qwen3-8B,c4,0,17,2048,0.008409
Qwen/Qwen3-8B,c4,0,18,128,0.156687
Qwen/Qwen3-8B,c4,0,18,512,0.060629
Qwen/Qwen3-8B,c4,0,18,2048,0.011092
Qwen/Qwen3-8B,c4,0,19,128,0.129507
Qwen/Qwen3-8B,c4,0,19,512,0.047206
Qwen/Qwen3-8B,c4,0,19,2048,0.008683
Qwen/Qwen3-8B,c4,0,20,128,0.177563
Qwen/Qwen3-8B,c4,0,20,512,0.102267
Qwen/Qwen3-8B,c4,0,20,2048,0.013683
Qwen/Qwen3-8B,c4,0,21,128,0.278389
Qwen/Qwen3-8B,c4,0,21,512,0.158810
Qwen/Qwen3-8B,c4,0,21,2048,0.025021
Qwen/Qwen3-8B,c4,0,22,128,0.106160
Qwen/Qwen3-8B,c4,0,22,512,0.063996
Qwen/Qwen3-8B,c4,0,22,2048,0.013621
Qwen/Qwen3-8B,c4,0,23,128,0.142825
Qwen/Qwen3-8B,c4,0,23,512,0.071993
Qwen/Qwen3-8B,c4,0,23,2048,0.009383
Qwen/Qwen3-8B,c4,0,24,128,0.039016
Qwen/Qwen3-8B,c4,0,24,512,0.025531
Qwen/Qwen3-8B,c4,0,24,2048,0.002568
Qwen/Qwen3-8B,c4,0,25,128,0.736391
Qwen/Qwen3-8B,c4,0,25,512,0.478364
Qwen/Qwen3-8B,c4,0,25,2048,0.096539
Qwen/Qwen3-8B,c4,0,26,128,0.171436
Qwen/Qwen3-8B,c4,0,26,512,0.072619
Qwen/Qwen3-8B,c4,0,26,2048,0.019502
Qwen/Qwen3-8B,c4,0,27,128,0.513505
Qwen/Qwen3-8B,c4,0,27,512,0.265030
Qwen/Qwen3-8B,c4,0,27,2048,0.066847
Qwen/Qwen3-8B,c4,0,28,128,0.134517
Qwen/Qwen3-8B,c4,0,28,512,0.049515
Qwen/Qwen3-8B,c4,0,28,2048,0.013239
Qwen/Qwen3-8B,c4,0,29,128,0.508169
Qwen/Qwen3-8B,c4,0,29,512,0.273149
Qwen/Qwen3-8B,c4,0,29,2048,0.050109
Qwen/Qwen3-8B,c4,0,30,128,0.115445
Qwen/Qwen3-8B,c4,0,30,512,0.037330
Qwen/Qwen3-8B,c4,0,30,2048,0.009621
Qwen/Qwen3-8B,c4,0,31,128,0.132491
Qwen/Qwen3-8B,c4,0,31,512,0.040032
Qwen/Qwen3-8B,c4,0,31,2048,0.011879
Qwen/Qwen3-8B,c4,1,0,128,0.185217
Qwen/Qwen3-8B,c4,1,0,512,0.111251
Qwen/Qwen3-8B,c4,1,0,2048,0.018349
Qwen/Qwen3-8B,c4,1,1,128,0.401562
Qwen/Qwen3-8B,c4,1,1,512,0.260871
Qwen/Qwen3-8B,c4,1,1,2048,0.059001
Qwen/Qwen3-8B,c4,1,2,128,0.258697
Qwen/Qwen3-8B,c4,1,2,512,0.153205
Qwen/Qwen3-8B,c4,1,2,2048,0.033868
Qwen/Qwen3-8B,c4,1,3,128,0.461506
Qwen/Qwen3-8B,c4,1,3,512,0.275708
Qwen/Qwen3-8B,c4,1,3,2048,0.073784
Qwen/Qwen3-8B,c4,1,4,128,0.039822
Qwen/Qwen3-8B,c4,1,4,512,0.024235
Qwen/Qwen3-8B,c4,1,4,2048,0.004061
Qwen/Qwen3-8B,c4,1,5,128,0.175466
Qwen/Qwen3-8B,c4,1,5,512,0.109555
Qwen/Qwen3-8B,c4,1,5,2048,0.030490
Qwen/Qwen3-8B,c4,1,6,128,0.392045
Qwen/Qwen3-8B,c4,1,6,512,0.245909
Qwen/Qwen3-8B,c4,1,6,2048,0.054297
Qwen/Qwen3-8B,c4,1,7,128,0.117720
Qwen/Qwen3-8B,c4,1,7,512,0.065274
Qwen/Qwen3-8B,c4,1,7,2048,0.015574
Qwen/Qwen3-8B,c4,1,8,128,0.504168
Qwen/Qwen3-8B,c4,1,8,512,0.312734
Qwen/Qwen3-8B,c4,1,8,2048,0.069467
Qwen/Qwen3-8B,c4,1,9,128,0.254906
Qwen/Qwen3-8B,c4,1,9,512,0.120319
Qwen/Qwen3-8B,c4,1,9,2048,0.025126
Qwen/Qwen3-8B,c4,1,10,128,0.712390
Qwen/Qwen3-8B,c4,1,10,512,0.426735
Qwen/Qwen3-8B,c4,1,10,2048,0.107469
Qwen/Qwen3-8B,c4,1,11,128,0.629269
Qwen/Qwen3-8B,c4,1,11,512,0.368926
Qwen/Qwen3-8B,c4,1,11,2048,0.109834
Qwen/Qwen3-8B,c4,1,12,128,0.402662
Qwen/Qwen3-8B,c4,1,12,512,0.233471
Qwen/Qwen3-8B,c4,1,12,2048,0.056403
Qwen/Qwen3-8B,c4,1,13,128,0.590561
Qwen/Qwen3-8B,c4,1,13,512,0.399542
Qwen/Qwen3-8B,c4,1,13,2048,0.107794
Qwen/Qwen3-8B,c4,1,14,128,0.537482
Qwen/Qwen3-8B,c4,1,14,512,0.313558
Qwen/Qwen3-8B,c4,1,14,2048,0.061694
Qwen/Qwen3-8B,c4,1,15,128,0.425513
Qwen/Qwen3-8B,c4,1,15,512,0.243499
Qwen/Qwen3-8B,c4,1,15,2048,0.055167
Qwen/Qwen3-8B,c4,1,16,128,0.396014
Qwen/Qwen3-8B,c4,1,16,512,0.203112
Qwen/Qwen3-8B,c4,1,16,2048,0.039911
Qwen/Qwen3-8B,c4,1,17,128,0.837177
Qwen/Qwen3-8B,c4,1,17,512,0.657571
Qwen/Qwen3-8B,c4,1,17,2048,0.192745
Qwen/Qwen3-8B,c4,1,18,128,0.711686
Qwen/Qwen3-8B,c4,1,18,512,0.405203
Qwen/Qwen3-8B,c4,1,18,2048,0.077785
Qwen/Qwen3-8B,c4,1,19,128,0.378564
Qwen/Qwen3-8B,c4,1,19,512,0.208705
Qwen/Qwen3-8B,c4,1,19,2048,0.040030
Qwen/Qwen3-8B,c4,1,20,128,0.611693
Qwen/Qwen3-8B,c4,1,20,512,0.287490
Qwen/Qwen3-8B,c4,1,20,2048,0.043520
Qwen/Qwen3-8B,c4,1,21,128,0.119312
Qwen/Qwen3-8B,c4,1,21,512,0.056788
Qwen/Qwen3-8B,c4,1,21,2048,0.003696
Qwen/Qwen3-8B,c4,1,22,128,0.392656
Qwen/Qwen3-8B,c4,1,22,512,0.209571
Qwen/Qwen3-8B,c4,1,22,2048,0.040236
Qwen/Qwen3-8B,c4,1,23,128,0.376519
Qwen/Qwen3-8B,c4,1,23,512,0.200917
Qwen/Qwen3-8B,c4,1,23,2048,0.033335
Qwen/Qwen3-8B,c4,1,24,128,0.108623
Qwen/Qwen3-8B,c4,1,24,512,0.012035
Qwen/Qwen3-8B,c4,1,24,2048,0.000154
Qwen/Qwen3-8B,c4,1,25,128,0.026427
Qwen/Qwen3-8B,c4,1,25,512,0.009739
Qwen/Qwen3-8B,c4,1,25,2048,0.000162
Qwen/Qwen3-8B,c4,1,26,128,0.482878
Qwen/Qwen3-8B,c4,1,26,512,0.248203
Qwen/Qwen3-8B,c4,1,26,2048,0.037911
Qwen/Qwen3-8B,c4,1,27,128,0.501702
Qwen/Qwen3-8B,c4,1,27,512,0.329249
Qwen/Qwen3-8B,c4,1,27,2048,0.062398
Qwen/Qwen3-8B,c4,1,28,128,0.894334
Qwen/Qwen3-8B,c4,1,28,512,0.568021
Qwen/Qwen3-8B,c4,1,28,2048,0.114194
Qwen/Qwen3-8B,c4,1,29,128,0.380900
Qwen/Qwen3-8B,c4,1,29,512,0.239683
Qwen/Qwen3-8B,c4,1,29,2048,0.067869
Qwen/Qwen3-8B,c4,1,30,128,0.359297
Qwen/Qwen3-8B,c4,1,30,512,0.187718
Qwen/Qwen3-8B,c4,1,30,2048,0.039591
Qwen/Qwen3-8B,c4,1,31,128,0.340789
Qwen/Qwen3-8B,c4,1,31,512,0.200898
Qwen/Qwen3-8B,c4,1,31,2048,0.070619
Qwen/Qwen3-8B,c4,2,0,128,0.657955
Qwen/Qwen3-8B,c4,2,0,512,0.470664
Qwen/Qwen3-8B,c4,2,0,2048,0.166855
Qwen/Qwen3-8B,c4,2,1,128,0.710515
Qwen/Qwen3-8B,c4,2,1,512,0.536361
Qwen/Qwen3-8B,c4,2,1,2048,0.218913
Qwen/Qwen3-8B,c4,2,2,128,0.711181
Qwen/Qwen3-8B,c4,2,2,512,0.508570
Qwen/Qwen3-8B,c4,2,2,2048,0.197217
Qwen/Qwen3-8B,c4,2,3,128,0.641298
Qwen/Qwen3-8B,c4,2,3,512,0.435884
Qwen/Qwen3-8B,c4,2,3,2048,0.161465
Qwen/Qwen3-8B,c4,2,4,128,0.161207
Qwen/Qwen3-8B,c4,2,4,512,0.107239
Qwen/Qwen3-8B,c4,2,4,2048,0.033453
Qwen/Qwen3-8B,c4,2,5,128,0.368696
Qwen/Qwen3-8B,c4,2,5,512,0.255566
Qwen/Qwen3-8B,c4,2,5,2048,0.088920
Qwen/Qwen3-8B,c4,2,6,128,0.308892
Qwen/Qwen3-8B,c4,2,6,512,0.211878
Qwen/Qwen3-8B,c4,2,6,2048,0.078200
Qwen/Qwen3-8B,c4,2,7,128,0.415783
Qwen/Qwen3-8B,c4,2,7,512,0.320344
Qwen/Qwen3-8B,c4,2,7,2048,0.131650
Qwen/Qwen3-8B,c4,2,8,128,0.434211
Qwen/Qwen3-8B,c4,2,8,512,0.235853
Qwen/Qwen3-8B,c4,2,8,2048,0.063003
Qwen/Qwen3-8B,c4,2,9,128,0.454152
Qwen/Qwen3-8B,c4,2,9,512,0.239114
Qwen/Qwen3-8B,c4,2,9,2048,0.064270
Qwen/Qwen3-8B,c4,2,10,128,0.541773
Qwen/Qwen3-8B,c4,2,10,512,0.306786
Qwen/Qwen3-8B,c4,2,10,2048,0.119511
Qwen/Qwen3-8B,c4,2,11,128,0.347760
Qwen/Qwen3-8B,c4,2,11,512,0.121202
Qwen/Qwen3-8B,c4,2,11,2048,0.014742
Qwen/Qwen3-8B,c4,2,12,128,0.453683
Qwen/Qwen3-8B,c4,2,12,512,0.230650
Qwen/Qwen3-8B,c4,2,12,2048,0.069860
Qwen/Qwen3-8B,c4,2,13,128,0.384092
Qwen/Qwen3-8B,c4,2,13,512,0.199629
Qwen/Qwen3-8B,c4,2,13,2048,0.060175
Qwen/Qwen3-8B,c4,2,14,128,0.422792
Qwen/Qwen3-8B,c4,2,14,512,0.226861
Qwen/Qwen3-8B,c4,2,14,2048,0.075473
Qwen/Qwen3-8B,c4,2,15,128,0.611166
Qwen/Qwen3-8B,c4,2,15,512,0.335879
Qwen/Qwen3-8B,c4,2,15,2048,0.081428
Qwen/Qwen3-8B,c4,2,16,128,0.620633
Qwen/Qwen3-8B,c4,2,16,512,0.369563
Qwen/Qwen3-8B,c4,2,16,2048,0.113238
Qwen/Qwen3-8B,c4,2,17,128,0.535065
Qwen/Qwen3-8B,c4,2,17,512,0.313685
Qwen/Qwen3-8B,c4,2,17,2048,0.103939
Qwen/Qwen3-8B,c4,2,18,128,0.559001
Qwen/Qwen3-8B,c4,2,18,512,0.350055
Qwen/Qwen3-8B,c4,2,18,2048,0.113062
Qwen/Qwen3-8B,c4,2,19,128,0.470849
Qwen/Qwen3-8B,c4,2,19,512,0.342969
Qwen/Qwen3-8B,c4,2,19,2048,0.122225
Qwen/Qwen3-8B,c4,2,20,128,0.509002
Qwen/Qwen3-8B,c4,2,20,512,0.368645
Qwen/Qwen3-8B,c4,2,20,2048,0.137296
Qwen/Qwen3-8B,c4,2,21,128,0.663946
Qwen/Qwen3-8B,c4,2,21,512,0.461999
Qwen/Qwen3-8B,c4,2,21,2048,0.169167
Qwen/Qwen3-8B,c4,2,22,128,0.517780
Qwen/Qwen3-8B,c4,2,22,512,0.372238
Qwen/Qwen3-8B,c4,2,22,2048,0.130946
Qwen/Qwen3-8B,c4,2,23,128,0.521448
Qwen/Qwen3-8B,c4,2,23,512,0.394035
Qwen/Qwen3-8B,c4,2,23,2048,0.139220
Qwen/Qwen3-8B,c4,2,24,128,0.288787
Qwen/Qwen3-8B,c4,2,24,512,0.198378
Qwen/Qwen3-8B,c4,2,24,2048,0.049196
Qwen/Qwen3-8B,c4,2,25,128,0.233289
Qwen/Qwen3-8B,c4,2,25,512,0.149446
Qwen/Qwen3-8B,c4,2,25,2048,0.035723
Qwen/Qwen3-8B,c4,2,26,128,0.254803
Qwen/Qwen3-8B,c4,2,26,512,0.161868
Qwen/Qwen3-8B,c4,2,26,2048,0.039330
Qwen/Qwen3-8B,c4,2,27,128,0.342034
Qwen/Qwen3-8B,c4,2,27,512,0.222808
Qwen/Qwen3-8B,c4,2,27,2048,0.058661
Qwen/Qwen3-8B,c4,2,28,128,0.718010
Qwen/Qwen3-8B,c4,2,28,512,0.512957
Qwen/Qwen3-8B,c4,2,28,2048,0.198692
Qwen/Qwen3-8B,c4,2,29,128,0.772010
Qwen/Qwen3-8B,c4,2,29,512,0.467787
Qwen/Qwen3-8B,c4,2,29,2048,0.108765
Qwen/Qwen3-8B,c4,2,30,128,0.846841
Qwen/Qwen3-8B,c4,2,30,512,0.648026
Qwen/Qwen3-8B,c4,2,30,2048,0.178510
Qwen/Qwen3-8B,c4,2,31,128,0.673381
Qwen/Qwen3-8B,c4,2,31,512,0.474624
Qwen/Qwen3-8B,c4,2,31,2048,0.188437
Qwen/Qwen3-8B,c4,3,0,128,0.423086
Qwen/Qwen3-8B,c4,3,0,512,0.158080
Qwen/Qwen3-8B,c4,3,0,2048,0.059650
Qwen/Qwen3-8B,c4,3,1,128,0.084171
Qwen/Qwen3-8B,c4,3,1,512,0.055095
Qwen/Qwen3-8B,c4,3,1,2048,0.019079
Qwen/Qwen3-8B,c4,3,2,128,0.090640
Qwen/Qwen3-8B,c4,3,2,512,0.063652
Qwen/Qwen3-8B,c4,3,2,2048,0.021960
Qwen/Qwen3-8B,c4,3,3,128,0.183569
Qwen/Qwen3-8B,c4,3,3,512,0.137403
Qwen/Qwen3-8B,c4,3,3,2048,0.047002
Qwen/Qwen3-8B,c4,3,4,128,0.805948
Qwen/Qwen3-8B,c4,3,4,512,0.643404
Qwen/Qwen3-8B,c4,3,4,2048,0.275654
Qwen/Qwen3-8B,c4,3,5,128,0.768466
Qwen/Qwen3-8B,c4,3,5,512,0.667045
Qwen/Qwen3-8B,c4,3,5,2048,0.374284
Qwen/Qwen3-8B,c4,3,6,128,0.688710
Qwen/Qwen3-8B,c4,3,6,512,0.485753
Qwen/Qwen3-8B,c4,3,6,2048,0.247465
Qwen/Qwen3-8B,c4,3,7,128,0.644397
Qwen/Qwen3-8B,c4,3,7,512,0.555873
Qwen/Qwen3-8B,c4,3,7,2048,0.296990
Qwen/Qwen3-8B,c4,3,8,128,0.447303
Qwen/Qwen3-8B,c4,3,8,512,0.216039
Qwen/Qwen3-8B,c4,3,8,2048,0.052969
Qwen/Qwen3-8B,c4,3,9,128,0.582996
Qwen/Qwen3-8B,c4,3,9,512,0.350009
Qwen/Qwen3-8B,c4,3,9,2048,0.084572
Qwen/Qwen3-8B,c4,3,10,128,0.546274
Qwen/Qwen3-8B,c4,3,10,512,0.285911
Qwen/Qwen3-8B,c4,3,10,2048,0.076003
Qwen/Qwen3-8B,c4,3,11,128,0.484486
Qwen/Qwen3-8B,c4,3,11,512,0.282748
Qwen/Qwen3-8B,c4,3,11,2048,0.084613
Qwen/Qwen3-8B,c4,3,12,128,0.797493
Qwen/Qwen3-8B,c4,3,12,512,0.698753
Qwen/Qwen3-8B,c4,3,12,2048,0.323367
Qwen/Qwen3-8B,c4,3,13,128,0.649263
Qwen/Qwen3-8B,c4,3,13,512,0.451433
Qwen/Qwen3-8B,c4,3,13,2048,0.193568
Qwen/Qwen3-8B,c4,3,14,128,0.657484
Qwen/Qwen3-8B,c4,3,14,512,0.509731
Qwen/Qwen3-8B,c4,3,14,2048,0.272029
Qwen/Qwen3-8B,c4,3,15,128,0.672186
Qwen/Qwen3-8B,c4,3,15,512,0.421956
Qwen/Qwen3-8B,c4,3,15,2048,0.177393
Qwen/Qwen3-8B,c4,3,16,128,0.528852
Qwen/Qwen3-8B,c4,3,16,512,0.388452
Qwen/Qwen3-8B,c4,3,16,2048,0.166905
Qwen/Qwen3-8B,c4,3,17,128,0.508482
Qwen/Qwen3-8B,c4,3,17,512,0.383575
Qwen/Qwen3-8B,c4,3,17,2048,0.177328
Qwen/Qwen3-8B,c4,3,18,128,0.354296
Qwen/Qwen3-8B,c4,3,18,512,0.248887
Qwen/Qwen3-8B,c4,3,18,2048,0.104632
Qwen/Qwen3-8B,c4,3,19,128,0.605934
Qwen/Qwen3-8B,c4,3,19,512,0.374148
Qwen/Qwen3-8B,c4,3,19,2048,0.122172
Qwen/Qwen3-8B,c4,3,20,128,0.734416
Qwen/Qwen3-8B,c4,3,20,512,0.532244
Qwen/Qwen3-8B,c4,3,20,2048,0.228944
Qwen/Qwen3-8B,c4,3,21,128,0.535175
Qwen/Qwen3-8B,c4,3,21,512,0.335634
Qwen/Qwen3-8B,c4,3,21,2048,0.123023
Qwen/Qwen3-8B,c4,3,22,128,0.677892
Qwen/Qwen3-8B,c4,3,22,512,0.389590
Qwen/Qwen3-8B,c4,3,22,2048,0.102592
Qwen/Qwen3-8B,c4,3,23,128,0.640806
Qwen/Qwen3-8B,c4,3,23,512,0.446505
Qwen/Qwen3-8B,c4,3,23,2048,0.191726
Qwen/Qwen3-8B,c4,3,24,128,0.612453
Qwen/Qwen3-8B,c4,3,24,512,0.504822
Qwen/Qwen3-8B,c4,3,24,2048,0.229987
Qwen/Qwen3-8B,c4,3,25,128,0.533210
Qwen/Qwen3-8B,c4,3,25,512,0.442457
Qwen/Qwen3-8B,c4,3,25,2048,0.203464
Qwen/Qwen3-8B,c4,3,26,128,0.503928
Qwen/Qwen3-8B,c4,3,26,512,0.404254
Qwen/Qwen3-8B,c4,3,26,2048,0.170791
Qwen/Qwen3-8B,c4,3,27,128,0.564320
Qwen/Qwen3-8B,c4,3,27,512,0.469627
Qwen/Qwen3-8B,c4,3,27,2048,0.214360
Qwen/Qwen3-8B,c4,3,28,128,0.655976
Qwen/Qwen3-8B,c4,3,28,512,0.517846
Qwen/Qwen3-8B,c4,3,28,2048,0.225886
Qwen/Qwen3-8B,c4,3,29,128,0.617917
Qwen/Qwen3-8B,c4,3,29,512,0.477850
Qwen/Qwen3-8B,c4,3,29,2048,0.198176
Qwen/Qwen3-8B,c4,3,30,128,0.706313
Qwen/Qwen3-8B,c4,3,30,512,0.567266
Qwen/Qwen3-8B,c4,3,30,2048,0.252594
Qwen/Qwen3-8B,c4,3,31,128,0.614542
Qwen/Qwen3-8B,c4,3,31,512,0.493271
Qwen/Qwen3-8B,c4,3,31,2048,0.224472
Qwen/Qwen3-8B,c4,4,0,128,0.447519
Qwen/Qwen3-8B,c4,4,0,512,0.296528
Qwen/Qwen3-8B,c4,4,0,2048,0.121571
Qwen/Qwen3-8B,c4,4,1,128,0.567713
Qwen/Qwen3-8B,c4,4,1,512,0.381378
Qwen/Qwen3-8B,c4,4,1,2048,0.147481
Qwen/Qwen3-8B,c4,4,2,128,0.653600
Qwen/Qwen3-8B,c4,4,2,512,0.435488
Qwen/Qwen3-8B,c4,4,2,2048,0.153669
Qwen/Qwen3-8B,c4,4,3,128,0.549560
Qwen/Qwen3-8B,c4,4,3,512,0.377722
Qwen/Qwen3-8B,c4,4,3,2048,0.159084
Qwen/Qwen3-8B,c4,4,4,128,0.604953
Qwen/Qwen3-8B,c4,4,4,512,0.425564
Qwen/Qwen3-8B,c4,4,4,2048,0.184384
Qwen/Qwen3-8B,c4,4,5,128,0.453539
Qwen/Qwen3-8B,c4,4,5,512,0.362831
Qwen/Qwen3-8B,c4,4,5,2048,0.181524
Qwen/Qwen3-8B,c4,4,6,128,0.527926
Qwen/Qwen3-8B,c4,4,6,512,0.447668
Qwen/Qwen3-8B,c4,4,6,2048,0.248306
Qwen/Qwen3-8B,c4,4,7,128,0.787087
Qwen/Qwen3-8B,c4,4,7,512,0.663429
Qwen/Qwen3-8B,c4,4,7,2048,0.374067
Qwen/Qwen3-8B,c4,4,8,128,0.646676
Qwen/Qwen3-8B,c4,4,8,512,0.530535
Qwen/Qwen3-8B,c4,4,8,2048,0.283138
Qwen/Qwen3-8B,c4,4,9,128,0.633306
Qwen/Qwen3-8B,c4,4,9,512,0.521693
Qwen/Qwen3-8B,c4,4,9,2048,0.274715
Qwen/Qwen3-8B,c4,4,10,128,0.584367
Qwen/Qwen3-8B,c4,4,10,512,0.468926
Qwen/Qwen3-8B,c4,4,10,2048,0.240572
Qwen/Qwen3-8B,c4,4,11,128,0.576744
Qwen/Qwen3-8B,c4,4,11,512,0.466198
Qwen/Qwen3-8B,c4,4,11,2048,0.203675
Qwen/Qwen3-8B,c4,4,12,128,0.487192
Qwen/Qwen3-8B,c4,4,12,512,0.398535
Qwen/Qwen3-8B,c4,4,12,2048,0.203551
Qwen/Qwen3-8B,c4,4,13,128,0.487716
Qwen/Qwen3-8B,c4,4,13,512,0.400526
Qwen/Qwen3-8B,c4,4,13,2048,0.203963
Qwen/Qwen3-8B,c4,4,14,128,0.620523
Qwen/Qwen3-8B,c4,4,14,512,0.525334
Qwen/Qwen3-8B,c4,4,14,2048,0.283221
Qwen/Qwen3-8B,c4,4,15,128,0.564433
Qwen/Qwen3-8B,c4,4,15,512,0.469926
Qwen/Qwen3-8B,c4,4,15,2048,0.242816
Qwen/Qwen3-8B,c4,4,16,128,0.594197
Qwen/Qwen3-8B,c4,4,16,512,0.479974
Qwen/Qwen3-8B,c4,4,16,2048,0.237336
Qwen/Qwen3-8B,c4,4,17,128,0.594101
Qwen/Qwen3-8B,c4,4,17,512,0.478665
Qwen/Qwen3-8B,c4,4,17,2048,0.241763
Qwen/Qwen3-8B,c4,4,18,128,0.609825
Qwen/Qwen3-8B,c4,4,18,512,0.499902
Qwen/Qwen3-8B,c4,4,18,2048,0.251088
Qwen/Qwen3-8B,c4,4,19,128,0.647608
Qwen/Qwen3-8B,c4,4,19,512,0.533071
Qwen/Qwen3-8B,c4,4,19,2048,0.276622
Qwen/Qwen3-8B,c4,4,20,128,0.672785
Qwen/Qwen3-8B,c4,4,20,512,0.422784
Qwen/Qwen3-8B,c4,4,20,2048,0.151565
Qwen/Qwen3-8B,c4,4,21,128,0.500748
Qwen/Qwen3-8B,c4,4,21,512,0.278397
Qwen/Qwen3-8B,c4,4,21,2048,0.103584
Qwen/Qwen3-8B,c4,4,22,128,0.365788
Qwen/Qwen3-8B,c4,4,22,512,0.162459
Qwen/Qwen3-8B,c4,4,22,2048,0.041971
Qwen/Qwen3-8B,c4,4,23,128,0.648794
Qwen/Qwen3-8B,c4,4,23,512,0.419232
Qwen/Qwen3-8B,c4,4,23,2048,0.145621
Qwen/Qwen3-8B,c4,4,24,128,0.293848
Qwen/Qwen3-8B,c4,4,24,512,0.234704
Qwen/Qwen3-8B,c4,4,24,2048,0.123120
Qwen/Qwen3-8B,c4,4,25,128,0.319576
Qwen/Qwen3-8B,c4,4,25,512,0.229908
Qwen/Qwen3-8B,c4,4,25,2048,0.103497
Qwen/Qwen3-8B,c4,4,26,128,0.387144
Qwen/Qwen3-8B,c4,4,26,512,0.319640
Qwen/Qwen3-8B,c4,4,26,2048,0.159215
Qwen/Qwen3-8B,c4,4,27,128,0.273882
Qwen/Qwen3-8B,c4,4,27,512,0.229927
Qwen/Qwen3-8B,c4,4,27,2048,0.119323
Qwen/Qwen3-8B,c4,4,28,128,0.318141
Qwen/Qwen3-8B,c4,4,28,512,0.192686
Qwen/Qwen3-8B,c4,4,28,2048,0.073814
Qwen/Qwen3-8B,c4,4,29,128,0.557200
Qwen/Qwen3-8B,c4,4,29,512,0.333659
Qwen/Qwen3-8B,c4,4,29,2048,0.112701
Qwen/Qwen3-8B,c4,4,30,128,0.600606
Qwen/Qwen3-8B,c4,4,30,512,0.385280
Qwen/Qwen3-8B,c4,4,30,2048,0.100867
Qwen/Qwen3-8B,c4,4,31,128,0.366260
Qwen/Qwen3-8B,c4,4,31,512,0.184610
Qwen/Qwen3-8B,c4,4,31,2048,0.052690
Qwen/Qwen3-8B,c4,5,0,128,0.175847
Qwen/Qwen3-8B,c4,5,0,512,0.088564
Qwen/Qwen3-8B,c4,5,0,2048,0.030275
Qwen/Qwen3-8B,c4,5,1,128,0.420004
Qwen/Qwen3-8B,c4,5,1,512,0.324755
Qwen/Qwen3-8B,c4,5,1,2048,0.162741
Qwen/Qwen3-8B,c4,5,2,128,0.365220
Qwen/Qwen3-8B,c4,5,2,512,0.177138
Qwen/Qwen3-8B,c4,5,2,2048,0.064668
Qwen/Qwen3-8B,c4,5,3,128,0.275123
Qwen/Qwen3-8B,c4,5,3,512,0.226884
Qwen/Qwen3-8B,c4,5,3,2048,0.106020
Qwen/Qwen3-8B,c4,5,4,128,0.459093
Qwen/Qwen3-8B,c4,5,4,512,0.368509
Qwen/Qwen3-8B,c4,5,4,2048,0.181703
Qwen/Qwen3-8B,c4,5,5,128,0.768494
Qwen/Qwen3-8B,c4,5,5,512,0.642827
Qwen/Qwen3-8B,c4,5,5,2048,0.334022
Qwen/Qwen3-8B,c4,5,6,128,0.484726
Qwen/Qwen3-8B,c4,5,6,512,0.407548
Qwen/Qwen3-8B,c4,5,6,2048,0.200730
Qwen/Qwen3-8B,c4,5,7,128,0.478650
Qwen/Qwen3-8B,c4,5,7,512,0.373087
Qwen/Qwen3-8B,c4,5,7,2048,0.147656
Qwen/Qwen3-8B,c4,5,8,128,0.013551
Qwen/Qwen3-8B,c4,5,8,512,0.005646
Qwen/Qwen3-8B,c4,5,8,2048,0.001256
Qwen/Qwen3-8B,c4,5,9,128,0.039912
Qwen/Qwen3-8B,c4,5,9,512,0.019907
Qwen/Qwen3-8B,c4,5,9,2048,0.005160
Qwen/Qwen3-8B,c4,5,10,128,0.636264
Qwen/Qwen3-8B,c4,5,10,512,0.544541
Qwen/Qwen3-8B,c4,5,10,2048,0.254415
Qwen/Qwen3-8B,c4,5,11,128,0.457642
Qwen/Qwen3-8B,c4,5,11,512,0.379236
Qwen/Qwen3-8B,c4,5,11,2048,0.187491
Qwen/Qwen3-8B,c4,5,12,128,0.423955
Qwen/Qwen3-8B,c4,5,12,512,0.299145
Qwen/Qwen3-8B,c4,5,12,2048,0.111562
Qwen/Qwen3-8B,c4,5,13,128,0.683853
Qwen/Qwen3-8B,c4,5,13,512,0.450657
Qwen/Qwen3-8B,c4,5,13,2048,0.175896
Qwen/Qwen3-8B,c4,5,14,128,0.436058
Qwen/Qwen3-8B,c4,5,14,512,0.267706
Qwen/Qwen3-8B,c4,5,14,2048,0.102230
Qwen/Qwen3-8B,c4,5,15,128,0.411380
Qwen/Qwen3-8B,c4,5,15,512,0.276186
Qwen/Qwen3-8B,c4,5,15,2048,0.108543
Qwen/Qwen3-8B,c4,5,16,128,0.350070
Qwen/Qwen3-8B,c4,5,16,512,0.290494
Qwen/Qwen3-8B,c4,5,16,2048,0.145646
Qwen/Qwen3-8B,c4,5,17,128,0.269361
Qwen/Qwen3-8B,c4,5,17,512,0.218361
Qwen/Qwen3-8B,c4,5,17,2048,0.104482
Qwen/Qwen3-8B,c4,5,18,128,0.441879
Qwen/Qwen3-8B,c4,5,18,512,0.369797
Qwen/Qwen3-8B,c4,5,18,2048,0.188444
Qwen/Qwen3-8B,c4,5,19,128,0.415861
Qwen/Qwen3-8B,c4,5,19,512,0.331915
Qwen/Qwen3-8B,c4,5,19,2048,0.158892
Qwen/Qwen3-8B,c4,5,20,128,0.444369
Qwen/Qwen3-8B,c4,5,20,512,0.366711
Qwen/Qwen3-8B,c4,5,20,2048,0.186267
Qwen/Qwen3-8B,c4,5,21,128,0.521398
Qwen/Qwen3-8B,c4,5,21,512,0.422388
Qwen/Qwen3-8B,c4,5,21,2048,0.216145
Qwen/Qwen3-8B,c4,5,22,128,0.460655
Qwen/Qwen3-8B,c4,5,22,512,0.361382
Qwen/Qwen3-8B,c4,5,22,2048,0.160196
Qwen/Qwen3-8B,c4,5,23,128,0.555055
Qwen/Qwen3-8B,c4,5,23,512,0.457128
Qwen/Qwen3-8B,c4,5,23,2048,0.234225
Qwen/Qwen3-8B,c4,5,24,128,0.686572
Qwen/Qwen3-8B,c4,5,24,512,0.558225
Qwen/Qwen3-8B,c4,5,24,2048,0.265268
Qwen/Qwen3-8B,c4,5,25,128,0.682945
Qwen/Qwen3-8B,c4,5,25,512,0.543686
Qwen/Qwen3-8B,c4,5,25,2048,0.243459
Qwen/Qwen3-8B,c4,5,26,128,0.736981
Qwen/Qwen3-8B,c4,5,26,512,0.609033
Qwen/Qwen3-8B,c4,5,26,2048,0.306398
Qwen/Qwen3-8B,c4,5,27,128,0.745086
Qwen/Qwen3-8B,c4,5,27,512,0.608484
Qwen/Qwen3-8B,c4,5,27,2048,0.286405
Qwen/Qwen3-8B,c4,5,28,128,0.336208
Qwen/Qwen3-8B,c4,5,28,512,0.131833
Qwen/Qwen3-8B,c4,5,28,2048,0.029888
Qwen/Qwen3-8B,c4,5,29,128,0.383244
Qwen/Qwen3-8B,c4,5,29,512,0.259324
Qwen/Qwen3-8B,c4,5,29,2048,0.094588
Qwen/Qwen3-8B,c4,5,30,128,0.390347
Qwen/Qwen3-8B,c4,5,30,512,0.308365
Qwen/Qwen3-8B,c4,5,30,2048,0.131940
Qwen/Qwen3-8B,c4,5,31,128,0.471184
Qwen/Qwen3-8B,c4,5,31,512,0.346244
Qwen/Qwen3-8B,c4,5,31,2048,0.154858
Qwen/Qwen3-8B,c4,6,0,128,0.228030
Qwen/Qwen3-8B,c4,6,0,512,0.159604
Qwen/Qwen3-8B,c4,6,0,2048,0.068716
Qwen/Qwen3-8B,c4,6,1,128,0.362555
Qwen/Qwen3-8B,c4,6,1,512,0.252435
Qwen/Qwen3-8B,c4,6,1,2048,0.106496
Qwen/Qwen3-8B,c4,6,2,128,0.282055
Qwen/Qwen3-8B,c4,6,2,512,0.208890
Qwen/Qwen3-8B,c4,6,2,2048,0.088589
Qwen/Qwen3-8B,c4,6,3,128,0.264509
Qwen/Qwen3-8B,c4,6,3,512,0.181077
Qwen/Qwen3-8B,c4,6,3,2048,0.072560
Qwen/Qwen3-8B,c4,6,4,128,0.414162
Qwen/Qwen3-8B,c4,6,4,512,0.296974
Qwen/Qwen3-8B,c4,6,4,2048,0.116953
Qwen/Qwen3-8B,c4,6,5,128,0.420883
Qwen/Qwen3-8B,c4,6,5,512,0.221333
Qwen/Qwen3-8B,c4,6,5,2048,0.056398
Qwen/Qwen3-8B,c4,6,6,128,0.607631
Qwen/Qwen3-8B,c4,6,6,512,0.369393
Qwen/Qwen3-8B,c4,6,6,2048,0.119300
Qwen/Qwen3-8B,c4,6,7,128,0.541046
Qwen/Qwen3-8B,c4,6,7,512,0.308762
Qwen/Qwen3-8B,c4,6,7,2048,0.089996
Qwen/Qwen3-8B,c4,6,8,128,0.365896
Qwen/Qwen3-8B,c4,6,8,512,0.174605
Qwen/Qwen3-8B,c4,6,8,2048,0.055198
Qwen/Qwen3-8B,c4,6,9,128,0.265506
Qwen/Qwen3-8B,c4,6,9,512,0.154768
Qwen/Qwen3-8B,c4,6,9,2048,0.036057
Qwen/Qwen3-8B,c4,6,10,128,0.333971
Qwen/Qwen3-8B,c4,6,10,512,0.158972
Qwen/Qwen3-8B,c4,6,10,2048,0.039872
Qwen/Qwen3-8B,c4,6,11,128,0.267404
Qwen/Qwen3-8B,c4,6,11,512,0.156605
Qwen/Qwen3-8B,c4,6,11,2048,0.061251
Qwen/Qwen3-8B,c4,6,12,128,0.573707
Qwen/Qwen3-8B,c4,6,12,512,0.349649
Qwen/Qwen3-8B,c4,6,12,2048,0.096013
Qwen/Qwen3-8B,c4,6,13,128,0.564609
Qwen/Qwen3-8B,c4,6,13,512,0.438983
Qwen/Qwen3-8B,c4,6,13,2048,0.194375
Qwen/Qwen3-8B,c4,6,14,128,0.469349
Qwen/Qwen3-8B,c4,6,14,512,0.354935
Qwen/Qwen3-8B,c4,6,14,2048,0.155186
Qwen/Qwen3-8B,c4,6,15,128,0.259140
Qwen/Qwen3-8B,c4,6,15,512,0.186063
Qwen/Qwen3-8B,c4,6,15,2048,0.072829
Qwen/Qwen3-8B,c4,6,16,128,0.369652
Qwen/Qwen3-8B,c4,6,16,512,0.275177
Qwen/Qwen3-8B,c4,6,16,2048,0.130648
Qwen/Qwen3-8B,c4,6,17,128,0.212648
Qwen/Qwen3-8B,c4,6,17,512,0.154736
Qwen/Qwen3-8B,c4,6,17,2048,0.076029
Qwen/Qwen3-8B,c4,6,18,128,0.419824
Qwen/Qwen3-8B,c4,6,18,512,0.297906
Qwen/Qwen3-8B,c4,6,18,2048,0.121469
Qwen/Qwen3-8B,c4,6,19,128,0.310687
Qwen/Qwen3-8B,c4,6,19,512,0.236117
Qwen/Qwen3-8B,c4,6,19,2048,0.117117
Qwen/Qwen3-8B,c4,6,20,128,0.199149
Qwen/Qwen3-8B,c4,6,20,512,0.131491
Qwen/Qwen3-8B,c4,6,20,2048,0.048768
Qwen/Qwen3-8B,c4,6,21,128,0.215078
Qwen/Qwen3-8B,c4,6,21,512,0.140564
Qwen/Qwen3-8B,c4,6,21,2048,0.053158
Qwen/Qwen3-8B,c4,6,22,128,0.280875
Qwen/Qwen3-8B,c4,6,22,512,0.179272
Qwen/Qwen3-8B,c4,6,22,2048,0.066803
Qwen/Qwen3-8B,c4,6,23,128,0.121243
Qwen/Qwen3-8B,c4,6,23,512,0.081036
Qwen/Qwen3-8B,c4,6,23,2048,0.025467
Qwen/Qwen3-8B,c4,6,24,128,0.291124
Qwen/Qwen3-8B,c4,6,24,512,0.202460
Qwen/Qwen3-8B,c4,6,24,2048,0.097491
Qwen/Qwen3-8B,c4,6,25,128,0.451682
Qwen/Qwen3-8B,c4,6,25,512,0.273045
Qwen/Qwen3-8B,c4,6,25,2048,0.097729
Qwen/Qwen3-8B,c4,6,26,128,0.279630
Qwen/Qwen3-8B,c4,6,26,512,0.181921
Qwen/Qwen3-8B,c4,6,26,2048,0.067476
Qwen/Qwen3-8B,c4,6,27,128,0.407674
Qwen/Qwen3-8B,c4,6,27,512,0.288918
Qwen/Qwen3-8B,c4,6,27,2048,0.125339
Qwen/Qwen3-8B,c4,6,28,128,0.461633
Qwen/Qwen3-8B,c4,6,28,512,0.296936
Qwen/Qwen3-8B,c4,6,28,2048,0.101860
Qwen/Qwen3-8B,c4,6,29,128,0.380656
Qwen/Qwen3-8B,c4,6,29,512,0.278880
Qwen/Qwen3-8B,c4,6,29,2048,0.116790
Qwen/Qwen3-8B,c4,6,30,128,0.438641
Qwen/Qwen3-8B,c4,6,30,512,0.278989
Qwen/Qwen3-8B,c4,6,30,2048,0.086827
Qwen/Qwen3-8B,c4,6,31,128,0.544896
Qwen/Qwen3-8B,c4,6,31,512,0.415611
Qwen/Qwen3-8B,c4,6,31,2048,0.181467
Qwen/Qwen3-8B,c4,7,0,128,0.041008
Qwen/Qwen3-8B,c4,7,0,512,0.026027
Qwen/Qwen3-8B,c4,7,0,2048,0.005863
Qwen/Qwen3-8B,c4,7,1,128,0.203069
Qwen/Qwen3-8B,c4,7,1,512,0.057789
Qwen/Qwen3-8B,c4,7,1,2048,0.007999
Qwen/Qwen3-8B,c4,7,2,128,0.207839
Qwen/Qwen3-8B,c4,7,2,512,0.123504
Qwen/Qwen3-8B,c4,7,2,2048,0.024353
Qwen/Qwen3-8B,c4,7,3,128,0.354913
Qwen/Qwen3-8B,c4,7,3,512,0.186755
Qwen/Qwen3-8B,c4,7,3,2048,0.041210
Qwen/Qwen3-8B,c4,7,4,128,0.007545
Qwen/Qwen3-8B,c4,7,4,512,0.007347
Qwen/Qwen3-8B,c4,7,4,2048,0.007007
Qwen/Qwen3-8B,c4,7,5,128,0.068220
Qwen/Qwen3-8B,c4,7,5,512,0.015746
Qwen/Qwen3-8B,c4,7,5,2048,0.000834
Qwen/Qwen3-8B,c4,7,6,128,0.026780
Qwen/Qwen3-8B,c4,7,6,512,0.019019
Qwen/Qwen3-8B,c4,7,6,2048,0.006477
Qwen/Qwen3-8B,c4,7,7,128,0.117633
Qwen/Qwen3-8B,c4,7,7,512,0.091880
Qwen/Qwen3-8B,c4,7,7,2048,0.026853
Qwen/Qwen3-8B,c4,7,8,128,0.035492
Qwen/Qwen3-8B,c4,7,8,512,0.024682
Qwen/Qwen3-8B,c4,7,8,2048,0.005262
Qwen/Qwen3-8B,c4,7,9,128,0.027197
Qwen/Qwen3-8B,c4,7,9,512,0.014828
Qwen/Qwen3-8B,c4,7,9,2048,0.004801
Qwen/Qwen3-8B,c4,7,10,128,0.042366
Qwen/Qwen3-8B,c4,7,10,512,0.027073
Qwen/Qwen3-8B,c4,7,10,2048,0.009102
Qwen/Qwen3-8B,c4,7,11,128,0.092179
Qwen/Qwen3-8B,c4,7,11,512,0.058350
Qwen/Qwen3-8B,c4,7,11,2048,0.014871
Qwen/Qwen3-8B,c4,7,12,128,0.013382
Qwen/Qwen3-8B,c4,7,12,512,0.004827
Qwen/Qwen3-8B,c4,7,12,2048,0.000344
Qwen/Qwen3-8B,c4,7,13,128,0.021656
Qwen/Qwen3-8B,c4,7,13,512,0.015024
Qwen/Qwen3-8B,c4,7,13,2048,0.002856
Qwen/Qwen3-8B,c4,7,14,128,0.009686
Qwen/Qwen3-8B,c4,7,14,512,0.004751
Qwen/Qwen3-8B,c4,7,14,2048,0.000825
Qwen/Qwen3-8B,c4,7,15,128,0.007631
Qwen/Qwen3-8B,c4,7,15,512,0.004190
Qwen/Qwen3-8B,c4,7,15,2048,0.000926
Qwen/Qwen3-8B,c4,7,16,128,0.045980
Qwen/Qwen3-8B,c4,7,16,512,0.030168
Qwen/Qwen3-8B,c4,7,16,2048,0.004823
Qwen/Qwen3-8B,c4,7,17,128,0.026687
Qwen/Qwen3-8B,c4,7,17,512,0.018141
Qwen/Qwen3-8B,c4,7,17,2048,0.002847
Qwen/Qwen3-8B,c4,7,18,128,0.044936
Qwen/Qwen3-8B,c4,7,18,512,0.029676
Qwen/Qwen3-8B,c4,7,18,2048,0.005941
Qwen/Qwen3-8B,c4,7,19,128,0.029631
Qwen/Qwen3-8B,c4,7,19,512,0.020893
Qwen/Qwen3-8B,c4,7,19,2048,0.003660
Qwen/Qwen3-8B,c4,7,20,128,0.093603
Qwen/Qwen3-8B,c4,7,20,512,0.054451
Qwen/Qwen3-8B,c4,7,20,2048,0.010712
Qwen/Qwen3-8B,c4,7,21,128,0.093276
Qwen/Qwen3-8B,c4,7,21,512,0.057581
Qwen/Qwen3-8B,c4,7,21,2048,0.014773
Qwen/Qwen3-8B,c4,7,22,128,0.149403
Qwen/Qwen3-8B,c4,7,22,512,0.072198
Qwen/Qwen3-8B,c4,7,22,2048,0.016586
Qwen/Qwen3-8B,c4,7,23,128,0.096621
Qwen/Qwen3-8B,c4,7,23,512,0.041724
Qwen/Qwen3-8B,c4,7,23,2048,0.008288
Qwen/Qwen3-8B,c4,7,24,128,0.030494
Qwen/Qwen3-8B,c4,7,24,512,0.019375
Qwen/Qwen3-8B,c4,7,24,2048,0.003163
Qwen/Qwen3-8B,c4,7,25,128,0.039382
Qwen/Qwen3-8B,c4,7,25,512,0.023806
Qwen/Qwen3-8B,c4,7,25,2048,0.003670
Qwen/Qwen3-8B,c4,7,26,128,0.083848
Qwen/Qwen3-8B,c4,7,26,512,0.051455
Qwen/Qwen3-8B,c4,7,26,2048,0.006064
Qwen/Qwen3-8B,c4,7,27,128,0.026590
Qwen/Qwen3-8B,c4,7,27,512,0.018424
Qwen/Qwen3-8B,c4,7,27,2048,0.003997
Qwen/Qwen3-8B,c4,7,28,128,0.035412
Qwen/Qwen3-8B,c4,7,28,512,0.024349
Qwen/Qwen3-8B,c4,7,28,2048,0.006674
Qwen/Qwen3-8B,c4,7,29,128,0.041862
Qwen/Qwen3-8B,c4,7,29,512,0.027451
Qwen/Qwen3-8B,c4,7,29,2048,0.008866
Qwen/Qwen3-8B,c4,7,30,128,0.030446
Qwen/Qwen3-8B,c4,7,30,512,0.020800
Qwen/Qwen3-8B,c4,7,30,2048,0.005543
Qwen/Qwen3-8B,c4,7,31,128,0.032535
Qwen/Qwen3-8B,c4,7,31,512,0.020898
Qwen/Qwen3-8B,c4,7,31,2048,0.004517
Qwen/Qwen3-8B,c4,8,0,128,0.051739
Qwen/Qwen3-8B,c4,8,0,512,0.023174
Qwen/Qwen3-8B,c4,8,0,2048,0.015210
Qwen/Qwen3-8B,c4,8,1,128,0.042650
Qwen/Qwen3-8B,c4,8,1,512,0.021180
Qwen/Qwen3-8B,c4,8,1,2048,0.011927
Qwen/Qwen3-8B,c4,8,2,128,0.108436
Qwen/Qwen3-8B,c4,8,2,512,0.040132
Qwen/Qwen3-8B,c4,8,2,2048,0.014378
Qwen/Qwen3-8B,c4,8,3,128,0.079046
Qwen/Qwen3-8B,c4,8,3,512,0.038057
Qwen/Qwen3-8B,c4,8,3,2048,0.014485
Qwen/Qwen3-8B,c4,8,4,128,0.311729
Qwen/Qwen3-8B,c4,8,4,512,0.124297
Qwen/Qwen3-8B,c4,8,4,2048,0.043056
Qwen/Qwen3-8B,c4,8,5,128,0.082388
Qwen/Qwen3-8B,c4,8,5,512,0.038881
Qwen/Qwen3-8B,c4,8,5,2048,0.014838
Qwen/Qwen3-8B,c4,8,6,128,0.124174
Qwen/Qwen3-8B,c4,8,6,512,0.049747
Qwen/Qwen3-8B,c4,8,6,2048,0.020378
Qwen/Qwen3-8B,c4,8,7,128,0.249122
Qwen/Qwen3-8B,c4,8,7,512,0.129731
Qwen/Qwen3-8B,c4,8,7,2048,0.051752
Qwen/Qwen3-8B,c4,8,8,128,0.047628
Qwen/Qwen3-8B,c4,8,8,512,0.018078
Qwen/Qwen3-8B,c4,8,8,2048,0.009917
Qwen/Qwen3-8B,c4,8,9,128,0.022282
Qwen/Qwen3-8B,c4,8,9,512,0.009233
Qwen/Qwen3-8B,c4,8,9,2048,0.005887
Qwen/Qwen3-8B,c4,8,10,128,0.029879
Qwen/Qwen3-8B,c4,8,10,512,0.013129
Qwen/Qwen3-8B,c4,8,10,2048,0.007746
Qwen/Qwen3-8B,c4,8,11,128,0.038798
Qwen/Qwen3-8B,c4,8,11,512,0.016932
Qwen/Qwen3-8B,c4,8,11,2048,0.010501
Qwen/Qwen3-8B,c4,8,12,128,0.043161
Qwen/Qwen3-8B,c4,8,12,512,0.018699
Qwen/Qwen3-8B,c4,8,12,2048,0.011633
Qwen/Qwen3-8B,c4,8,13,128,0.047661
Qwen/Qwen3-8B,c4,8,13,512,0.021063
Qwen/Qwen3-8B,c4,8,13,2048,0.009254
Qwen/Qwen3-8B,c4,8,14,128,0.046933
Qwen/Qwen3-8B,c4,8,14,512,0.023528
Qwen/Qwen3-8B,c4,8,14,2048,0.011829
Qwen/Qwen3-8B,c4,8,15,128,0.065356
Qwen/Qwen3-8B,c4,8,15,512,0.033808
Qwen/Qwen3-8B,c4,8,15,2048,0.012797
Qwen/Qwen3-8B,c4,8,16,128,0.227859
Qwen/Qwen3-8B,c4,8,16,512,0.138973
Qwen/Qwen3-8B,c4,8,16,2048,0.035262
Qwen/Qwen3-8B,c4,8,17,128,0.147177
Qwen/Qwen3-8B,c4,8,17,512,0.076231
Qwen/Qwen3-8B,c4,8,17,2048,0.020099
Qwen/Qwen3-8B,c4,8,18,128,0.233955
Qwen/Qwen3-8B,c4,8,18,512,0.130827
Qwen/Qwen3-8B,c4,8,18,2048,0.032176
Qwen/Qwen3-8B,c4,8,19,128,0.266011
Qwen/Qwen3-8B,c4,8,19,512,0.139653
Qwen/Qwen3-8B,c4,8,19,2048,0.035187
Qwen/Qwen3-8B,c4,8,20,128,0.048725
Qwen/Qwen3-8B,c4,8,20,512,0.022869
Qwen/Qwen3-8B,c4,8,20,2048,0.009886
Qwen/Qwen3-8B,c4,8,21,128,0.020028
Qwen/Qwen3-8B,c4,8,21,512,0.011743
Qwen/Qwen3-8B,c4,8,21,2048,0.004896
Qwen/Qwen3-8B,c4,8,22,128,0.059584
Qwen/Qwen3-8B,c4,8,22,512,0.030614
Qwen/Qwen3-8B,c4,8,22,2048,0.010387
Qwen/Qwen3-8B,c4,8,23,128,0.099762
Qwen/Qwen3-8B,c4,8,23,512,0.045168
Qwen/Qwen3-8B,c4,8,23,2048,0.005187
Qwen/Qwen3-8B,c4,8,24,128,0.055010
Qwen/Qwen3-8B,c4,8,24,512,0.027318
Qwen/Qwen3-8B,c4,8,24,2048,0.012383
Qwen/Qwen3-8B,c4,8,25,128,0.106515
Qwen/Qwen3-8B,c4,8,25,512,0.058405
Qwen/Qwen3-8B,c4,8,25,2048,0.022569
Qwen/Qwen3-8B,c4,8,26,128,0.439212
Qwen/Qwen3-8B,c4,8,26,512,0.236042
Qwen/Qwen3-8B,c4,8,26,2048,0.056665
Qwen/Qwen3-8B,c4,8,27,128,0.122163
Qwen/Qwen3-8B,c4,8,27,512,0.035238
Qwen/Qwen3-8B,c4,8,27,2048,0.009935
Qwen/Qwen3-8B,c4,8,28,128,0.191949
Qwen/Qwen3-8B,c4,8,28,512,0.101356
Qwen/Qwen3-8B,c4,8,28,2048,0.040273
Qwen/Qwen3-8B,c4,8,29,128,0.128119
Qwen/Qwen3-8B,c4,8,29,512,0.054067
Qwen/Qwen3-8B,c4,8,29,2048,0.022480
Qwen/Qwen3-8B,c4,8,30,128,0.069697
Qwen/Qwen3-8B,c4,8,30,512,0.040020
Qwen/Qwen3-8B,c4,8,30,2048,0.021141
Qwen/Qwen3-8B,c4,8,31,128,0.062579
Qwen/Qwen3-8B,c4,8,31,512,0.034002
Qwen/Qwen3-8B,c4,8,31,2048,0.013286
Qwen/Qwen3-8B,c4,9,0,128,0.085161
Qwen/Qwen3-8B,c4,9,0,512,0.031462
Qwen/Qwen3-8B,c4,9,0,2048,0.009633
Qwen/Qwen3-8B,c4,9,1,128,0.052148
Qwen/Qwen3-8B,c4,9,1,512,0.027985
Qwen/Qwen3-8B,c4,9,1,2048,0.014156
Qwen/Qwen3-8B,c4,9,2,128,0.084271
Qwen/Qwen3-8B,c4,9,2,512,0.050320
Qwen/Qwen3-8B,c4,9,2,2048,0.018461
Qwen/Qwen3-8B,c4,9,3,128,0.052697
Qwen/Qwen3-8B,c4,9,3,512,0.026864
Qwen/Qwen3-8B,c4,9,3,2048,0.014510
Qwen/Qwen3-8B,c4,9,4,128,0.047389
Qwen/Qwen3-8B,c4,9,4,512,0.028456
Qwen/Qwen3-8B,c4,9,4,2048,0.010859
Qwen/Qwen3-8B,c4,9,5,128,0.031921
Qwen/Qwen3-8B,c4,9,5,512,0.022834
Qwen/Qwen3-8B,c4,9,5,2048,0.009020
Qwen/Qwen3-8B,c4,9,6,128,0.033851
Qwen/Qwen3-8B,c4,9,6,512,0.023127
Qwen/Qwen3-8B,c4,9,6,2048,0.008583
Qwen/Qwen3-8B,c4,9,7,128,0.034322
Qwen/Qwen3-8B,c4,9,7,512,0.025775
Qwen/Qwen3-8B,c4,9,7,2048,0.008492
Qwen/Qwen3-8B,c4,9,8,128,0.073134
Qwen/Qwen3-8B,c4,9,8,512,0.042193
Qwen/Qwen3-8B,c4,9,8,2048,0.010945
Qwen/Qwen3-8B,c4,9,9,128,0.035285
Qwen/Qwen3-8B,c4,9,9,512,0.017550
Qwen/Qwen3-8B,c4,9,9,2048,0.003291
Qwen/Qwen3-8B,c4,9,10,128,0.112969
Qwen/Qwen3-8B,c4,9,10,512,0.054286
Qwen/Qwen3-8B,c4,9,10,2048,0.013980
Qwen/Qwen3-8B,c4,9,11,128,0.075748
Qwen/Qwen3-8B,c4,9,11,512,0.038900
Qwen/Qwen3-8B,c4,9,11,2048,0.013238
Qwen/Qwen3-8B,c4,9,12,128,0.099896
Qwen/Qwen3-8B,c4,9,12,512,0.055547
Qwen/Qwen3-8B,c4,9,12,2048,0.016571
Qwen/Qwen3-8B,c4,9,13,128,0.267843
Qwen/Qwen3-8B,c4,9,13,512,0.136230
Qwen/Qwen3-8B,c4,9,13,2048,0.041406
Qwen/Qwen3-8B,c4,9,14,128,0.324111
Qwen/Qwen3-8B,c4,9,14,512,0.135941
Qwen/Qwen3-8B,c4,9,14,2048,0.041361
Qwen/Qwen3-8B,c4,9,15,128,0.088900
Qwen/Qwen3-8B,c4,9,15,512,0.032737
Qwen/Qwen3-8B,c4,9,15,2048,0.012173
Qwen/Qwen3-8B,c4,9,16,128,0.061260
Qwen/Qwen3-8B,c4,9,16,512,0.008574
Qwen/Qwen3-8B,c4,9,16,2048,0.001785
Qwen/Qwen3-8B,c4,9,17,128,0.257979
Qwen/Qwen3-8B,c4,9,17,512,0.136753
Qwen/Qwen3-8B,c4,9,17,2048,0.030474
Qwen/Qwen3-8B,c4,9,18,128,0.380604
Qwen/Qwen3-8B,c4,9,18,512,0.166547
Qwen/Qwen3-8B,c4,9,18,2048,0.005811
Qwen/Qwen3-8B,c4,9,19,128,0.097721
Qwen/Qwen3-8B,c4,9,19,512,0.106026
Qwen/Qwen3-8B,c4,9,19,2048,0.078552
Qwen/Qwen3-8B,c4,9,20,128,0.329173
Qwen/Qwen3-8B,c4,9,20,512,0.191198
Qwen/Qwen3-8B,c4,9,20,2048,0.066316
Qwen/Qwen3-8B,c4,9,21,128,0.075559
Qwen/Qwen3-8B,c4,9,21,512,0.038075
Qwen/Qwen3-8B,c4,9,21,2048,0.012034
Qwen/Qwen3-8B,c4,9,22,128,0.131724
Qwen/Qwen3-8B,c4,9,22,512,0.062742
Qwen/Qwen3-8B,c4,9,22,2048,0.025162
Qwen/Qwen3-8B,c4,9,23,128,0.182443
Qwen/Qwen3-8B,c4,9,23,512,0.081727
Qwen/Qwen3-8B,c4,9,23,2048,0.029398
Qwen/Qwen3-8B,c4,9,24,128,0.099355
Qwen/Qwen3-8B,c4,9,24,512,0.056404
Qwen/Qwen3-8B,c4,9,24,2048,0.014271
Qwen/Qwen3-8B,c4,9,25,128,0.142598
Qwen/Qwen3-8B,c4,9,25,512,0.061659
Qwen/Qwen3-8B,c4,9,25,2048,0.015724
Qwen/Qwen3-8B,c4,9,26,128,0.405735
Qwen/Qwen3-8B,c4,9,26,512,0.219548
Qwen/Qwen3-8B,c4,9,26,2048,0.046078
Qwen/Qwen3-8B,c4,9,27,128,0.251344
Qwen/Qwen3-8B,c4,9,27,512,0.146983
Qwen/Qwen3-8B,c4,9,27,2048,0.033923
Qwen/Qwen3-8B,c4,9,28,128,0.017851
Qwen/Qwen3-8B,c4,9,28,512,0.009495
Qwen/Qwen3-8B,c4,9,28,2048,0.002936
Qwen/Qwen3-8B,c4,9,29,128,0.137977
Qwen/Qwen3-8B,c4,9,29,512,0.075346
Qwen/Qwen3-8B,c4,9,29,2048,0.021111
Qwen/Qwen3-8B,c4,9,30,128,0.010834
Qwen/Qwen3-8B,c4,9,30,512,0.009904
Qwen/Qwen3-8B,c4,9,30,2048,0.005388
Qwen/Qwen3-8B,c4,9,31,128,0.031910
Qwen/Qwen3-8B,c4,9,31,512,0.017965
Qwen/Qwen3-8B,c4,9,31,2048,0.005422
Qwen/Qwen3-8B,c4,10,0,128,0.021437
Qwen/Qwen3-8B,c4,10,0,512,0.006983
Qwen/Qwen3-8B,c4,10,0,2048,0.000066
Qwen/Qwen3-8B,c4,10,1,128,0.055142
Qwen/Qwen3-8B,c4,10,1,512,0.020057
Qwen/Qwen3-8B,c4,10,1,2048,0.000193
Qwen/Qwen3-8B,c4,10,2,128,0.040735
Qwen/Qwen3-8B,c4,10,2,512,0.013093
Qwen/Qwen3-8B,c4,10,2,2048,0.000110
Qwen/Qwen3-8B,c4,10,3,128,0.022539
Qwen/Qwen3-8B,c4,10,3,512,0.006949
Qwen/Qwen3-8B,c4,10,3,2048,0.000061
Qwen/Qwen3-8B,c4,10,4,128,0.049417
Qwen/Qwen3-8B,c4,10,4,512,0.017878
Qwen/Qwen3-8B,c4,10,4,2048,0.000915
Qwen/Qwen3-8B,c4,10,5,128,0.034628
Qwen/Qwen3-8B,c4,10,5,512,0.013173
Qwen/Qwen3-8B,c4,10,5,2048,0.000660
Qwen/Qwen3-8B,c4,10,6,128,0.060547
Qwen/Qwen3-8B,c4,10,6,512,0.024973
Qwen/Qwen3-8B,c4,10,6,2048,0.001032
Qwen/Qwen3-8B,c4,10,7,128,0.072968
Qwen/Qwen3-8B,c4,10,7,512,0.021152
Qwen/Qwen3-8B,c4,10,7,2048,0.001160
Qwen/Qwen3-8B,c4,10,8,128,0.108229
Qwen/Qwen3-8B,c4,10,8,512,0.033336
Qwen/Qwen3-8B,c4,10,8,2048,0.001830
Qwen/Qwen3-8B,c4,10,9,128,0.159246
Qwen/Qwen3-8B,c4,10,9,512,0.058453
Qwen/Qwen3-8B,c4,10,9,2048,0.011004
Qwen/Qwen3-8B,c4,10,10,128,0.026637
Qwen/Qwen3-8B,c4,10,10,512,0.008433
Qwen/Qwen3-8B,c4,10,10,2048,0.000478
Qwen/Qwen3-8B,c4,10,11,128,0.062538
Qwen/Qwen3-8B,c4,10,11,512,0.022201
Qwen/Qwen3-8B,c4,10,11,2048,0.000786
Qwen/Qwen3-8B,c4,10,12,128,0.082378
Qwen/Qwen3-8B,c4,10,12,512,0.008635
Qwen/Qwen3-8B,c4,10,12,2048,0.000133
Qwen/Qwen3-8B,c4,10,13,128,0.023408
Qwen/Qwen3-8B,c4,10,13,512,0.010895
Qwen/Qwen3-8B,c4,10,13,2048,0.000089
Qwen/Qwen3-8B,c4,10,14,128,0.043206
Qwen/Qwen3-8B,c4,10,14,512,0.009326
Qwen/Qwen3-8B,c4,10,14,2048,0.000412
Qwen/Qwen3-8B,c4,10,15,128,0.031937
Qwen/Qwen3-8B,c4,10,15,512,0.010907
Qwen/Qwen3-8B,c4,10,15,2048,0.000361
Qwen/Qwen3-8B,c4,10,16,128,0.106759
Qwen/Qwen3-8B,c4,10,16,512,0.048580
Qwen/Qwen3-8B,c4,10,16,2048,0.005795
Qwen/Qwen3-8B,c4,10,17,128,0.039302
Qwen/Qwen3-8B,c4,10,17,512,0.016275
Qwen/Qwen3-8B,c4,10,17,2048,0.001470
Qwen/Qwen3-8B,c4,10,18,128,0.161125
Qwen/Qwen3-8B,c4,10,18,512,0.077795
Qwen/Qwen3-8B,c4,10,18,2048,0.008906
Qwen/Qwen3-8B,c4,10,19,128,0.072312
Qwen/Qwen3-8B,c4,10,19,512,0.026519
Qwen/Qwen3-8B,c4,10,19,2048,0.002889
Qwen/Qwen3-8B,c4,10,20,128,0.066533
Qwen/Qwen3-8B,c4,10,20,512,0.020088
Qwen/Qwen3-8B,c4,10,20,2048,0.002325
Qwen/Qwen3-8B,c4,10,21,128,0.151876
Qwen/Qwen3-8B,c4,10,21,512,0.069525
Qwen/Qwen3-8B,c4,10,21,2048,0.012003
Qwen/Qwen3-8B,c4,10,22,128,0.158461
Qwen/Qwen3-8B,c4,10,22,512,0.070229
Qwen/Qwen3-8B,c4,10,22,2048,0.014812
Qwen/Qwen3-8B,c4,10,23,128,0.256110
Qwen/Qwen3-8B,c4,10,23,512,0.116156
Qwen/Qwen3-8B,c4,10,23,2048,0.034216
Qwen/Qwen3-8B,c4,10,24,128,0.212537
Qwen/Qwen3-8B,c4,10,24,512,0.106394
Qwen/Qwen3-8B,c4,10,24,2048,0.033570
Qwen/Qwen3-8B,c4,10,25,128,0.069290
Qwen/Qwen3-8B,c4,10,25,512,0.029264
Qwen/Qwen3-8B,c4,10,25,2048,0.008898
Qwen/Qwen3-8B,c4,10,26,128,0.231634
Qwen/Qwen3-8B,c4,10,26,512,0.124310
Qwen/Qwen3-8B,c4,10,26,2048,0.037696
Qwen/Qwen3-8B,c4,10,27,128,0.091700
Qwen/Qwen3-8B,c4,10,27,512,0.035350
Qwen/Qwen3-8B,c4,10,27,2048,0.011501
Qwen/Qwen3-8B,c4,10,28,128,0.047944
Qwen/Qwen3-8B,c4,10,28,512,0.014584
Qwen/Qwen3-8B,c4,10,28,2048,0.000460
Qwen/Qwen3-8B,c4,10,29,128,0.173036
Qwen/Qwen3-8B,c4,10,29,512,0.067069
Qwen/Qwen3-8B,c4,10,29,2048,0.014208
Qwen/Qwen3-8B,c4,10,30,128,0.089290
Qwen/Qwen3-8B,c4,10,30,512,0.039469
Qwen/Qwen3-8B,c4,10,30,2048,0.006169
Qwen/Qwen3-8B,c4,10,31,128,0.046312
Qwen/Qwen3-8B,c4,10,31,512,0.018506
Qwen/Qwen3-8B,c4,10,31,2048,0.001058
Qwen/Qwen3-8B,c4,11,0,128,0.122851
Qwen/Qwen3-8B,c4,11,0,512,0.042851
Qwen/Qwen3-8B,c4,11,0,2048,0.010835
Qwen/Qwen3-8B,c4,11,1,128,0.118723
Qwen/Qwen3-8B,c4,11,1,512,0.051488
Qwen/Qwen3-8B,c4,11,1,2048,0.011038
Qwen/Qwen3-8B,c4,11,2,128,0.110364
Qwen/Qwen3-8B,c4,11,2,512,0.052428
Qwen/Qwen3-8B,c4,11,2,2048,0.011726
Qwen/Qwen3-8B,c4,11,3,128,0.322863
Qwen/Qwen3-8B,c4,11,3,512,0.126986
Qwen/Qwen3-8B,c4,11,3,2048,0.033605
Qwen/Qwen3-8B,c4,11,4,128,0.131416
Qwen/Qwen3-8B,c4,11,4,512,0.057892
Qwen/Qwen3-8B,c4,11,4,2048,0.017610
Qwen/Qwen3-8B,c4,11,5,128,0.055152
Qwen/Qwen3-8B,c4,11,5,512,0.024324
Qwen/Qwen3-8B,c4,11,5,2048,0.008346
Qwen/Qwen3-8B,c4,11,6,128,0.054266
Qwen/Qwen3-8B,c4,11,6,512,0.023106
Qwen/Qwen3-8B,c4,11,6,2048,0.007209
Qwen/Qwen3-8B,c4,11,7,128,0.040947
Qwen/Qwen3-8B,c4,11,7,512,0.016995
Qwen/Qwen3-8B,c4,11,7,2048,0.005849
Qwen/Qwen3-8B,c4,11,8,128,0.019650
Qwen/Qwen3-8B,c4,11,8,512,0.012485
Qwen/Qwen3-8B,c4,11,8,2048,0.004713
Qwen/Qwen3-8B,c4,11,9,128,0.148750
Qwen/Qwen3-8B,c4,11,9,512,0.127599
Qwen/Qwen3-8B,c4,11,9,2048,0.031245
Qwen/Qwen3-8B,c4,11,10,128,0.140505
Qwen/Qwen3-8B,c4,11,10,512,0.016119
Qwen/Qwen3-8B,c4,11,10,2048,0.001235
Qwen/Qwen3-8B,c4,11,11,128,0.064860
Qwen/Qwen3-8B,c4,11,11,512,0.026154
Qwen/Qwen3-8B,c4,11,11,2048,0.006094
Qwen/Qwen3-8B,c4,11,12,128,0.192383
Qwen/Qwen3-8B,c4,11,12,512,0.095175
Qwen/Qwen3-8B,c4,11,12,2048,0.032298
Qwen/Qwen3-8B,c4,11,13,128,0.107639
Qwen/Qwen3-8B,c4,11,13,512,0.043127
Qwen/Qwen3-8B,c4,11,13,2048,0.009747
Qwen/Qwen3-8B,c4,11,14,128,0.208310
Qwen/Qwen3-8B,c4,11,14,512,0.071962
Qwen/Qwen3-8B,c4,11,14,2048,0.020842
Qwen/Qwen3-8B,c4,11,15,128,0.054699
Qwen/Qwen3-8B,c4,11,15,512,0.023107
Qwen/Qwen3-8B,c4,11,15,2048,0.003573
Qwen/Qwen3-8B,c4,11,16,128,0.094604
Qwen/Qwen3-8B,c4,11,16,512,0.031202
Qwen/Qwen3-8B,c4,11,16,2048,0.002379
Qwen/Qwen3-8B,c4,11,17,128,0.063526
Qwen/Qwen3-8B,c4,11,17,512,0.024981
Qwen/Qwen3-8B,c4,11,17,2048,0.001329
Qwen/Qwen3-8B,c4,11,18,128,0.065958
Qwen/Qwen3-8B,c4,11,18,512,0.020739
Qwen/Qwen3-8B,c4,11,18,2048,0.002028
Qwen/Qwen3-8B,c4,11,19,128,0.027981
Qwen/Qwen3-8B,c4,11,19,512,0.010454
Qwen/Qwen3-8B,c4,11,19,2048,0.000806
Qwen/Qwen3-8B,c4,11,20,128,0.026326
Qwen/Qwen3-8B,c4,11,20,512,0.010027
Qwen/Qwen3-8B,c4,11,20,2048,0.000782
Qwen/Qwen3-8B,c4,11,21,128,0.052275
Qwen/Qwen3-8B,c4,11,21,512,0.024737
Qwen/Qwen3-8B,c4,11,21,2048,0.002341
Qwen/Qwen3-8B,c4,11,22,128,0.022746
Qwen/Qwen3-8B,c4,11,22,512,0.007940
Qwen/Qwen3-8B,c4,11,22,2048,0.000563
Qwen/Qwen3-8B,c4,11,23,128,0.020618
Qwen/Qwen3-8B,c4,11,23,512,0.008373
Qwen/Qwen3-8B,c4,11,23,2048,0.000645
Qwen/Qwen3-8B,c4,11,24,128,0.088619
Qwen/Qwen3-8B,c4,11,24,512,0.028269
Qwen/Qwen3-8B,c4,11,24,2048,0.004505
Qwen/Qwen3-8B,c4,11,25,128,0.071937
Qwen/Qwen3-8B,c4,11,25,512,0.032236
Qwen/Qwen3-8B,c4,11,25,2048,0.005496
Qwen/Qwen3-8B,c4,11,26,128,0.097528
Qwen/Qwen3-8B,c4,11,26,512,0.027491
Qwen/Qwen3-8B,c4,11,26,2048,0.004021
Qwen/Qwen3-8B,c4,11,27,128,0.108560
Qwen/Qwen3-8B,c4,11,27,512,0.043038
Qwen/Qwen3-8B,c4,11,27,2048,0.007376
Qwen/Qwen3-8B,c4,11,28,128,0.063455
Qwen/Qwen3-8B,c4,11,28,512,0.026697
Qwen/Qwen3-8B,c4,11,28,2048,0.004850
Qwen/Qwen3-8B,c4,11,29,128,0.093070
Qwen/Qwen3-8B,c4,11,29,512,0.031068
Qwen/Qwen3-8B,c4,11,29,2048,0.002648
Qwen/Qwen3-8B,c4,11,30,128,0.021780
Qwen/Qwen3-8B,c4,11,30,512,0.011392
Qwen/Qwen3-8B,c4,11,30,2048,0.001220
Qwen/Qwen3-8B,c4,11,31,128,0.041878
Qwen/Qwen3-8B,c4,11,31,512,0.015467
Qwen/Qwen3-8B,c4,11,31,2048,0.002347
Qwen/Qwen3-8B,c4,12,0,128,0.026621
Qwen/Qwen3-8B,c4,12,0,512,0.017170
Qwen/Qwen3-8B,c4,12,0,2048,0.002351
Qwen/Qwen3-8B,c4,12,1,128,0.049530
Qwen/Qwen3-8B,c4,12,1,512,0.024076
Qwen/Qwen3-8B,c4,12,1,2048,0.003686
Qwen/Qwen3-8B,c4,12,2,128,0.020936
Qwen/Qwen3-8B,c4,12,2,512,0.014492
Qwen/Qwen3-8B,c4,12,2,2048,0.001866
Qwen/Qwen3-8B,c4,12,3,128,0.335000
Qwen/Qwen3-8B,c4,12,3,512,0.176058
Qwen/Qwen3-8B,c4,12,3,2048,0.042820
Qwen/Qwen3-8B,c4,12,4,128,0.067170
Qwen/Qwen3-8B,c4,12,4,512,0.025489
Qwen/Qwen3-8B,c4,12,4,2048,0.003524
Qwen/Qwen3-8B,c4,12,5,128,0.047125
Qwen/Qwen3-8B,c4,12,5,512,0.020958
Qwen/Qwen3-8B,c4,12,5,2048,0.003509
Qwen/Qwen3-8B,c4,12,6,128,0.055406
Qwen/Qwen3-8B,c4,12,6,512,0.025525
Qwen/Qwen3-8B,c4,12,6,2048,0.003446
Qwen/Qwen3-8B,c4,12,7,128,0.064456
Qwen/Qwen3-8B,c4,12,7,512,0.023981
Qwen/Qwen3-8B,c4,12,7,2048,0.002990
Qwen/Qwen3-8B,c4,12,8,128,0.090031
Qwen/Qwen3-8B,c4,12,8,512,0.036218
Qwen/Qwen3-8B,c4,12,8,2048,0.007080
Qwen/Qwen3-8B,c4,12,9,128,0.101529
Qwen/Qwen3-8B,c4,12,9,512,0.042176
Qwen/Qwen3-8B,c4,12,9,2048,0.015316
Qwen/Qwen3-8B,c4,12,10,128,0.099932
Qwen/Qwen3-8B,c4,12,10,512,0.030381
Qwen/Qwen3-8B,c4,12,10,2048,0.006765
Qwen/Qwen3-8B,c4,12,11,128,0.061754
Qwen/Qwen3-8B,c4,12,11,512,0.022783
Qwen/Qwen3-8B,c4,12,11,2048,0.005474
Qwen/Qwen3-8B,c4,12,12,128,0.063168
Qwen/Qwen3-8B,c4,12,12,512,0.023749
Qwen/Qwen3-8B,c4,12,12,2048,0.004694
Qwen/Qwen3-8B,c4,12,13,128,0.078119
Qwen/Qwen3-8B,c4,12,13,512,0.033028
Qwen/Qwen3-8B,c4,12,13,2048,0.006126
Qwen/Qwen3-8B,c4,12,14,128,0.070535
Qwen/Qwen3-8B,c4,12,14,512,0.031710
Qwen/Qwen3-8B,c4,12,14,2048,0.007351
Qwen/Qwen3-8B,c4,12,15,128,0.052711
Qwen/Qwen3-8B,c4,12,15,512,0.022805
Qwen/Qwen3-8B,c4,12,15,2048,0.004546
Qwen/Qwen3-8B,c4,12,16,128,0.046990
Qwen/Qwen3-8B,c4,12,16,512,0.021686
Qwen/Qwen3-8B,c4,12,16,2048,0.004346
Qwen/Qwen3-8B,c4,12,17,128,0.476405
Qwen/Qwen3-8B,c4,12,17,512,0.227548
Qwen/Qwen3-8B,c4,12,17,2048,0.054984
Qwen/Qwen3-8B,c4,12,18,128,0.469191
Qwen/Qwen3-8B,c4,12,18,512,0.249452
Qwen/Qwen3-8B,c4,12,18,2048,0.103477
Qwen/Qwen3-8B,c4,12,19,128,0.206441
Qwen/Qwen3-8B,c4,12,19,512,0.102514
Qwen/Qwen3-8B,c4,12,19,2048,0.032958
Qwen/Qwen3-8B,c4,12,20,128,0.312950
Qwen/Qwen3-8B,c4,12,20,512,0.155132
Qwen/Qwen3-8B,c4,12,20,2048,0.044480
Qwen/Qwen3-8B,c4,12,21,128,0.184403
Qwen/Qwen3-8B,c4,12,21,512,0.102942
Qwen/Qwen3-8B,c4,12,21,2048,0.025724
Qwen/Qwen3-8B,c4,12,22,128,0.141272
Qwen/Qwen3-8B,c4,12,22,512,0.054283
Qwen/Qwen3-8B,c4,12,22,2048,0.014621
Qwen/Qwen3-8B,c4,12,23,128,0.302676
Qwen/Qwen3-8B,c4,12,23,512,0.155823
Qwen/Qwen3-8B,c4,12,23,2048,0.049216
Qwen/Qwen3-8B,c4,12,24,128,0.311242
Qwen/Qwen3-8B,c4,12,24,512,0.174714
Qwen/Qwen3-8B,c4,12,24,2048,0.054428
Qwen/Qwen3-8B,c4,12,25,128,0.009110
Qwen/Qwen3-8B,c4,12,25,512,0.004266
Qwen/Qwen3-8B,c4,12,25,2048,0.001164
Qwen/Qwen3-8B,c4,12,26,128,0.241843
Qwen/Qwen3-8B,c4,12,26,512,0.132734
Qwen/Qwen3-8B,c4,12,26,2048,0.038987
Qwen/Qwen3-8B,c4,12,27,128,0.092334
Qwen/Qwen3-8B,c4,12,27,512,0.035294
Qwen/Qwen3-8B,c4,12,27,2048,0.007789
Qwen/Qwen3-8B,c4,12,28,128,0.125988
Qwen/Qwen3-8B,c4,12,28,512,0.056893
Qwen/Qwen3-8B,c4,12,28,2048,0.014618
Qwen/Qwen3-8B,c4,12,29,128,0.047329
Qwen/Qwen3-8B,c4,12,29,512,0.024551
Qwen/Qwen3-8B,c4,12,29,2048,0.010349
Qwen/Qwen3-8B,c4,12,30,128,0.141810
Qwen/Qwen3-8B,c4,12,30,512,0.068421
Qwen/Qwen3-8B,c4,12,30,2048,0.020022
Qwen/Qwen3-8B,c4,12,31,128,0.048107
Qwen/Qwen3-8B,c4,12,31,512,0.019913
Qwen/Qwen3-8B,c4,12,31,2048,0.006910
Qwen/Qwen3-8B,c4,13,0,128,0.253012
Qwen/Qwen3-8B,c4,13,0,512,0.101092
Qwen/Qwen3-8B,c4,13,0,2048,0.026664
Qwen/Qwen3-8B,c4,13,1,128,0.197803
Qwen/Qwen3-8B,c4,13,1,512,0.069415
Qwen/Qwen3-8B,c4,13,1,2048,0.018499
Qwen/Qwen3-8B,c4,13,2,128,0.204421
Qwen/Qwen3-8B,c4,13,2,512,0.073283
Qwen/Qwen3-8B,c4,13,2,2048,0.016591
Qwen/Qwen3-8B,c4,13,3,128,0.308770
Qwen/Qwen3-8B,c4,13,3,512,0.143773
Qwen/Qwen3-8B,c4,13,3,2048,0.039492
Qwen/Qwen3-8B,c4,13,4,128,0.036300
Qwen/Qwen3-8B,c4,13,4,512,0.026500
Qwen/Qwen3-8B,c4,13,4,2048,0.010229
Qwen/Qwen3-8B,c4,13,5,128,0.053364
Qwen/Qwen3-8B,c4,13,5,512,0.039927
Qwen/Qwen3-8B,c4,13,5,2048,0.012729
Qwen/Qwen3-8B,c4,13,6,128,0.046375
Qwen/Qwen3-8B,c4,13,6,512,0.035440
Qwen/Qwen3-8B,c4,13,6,2048,0.014595
Qwen/Qwen3-8B,c4,13,7,128,0.034975
Qwen/Qwen3-8B,c4,13,7,512,0.027081
Qwen/Qwen3-8B,c4,13,7,2048,0.010739
Qwen/Qwen3-8B,c4,13,8,128,0.137479
Qwen/Qwen3-8B,c4,13,8,512,0.055206
Qwen/Qwen3-8B,c4,13,8,2048,0.018613
Qwen/Qwen3-8B,c4,13,9,128,0.089437
Qwen/Qwen3-8B,c4,13,9,512,0.024243
Qwen/Qwen3-8B,c4,13,9,2048,0.010408
Qwen/Qwen3-8B,c4,13,10,128,0.338033
Qwen/Qwen3-8B,c4,13,10,512,0.108765
Qwen/Qwen3-8B,c4,13,10,2048,0.019972
Qwen/Qwen3-8B,c4,13,11,128,0.134904
Qwen/Qwen3-8B,c4,13,11,512,0.116864
Qwen/Qwen3-8B,c4,13,11,2048,0.055506
Qwen/Qwen3-8B,c4,13,12,128,0.000141
Qwen/Qwen3-8B,c4,13,12,512,0.000119
Qwen/Qwen3-8B,c4,13,12,2048,0.000059
Qwen/Qwen3-8B,c4,13,13,128,0.149254
Qwen/Qwen3-8B,c4,13,13,512,0.065486
Qwen/Qwen3-8B,c4,13,13,2048,0.017544
Qwen/Qwen3-8B,c4,13,14,128,0.095417
Qwen/Qwen3-8B,c4,13,14,512,0.036112
Qwen/Qwen3-8B,c4,13,14,2048,0.009162
Qwen/Qwen3-8B,c4,13,15,128,0.060737
Qwen/Qwen3-8B,c4,13,15,512,0.032610
Qwen/Qwen3-8B,c4,13,15,2048,0.008648
Qwen/Qwen3-8B,c4,13,16,128,0.272633
Qwen/Qwen3-8B,c4,13,16,512,0.117534
Qwen/Qwen3-8B,c4,13,16,2048,0.030001
Qwen/Qwen3-8B,c4,13,17,128,0.149032
Qwen/Qwen3-8B,c4,13,17,512,0.053141
Qwen/Qwen3-8B,c4,13,17,2048,0.013983
Qwen/Qwen3-8B,c4,13,18,128,0.235012
Qwen/Qwen3-8B,c4,13,18,512,0.090621
Qwen/Qwen3-8B,c4,13,18,2048,0.022247
Qwen/Qwen3-8B,c4,13,19,128,0.184235
Qwen/Qwen3-8B,c4,13,19,512,0.062832
Qwen/Qwen3-8B,c4,13,19,2048,0.013608
Qwen/Qwen3-8B,c4,13,20,128,0.011671
Qwen/Qwen3-8B,c4,13,20,512,0.005709
Qwen/Qwen3-8B,c4,13,20,2048,0.001730
Qwen/Qwen3-8B,c4,13,21,128,0.034299
Qwen/Qwen3-8B,c4,13,21,512,0.018362
Qwen/Qwen3-8B,c4,13,21,2048,0.003505
Qwen/Qwen3-8B,c4,13,22,128,0.083110
Qwen/Qwen3-8B,c4,13,22,512,0.031129
Qwen/Qwen3-8B,c4,13,22,2048,0.005105
Qwen/Qwen3-8B,c4,13,23,128,0.037957
Qwen/Qwen3-8B,c4,13,23,512,0.019329
Qwen/Qwen3-8B,c4,13,23,2048,0.003671
Qwen/Qwen3-8B,c4,13,24,128,0.050245
Qwen/Qwen3-8B,c4,13,24,512,0.027911
Qwen/Qwen3-8B,c4,13,24,2048,0.009076
Qwen/Qwen3-8B,c4,13,25,128,0.049989
Qwen/Qwen3-8B,c4,13,25,512,0.034506
Qwen/Qwen3-8B,c4,13,25,2048,0.013209
Qwen/Qwen3-8B,c4,13,26,128,0.244729
Qwen/Qwen3-8B,c4,13,26,512,0.116691
Qwen/Qwen3-8B,c4,13,26,2048,0.029777
Qwen/Qwen3-8B,c4,13,27,128,0.251254
Qwen/Qwen3-8B,c4,13,27,512,0.088085
Qwen/Qwen3-8B,c4,13,27,2048,0.018423
Qwen/Qwen3-8B,c4,13,28,128,0.247976
Qwen/Qwen3-8B,c4,13,28,512,0.143991
Qwen/Qwen3-8B,c4,13,28,2048,0.035000
Qwen/Qwen3-8B,c4,13,29,128,0.151185
Qwen/Qwen3-8B,c4,13,29,512,0.075672
Qwen/Qwen3-8B,c4,13,29,2048,0.019968
Qwen/Qwen3-8B,c4,13,30,128,0.038654
Qwen/Qwen3-8B,c4,13,30,512,0.013926
Qwen/Qwen3-8B,c4,13,30,2048,0.003425
Qwen/Qwen3-8B,c4,13,31,128,0.243881
Qwen/Qwen3-8B,c4,13,31,512,0.119621
Qwen/Qwen3-8B,c4,13,31,2048,0.026372
Qwen/Qwen3-8B,c4,14,0,128,0.014009
Qwen/Qwen3-8B,c4,14,0,512,0.006349
Qwen/Qwen3-8B,c4,14,0,2048,0.000162
Qwen/Qwen3-8B,c4,14,1,128,0.028212
Qwen/Qwen3-8B,c4,14,1,512,0.014170
Qwen/Qwen3-8B,c4,14,1,2048,0.000368
Qwen/Qwen3-8B,c4,14,2,128,0.031083
Qwen/Qwen3-8B,c4,14,2,512,0.017594
Qwen/Qwen3-8B,c4,14,2,2048,0.000685
Qwen/Qwen3-8B,c4,14,3,128,0.026244
Qwen/Qwen3-8B,c4,14,3,512,0.013636
Qwen/Qwen3-8B,c4,14,3,2048,0.000975
Qwen/Qwen3-8B,c4,14,4,128,0.210512
Qwen/Qwen3-8B,c4,14,4,512,0.083792
Qwen/Qwen3-8B,c4,14,4,2048,0.024671
Qwen/Qwen3-8B,c4,14,5,128,0.195382
Qwen/Qwen3-8B,c4,14,5,512,0.081026
Qwen/Qwen3-8B,c4,14,5,2048,0.023284
Qwen/Qwen3-8B,c4,14,6,128,0.160500
Qwen/Qwen3-8B,c4,14,6,512,0.052885
Qwen/Qwen3-8B,c4,14,6,2048,0.017465
Qwen/Qwen3-8B,c4,14,7,128,0.118040
Qwen/Qwen3-8B,c4,14,7,512,0.036166
Qwen/Qwen3-8B,c4,14,7,2048,0.009446
Qwen/Qwen3-8B,c4,14,8,128,0.061184
Qwen/Qwen3-8B,c4,14,8,512,0.021332
Qwen/Qwen3-8B,c4,14,8,2048,0.001528
Qwen/Qwen3-8B,c4,14,9,128,0.058526
Qwen/Qwen3-8B,c4,14,9,512,0.021996
Qwen/Qwen3-8B,c4,14,9,2048,0.001723
Qwen/Qwen3-8B,c4,14,10,128,0.055025
Qwen/Qwen3-8B,c4,14,10,512,0.020482
Qwen/Qwen3-8B,c4,14,10,2048,0.001745
Qwen/Qwen3-8B,c4,14,11,128,0.047132
Qwen/Qwen3-8B,c4,14,11,512,0.019101
Qwen/Qwen3-8B,c4,14,11,2048,0.001643
Qwen/Qwen3-8B,c4,14,12,128,0.166847
Qwen/Qwen3-8B,c4,14,12,512,0.070258
Qwen/Qwen3-8B,c4,14,12,2048,0.018144
Qwen/Qwen3-8B,c4,14,13,128,0.280417
Qwen/Qwen3-8B,c4,14,13,512,0.119492
Qwen/Qwen3-8B,c4,14,13,2048,0.033148
Qwen/Qwen3-8B,c4,14,14,128,0.229896
Qwen/Qwen3-8B,c4,14,14,512,0.099984
Qwen/Qwen3-8B,c4,14,14,2048,0.027556
Qwen/Qwen3-8B,c4,14,15,128,0.318549
Qwen/Qwen3-8B,c4,14,15,512,0.147655
Qwen/Qwen3-8B,c4,14,15,2048,0.035946
Qwen/Qwen3-8B,c4,14,16,128,0.103848
Qwen/Qwen3-8B,c4,14,16,512,0.033742
Qwen/Qwen3-8B,c4,14,16,2048,0.009449
Qwen/Qwen3-8B,c4,14,17,128,0.511204
Qwen/Qwen3-8B,c4,14,17,512,0.261881
Qwen/Qwen3-8B,c4,14,17,2048,0.055902
Qwen/Qwen3-8B,c4,14,18,128,0.107245
Qwen/Qwen3-8B,c4,14,18,512,0.029706
Qwen/Qwen3-8B,c4,14,18,2048,0.007422
Qwen/Qwen3-8B,c4,14,19,128,0.101902
Qwen/Qwen3-8B,c4,14,19,512,0.027661
Qwen/Qwen3-8B,c4,14,19,2048,0.006661
Qwen/Qwen3-8B,c4,14,20,128,0.025303
Qwen/Qwen3-8B,c4,14,20,512,0.012066
Qwen/Qwen3-8B,c4,14,20,2048,0.001823
Qwen/Qwen3-8B,c4,14,21,128,0.027199
Qwen/Qwen3-8B,c4,14,21,512,0.013051
Qwen/Qwen3-8B,c4,14,21,2048,0.002365
Qwen/Qwen3-8B,c4,14,22,128,0.023077
Qwen/Qwen3-8B,c4,14,22,512,0.016573
Qwen/Qwen3-8B,c4,14,22,2048,0.001248
Qwen/Qwen3-8B,c4,14,23,128,0.029253
Qwen/Qwen3-8B,c4,14,23,512,0.016422
Qwen/Qwen3-8B,c4,14,23,2048,0.001507
Qwen/Qwen3-8B,c4,14,24,128,0.154281
Qwen/Qwen3-8B,c4,14,24,512,0.068718
Qwen/Qwen3-8B,c4,14,24,2048,0.012056
Qwen/Qwen3-8B,c4,14,25,128,0.197925
Qwen/Qwen3-8B,c4,14,25,512,0.091321
Qwen/Qwen3-8B,c4,14,25,2048,0.015735
Qwen/Qwen3-8B,c4,14,26,128,0.042360
Qwen/Qwen3-8B,c4,14,26,512,0.023184
Qwen/Qwen3-8B,c4,14,26,2048,0.003434
Qwen/Qwen3-8B,c4,14,27,128,0.112716
Qwen/Qwen3-8B,c4,14,27,512,0.040181
Qwen/Qwen3-8B,c4,14,27,2048,0.009311
Qwen/Qwen3-8B,c4,14,28,128,0.042965
Qwen/Qwen3-8B,c4,14,28,512,0.027570
Qwen/Qwen3-8B,c4,14,28,2048,0.005995
Qwen/Qwen3-8B,c4,14,29,128,0.047088
Qwen/Qwen3-8B,c4,14,29,512,0.029586
Qwen/Qwen3-8B,c4,14,29,2048,0.005762
Qwen/Qwen3-8B,c4,14,30,128,0.039210
Qwen/Qwen3-8B,c4,14,30,512,0.028014
Qwen/Qwen3-8B,c4,14,30,2048,0.007968
Qwen/Qwen3-8B,c4,14,31,128,0.093111
Qwen/Qwen3-8B,c4,14,31,512,0.040025
Qwen/Qwen3-8B,c4,14,31,2048,0.007831
Qwen/Qwen3-8B,c4,15,0,128,0.446947
Qwen/Qwen3-8B,c4,15,0,512,0.211575
Qwen/Qwen3-8B,c4,15,0,2048,0.058522
Qwen/Qwen3-8B,c4,15,1,128,0.105809
Qwen/Qwen3-8B,c4,15,1,512,0.052241
Qwen/Qwen3-8B,c4,15,1,2048,0.020187
Qwen/Qwen3-8B,c4,15,2,128,0.435477
Qwen/Qwen3-8B,c4,15,2,512,0.185803
Qwen/Qwen3-8B,c4,15,2,2048,0.044434
Qwen/Qwen3-8B,c4,15,3,128,0.084997
Qwen/Qwen3-8B,c4,15,3,512,0.035417
Qwen/Qwen3-8B,c4,15,3,2048,0.013903
Qwen/Qwen3-8B,c4,15,4,128,0.147099
Qwen/Qwen3-8B,c4,15,4,512,0.059897
Qwen/Qwen3-8B,c4,15,4,2048,0.014678
Qwen/Qwen3-8B,c4,15,5,128,0.107391
Qwen/Qwen3-8B,c4,15,5,512,0.046576
Qwen/Qwen3-8B,c4,15,5,2048,0.010196
Qwen/Qwen3-8B,c4,15,6,128,0.068528
Qwen/Qwen3-8B,c4,15,6,512,0.030822
Qwen/Qwen3-8B,c4,15,6,2048,0.008067
Qwen/Qwen3-8B,c4,15,7,128,0.086354
Qwen/Qwen3-8B,c4,15,7,512,0.025576
Qwen/Qwen3-8B,c4,15,7,2048,0.005760
Qwen/Qwen3-8B,c4,15,8,128,0.418046
Qwen/Qwen3-8B,c4,15,8,512,0.220141
Qwen/Qwen3-8B,c4,15,8,2048,0.065988
Qwen/Qwen3-8B,c4,15,9,128,0.311482
Qwen/Qwen3-8B,c4,15,9,512,0.131722
Qwen/Qwen3-8B,c4,15,9,2048,0.037084
Qwen/Qwen3-8B,c4,15,10,128,0.164718
Qwen/Qwen3-8B,c4,15,10,512,0.096456
Qwen/Qwen3-8B,c4,15,10,2048,0.029763
Qwen/Qwen3-8B,c4,15,11,128,0.361146
Qwen/Qwen3-8B,c4,15,11,512,0.214921
Qwen/Qwen3-8B,c4,15,11,2048,0.062704
Qwen/Qwen3-8B,c4,15,12,128,0.085920
Qwen/Qwen3-8B,c4,15,12,512,0.027236
Qwen/Qwen3-8B,c4,15,12,2048,0.006275
Qwen/Qwen3-8B,c4,15,13,128,0.111689
Qwen/Qwen3-8B,c4,15,13,512,0.040867
Qwen/Qwen3-8B,c4,15,13,2048,0.008674
Qwen/Qwen3-8B,c4,15,14,128,0.060903
Qwen/Qwen3-8B,c4,15,14,512,0.028320
Qwen/Qwen3-8B,c4,15,14,2048,0.006297
Qwen/Qwen3-8B,c4,15,15,128,0.183434
Qwen/Qwen3-8B,c4,15,15,512,0.064987
Qwen/Qwen3-8B,c4,15,15,2048,0.014496
Qwen/Qwen3-8B,c4,15,16,128,0.185041
Qwen/Qwen3-8B,c4,15,16,512,0.065074
Qwen/Qwen3-8B,c4,15,16,2048,0.012166
Qwen/Qwen3-8B,c4,15,17,128,0.168603
Qwen/Qwen3-8B,c4,15,17,512,0.045504
Qwen/Qwen3-8B,c4,15,17,2048,0.006933
Qwen/Qwen3-8B,c4,15,18,128,0.043662
Qwen/Qwen3-8B,c4,15,18,512,0.018611
Qwen/Qwen3-8B,c4,15,18,2048,0.003594
Qwen/Qwen3-8B,c4,15,19,128,0.128763
Qwen/Qwen3-8B,c4,15,19,512,0.039666
Qwen/Qwen3-8B,c4,15,19,2048,0.006386
Qwen/Qwen3-8B,c4,15,20,128,0.047616
Qwen/Qwen3-8B,c4,15,20,512,0.034491
Qwen/Qwen3-8B,c4,15,20,2048,0.006150
Qwen/Qwen3-8B,c4,15,21,128,0.032766
Qwen/Qwen3-8B,c4,15,21,512,0.026421
Qwen/Qwen3-8B,c4,15,21,2048,0.006966
Qwen/Qwen3-8B,c4,15,22,128,0.018159
Qwen/Qwen3-8B,c4,15,22,512,0.013472
Qwen/Qwen3-8B,c4,15,22,2048,0.004187
Qwen/Qwen3-8B,c4,15,23,128,0.023409
Qwen/Qwen3-8B,c4,15,23,512,0.017174
Qwen/Qwen3-8B,c4,15,23,2048,0.003003
Qwen/Qwen3-8B,c4,15,24,128,0.254577
Qwen/Qwen3-8B,c4,15,24,512,0.073421
Qwen/Qwen3-8B,c4,15,24,2048,0.012047
Qwen/Qwen3-8B,c4,15,25,128,0.030893
Qwen/Qwen3-8B,c4,15,25,512,0.011154
Qwen/Qwen3-8B,c4,15,25,2048,0.003851
Qwen/Qwen3-8B,c4,15,26,128,0.034662
Qwen/Qwen3-8B,c4,15,26,512,0.023007
Qwen/Qwen3-8B,c4,15,26,2048,0.006731
Qwen/Qwen3-8B,c4,15,27,128,0.018223
Qwen/Qwen3-8B,c4,15,27,512,0.009835
Qwen/Qwen3-8B,c4,15,27,2048,0.002956
Qwen/Qwen3-8B,c4,15,28,128,0.037493
Qwen/Qwen3-8B,c4,15,28,512,0.025974
Qwen/Qwen3-8B,c4,15,28,2048,0.009239
Qwen/Qwen3-8B,c4,15,29,128,0.278294
Qwen/Qwen3-8B,c4,15,29,512,0.106188
Qwen/Qwen3-8B,c4,15,29,2048,0.024193
Qwen/Qwen3-8B,c4,15,30,128,0.067852
Qwen/Qwen3-8B,c4,15,30,512,0.028892
Qwen/Qwen3-8B,c4,15,30,2048,0.008538
Qwen/Qwen3-8B,c4,15,31,128,0.045183
Qwen/Qwen3-8B,c4,15,31,512,0.021315
Qwen/Qwen3-8B,c4,15,31,2048,0.007597
Qwen/Qwen3-8B,c4,16,0,128,0.175738
Qwen/Qwen3-8B,c4,16,0,512,0.058804
Qwen/Qwen3-8B,c4,16,0,2048,0.015563
Qwen/Qwen3-8B,c4,16,1,128,0.218068
Qwen/Qwen3-8B,c4,16,1,512,0.089373
Qwen/Qwen3-8B,c4,16,1,2048,0.024809
Qwen/Qwen3-8B,c4,16,2,128,0.101466
Qwen/Qwen3-8B,c4,16,2,512,0.035815
Qwen/Qwen3-8B,c4,16,2,2048,0.009246
Qwen/Qwen3-8B,c4,16,3,128,0.123248
Qwen/Qwen3-8B,c4,16,3,512,0.052429
Qwen/Qwen3-8B,c4,16,3,2048,0.014350
Qwen/Qwen3-8B,c4,16,4,128,0.058409
Qwen/Qwen3-8B,c4,16,4,512,0.027200
Qwen/Qwen3-8B,c4,16,4,2048,0.008636
Qwen/Qwen3-8B,c4,16,5,128,0.078053
Qwen/Qwen3-8B,c4,16,5,512,0.034506
Qwen/Qwen3-8B,c4,16,5,2048,0.012261
Qwen/Qwen3-8B,c4,16,6,128,0.087633
Qwen/Qwen3-8B,c4,16,6,512,0.039800
Qwen/Qwen3-8B,c4,16,6,2048,0.012783
Qwen/Qwen3-8B,c4,16,7,128,0.167621
Qwen/Qwen3-8B,c4,16,7,512,0.059880
Qwen/Qwen3-8B,c4,16,7,2048,0.014650
Qwen/Qwen3-8B,c4,16,8,128,0.026200
Qwen/Qwen3-8B,c4,16,8,512,0.010703
Qwen/Qwen3-8B,c4,16,8,2048,0.005703
Qwen/Qwen3-8B,c4,16,9,128,0.065683
Qwen/Qwen3-8B,c4,16,9,512,0.018828
Qwen/Qwen3-8B,c4,16,9,2048,0.004967
Qwen/Qwen3-8B,c4,16,10,128,0.125352
Qwen/Qwen3-8B,c4,16,10,512,0.034971
Qwen/Qwen3-8B,c4,16,10,2048,0.007757
Qwen/Qwen3-8B,c4,16,11,128,0.020804
Qwen/Qwen3-8B,c4,16,11,512,0.013607
Qwen/Qwen3-8B,c4,16,11,2048,0.007410
Qwen/Qwen3-8B,c4,16,12,128,0.198939
Qwen/Qwen3-8B,c4,16,12,512,0.091641
Qwen/Qwen3-8B,c4,16,12,2048,0.025400
Qwen/Qwen3-8B,c4,16,13,128,0.181325
Qwen/Qwen3-8B,c4,16,13,512,0.083633
Qwen/Qwen3-8B,c4,16,13,2048,0.017513
Qwen/Qwen3-8B,c4,16,14,128,0.088503
Qwen/Qwen3-8B,c4,16,14,512,0.033469
Qwen/Qwen3-8B,c4,16,14,2048,0.008994
Qwen/Qwen3-8B,c4,16,15,128,0.269542
Qwen/Qwen3-8B,c4,16,15,512,0.140636
Qwen/Qwen3-8B,c4,16,15,2048,0.041025
Qwen/Qwen3-8B,c4,16,16,128,0.155491
Qwen/Qwen3-8B,c4,16,16,512,0.062832
Qwen/Qwen3-8B,c4,16,16,2048,0.016932
Qwen/Qwen3-8B,c4,16,17,128,0.126626
Qwen/Qwen3-8B,c4,16,17,512,0.049743
Qwen/Qwen3-8B,c4,16,17,2048,0.014079
Qwen/Qwen3-8B,c4,16,18,128,0.164465
Qwen/Qwen3-8B,c4,16,18,512,0.067980
Qwen/Qwen3-8B,c4,16,18,2048,0.020489
Qwen/Qwen3-8B,c4,16,19,128,0.133354
Qwen/Qwen3-8B,c4,16,19,512,0.050032
Qwen/Qwen3-8B,c4,16,19,2048,0.016623
Qwen/Qwen3-8B,c4,16,20,128,0.174482
Qwen/Qwen3-8B,c4,16,20,512,0.100437
Qwen/Qwen3-8B,c4,16,20,2048,0.027793
Qwen/Qwen3-8B,c4,16,21,128,0.109655
Qwen/Qwen3-8B,c4,16,21,512,0.059179
Qwen/Qwen3-8B,c4,16,21,2048,0.016294
Qwen/Qwen3-8B,c4,16,22,128,0.152850
Qwen/Qwen3-8B,c4,16,22,512,0.068538
Qwen/Qwen3-8B,c4,16,22,2048,0.016396
Qwen/Qwen3-8B,c4,16,23,128,0.139028
Qwen/Qwen3-8B,c4,16,23,512,0.056773
Qwen/Qwen3-8B,c4,16,23,2048,0.013265
Qwen/Qwen3-8B,c4,16,24,128,0.373747
Qwen/Qwen3-8B,c4,16,24,512,0.179980
Qwen/Qwen3-8B,c4,16,24,2048,0.052446
Qwen/Qwen3-8B,c4,16,25,128,0.095314
Qwen/Qwen3-8B,c4,16,25,512,0.036962
Qwen/Qwen3-8B,c4,16,25,2048,0.014537
Qwen/Qwen3-8B,c4,16,26,128,0.343362
Qwen/Qwen3-8B,c4,16,26,512,0.117063
Qwen/Qwen3-8B,c4,16,26,2048,0.029035
Qwen/Qwen3-8B,c4,16,27,128,0.033720
Qwen/Qwen3-8B,c4,16,27,512,0.024200
Qwen/Qwen3-8B,c4,16,27,2048,0.011085
Qwen/Qwen3-8B,c4,16,28,128,0.186283
Qwen/Qwen3-8B,c4,16,28,512,0.064852
Qwen/Qwen3-8B,c4,16,28,2048,0.018968
Qwen/Qwen3-8B,c4,16,29,128,0.138809
Qwen/Qwen3-8B,c4,16,29,512,0.045358
Qwen/Qwen3-8B,c4,16,29,2048,0.014016
Qwen/Qwen3-8B,c4,16,30,128,0.153304
Qwen/Qwen3-8B,c4,16,30,512,0.059972
Qwen/Qwen3-8B,c4,16,30,2048,0.017858
Qwen/Qwen3-8B,c4,16,31,128,0.166248
Qwen/Qwen3-8B,c4,16,31,512,0.054155
Qwen/Qwen3-8B,c4,16,31,2048,0.015886
Qwen/Qwen3-8B,c4,17,0,128,0.238374
Qwen/Qwen3-8B,c4,17,0,512,0.141995
Qwen/Qwen3-8B,c4,17,0,2048,0.035305
Qwen/Qwen3-8B,c4,17,1,128,0.160263
Qwen/Qwen3-8B,c4,17,1,512,0.073346
Qwen/Qwen3-8B,c4,17,1,2048,0.012783
Qwen/Qwen3-8B,c4,17,2,128,0.136648
Qwen/Qwen3-8B,c4,17,2,512,0.055535
Qwen/Qwen3-8B,c4,17,2,2048,0.014743
Qwen/Qwen3-8B,c4,17,3,128,0.110679
Qwen/Qwen3-8B,c4,17,3,512,0.053994
Qwen/Qwen3-8B,c4,17,3,2048,0.015095
Qwen/Qwen3-8B,c4,17,4,128,0.272361
Qwen/Qwen3-8B,c4,17,4,512,0.090342
Qwen/Qwen3-8B,c4,17,4,2048,0.016882
Qwen/Qwen3-8B,c4,17,5,128,0.209748
Qwen/Qwen3-8B,c4,17,5,512,0.073229
Qwen/Qwen3-8B,c4,17,5,2048,0.013603
Qwen/Qwen3-8B,c4,17,6,128,0.118404
Qwen/Qwen3-8B,c4,17,6,512,0.037767
Qwen/Qwen3-8B,c4,17,6,2048,0.010757
Qwen/Qwen3-8B,c4,17,7,128,0.295236
Qwen/Qwen3-8B,c4,17,7,512,0.123845
Qwen/Qwen3-8B,c4,17,7,2048,0.028854
Qwen/Qwen3-8B,c4,17,8,128,0.395680
Qwen/Qwen3-8B,c4,17,8,512,0.213953
Qwen/Qwen3-8B,c4,17,8,2048,0.045335
Qwen/Qwen3-8B,c4,17,9,128,0.198326
Qwen/Qwen3-8B,c4,17,9,512,0.117934
Qwen/Qwen3-8B,c4,17,9,2048,0.029220
Qwen/Qwen3-8B,c4,17,10,128,0.408961
Qwen/Qwen3-8B,c4,17,10,512,0.202742
Qwen/Qwen3-8B,c4,17,10,2048,0.043458
Qwen/Qwen3-8B,c4,17,11,128,0.324681
Qwen/Qwen3-8B,c4,17,11,512,0.180622
Qwen/Qwen3-8B,c4,17,11,2048,0.038823
Qwen/Qwen3-8B,c4,17,12,128,0.108850
Qwen/Qwen3-8B,c4,17,12,512,0.047752
Qwen/Qwen3-8B,c4,17,12,2048,0.012659
Qwen/Qwen3-8B,c4,17,13,128,0.083387
Qwen/Qwen3-8B,c4,17,13,512,0.036624
Qwen/Qwen3-8B,c4,17,13,2048,0.010533
Qwen/Qwen3-8B,c4,17,14,128,0.112276
Qwen/Qwen3-8B,c4,17,14,512,0.048921
Qwen/Qwen3-8B,c4,17,14,2048,0.010817
Qwen/Qwen3-8B,c4,17,15,128,0.145784
Qwen/Qwen3-8B,c4,17,15,512,0.067743
Qwen/Qwen3-8B,c4,17,15,2048,0.015413
Qwen/Qwen3-8B,c4,17,16,128,0.245014
Qwen/Qwen3-8B,c4,17,16,512,0.081519
Qwen/Qwen3-8B,c4,17,16,2048,0.024367
Qwen/Qwen3-8B,c4,17,17,128,0.189983
Qwen/Qwen3-8B,c4,17,17,512,0.068565
Qwen/Qwen3-8B,c4,17,17,2048,0.014524
Qwen/Qwen3-8B,c4,17,18,128,0.400416
Qwen/Qwen3-8B,c4,17,18,512,0.171447
Qwen/Qwen3-8B,c4,17,18,2048,0.046957
Qwen/Qwen3-8B,c4,17,19,128,0.250158
Qwen/Qwen3-8B,c4,17,19,512,0.105479
Qwen/Qwen3-8B,c4,17,19,2048,0.027470
Qwen/Qwen3-8B,c4,17,20,128,0.254315
Qwen/Qwen3-8B,c4,17,20,512,0.123903
Qwen/Qwen3-8B,c4,17,20,2048,0.035433
Qwen/Qwen3-8B,c4,17,21,128,0.248195
Qwen/Qwen3-8B,c4,17,21,512,0.123926
Qwen/Qwen3-8B,c4,17,21,2048,0.029949
Qwen/Qwen3-8B,c4,17,22,128,0.287382
Qwen/Qwen3-8B,c4,17,22,512,0.144511
Qwen/Qwen3-8B,c4,17,22,2048,0.033604
Qwen/Qwen3-8B,c4,17,23,128,0.115816
Qwen/Qwen3-8B,c4,17,23,512,0.062062
Qwen/Qwen3-8B,c4,17,23,2048,0.011898
Qwen/Qwen3-8B,c4,17,24,128,0.353182
Qwen/Qwen3-8B,c4,17,24,512,0.145354
Qwen/Qwen3-8B,c4,17,24,2048,0.043118
Qwen/Qwen3-8B,c4,17,25,128,0.291791
Qwen/Qwen3-8B,c4,17,25,512,0.126834
Qwen/Qwen3-8B,c4,17,25,2048,0.034542
Qwen/Qwen3-8B,c4,17,26,128,0.298227
Qwen/Qwen3-8B,c4,17,26,512,0.106485
Qwen/Qwen3-8B,c4,17,26,2048,0.024449
Qwen/Qwen3-8B,c4,17,27,128,0.273420
Qwen/Qwen3-8B,c4,17,27,512,0.103827
Qwen/Qwen3-8B,c4,17,27,2048,0.026158
Qwen/Qwen3-8B,c4,17,28,128,0.044980
Qwen/Qwen3-8B,c4,17,28,512,0.025212
Qwen/Qwen3-8B,c4,17,28,2048,0.006095
Qwen/Qwen3-8B,c4,17,29,128,0.071813
Qwen/Qwen3-8B,c4,17,29,512,0.034207
Qwen/Qwen3-8B,c4,17,29,2048,0.007909
Qwen/Qwen3-8B,c4,17,30,128,0.056724
Qwen/Qwen3-8B,c4,17,30,512,0.038065
Qwen/Qwen3-8B,c4,17,30,2048,0.008849
Qwen/Qwen3-8B,c4,17,31,128,0.090923
Qwen/Qwen3-8B,c4,17,31,512,0.048827
Qwen/Qwen3-8B,c4,17,31,2048,0.012866
Qwen/Qwen3-8B,c4,18,0,128,0.040608
Qwen/Qwen3-8B,c4,18,0,512,0.015956
Qwen/Qwen3-8B,c4,18,0,2048,0.001376
Qwen/Qwen3-8B,c4,18,1,128,0.087171
Qwen/Qwen3-8B,c4,18,1,512,0.043820
Qwen/Qwen3-8B,c4,18,1,2048,0.004043
Qwen/Qwen3-8B,c4,18,2,128,0.039290
Qwen/Qwen3-8B,c4,18,2,512,0.026995
Qwen/Qwen3-8B,c4,18,2,2048,0.003034
Qwen/Qwen3-8B,c4,18,3,128,0.039594
Qwen/Qwen3-8B,c4,18,3,512,0.030779
Qwen/Qwen3-8B,c4,18,3,2048,0.002542
Qwen/Qwen3-8B,c4,18,4,128,0.190936
Qwen/Qwen3-8B,c4,18,4,512,0.089103
Qwen/Qwen3-8B,c4,18,4,2048,0.016974
Qwen/Qwen3-8B,c4,18,5,128,0.145327
Qwen/Qwen3-8B,c4,18,5,512,0.058889
Qwen/Qwen3-8B,c4,18,5,2048,0.010852
Qwen/Qwen3-8B,c4,18,6,128,0.117827
Qwen/Qwen3-8B,c4,18,6,512,0.061074
Qwen/Qwen3-8B,c4,18,6,2048,0.011800
Qwen/Qwen3-8B,c4,18,7,128,0.199608
Qwen/Qwen3-8B,c4,18,7,512,0.071098
Qwen/Qwen3-8B,c4,18,7,2048,0.013750
Qwen/Qwen3-8B,c4,18,8,128,0.189471
Qwen/Qwen3-8B,c4,18,8,512,0.085750
Qwen/Qwen3-8B,c4,18,8,2048,0.019191
Qwen/Qwen3-8B,c4,18,9,128,0.182096
Qwen/Qwen3-8B,c4,18,9,512,0.071112
Qwen/Qwen3-8B,c4,18,9,2048,0.015075
Qwen/Qwen3-8B,c4,18,10,128,0.168897
Qwen/Qwen3-8B,c4,18,10,512,0.076372
Qwen/Qwen3-8B,c4,18,10,2048,0.017760
Qwen/Qwen3-8B,c4,18,11,128,0.245244
Qwen/Qwen3-8B,c4,18,11,512,0.119177
Qwen/Qwen3-8B,c4,18,11,2048,0.029084
Qwen/Qwen3-8B,c4,18,12,128,0.237204
Qwen/Qwen3-8B,c4,18,12,512,0.101173
Qwen/Qwen3-8B,c4,18,12,2048,0.024008
Qwen/Qwen3-8B,c4,18,13,128,0.336021
Qwen/Qwen3-8B,c4,18,13,512,0.161082
Qwen/Qwen3-8B,c4,18,13,2048,0.036687
Qwen/Qwen3-8B,c4,18,14,128,0.262655
Qwen/Qwen3-8B,c4,18,14,512,0.114510
Qwen/Qwen3-8B,c4,18,14,2048,0.027691
Qwen/Qwen3-8B,c4,18,15,128,0.213228
Qwen/Qwen3-8B,c4,18,15,512,0.091833
Qwen/Qwen3-8B,c4,18,15,2048,0.018742
Qwen/Qwen3-8B,c4,18,16,128,0.225742
Qwen/Qwen3-8B,c4,18,16,512,0.101160
Qwen/Qwen3-8B,c4,18,16,2048,0.023319
Qwen/Qwen3-8B,c4,18,17,128,0.146120
Qwen/Qwen3-8B,c4,18,17,512,0.078829
Qwen/Qwen3-8B,c4,18,17,2048,0.017125
Qwen/Qwen3-8B,c4,18,18,128,0.169211
Qwen/Qwen3-8B,c4,18,18,512,0.071568
Qwen/Qwen3-8B,c4,18,18,2048,0.012666
Qwen/Qwen3-8B,c4,18,19,128,0.191121
Qwen/Qwen3-8B,c4,18,19,512,0.073415
Qwen/Qwen3-8B,c4,18,19,2048,0.013206
Qwen/Qwen3-8B,c4,18,20,128,0.156425
Qwen/Qwen3-8B,c4,18,20,512,0.073051
Qwen/Qwen3-8B,c4,18,20,2048,0.015527
Qwen/Qwen3-8B,c4,18,21,128,0.188926
Qwen/Qwen3-8B,c4,18,21,512,0.060989
Qwen/Qwen3-8B,c4,18,21,2048,0.014778
Qwen/Qwen3-8B,c4,18,22,128,0.282625
Qwen/Qwen3-8B,c4,18,22,512,0.126477
Qwen/Qwen3-8B,c4,18,22,2048,0.031540
Qwen/Qwen3-8B,c4,18,23,128,0.328385
Qwen/Qwen3-8B,c4,18,23,512,0.149040
Qwen/Qwen3-8B,c4,18,23,2048,0.034763
Qwen/Qwen3-8B,c4,18,24,128,0.157462
Qwen/Qwen3-8B,c4,18,24,512,0.058957
Qwen/Qwen3-8B,c4,18,24,2048,0.011557
Qwen/Qwen3-8B,c4,18,25,128,0.165939
Qwen/Qwen3-8B,c4,18,25,512,0.068168
Qwen/Qwen3-8B,c4,18,25,2048,0.014029
Qwen/Qwen3-8B,c4,18,26,128,0.178685
Qwen/Qwen3-8B,c4,18,26,512,0.071472
Qwen/Qwen3-8B,c4,18,26,2048,0.014365
Qwen/Qwen3-8B,c4,18,27,128,0.168370
Qwen/Qwen3-8B,c4,18,27,512,0.068351
Qwen/Qwen3-8B,c4,18,27,2048,0.013253
Qwen/Qwen3-8B,c4,18,28,128,0.153618
Qwen/Qwen3-8B,c4,18,28,512,0.065009
Qwen/Qwen3-8B,c4,18,28,2048,0.012199
Qwen/Qwen3-8B,c4,18,29,128,0.234533
Qwen/Qwen3-8B,c4,18,29,512,0.065213
Qwen/Qwen3-8B,c4,18,29,2048,0.014123
Qwen/Qwen3-8B,c4,18,30,128,0.152382
Qwen/Qwen3-8B,c4,18,30,512,0.061601
Qwen/Qwen3-8B,c4,18,30,2048,0.012013
Qwen/Qwen3-8B,c4,18,31,128,0.230700
Qwen/Qwen3-8B,c4,18,31,512,0.096435
Qwen/Qwen3-8B,c4,18,31,2048,0.022063
Qwen/Qwen3-8B,c4,19,0,128,0.188390
Qwen/Qwen3-8B,c4,19,0,512,0.091910
Qwen/Qwen3-8B,c4,19,0,2048,0.017169
Qwen/Qwen3-8B,c4,19,1,128,0.140115
Qwen/Qwen3-8B,c4,19,1,512,0.075387
Qwen/Qwen3-8B,c4,19,1,2048,0.012269
Qwen/Qwen3-8B,c4,19,2,128,0.146063
Qwen/Qwen3-8B,c4,19,2,512,0.072736
Qwen/Qwen3-8B,c4,19,2,2048,0.011139
Qwen/Qwen3-8B,c4,19,3,128,0.179807
Qwen/Qwen3-8B,c4,19,3,512,0.073590
Qwen/Qwen3-8B,c4,19,3,2048,0.012679
Qwen/Qwen3-8B,c4,19,4,128,0.253000
Qwen/Qwen3-8B,c4,19,4,512,0.100824
Qwen/Qwen3-8B,c4,19,4,2048,0.013640
Qwen/Qwen3-8B,c4,19,5,128,0.273160
Qwen/Qwen3-8B,c4,19,5,512,0.121387
Qwen/Qwen3-8B,c4,19,5,2048,0.022651
Qwen/Qwen3-8B,c4,19,6,128,0.302040
Qwen/Qwen3-8B,c4,19,6,512,0.097159
Qwen/Qwen3-8B,c4,19,6,2048,0.009454
Qwen/Qwen3-8B,c4,19,7,128,0.378058
Qwen/Qwen3-8B,c4,19,7,512,0.176716
Qwen/Qwen3-8B,c4,19,7,2048,0.026809
Qwen/Qwen3-8B,c4,19,8,128,0.065467
Qwen/Qwen3-8B,c4,19,8,512,0.045338
Qwen/Qwen3-8B,c4,19,8,2048,0.004684
Qwen/Qwen3-8B,c4,19,9,128,0.089206
Qwen/Qwen3-8B,c4,19,9,512,0.051606
Qwen/Qwen3-8B,c4,19,9,2048,0.006095
Qwen/Qwen3-8B,c4,19,10,128,0.075395
Qwen/Qwen3-8B,c4,19,10,512,0.047806
Qwen/Qwen3-8B,c4,19,10,2048,0.005041
Qwen/Qwen3-8B,c4,19,11,128,0.191566
Qwen/Qwen3-8B,c4,19,11,512,0.106594
Qwen/Qwen3-8B,c4,19,11,2048,0.021049
Qwen/Qwen3-8B,c4,19,12,128,0.223717
Qwen/Qwen3-8B,c4,19,12,512,0.098215
Qwen/Qwen3-8B,c4,19,12,2048,0.018432
Qwen/Qwen3-8B,c4,19,13,128,0.213316
Qwen/Qwen3-8B,c4,19,13,512,0.088415
Qwen/Qwen3-8B,c4,19,13,2048,0.016193
Qwen/Qwen3-8B,c4,19,14,128,0.193506
Qwen/Qwen3-8B,c4,19,14,512,0.092831
Qwen/Qwen3-8B,c4,19,14,2048,0.015312
Qwen/Qwen3-8B,c4,19,15,128,0.207021
Qwen/Qwen3-8B,c4,19,15,512,0.101376
Qwen/Qwen3-8B,c4,19,15,2048,0.019327
Qwen/Qwen3-8B,c4,19,16,128,0.119410
Qwen/Qwen3-8B,c4,19,16,512,0.050738
Qwen/Qwen3-8B,c4,19,16,2048,0.006820
Qwen/Qwen3-8B,c4,19,17,128,0.078004
Qwen/Qwen3-8B,c4,19,17,512,0.056833
Qwen/Qwen3-8B,c4,19,17,2048,0.007815
Qwen/Qwen3-8B,c4,19,18,128,0.043749
Qwen/Qwen3-8B,c4,19,18,512,0.027831
Qwen/Qwen3-8B,c4,19,18,2048,0.003128
Qwen/Qwen3-8B,c4,19,19,128,0.191475
Qwen/Qwen3-8B,c4,19,19,512,0.045911
Qwen/Qwen3-8B,c4,19,19,2048,0.004538
Qwen/Qwen3-8B,c4,19,20,128,0.024252
Qwen/Qwen3-8B,c4,19,20,512,0.017892
Qwen/Qwen3-8B,c4,19,20,2048,0.001614
Qwen/Qwen3-8B,c4,19,21,128,0.084614
Qwen/Qwen3-8B,c4,19,21,512,0.032594
Qwen/Qwen3-8B,c4,19,21,2048,0.002323
Qwen/Qwen3-8B,c4,19,22,128,0.026897
Qwen/Qwen3-8B,c4,19,22,512,0.016254
Qwen/Qwen3-8B,c4,19,22,2048,0.001055
Qwen/Qwen3-8B,c4,19,23,128,0.073994
Qwen/Qwen3-8B,c4,19,23,512,0.028033
Qwen/Qwen3-8B,c4,19,23,2048,0.002789
Qwen/Qwen3-8B,c4,19,24,128,0.196453
Qwen/Qwen3-8B,c4,19,24,512,0.107442
Qwen/Qwen3-8B,c4,19,24,2048,0.018394
Qwen/Qwen3-8B,c4,19,25,128,0.226553
Qwen/Qwen3-8B,c4,19,25,512,0.125736
Qwen/Qwen3-8B,c4,19,25,2048,0.019524
Qwen/Qwen3-8B,c4,19,26,128,0.167279
Qwen/Qwen3-8B,c4,19,26,512,0.094914
Qwen/Qwen3-8B,c4,19,26,2048,0.012230
Qwen/Qwen3-8B,c4,19,27,128,0.149963
Qwen/Qwen3-8B,c4,19,27,512,0.099858
Qwen/Qwen3-8B,c4,19,27,2048,0.010497
Qwen/Qwen3-8B,c4,19,28,128,0.157618
Qwen/Qwen3-8B,c4,19,28,512,0.080482
Qwen/Qwen3-8B,c4,19,28,2048,0.014593
Qwen/Qwen3-8B,c4,19,29,128,0.144497
Qwen/Qwen3-8B,c4,19,29,512,0.092104
Qwen/Qwen3-8B,c4,19,29,2048,0.016858
Qwen/Qwen3-8B,c4,19,30,128,0.181949
Qwen/Qwen3-8B,c4,19,30,512,0.097487
Qwen/Qwen3-8B,c4,19,30,2048,0.015478
Qwen/Qwen3-8B,c4,19,31,128,0.144933
Qwen/Qwen3-8B,c4,19,31,512,0.074897
Qwen/Qwen3-8B,c4,19,31,2048,0.011353
Qwen/Qwen3-8B,c4,20,0,128,0.144004
Qwen/Qwen3-8B,c4,20,0,512,0.076859
Qwen/Qwen3-8B,c4,20,0,2048,0.013469
Qwen/Qwen3-8B,c4,20,1,128,0.104175
Qwen/Qwen3-8B,c4,20,1,512,0.068832
Qwen/Qwen3-8B,c4,20,1,2048,0.011180
Qwen/Qwen3-8B,c4,20,2,128,0.131719
Qwen/Qwen3-8B,c4,20,2,512,0.080701
Qwen/Qwen3-8B,c4,20,2,2048,0.014482
Qwen/Qwen3-8B,c4,20,3,128,0.151827
Qwen/Qwen3-8B,c4,20,3,512,0.075937
Qwen/Qwen3-8B,c4,20,3,2048,0.014878
Qwen/Qwen3-8B,c4,20,4,128,0.170686
Qwen/Qwen3-8B,c4,20,4,512,0.086488
Qwen/Qwen3-8B,c4,20,4,2048,0.014538
Qwen/Qwen3-8B,c4,20,5,128,0.116244
Qwen/Qwen3-8B,c4,20,5,512,0.065758
Qwen/Qwen3-8B,c4,20,5,2048,0.010668
Qwen/Qwen3-8B,c4,20,6,128,0.084530
Qwen/Qwen3-8B,c4,20,6,512,0.058289
Qwen/Qwen3-8B,c4,20,6,2048,0.007668
Qwen/Qwen3-8B,c4,20,7,128,0.185606
Qwen/Qwen3-8B,c4,20,7,512,0.090047
Qwen/Qwen3-8B,c4,20,7,2048,0.015505
Qwen/Qwen3-8B,c4,20,8,128,0.120444
Qwen/Qwen3-8B,c4,20,8,512,0.045534
Qwen/Qwen3-8B,c4,20,8,2048,0.006147
Qwen/Qwen3-8B,c4,20,9,128,0.128679
Qwen/Qwen3-8B,c4,20,9,512,0.056623
Qwen/Qwen3-8B,c4,20,9,2048,0.008981
Qwen/Qwen3-8B,c4,20,10,128,0.160367
Qwen/Qwen3-8B,c4,20,10,512,0.050521
Qwen/Qwen3-8B,c4,20,10,2048,0.008399
Qwen/Qwen3-8B,c4,20,11,128,0.061940
Qwen/Qwen3-8B,c4,20,11,512,0.035536
Qwen/Qwen3-8B,c4,20,11,2048,0.005647
Qwen/Qwen3-8B,c4,20,12,128,0.164319
Qwen/Qwen3-8B,c4,20,12,512,0.091889
Qwen/Qwen3-8B,c4,20,12,2048,0.014182
Qwen/Qwen3-8B,c4,20,13,128,0.179541
Qwen/Qwen3-8B,c4,20,13,512,0.086631
Qwen/Qwen3-8B,c4,20,13,2048,0.015806
Qwen/Qwen3-8B,c4,20,14,128,0.225010
Qwen/Qwen3-8B,c4,20,14,512,0.112370
Qwen/Qwen3-8B,c4,20,14,2048,0.024178
Qwen/Qwen3-8B,c4,20,15,128,0.186397
Qwen/Qwen3-8B,c4,20,15,512,0.092482
Qwen/Qwen3-8B,c4,20,15,2048,0.012704
Qwen/Qwen3-8B,c4,20,16,128,0.223374
Qwen/Qwen3-8B,c4,20,16,512,0.087467
Qwen/Qwen3-8B,c4,20,16,2048,0.015182
Qwen/Qwen3-8B,c4,20,17,128,0.185721
Qwen/Qwen3-8B,c4,20,17,512,0.081708
Qwen/Qwen3-8B,c4,20,17,2048,0.014594
Qwen/Qwen3-8B,c4,20,18,128,0.197782
Qwen/Qwen3-8B,c4,20,18,512,0.088453
Qwen/Qwen3-8B,c4,20,18,2048,0.015108
Qwen/Qwen3-8B,c4,20,19,128,0.235668
Qwen/Qwen3-8B,c4,20,19,512,0.112259
Qwen/Qwen3-8B,c4,20,19,2048,0.025180
Qwen/Qwen3-8B,c4,20,20,128,0.086164
Qwen/Qwen3-8B,c4,20,20,512,0.057291
Qwen/Qwen3-8B,c4,20,20,2048,0.010648
Qwen/Qwen3-8B,c4,20,21,128,0.159818
Qwen/Qwen3-8B,c4,20,21,512,0.092336
Qwen/Qwen3-8B,c4,20,21,2048,0.013034
Qwen/Qwen3-8B,c4,20,22,128,0.120640
Qwen/Qwen3-8B,c4,20,22,512,0.071448
Qwen/Qwen3-8B,c4,20,22,2048,0.010705
Qwen/Qwen3-8B,c4,20,23,128,0.175214
Qwen/Qwen3-8B,c4,20,23,512,0.086593
Qwen/Qwen3-8B,c4,20,23,2048,0.013023
Qwen/Qwen3-8B,c4,20,24,128,0.165295
Qwen/Qwen3-8B,c4,20,24,512,0.121614
Qwen/Qwen3-8B,c4,20,24,2048,0.034120
Qwen/Qwen3-8B,c4,20,25,128,0.322060
Qwen/Qwen3-8B,c4,20,25,512,0.161327
Qwen/Qwen3-8B,c4,20,25,2048,0.041560
Qwen/Qwen3-8B,c4,20,26,128,0.192031
Qwen/Qwen3-8B,c4,20,26,512,0.104850
Qwen/Qwen3-8B,c4,20,26,2048,0.020289
Qwen/Qwen3-8B,c4,20,27,128,0.338873
Qwen/Qwen3-8B,c4,20,27,512,0.175526
Qwen/Qwen3-8B,c4,20,27,2048,0.039523
Qwen/Qwen3-8B,c4,20,28,128,0.220851
Qwen/Qwen3-8B,c4,20,28,512,0.113801
Qwen/Qwen3-8B,c4,20,28,2048,0.019584
Qwen/Qwen3-8B,c4,20,29,128,0.214527
Qwen/Qwen3-8B,c4,20,29,512,0.105698
Qwen/Qwen3-8B,c4,20,29,2048,0.017661
Qwen/Qwen3-8B,c4,20,30,128,0.197030
Qwen/Qwen3-8B,c4,20,30,512,0.102382
Qwen/Qwen3-8B,c4,20,30,2048,0.018403
Qwen/Qwen3-8B,c4,20,31,128,0.170092
Qwen/Qwen3-8B,c4,20,31,512,0.100353
Qwen/Qwen3-8B,c4,20,31,2048,0.013070
Qwen/Qwen3-8B,c4,21,0,128,0.038186
Qwen/Qwen3-8B,c4,21,0,512,0.024386
Qwen/Qwen3-8B,c4,21,0,2048,0.002497
Qwen/Qwen3-8B,c4,21,1,128,0.036246
Qwen/Qwen3-8B,c4,21,1,512,0.028999
Qwen/Qwen3-8B,c4,21,1,2048,0.002867
Qwen/Qwen3-8B,c4,21,2,128,0.080279
Qwen/Qwen3-8B,c4,21,2,512,0.047901
Qwen/Qwen3-8B,c4,21,2,2048,0.005962
Qwen/Qwen3-8B,c4,21,3,128,0.051794
Qwen/Qwen3-8B,c4,21,3,512,0.038650
Qwen/Qwen3-8B,c4,21,3,2048,0.003833
Qwen/Qwen3-8B,c4,21,4,128,0.079335
Qwen/Qwen3-8B,c4,21,4,512,0.049728
Qwen/Qwen3-8B,c4,21,4,2048,0.008178
Qwen/Qwen3-8B,c4,21,5,128,0.210155
Qwen/Qwen3-8B,c4,21,5,512,0.095055
Qwen/Qwen3-8B,c4,21,5,2048,0.016506
Qwen/Qwen3-8B,c4,21,6,128,0.203893
Qwen/Qwen3-8B,c4,21,6,512,0.091384
Qwen/Qwen3-8B,c4,21,6,2048,0.019569
Qwen/Qwen3-8B,c4,21,7,128,0.081697
Qwen/Qwen3-8B,c4,21,7,512,0.064518
Qwen/Qwen3-8B,c4,21,7,2048,0.007005
Qwen/Qwen3-8B,c4,21,8,128,0.177773
Qwen/Qwen3-8B,c4,21,8,512,0.112826
Qwen/Qwen3-8B,c4,21,8,2048,0.022401
Qwen/Qwen3-8B,c4,21,9,128,0.122205
Qwen/Qwen3-8B,c4,21,9,512,0.055687
Qwen/Qwen3-8B,c4,21,9,2048,0.009890
Qwen/Qwen3-8B,c4,21,10,128,0.200087
Qwen/Qwen3-8B,c4,21,10,512,0.084306
Qwen/Qwen3-8B,c4,21,10,2048,0.011659
Qwen/Qwen3-8B,c4,21,11,128,0.274503
Qwen/Qwen3-8B,c4,21,11,512,0.095574
Qwen/Qwen3-8B,c4,21,11,2048,0.015223
Qwen/Qwen3-8B,c4,21,12,128,0.102369
Qwen/Qwen3-8B,c4,21,12,512,0.057551
Qwen/Qwen3-8B,c4,21,12,2048,0.004633
Qwen/Qwen3-8B,c4,21,13,128,0.072270
Qwen/Qwen3-8B,c4,21,13,512,0.033799
Qwen/Qwen3-8B,c4,21,13,2048,0.003118
Qwen/Qwen3-8B,c4,21,14,128,0.065950
Qwen/Qwen3-8B,c4,21,14,512,0.044785
Qwen/Qwen3-8B,c4,21,14,2048,0.003403
Qwen/Qwen3-8B,c4,21,15,128,0.059814
Qwen/Qwen3-8B,c4,21,15,512,0.035359
Qwen/Qwen3-8B,c4,21,15,2048,0.003285
Qwen/Qwen3-8B,c4,21,16,128,0.150160
Qwen/Qwen3-8B,c4,21,16,512,0.071350
Qwen/Qwen3-8B,c4,21,16,2048,0.011982
Qwen/Qwen3-8B,c4,21,17,128,0.232427
Qwen/Qwen3-8B,c4,21,17,512,0.109708
Qwen/Qwen3-8B,c4,21,17,2048,0.023317
Qwen/Qwen3-8B,c4,21,18,128,0.240152
Qwen/Qwen3-8B,c4,21,18,512,0.093718
Qwen/Qwen3-8B,c4,21,18,2048,0.016625
Qwen/Qwen3-8B,c4,21,19,128,0.130430
Qwen/Qwen3-8B,c4,21,19,512,0.070161
Qwen/Qwen3-8B,c4,21,19,2048,0.013186
Qwen/Qwen3-8B,c4,21,20,128,0.338183
Qwen/Qwen3-8B,c4,21,20,512,0.184240
Qwen/Qwen3-8B,c4,21,20,2048,0.041649
Qwen/Qwen3-8B,c4,21,21,128,0.245530
Qwen/Qwen3-8B,c4,21,21,512,0.134383
Qwen/Qwen3-8B,c4,21,21,2048,0.030067
Qwen/Qwen3-8B,c4,21,22,128,0.230922
Qwen/Qwen3-8B,c4,21,22,512,0.125811
Qwen/Qwen3-8B,c4,21,22,2048,0.024814
Qwen/Qwen3-8B,c4,21,23,128,0.232310
Qwen/Qwen3-8B,c4,21,23,512,0.114880
Qwen/Qwen3-8B,c4,21,23,2048,0.019409
Qwen/Qwen3-8B,c4,21,24,128,0.170946
Qwen/Qwen3-8B,c4,21,24,512,0.067744
Qwen/Qwen3-8B,c4,21,24,2048,0.014843
Qwen/Qwen3-8B,c4,21,25,128,0.155834
Qwen/Qwen3-8B,c4,21,25,512,0.061420
Qwen/Qwen3-8B,c4,21,25,2048,0.012196
Qwen/Qwen3-8B,c4,21,26,128,0.143672
Qwen/Qwen3-8B,c4,21,26,512,0.056780
Qwen/Qwen3-8B,c4,21,26,2048,0.009244
Qwen/Qwen3-8B,c4,21,27,128,0.270304
Qwen/Qwen3-8B,c4,21,27,512,0.116494
Qwen/Qwen3-8B,c4,21,27,2048,0.025481
Qwen/Qwen3-8B,c4,21,28,128,0.143154
Qwen/Qwen3-8B,c4,21,28,512,0.072954
Qwen/Qwen3-8B,c4,21,28,2048,0.014016
Qwen/Qwen3-8B,c4,21,29,128,0.123858
Qwen/Qwen3-8B,c4,21,29,512,0.069903
Qwen/Qwen3-8B,c4,21,29,2048,0.013730
Qwen/Qwen3-8B,c4,21,30,128,0.147276
Qwen/Qwen3-8B,c4,21,30,512,0.066183
Qwen/Qwen3-8B,c4,21,30,2048,0.015747
Qwen/Qwen3-8B,c4,21,31,128,0.307571
Qwen/Qwen3-8B,c4,21,31,512,0.148739
Qwen/Qwen3-8B,c4,21,31,2048,0.034563
Qwen/Qwen3-8B,c4,22,0,128,0.161942
Qwen/Qwen3-8B,c4,22,0,512,0.070421
Qwen/Qwen3-8B,c4,22,0,2048,0.011237
Qwen/Qwen3-8B,c4,22,1,128,0.087729
Qwen/Qwen3-8B,c4,22,1,512,0.049245
Qwen/Qwen3-8B,c4,22,1,2048,0.008625
Qwen/Qwen3-8B,c4,22,2,128,0.176347
Qwen/Qwen3-8B,c4,22,2,512,0.077404
Qwen/Qwen3-8B,c4,22,2,2048,0.015104
Qwen/Qwen3-8B,c4,22,3,128,0.169924
Qwen/Qwen3-8B,c4,22,3,512,0.085650
Qwen/Qwen3-8B,c4,22,3,2048,0.014553
Qwen/Qwen3-8B,c4,22,4,128,0.219619
Qwen/Qwen3-8B,c4,22,4,512,0.092636
Qwen/Qwen3-8B,c4,22,4,2048,0.016774
Qwen/Qwen3-8B,c4,22,5,128,0.153007
Qwen/Qwen3-8B,c4,22,5,512,0.071371
Qwen/Qwen3-8B,c4,22,5,2048,0.010172
Qwen/Qwen3-8B,c4,22,6,128,0.225936
Qwen/Qwen3-8B,c4,22,6,512,0.099130
Qwen/Qwen3-8B,c4,22,6,2048,0.019588
Qwen/Qwen3-8B,c4,22,7,128,0.129001
Qwen/Qwen3-8B,c4,22,7,512,0.060514
Qwen/Qwen3-8B,c4,22,7,2048,0.009316
Qwen/Qwen3-8B,c4,22,8,128,0.106036
Qwen/Qwen3-8B,c4,22,8,512,0.048839
Qwen/Qwen3-8B,c4,22,8,2048,0.007643
Qwen/Qwen3-8B,c4,22,9,128,0.078945
Qwen/Qwen3-8B,c4,22,9,512,0.039028
Qwen/Qwen3-8B,c4,22,9,2048,0.006370
Qwen/Qwen3-8B,c4,22,10,128,0.045774
Qwen/Qwen3-8B,c4,22,10,512,0.028965
Qwen/Qwen3-8B,c4,22,10,2048,0.004898
Qwen/Qwen3-8B,c4,22,11,128,0.134710
Qwen/Qwen3-8B,c4,22,11,512,0.039921
Qwen/Qwen3-8B,c4,22,11,2048,0.004622
Qwen/Qwen3-8B,c4,22,12,128,0.046273
Qwen/Qwen3-8B,c4,22,12,512,0.027074
Qwen/Qwen3-8B,c4,22,12,2048,0.005244
Qwen/Qwen3-8B,c4,22,13,128,0.307902
Qwen/Qwen3-8B,c4,22,13,512,0.151750
Qwen/Qwen3-8B,c4,22,13,2048,0.032532
Qwen/Qwen3-8B,c4,22,14,128,0.295351
Qwen/Qwen3-8B,c4,22,14,512,0.114857
Qwen/Qwen3-8B,c4,22,14,2048,0.024638
Qwen/Qwen3-8B,c4,22,15,128,0.103332
Qwen/Qwen3-8B,c4,22,15,512,0.050973
Qwen/Qwen3-8B,c4,22,15,2048,0.006105
Qwen/Qwen3-8B,c4,22,16,128,0.147175
Qwen/Qwen3-8B,c4,22,16,512,0.062812
Qwen/Qwen3-8B,c4,22,16,2048,0.011695
Qwen/Qwen3-8B,c4,22,17,128,0.104331
Qwen/Qwen3-8B,c4,22,17,512,0.063923
Qwen/Qwen3-8B,c4,22,17,2048,0.008884
Qwen/Qwen3-8B,c4,22,18,128,0.123375
Qwen/Qwen3-8B,c4,22,18,512,0.052870
Qwen/Qwen3-8B,c4,22,18,2048,0.006877
Qwen/Qwen3-8B,c4,22,19,128,0.124387
Qwen/Qwen3-8B,c4,22,19,512,0.042385
Qwen/Qwen3-8B,c4,22,19,2048,0.006288
Qwen/Qwen3-8B,c4,22,20,128,0.273502
Qwen/Qwen3-8B,c4,22,20,512,0.154996
Qwen/Qwen3-8B,c4,22,20,2048,0.030062
Qwen/Qwen3-8B,c4,22,21,128,0.185212
Qwen/Qwen3-8B,c4,22,21,512,0.113787
Qwen/Qwen3-8B,c4,22,21,2048,0.022337
Qwen/Qwen3-8B,c4,22,22,128,0.117415
Qwen/Qwen3-8B,c4,22,22,512,0.073786
Qwen/Qwen3-8B,c4,22,22,2048,0.009779
Qwen/Qwen3-8B,c4,22,23,128,0.153289
Qwen/Qwen3-8B,c4,22,23,512,0.099817
Qwen/Qwen3-8B,c4,22,23,2048,0.019672
Qwen/Qwen3-8B,c4,22,24,128,0.070314
Qwen/Qwen3-8B,c4,22,24,512,0.050029
Qwen/Qwen3-8B,c4,22,24,2048,0.005654
Qwen/Qwen3-8B,c4,22,25,128,0.072705
Qwen/Qwen3-8B,c4,22,25,512,0.047566
Qwen/Qwen3-8B,c4,22,25,2048,0.006286
Qwen/Qwen3-8B,c4,22,26,128,0.070392
Qwen/Qwen3-8B,c4,22,26,512,0.055266
Qwen/Qwen3-8B,c4,22,26,2048,0.007143
Qwen/Qwen3-8B,c4,22,27,128,0.066284
Qwen/Qwen3-8B,c4,22,27,512,0.052533
Qwen/Qwen3-8B,c4,22,27,2048,0.006207
Qwen/Qwen3-8B,c4,22,28,128,0.177673
Qwen/Qwen3-8B,c4,22,28,512,0.104206
Qwen/Qwen3-8B,c4,22,28,2048,0.021865
Qwen/Qwen3-8B,c4,22,29,128,0.290582
Qwen/Qwen3-8B,c4,22,29,512,0.142072
Qwen/Qwen3-8B,c4,22,29,2048,0.031874
Qwen/Qwen3-8B,c4,22,30,128,0.151018
Qwen/Qwen3-8B,c4,22,30,512,0.092471
Qwen/Qwen3-8B,c4,22,30,2048,0.014595
Qwen/Qwen3-8B,c4,22,31,128,0.274945
Qwen/Qwen3-8B,c4,22,31,512,0.130660
Qwen/Qwen3-8B,c4,22,31,2048,0.029471
Qwen/Qwen3-8B,c4,23,0,128,0.053730
Qwen/Qwen3-8B,c4,23,0,512,0.030352
Qwen/Qwen3-8B,c4,23,0,2048,0.003343
Qwen/Qwen3-8B,c4,23,1,128,0.056404
Qwen/Qwen3-8B,c4,23,1,512,0.030356
Qwen/Qwen3-8B,c4,23,1,2048,0.003069
Qwen/Qwen3-8B,c4,23,2,128,0.063839
Qwen/Qwen3-8B,c4,23,2,512,0.040489
Qwen/Qwen3-8B,c4,23,2,2048,0.004221
Qwen/Qwen3-8B,c4,23,3,128,0.053704
Qwen/Qwen3-8B,c4,23,3,512,0.022323
Qwen/Qwen3-8B,c4,23,3,2048,0.002111
Qwen/Qwen3-8B,c4,23,4,128,0.164757
Qwen/Qwen3-8B,c4,23,4,512,0.087155
Qwen/Qwen3-8B,c4,23,4,2048,0.008445
Qwen/Qwen3-8B,c4,23,5,128,0.127231
Qwen/Qwen3-8B,c4,23,5,512,0.076561
Qwen/Qwen3-8B,c4,23,5,2048,0.007180
Qwen/Qwen3-8B,c4,23,6,128,0.064674
Qwen/Qwen3-8B,c4,23,6,512,0.038977
Qwen/Qwen3-8B,c4,23,6,2048,0.006830
Qwen/Qwen3-8B,c4,23,7,128,0.094372
Qwen/Qwen3-8B,c4,23,7,512,0.066781
Qwen/Qwen3-8B,c4,23,7,2048,0.006996
Qwen/Qwen3-8B,c4,23,8,128,0.185961
Qwen/Qwen3-8B,c4,23,8,512,0.074426
Qwen/Qwen3-8B,c4,23,8,2048,0.010349
Qwen/Qwen3-8B,c4,23,9,128,0.206346
Qwen/Qwen3-8B,c4,23,9,512,0.074440
Qwen/Qwen3-8B,c4,23,9,2048,0.015533
Qwen/Qwen3-8B,c4,23,10,128,0.206122
Qwen/Qwen3-8B,c4,23,10,512,0.063161
Qwen/Qwen3-8B,c4,23,10,2048,0.007047
Qwen/Qwen3-8B,c4,23,11,128,0.137831
Qwen/Qwen3-8B,c4,23,11,512,0.062627
Qwen/Qwen3-8B,c4,23,11,2048,0.009298
Qwen/Qwen3-8B,c4,23,12,128,0.168804
Qwen/Qwen3-8B,c4,23,12,512,0.074117
Qwen/Qwen3-8B,c4,23,12,2048,0.011507
Qwen/Qwen3-8B,c4,23,13,128,0.173200
Qwen/Qwen3-8B,c4,23,13,512,0.077385
Qwen/Qwen3-8B,c4,23,13,2048,0.011100
Qwen/Qwen3-8B,c4,23,14,128,0.162337
Qwen/Qwen3-8B,c4,23,14,512,0.074661
Qwen/Qwen3-8B,c4,23,14,2048,0.009994
Qwen/Qwen3-8B,c4,23,15,128,0.154939
Qwen/Qwen3-8B,c4,23,15,512,0.075435
Qwen/Qwen3-8B,c4,23,15,2048,0.012546
Qwen/Qwen3-8B,c4,23,16,128,0.061926
Qwen/Qwen3-8B,c4,23,16,512,0.046073
Qwen/Qwen3-8B,c4,23,16,2048,0.005142
Qwen/Qwen3-8B,c4,23,17,128,0.062131
Qwen/Qwen3-8B,c4,23,17,512,0.045044
Qwen/Qwen3-8B,c4,23,17,2048,0.004758
Qwen/Qwen3-8B,c4,23,18,128,0.070971
Qwen/Qwen3-8B,c4,23,18,512,0.049345
Qwen/Qwen3-8B,c4,23,18,2048,0.006519
Qwen/Qwen3-8B,c4,23,19,128,0.072417
Qwen/Qwen3-8B,c4,23,19,512,0.057595
Qwen/Qwen3-8B,c4,23,19,2048,0.006807
Qwen/Qwen3-8B,c4,23,20,128,0.075127
Qwen/Qwen3-8B,c4,23,20,512,0.053797
Qwen/Qwen3-8B,c4,23,20,2048,0.006144
Qwen/Qwen3-8B,c4,23,21,128,0.174939
Qwen/Qwen3-8B,c4,23,21,512,0.100666
Qwen/Qwen3-8B,c4,23,21,2048,0.019201
Qwen/Qwen3-8B,c4,23,22,128,0.083122
Qwen/Qwen3-8B,c4,23,22,512,0.056421
Qwen/Qwen3-8B,c4,23,22,2048,0.007475
Qwen/Qwen3-8B,c4,23,23,128,0.110076
Qwen/Qwen3-8B,c4,23,23,512,0.064098
Qwen/Qwen3-8B,c4,23,23,2048,0.008602
Qwen/Qwen3-8B,c4,23,24,128,0.119417
Qwen/Qwen3-8B,c4,23,24,512,0.067041
Qwen/Qwen3-8B,c4,23,24,2048,0.008232
Qwen/Qwen3-8B,c4,23,25,128,0.074203
Qwen/Qwen3-8B,c4,23,25,512,0.054154
Qwen/Qwen3-8B,c4,23,25,2048,0.006094
Qwen/Qwen3-8B,c4,23,26,128,0.147184
Qwen/Qwen3-8B,c4,23,26,512,0.067845
Qwen/Qwen3-8B,c4,23,26,2048,0.008407
Qwen/Qwen3-8B,c4,23,27,128,0.077385
Qwen/Qwen3-8B,c4,23,27,512,0.055549
Qwen/Qwen3-8B,c4,23,27,2048,0.007278
Qwen/Qwen3-8B,c4,23,28,128,0.197052
Qwen/Qwen3-8B,c4,23,28,512,0.097649
Qwen/Qwen3-8B,c4,23,28,2048,0.015108
Qwen/Qwen3-8B,c4,23,29,128,0.142187
Qwen/Qwen3-8B,c4,23,29,512,0.077908
Qwen/Qwen3-8B,c4,23,29,2048,0.009844
Qwen/Qwen3-8B,c4,23,30,128,0.175587
Qwen/Qwen3-8B,c4,23,30,512,0.079601
Qwen/Qwen3-8B,c4,23,30,2048,0.010091
Qwen/Qwen3-8B,c4,23,31,128,0.169926
Qwen/Qwen3-8B,c4,23,31,512,0.067593
Qwen/Qwen3-8B,c4,23,31,2048,0.008630
Qwen/Qwen3-8B,c4,24,0,128,0.073692
Qwen/Qwen3-8B,c4,24,0,512,0.056802
Qwen/Qwen3-8B,c4,24,0,2048,0.010094
Qwen/Qwen3-8B,c4,24,1,128,0.107159
Qwen/Qwen3-8B,c4,24,1,512,0.080372
Qwen/Qwen3-8B,c4,24,1,2048,0.011787
Qwen/Qwen3-8B,c4,24,2,128,0.161782
Qwen/Qwen3-8B,c4,24,2,512,0.100999
Qwen/Qwen3-8B,c4,24,2,2048,0.019891
Qwen/Qwen3-8B,c4,24,3,128,0.085510
Qwen/Qwen3-8B,c4,24,3,512,0.070196
Qwen/Qwen3-8B,c4,24,3,2048,0.011086
Qwen/Qwen3-8B,c4,24,4,128,0.179157
Qwen/Qwen3-8B,c4,24,4,512,0.105321
Qwen/Qwen3-8B,c4,24,4,2048,0.016989
Qwen/Qwen3-8B,c4,24,5,128,0.152257
Qwen/Qwen3-8B,c4,24,5,512,0.088471
Qwen/Qwen3-8B,c4,24,5,2048,0.012389
Qwen/Qwen3-8B,c4,24,6,128,0.087617
Qwen/Qwen3-8B,c4,24,6,512,0.070750
Qwen/Qwen3-8B,c4,24,6,2048,0.009781
Qwen/Qwen3-8B,c4,24,7,128,0.119197
Qwen/Qwen3-8B,c4,24,7,512,0.073580
Qwen/Qwen3-8B,c4,24,7,2048,0.009707
Qwen/Qwen3-8B,c4,24,8,128,0.181290
Qwen/Qwen3-8B,c4,24,8,512,0.093154
Qwen/Qwen3-8B,c4,24,8,2048,0.016768
Qwen/Qwen3-8B,c4,24,9,128,0.104242
Qwen/Qwen3-8B,c4,24,9,512,0.063295
Qwen/Qwen3-8B,c4,24,9,2048,0.010744
Qwen/Qwen3-8B,c4,24,10,128,0.110066
Qwen/Qwen3-8B,c4,24,10,512,0.085991
Qwen/Qwen3-8B,c4,24,10,2048,0.014258
Qwen/Qwen3-8B,c4,24,11,128,0.113909
Qwen/Qwen3-8B,c4,24,11,512,0.068299
Qwen/Qwen3-8B,c4,24,11,2048,0.012134
Qwen/Qwen3-8B,c4,24,12,128,0.220343
Qwen/Qwen3-8B,c4,24,12,512,0.101453
Qwen/Qwen3-8B,c4,24,12,2048,0.020429
Qwen/Qwen3-8B,c4,24,13,128,0.203546
Qwen/Qwen3-8B,c4,24,13,512,0.095213
Qwen/Qwen3-8B,c4,24,13,2048,0.017339
Qwen/Qwen3-8B,c4,24,14,128,0.192423
Qwen/Qwen3-8B,c4,24,14,512,0.084961
Qwen/Qwen3-8B,c4,24,14,2048,0.016527
Qwen/Qwen3-8B,c4,24,15,128,0.173941
Qwen/Qwen3-8B,c4,24,15,512,0.074889
Qwen/Qwen3-8B,c4,24,15,2048,0.012677
Qwen/Qwen3-8B,c4,24,16,128,0.165932
Qwen/Qwen3-8B,c4,24,16,512,0.080901
Qwen/Qwen3-8B,c4,24,16,2048,0.013443
Qwen/Qwen3-8B,c4,24,17,128,0.156280
Qwen/Qwen3-8B,c4,24,17,512,0.089498
Qwen/Qwen3-8B,c4,24,17,2048,0.014857
Qwen/Qwen3-8B,c4,24,18,128,0.212472
Qwen/Qwen3-8B,c4,24,18,512,0.098800
Qwen/Qwen3-8B,c4,24,18,2048,0.017006
Qwen/Qwen3-8B,c4,24,19,128,0.147732
Qwen/Qwen3-8B,c4,24,19,512,0.076926
Qwen/Qwen3-8B,c4,24,19,2048,0.011863
Qwen/Qwen3-8B,c4,24,20,128,0.144477
Qwen/Qwen3-8B,c4,24,20,512,0.104133
Qwen/Qwen3-8B,c4,24,20,2048,0.014725
Qwen/Qwen3-8B,c4,24,21,128,0.180448
Qwen/Qwen3-8B,c4,24,21,512,0.109403
Qwen/Qwen3-8B,c4,24,21,2048,0.017789
Qwen/Qwen3-8B,c4,24,22,128,0.193973
Qwen/Qwen3-8B,c4,24,22,512,0.118312
Qwen/Qwen3-8B,c4,24,22,2048,0.022430
Qwen/Qwen3-8B,c4,24,23,128,0.167683
Qwen/Qwen3-8B,c4,24,23,512,0.107683
Qwen/Qwen3-8B,c4,24,23,2048,0.013676
Qwen/Qwen3-8B,c4,24,24,128,0.211018
Qwen/Qwen3-8B,c4,24,24,512,0.103987
Qwen/Qwen3-8B,c4,24,24,2048,0.019894
Qwen/Qwen3-8B,c4,24,25,128,0.228305
Qwen/Qwen3-8B,c4,24,25,512,0.076063
Qwen/Qwen3-8B,c4,24,25,2048,0.017002
Qwen/Qwen3-8B,c4,24,26,128,0.180328
Qwen/Qwen3-8B,c4,24,26,512,0.084691
Qwen/Qwen3-8B,c4,24,26,2048,0.015602
Qwen/Qwen3-8B,c4,24,27,128,0.238470
Qwen/Qwen3-8B,c4,24,27,512,0.082780
Qwen/Qwen3-8B,c4,24,27,2048,0.018639
Qwen/Qwen3-8B,c4,24,28,128,0.275517
Qwen/Qwen3-8B,c4,24,28,512,0.136981
Qwen/Qwen3-8B,c4,24,28,2048,0.029120
Qwen/Qwen3-8B,c4,24,29,128,0.235393
Qwen/Qwen3-8B,c4,24,29,512,0.110890
Qwen/Qwen3-8B,c4,24,29,2048,0.016913
Qwen/Qwen3-8B,c4,24,30,128,0.209658
Qwen/Qwen3-8B,c4,24,30,512,0.096536
Qwen/Qwen3-8B,c4,24,30,2048,0.017160
Qwen/Qwen3-8B,c4,24,31,128,0.168594
Qwen/Qwen3-8B,c4,24,31,512,0.082669
Qwen/Qwen3-8B,c4,24,31,2048,0.012313
Qwen/Qwen3-8B,c4,25,0,128,0.161000
Qwen/Qwen3-8B,c4,25,0,512,0.086746
Qwen/Qwen3-8B,c4,25,0,2048,0.015327
Qwen/Qwen3-8B,c4,25,1,128,0.090161
Qwen/Qwen3-8B,c4,25,1,512,0.063929
Qwen/Qwen3-8B,c4,25,1,2048,0.008503
Qwen/Qwen3-8B,c4,25,2,128,0.080281
Qwen/Qwen3-8B,c4,25,2,512,0.062274
Qwen/Qwen3-8B,c4,25,2,2048,0.007993
Qwen/Qwen3-8B,c4,25,3,128,0.070324
Qwen/Qwen3-8B,c4,25,3,512,0.054584
Qwen/Qwen3-8B,c4,25,3,2048,0.007049
Qwen/Qwen3-8B,c4,25,4,128,0.093955
Qwen/Qwen3-8B,c4,25,4,512,0.058126
Qwen/Qwen3-8B,c4,25,4,2048,0.012857
Qwen/Qwen3-8B,c4,25,5,128,0.054327
Qwen/Qwen3-8B,c4,25,5,512,0.040591
Qwen/Qwen3-8B,c4,25,5,2048,0.006757
Qwen/Qwen3-8B,c4,25,6,128,0.138311
Qwen/Qwen3-8B,c4,25,6,512,0.082126
Qwen/Qwen3-8B,c4,25,6,2048,0.012584
Qwen/Qwen3-8B,c4,25,7,128,0.063074
Qwen/Qwen3-8B,c4,25,7,512,0.045315
Qwen/Qwen3-8B,c4,25,7,2048,0.007568
Qwen/Qwen3-8B,c4,25,8,128,0.162183
Qwen/Qwen3-8B,c4,25,8,512,0.084225
Qwen/Qwen3-8B,c4,25,8,2048,0.012643
Qwen/Qwen3-8B,c4,25,9,128,0.146611
Qwen/Qwen3-8B,c4,25,9,512,0.088602
Qwen/Qwen3-8B,c4,25,9,2048,0.012347
Qwen/Qwen3-8B,c4,25,10,128,0.167804
Qwen/Qwen3-8B,c4,25,10,512,0.082537
Qwen/Qwen3-8B,c4,25,10,2048,0.010884
Qwen/Qwen3-8B,c4,25,11,128,0.168850
Qwen/Qwen3-8B,c4,25,11,512,0.096094
Qwen/Qwen3-8B,c4,25,11,2048,0.014721
Qwen/Qwen3-8B,c4,25,12,128,0.052964
Qwen/Qwen3-8B,c4,25,12,512,0.037311
Qwen/Qwen3-8B,c4,25,12,2048,0.004287
Qwen/Qwen3-8B,c4,25,13,128,0.070982
Qwen/Qwen3-8B,c4,25,13,512,0.054365
Qwen/Qwen3-8B,c4,25,13,2048,0.006215
Qwen/Qwen3-8B,c4,25,14,128,0.084393
Qwen/Qwen3-8B,c4,25,14,512,0.040124
Qwen/Qwen3-8B,c4,25,14,2048,0.006154
Qwen/Qwen3-8B,c4,25,15,128,0.070732
Qwen/Qwen3-8B,c4,25,15,512,0.041299
Qwen/Qwen3-8B,c4,25,15,2048,0.004431
Qwen/Qwen3-8B,c4,25,16,128,0.068692
Qwen/Qwen3-8B,c4,25,16,512,0.054659
Qwen/Qwen3-8B,c4,25,16,2048,0.007180
Qwen/Qwen3-8B,c4,25,17,128,0.073483
Qwen/Qwen3-8B,c4,25,17,512,0.057135
Qwen/Qwen3-8B,c4,25,17,2048,0.007240
Qwen/Qwen3-8B,c4,25,18,128,0.069992
Qwen/Qwen3-8B,c4,25,18,512,0.055986
Qwen/Qwen3-8B,c4,25,18,2048,0.007541
Qwen/Qwen3-8B,c4,25,19,128,0.077676
Qwen/Qwen3-8B,c4,25,19,512,0.054397
Qwen/Qwen3-8B,c4,25,19,2048,0.008179
Qwen/Qwen3-8B,c4,25,20,128,0.086388
Qwen/Qwen3-8B,c4,25,20,512,0.062583
Qwen/Qwen3-8B,c4,25,20,2048,0.008844
Qwen/Qwen3-8B,c4,25,21,128,0.109338
Qwen/Qwen3-8B,c4,25,21,512,0.074174
Qwen/Qwen3-8B,c4,25,21,2048,0.012132
Qwen/Qwen3-8B,c4,25,22,128,0.093963
Qwen/Qwen3-8B,c4,25,22,512,0.068840
Qwen/Qwen3-8B,c4,25,22,2048,0.009433
Qwen/Qwen3-8B,c4,25,23,128,0.145536
Qwen/Qwen3-8B,c4,25,23,512,0.083697
Qwen/Qwen3-8B,c4,25,23,2048,0.012198
Qwen/Qwen3-8B,c4,25,24,128,0.122365
Qwen/Qwen3-8B,c4,25,24,512,0.080871
Qwen/Qwen3-8B,c4,25,24,2048,0.010281
Qwen/Qwen3-8B,c4,25,25,128,0.120524
Qwen/Qwen3-8B,c4,25,25,512,0.082694
Qwen/Qwen3-8B,c4,25,25,2048,0.010223
Qwen/Qwen3-8B,c4,25,26,128,0.124198
Qwen/Qwen3-8B,c4,25,26,512,0.071712
Qwen/Qwen3-8B,c4,25,26,2048,0.009937
Qwen/Qwen3-8B,c4,25,27,128,0.147685
Qwen/Qwen3-8B,c4,25,27,512,0.083101
Qwen/Qwen3-8B,c4,25,27,2048,0.011927
Qwen/Qwen3-8B,c4,25,28,128,0.111778
Qwen/Qwen3-8B,c4,25,28,512,0.066462
Qwen/Qwen3-8B,c4,25,28,2048,0.009328
Qwen/Qwen3-8B,c4,25,29,128,0.068001
Qwen/Qwen3-8B,c4,25,29,512,0.055165
Qwen/Qwen3-8B,c4,25,29,2048,0.007065
Qwen/Qwen3-8B,c4,25,30,128,0.244673
Qwen/Qwen3-8B,c4,25,30,512,0.114905
Qwen/Qwen3-8B,c4,25,30,2048,0.021018
Qwen/Qwen3-8B,c4,25,31,128,0.200627
Qwen/Qwen3-8B,c4,25,31,512,0.111925
Qwen/Qwen3-8B,c4,25,31,2048,0.018873
Qwen/Qwen3-8B,c4,26,0,128,0.191218
Qwen/Qwen3-8B,c4,26,0,512,0.103758
Qwen/Qwen3-8B,c4,26,0,2048,0.024473
Qwen/Qwen3-8B,c4,26,1,128,0.243629
Qwen/Qwen3-8B,c4,26,1,512,0.115429
Qwen/Qwen3-8B,c4,26,1,2048,0.023502
Qwen/Qwen3-8B,c4,26,2,128,0.233675
Qwen/Qwen3-8B,c4,26,2,512,0.121326
Qwen/Qwen3-8B,c4,26,2,2048,0.023465
Qwen/Qwen3-8B,c4,26,3,128,0.103957
Qwen/Qwen3-8B,c4,26,3,512,0.069828
Qwen/Qwen3-8B,c4,26,3,2048,0.011697
Qwen/Qwen3-8B,c4,26,4,128,0.143090
Qwen/Qwen3-8B,c4,26,4,512,0.097417
Qwen/Qwen3-8B,c4,26,4,2048,0.014124
Qwen/Qwen3-8B,c4,26,5,128,0.217041
Qwen/Qwen3-8B,c4,26,5,512,0.135066
Qwen/Qwen3-8B,c4,26,5,2048,0.026726
Qwen/Qwen3-8B,c4,26,6,128,0.187916
Qwen/Qwen3-8B,c4,26,6,512,0.122753
Qwen/Qwen3-8B,c4,26,6,2048,0.023106
Qwen/Qwen3-8B,c4,26,7,128,0.187813
Qwen/Qwen3-8B,c4,26,7,512,0.119230
Qwen/Qwen3-8B,c4,26,7,2048,0.020727
Qwen/Qwen3-8B,c4,26,8,128,0.065888
Qwen/Qwen3-8B,c4,26,8,512,0.053112
Qwen/Qwen3-8B,c4,26,8,2048,0.005315
Qwen/Qwen3-8B,c4,26,9,128,0.064869
Qwen/Qwen3-8B,c4,26,9,512,0.053000
Qwen/Qwen3-8B,c4,26,9,2048,0.004922
Qwen/Qwen3-8B,c4,26,10,128,0.061179
Qwen/Qwen3-8B,c4,26,10,512,0.050976
Qwen/Qwen3-8B,c4,26,10,2048,0.005007
Qwen/Qwen3-8B,c4,26,11,128,0.061118
Qwen/Qwen3-8B,c4,26,11,512,0.049880
Qwen/Qwen3-8B,c4,26,11,2048,0.004746
Qwen/Qwen3-8B,c4,26,12,128,0.140049
Qwen/Qwen3-8B,c4,26,12,512,0.100421
Qwen/Qwen3-8B,c4,26,12,2048,0.017629
Qwen/Qwen3-8B,c4,26,13,128,0.111606
Qwen/Qwen3-8B,c4,26,13,512,0.078460
Qwen/Qwen3-8B,c4,26,13,2048,0.012147
Qwen/Qwen3-8B,c4,26,14,128,0.175324
Qwen/Qwen3-8B,c4,26,14,512,0.109342
Qwen/Qwen3-8B,c4,26,14,2048,0.018538
Qwen/Qwen3-8B,c4,26,15,128,0.173581
Qwen/Qwen3-8B,c4,26,15,512,0.101460
Qwen/Qwen3-8B,c4,26,15,2048,0.018029
Qwen/Qwen3-8B,c4,26,16,128,0.167752
Qwen/Qwen3-8B,c4,26,16,512,0.091087
Qwen/Qwen3-8B,c4,26,16,2048,0.016403
Qwen/Qwen3-8B,c4,26,17,128,0.150099
Qwen/Qwen3-8B,c4,26,17,512,0.091129
Qwen/Qwen3-8B,c4,26,17,2048,0.015432
Qwen/Qwen3-8B,c4,26,18,128,0.163536
Qwen/Qwen3-8B,c4,26,18,512,0.092781
Qwen/Qwen3-8B,c4,26,18,2048,0.015887
Qwen/Qwen3-8B,c4,26,19,128,0.150303
Qwen/Qwen3-8B,c4,26,19,512,0.080091
Qwen/Qwen3-8B,c4,26,19,2048,0.011229
Qwen/Qwen3-8B,c4,26,20,128,0.131027
Qwen/Qwen3-8B,c4,26,20,512,0.084429
Qwen/Qwen3-8B,c4,26,20,2048,0.011390
Qwen/Qwen3-8B,c4,26,21,128,0.128600
Qwen/Qwen3-8B,c4,26,21,512,0.089678
Qwen/Qwen3-8B,c4,26,21,2048,0.011480
Qwen/Qwen3-8B,c4,26,22,128,0.111814
Qwen/Qwen3-8B,c4,26,22,512,0.080798
Qwen/Qwen3-8B,c4,26,22,2048,0.009589
Qwen/Qwen3-8B,c4,26,23,128,0.112011
Qwen/Qwen3-8B,c4,26,23,512,0.082296
Qwen/Qwen3-8B,c4,26,23,2048,0.009667
Qwen/Qwen3-8B,c4,26,24,128,0.148227
Qwen/Qwen3-8B,c4,26,24,512,0.090002
Qwen/Qwen3-8B,c4,26,24,2048,0.015438
Qwen/Qwen3-8B,c4,26,25,128,0.172167
Qwen/Qwen3-8B,c4,26,25,512,0.104614
Qwen/Qwen3-8B,c4,26,25,2048,0.018038
Qwen/Qwen3-8B,c4,26,26,128,0.219657
Qwen/Qwen3-8B,c4,26,26,512,0.117289
Qwen/Qwen3-8B,c4,26,26,2048,0.025453
Qwen/Qwen3-8B,c4,26,27,128,0.175741
Qwen/Qwen3-8B,c4,26,27,512,0.101973
Qwen/Qwen3-8B,c4,26,27,2048,0.022229
Qwen/Qwen3-8B,c4,26,28,128,0.134884
Qwen/Qwen3-8B,c4,26,28,512,0.089102
Qwen/Qwen3-8B,c4,26,28,2048,0.011820
Qwen/Qwen3-8B,c4,26,29,128,0.152120
Qwen/Qwen3-8B,c4,26,29,512,0.093413
Qwen/Qwen3-8B,c4,26,29,2048,0.016229
Qwen/Qwen3-8B,c4,26,30,128,0.127751
Qwen/Qwen3-8B,c4,26,30,512,0.093410
Qwen/Qwen3-8B,c4,26,30,2048,0.012070
Qwen/Qwen3-8B,c4,26,31,128,0.169212
Qwen/Qwen3-8B,c4,26,31,512,0.083988
Qwen/Qwen3-8B,c4,26,31,2048,0.015521
Qwen/Qwen3-8B,c4,27,0,128,0.069672
Qwen/Qwen3-8B,c4,27,0,512,0.050393
Qwen/Qwen3-8B,c4,27,0,2048,0.009456
Qwen/Qwen3-8B,c4,27,1,128,0.097056
Qwen/Qwen3-8B,c4,27,1,512,0.070430
Qwen/Qwen3-8B,c4,27,1,2048,0.011609
Qwen/Qwen3-8B,c4,27,2,128,0.077926
Qwen/Qwen3-8B,c4,27,2,512,0.061925
Qwen/Qwen3-8B,c4,27,2,2048,0.009383
Qwen/Qwen3-8B,c4,27,3,128,0.119272
Qwen/Qwen3-8B,c4,27,3,512,0.072665
Qwen/Qwen3-8B,c4,27,3,2048,0.010410
Qwen/Qwen3-8B,c4,27,4,128,0.093933
Qwen/Qwen3-8B,c4,27,4,512,0.063448
Qwen/Qwen3-8B,c4,27,4,2048,0.014098
Qwen/Qwen3-8B,c4,27,5,128,0.079385
Qwen/Qwen3-8B,c4,27,5,512,0.060570
Qwen/Qwen3-8B,c4,27,5,2048,0.013400
Qwen/Qwen3-8B,c4,27,6,128,0.072132
Qwen/Qwen3-8B,c4,27,6,512,0.057016
Qwen/Qwen3-8B,c4,27,6,2048,0.012067
Qwen/Qwen3-8B,c4,27,7,128,0.103812
Qwen/Qwen3-8B,c4,27,7,512,0.061709
Qwen/Qwen3-8B,c4,27,7,2048,0.014409
Qwen/Qwen3-8B,c4,27,8,128,0.097917
Qwen/Qwen3-8B,c4,27,8,512,0.071710
Qwen/Qwen3-8B,c4,27,8,2048,0.016601
Qwen/Qwen3-8B,c4,27,9,128,0.092850
Qwen/Qwen3-8B,c4,27,9,512,0.071172
Qwen/Qwen3-8B,c4,27,9,2048,0.014043
Qwen/Qwen3-8B,c4,27,10,128,0.213986
Qwen/Qwen3-8B,c4,27,10,512,0.128111
Qwen/Qwen3-8B,c4,27,10,2048,0.027008
Qwen/Qwen3-8B,c4,27,11,128,0.115033
Qwen/Qwen3-8B,c4,27,11,512,0.080511
Qwen/Qwen3-8B,c4,27,11,2048,0.019665
Qwen/Qwen3-8B,c4,27,12,128,0.085320
Qwen/Qwen3-8B,c4,27,12,512,0.062147
Qwen/Qwen3-8B,c4,27,12,2048,0.015003
Qwen/Qwen3-8B,c4,27,13,128,0.117585
Qwen/Qwen3-8B,c4,27,13,512,0.071456
Qwen/Qwen3-8B,c4,27,13,2048,0.013517
Qwen/Qwen3-8B,c4,27,14,128,0.100080
Qwen/Qwen3-8B,c4,27,14,512,0.064350
Qwen/Qwen3-8B,c4,27,14,2048,0.013722
Qwen/Qwen3-8B,c4,27,15,128,0.199904
Qwen/Qwen3-8B,c4,27,15,512,0.101755
Qwen/Qwen3-8B,c4,27,15,2048,0.026312
Qwen/Qwen3-8B,c4,27,16,128,0.279220
Qwen/Qwen3-8B,c4,27,16,512,0.139289
Qwen/Qwen3-8B,c4,27,16,2048,0.034362
Qwen/Qwen3-8B,c4,27,17,128,0.200106
Qwen/Qwen3-8B,c4,27,17,512,0.098647
Qwen/Qwen3-8B,c4,27,17,2048,0.018369
Qwen/Qwen3-8B,c4,27,18,128,0.211601
Qwen/Qwen3-8B,c4,27,18,512,0.101269
Qwen/Qwen3-8B,c4,27,18,2048,0.018395
Qwen/Qwen3-8B,c4,27,19,128,0.212930
Qwen/Qwen3-8B,c4,27,19,512,0.117800
Qwen/Qwen3-8B,c4,27,19,2048,0.023512
Qwen/Qwen3-8B,c4,27,20,128,0.221532
Qwen/Qwen3-8B,c4,27,20,512,0.113732
Qwen/Qwen3-8B,c4,27,20,2048,0.032265
Qwen/Qwen3-8B,c4,27,21,128,0.124969
Qwen/Qwen3-8B,c4,27,21,512,0.080085
Qwen/Qwen3-8B,c4,27,21,2048,0.016053
Qwen/Qwen3-8B,c4,27,22,128,0.101631
Qwen/Qwen3-8B,c4,27,22,512,0.079280
Qwen/Qwen3-8B,c4,27,22,2048,0.011352
Qwen/Qwen3-8B,c4,27,23,128,0.244613
Qwen/Qwen3-8B,c4,27,23,512,0.138176
Qwen/Qwen3-8B,c4,27,23,2048,0.036749
Qwen/Qwen3-8B,c4,27,24,128,0.179905
Qwen/Qwen3-8B,c4,27,24,512,0.106831
Qwen/Qwen3-8B,c4,27,24,2048,0.024627
Qwen/Qwen3-8B,c4,27,25,128,0.206237
Qwen/Qwen3-8B,c4,27,25,512,0.132399
Qwen/Qwen3-8B,c4,27,25,2048,0.028946
Qwen/Qwen3-8B,c4,27,26,128,0.178465
Qwen/Qwen3-8B,c4,27,26,512,0.114033
Qwen/Qwen3-8B,c4,27,26,2048,0.025241
Qwen/Qwen3-8B,c4,27,27,128,0.191811
Qwen/Qwen3-8B,c4,27,27,512,0.117058
Qwen/Qwen3-8B,c4,27,27,2048,0.025430
Qwen/Qwen3-8B,c4,27,28,128,0.127143
Qwen/Qwen3-8B,c4,27,28,512,0.082771
Qwen/Qwen3-8B,c4,27,28,2048,0.019827
Qwen/Qwen3-8B,c4,27,29,128,0.120352
Qwen/Qwen3-8B,c4,27,29,512,0.071443
Qwen/Qwen3-8B,c4,27,29,2048,0.016625
Qwen/Qwen3-8B,c4,27,30,128,0.136990
Qwen/Qwen3-8B,c4,27,30,512,0.082899
Qwen/Qwen3-8B,c4,27,30,2048,0.017125
Qwen/Qwen3-8B,c4,27,31,128,0.108780
Qwen/Qwen3-8B,c4,27,31,512,0.081338
Qwen/Qwen3-8B,c4,27,31,2048,0.009181
Qwen/Qwen3-8B,c4,28,0,128,0.169110
Qwen/Qwen3-8B,c4,28,0,512,0.088066
Qwen/Qwen3-8B,c4,28,0,2048,0.012494
Qwen/Qwen3-8B,c4,28,1,128,0.141500
Qwen/Qwen3-8B,c4,28,1,512,0.086065
Qwen/Qwen3-8B,c4,28,1,2048,0.013459
Qwen/Qwen3-8B,c4,28,2,128,0.190242
Qwen/Qwen3-8B,c4,28,2,512,0.097252
Qwen/Qwen3-8B,c4,28,2,2048,0.017247
Qwen/Qwen3-8B,c4,28,3,128,0.193132
Qwen/Qwen3-8B,c4,28,3,512,0.099292
Qwen/Qwen3-8B,c4,28,3,2048,0.016963
Qwen/Qwen3-8B,c4,28,4,128,0.064431
Qwen/Qwen3-8B,c4,28,4,512,0.045360
Qwen/Qwen3-8B,c4,28,4,2048,0.004183
Qwen/Qwen3-8B,c4,28,5,128,0.062224
Qwen/Qwen3-8B,c4,28,5,512,0.039035
Qwen/Qwen3-8B,c4,28,5,2048,0.003398
Qwen/Qwen3-8B,c4,28,6,128,0.078071
Qwen/Qwen3-8B,c4,28,6,512,0.045602
Qwen/Qwen3-8B,c4,28,6,2048,0.004308
Qwen/Qwen3-8B,c4,28,7,128,0.089054
Qwen/Qwen3-8B,c4,28,7,512,0.045372
Qwen/Qwen3-8B,c4,28,7,2048,0.004190
Qwen/Qwen3-8B,c4,28,8,128,0.142192
Qwen/Qwen3-8B,c4,28,8,512,0.076761
Qwen/Qwen3-8B,c4,28,8,2048,0.011907
Qwen/Qwen3-8B,c4,28,9,128,0.126047
Qwen/Qwen3-8B,c4,28,9,512,0.074315
Qwen/Qwen3-8B,c4,28,9,2048,0.010988
Qwen/Qwen3-8B,c4,28,10,128,0.133491
Qwen/Qwen3-8B,c4,28,10,512,0.074627
Qwen/Qwen3-8B,c4,28,10,2048,0.010128
Qwen/Qwen3-8B,c4,28,11,128,0.147015
Qwen/Qwen3-8B,c4,28,11,512,0.082505
Qwen/Qwen3-8B,c4,28,11,2048,0.013937
Qwen/Qwen3-8B,c4,28,12,128,0.146879
Qwen/Qwen3-8B,c4,28,12,512,0.088460
Qwen/Qwen3-8B,c4,28,12,2048,0.013596
Qwen/Qwen3-8B,c4,28,13,128,0.113021
Qwen/Qwen3-8B,c4,28,13,512,0.074787
Qwen/Qwen3-8B,c4,28,13,2048,0.010225
Qwen/Qwen3-8B,c4,28,14,128,0.087503
Qwen/Qwen3-8B,c4,28,14,512,0.065230
Qwen/Qwen3-8B,c4,28,14,2048,0.008369
Qwen/Qwen3-8B,c4,28,15,128,0.099059
Qwen/Qwen3-8B,c4,28,15,512,0.066609
Qwen/Qwen3-8B,c4,28,15,2048,0.008334
Qwen/Qwen3-8B,c4,28,16,128,0.132487
Qwen/Qwen3-8B,c4,28,16,512,0.080061
Qwen/Qwen3-8B,c4,28,16,2048,0.012042
Qwen/Qwen3-8B,c4,28,17,128,0.113611
Qwen/Qwen3-8B,c4,28,17,512,0.072153
Qwen/Qwen3-8B,c4,28,17,2048,0.010973
Qwen/Qwen3-8B,c4,28,18,128,0.146324
Qwen/Qwen3-8B,c4,28,18,512,0.082893
Qwen/Qwen3-8B,c4,28,18,2048,0.014988
Qwen/Qwen3-8B,c4,28,19,128,0.124111
Qwen/Qwen3-8B,c4,28,19,512,0.079026
Qwen/Qwen3-8B,c4,28,19,2048,0.011749
Qwen/Qwen3-8B,c4,28,20,128,0.077448
Qwen/Qwen3-8B,c4,28,20,512,0.057143
Qwen/Qwen3-8B,c4,28,20,2048,0.007116
Qwen/Qwen3-8B,c4,28,21,128,0.262584
Qwen/Qwen3-8B,c4,28,21,512,0.129562
Qwen/Qwen3-8B,c4,28,21,2048,0.023186
Qwen/Qwen3-8B,c4,28,22,128,0.155561
Qwen/Qwen3-8B,c4,28,22,512,0.071571
Qwen/Qwen3-8B,c4,28,22,2048,0.012663
Qwen/Qwen3-8B,c4,28,23,128,0.223075
Qwen/Qwen3-8B,c4,28,23,512,0.105617
Qwen/Qwen3-8B,c4,28,23,2048,0.018479
Qwen/Qwen3-8B,c4,28,24,128,0.060715
Qwen/Qwen3-8B,c4,28,24,512,0.046602
Qwen/Qwen3-8B,c4,28,24,2048,0.004744
Qwen/Qwen3-8B,c4,28,25,128,0.095927
Qwen/Qwen3-8B,c4,28,25,512,0.062883
Qwen/Qwen3-8B,c4,28,25,2048,0.005671
Qwen/Qwen3-8B,c4,28,26,128,0.066520
Qwen/Qwen3-8B,c4,28,26,512,0.051332
Qwen/Qwen3-8B,c4,28,26,2048,0.004958
Qwen/Qwen3-8B,c4,28,27,128,0.067341
Qwen/Qwen3-8B,c4,28,27,512,0.051437
Qwen/Qwen3-8B,c4,28,27,2048,0.004927
Qwen/Qwen3-8B,c4,28,28,128,0.052292
Qwen/Qwen3-8B,c4,28,28,512,0.042183
Qwen/Qwen3-8B,c4,28,28,2048,0.004208
Qwen/Qwen3-8B,c4,28,29,128,0.056819
Qwen/Qwen3-8B,c4,28,29,512,0.042770
Qwen/Qwen3-8B,c4,28,29,2048,0.004052
Qwen/Qwen3-8B,c4,28,30,128,0.053513
Qwen/Qwen3-8B,c4,28,30,512,0.035536
Qwen/Qwen3-8B,c4,28,30,2048,0.003646
Qwen/Qwen3-8B,c4,28,31,128,0.064914
Qwen/Qwen3-8B,c4,28,31,512,0.045744
Qwen/Qwen3-8B,c4,28,31,2048,0.004139
Qwen/Qwen3-8B,c4,29,0,128,0.162651
Qwen/Qwen3-8B,c4,29,0,512,0.100221
Qwen/Qwen3-8B,c4,29,0,2048,0.018842
Qwen/Qwen3-8B,c4,29,1,128,0.161220
Qwen/Qwen3-8B,c4,29,1,512,0.103477
Qwen/Qwen3-8B,c4,29,1,2048,0.018219
Qwen/Qwen3-8B,c4,29,2,128,0.165792
Qwen/Qwen3-8B,c4,29,2,512,0.101995
Qwen/Qwen3-8B,c4,29,2,2048,0.018210
Qwen/Qwen3-8B,c4,29,3,128,0.158125
Qwen/Qwen3-8B,c4,29,3,512,0.099432
Qwen/Qwen3-8B,c4,29,3,2048,0.016894
Qwen/Qwen3-8B,c4,29,4,128,0.165928
Qwen/Qwen3-8B,c4,29,4,512,0.092012
Qwen/Qwen3-8B,c4,29,4,2048,0.015978
Qwen/Qwen3-8B,c4,29,5,128,0.143942
Qwen/Qwen3-8B,c4,29,5,512,0.089793
Qwen/Qwen3-8B,c4,29,5,2048,0.013015
Qwen/Qwen3-8B,c4,29,6,128,0.159332
Qwen/Qwen3-8B,c4,29,6,512,0.084060
Qwen/Qwen3-8B,c4,29,6,2048,0.013551
Qwen/Qwen3-8B,c4,29,7,128,0.137050
Qwen/Qwen3-8B,c4,29,7,512,0.087485
Qwen/Qwen3-8B,c4,29,7,2048,0.013623
Qwen/Qwen3-8B,c4,29,8,128,0.120160
Qwen/Qwen3-8B,c4,29,8,512,0.085182
Qwen/Qwen3-8B,c4,29,8,2048,0.010181
Qwen/Qwen3-8B,c4,29,9,128,0.164329
Qwen/Qwen3-8B,c4,29,9,512,0.095973
Qwen/Qwen3-8B,c4,29,9,2048,0.013244
Qwen/Qwen3-8B,c4,29,10,128,0.113215
Qwen/Qwen3-8B,c4,29,10,512,0.082658
Qwen/Qwen3-8B,c4,29,10,2048,0.010461
Qwen/Qwen3-8B,c4,29,11,128,0.164809
Qwen/Qwen3-8B,c4,29,11,512,0.093423
Qwen/Qwen3-8B,c4,29,11,2048,0.010027
Qwen/Qwen3-8B,c4,29,12,128,0.175527
Qwen/Qwen3-8B,c4,29,12,512,0.118134
Qwen/Qwen3-8B,c4,29,12,2048,0.022559
Qwen/Qwen3-8B,c4,29,13,128,0.157739
Qwen/Qwen3-8B,c4,29,13,512,0.107863
Qwen/Qwen3-8B,c4,29,13,2048,0.019772
Qwen/Qwen3-8B,c4,29,14,128,0.219196
Qwen/Qwen3-8B,c4,29,14,512,0.148605
Qwen/Qwen3-8B,c4,29,14,2048,0.028898
Qwen/Qwen3-8B,c4,29,15,128,0.179506
Qwen/Qwen3-8B,c4,29,15,512,0.120181
Qwen/Qwen3-8B,c4,29,15,2048,0.023396
Qwen/Qwen3-8B,c4,29,16,128,0.102193
Qwen/Qwen3-8B,c4,29,16,512,0.075283
Qwen/Qwen3-8B,c4,29,16,2048,0.010691
Qwen/Qwen3-8B,c4,29,17,128,0.188681
Qwen/Qwen3-8B,c4,29,17,512,0.112458
Qwen/Qwen3-8B,c4,29,17,2048,0.024078
Qwen/Qwen3-8B,c4,29,18,128,0.100908
Qwen/Qwen3-8B,c4,29,18,512,0.079252
Qwen/Qwen3-8B,c4,29,18,2048,0.012145
Qwen/Qwen3-8B,c4,29,19,128,0.083625
Qwen/Qwen3-8B,c4,29,19,512,0.066274
Qwen/Qwen3-8B,c4,29,19,2048,0.008729
Qwen/Qwen3-8B,c4,29,20,128,0.109000
Qwen/Qwen3-8B,c4,29,20,512,0.071788
Qwen/Qwen3-8B,c4,29,20,2048,0.013562
Qwen/Qwen3-8B,c4,29,21,128,0.078868
Qwen/Qwen3-8B,c4,29,21,512,0.061842
Qwen/Qwen3-8B,c4,29,21,2048,0.009237
Qwen/Qwen3-8B,c4,29,22,128,0.201038
Qwen/Qwen3-8B,c4,29,22,512,0.119452
Qwen/Qwen3-8B,c4,29,22,2048,0.024859
Qwen/Qwen3-8B,c4,29,23,128,0.075293
Qwen/Qwen3-8B,c4,29,23,512,0.061398
Qwen/Qwen3-8B,c4,29,23,2048,0.008519
Qwen/Qwen3-8B,c4,29,24,128,0.133624
Qwen/Qwen3-8B,c4,29,24,512,0.075177
Qwen/Qwen3-8B,c4,29,24,2048,0.009651
Qwen/Qwen3-8B,c4,29,25,128,0.131520
Qwen/Qwen3-8B,c4,29,25,512,0.072137
Qwen/Qwen3-8B,c4,29,25,2048,0.012797
Qwen/Qwen3-8B,c4,29,26,128,0.131719
Qwen/Qwen3-8B,c4,29,26,512,0.076354
Qwen/Qwen3-8B,c4,29,26,2048,0.013839
Qwen/Qwen3-8B,c4,29,27,128,0.137904
Qwen/Qwen3-8B,c4,29,27,512,0.084314
Qwen/Qwen3-8B,c4,29,27,2048,0.012215
Qwen/Qwen3-8B,c4,29,28,128,0.077290
Qwen/Qwen3-8B,c4,29,28,512,0.059674
Qwen/Qwen3-8B,c4,29,28,2048,0.007694
Qwen/Qwen3-8B,c4,29,29,128,0.075183
Qwen/Qwen3-8B,c4,29,29,512,0.054941
Qwen/Qwen3-8B,c4,29,29,2048,0.007391
Qwen/Qwen3-8B,c4,29,30,128,0.076430
Qwen/Qwen3-8B,c4,29,30,512,0.060983
Qwen/Qwen3-8B,c4,29,30,2048,0.007959
Qwen/Qwen3-8B,c4,29,31,128,0.082719
Qwen/Qwen3-8B,c4,29,31,512,0.060549
Qwen/Qwen3-8B,c4,29,31,2048,0.008246
Qwen/Qwen3-8B,c4,30,0,128,0.080188
Qwen/Qwen3-8B,c4,30,0,512,0.044490
Qwen/Qwen3-8B,c4,30,0,2048,0.004545
Qwen/Qwen3-8B,c4,30,1,128,0.060214
Qwen/Qwen3-8B,c4,30,1,512,0.042870
Qwen/Qwen3-8B,c4,30,1,2048,0.004424
Qwen/Qwen3-8B,c4,30,2,128,0.078619
Qwen/Qwen3-8B,c4,30,2,512,0.046837
Qwen/Qwen3-8B,c4,30,2,2048,0.004168
Qwen/Qwen3-8B,c4,30,3,128,0.070692
Qwen/Qwen3-8B,c4,30,3,512,0.048478
Qwen/Qwen3-8B,c4,30,3,2048,0.004492
Qwen/Qwen3-8B,c4,30,4,128,0.071891
Qwen/Qwen3-8B,c4,30,4,512,0.052633
Qwen/Qwen3-8B,c4,30,4,2048,0.005265
Qwen/Qwen3-8B,c4,30,5,128,0.057209
Qwen/Qwen3-8B,c4,30,5,512,0.043431
Qwen/Qwen3-8B,c4,30,5,2048,0.004434
Qwen/Qwen3-8B,c4,30,6,128,0.196858
Qwen/Qwen3-8B,c4,30,6,512,0.083567
Qwen/Qwen3-8B,c4,30,6,2048,0.012501
Qwen/Qwen3-8B,c4,30,7,128,0.061984
Qwen/Qwen3-8B,c4,30,7,512,0.034886
Qwen/Qwen3-8B,c4,30,7,2048,0.003630
Qwen/Qwen3-8B,c4,30,8,128,0.149272
Qwen/Qwen3-8B,c4,30,8,512,0.100961
Qwen/Qwen3-8B,c4,30,8,2048,0.015936
Qwen/Qwen3-8B,c4,30,9,128,0.144842
Qwen/Qwen3-8B,c4,30,9,512,0.096601
Qwen/Qwen3-8B,c4,30,9,2048,0.016454
Qwen/Qwen3-8B,c4,30,10,128,0.099785
Qwen/Qwen3-8B,c4,30,10,512,0.076656
Qwen/Qwen3-8B,c4,30,10,2048,0.009855
Qwen/Qwen3-8B,c4,30,11,128,0.140635
Qwen/Qwen3-8B,c4,30,11,512,0.098326
Qwen/Qwen3-8B,c4,30,11,2048,0.015438
Qwen/Qwen3-8B,c4,30,12,128,0.061486
Qwen/Qwen3-8B,c4,30,12,512,0.042976
Qwen/Qwen3-8B,c4,30,12,2048,0.004735
Qwen/Qwen3-8B,c4,30,13,128,0.066179
Qwen/Qwen3-8B,c4,30,13,512,0.046328
Qwen/Qwen3-8B,c4,30,13,2048,0.004619
Qwen/Qwen3-8B,c4,30,14,128,0.058598
Qwen/Qwen3-8B,c4,30,14,512,0.046372
Qwen/Qwen3-8B,c4,30,14,2048,0.004543
Qwen/Qwen3-8B,c4,30,15,128,0.062896
Qwen/Qwen3-8B,c4,30,15,512,0.042846
Qwen/Qwen3-8B,c4,30,15,2048,0.004611
Qwen/Qwen3-8B,c4,30,16,128,0.128283
Qwen/Qwen3-8B,c4,30,16,512,0.076499
Qwen/Qwen3-8B,c4,30,16,2048,0.013193
Qwen/Qwen3-8B,c4,30,17,128,0.140280
Qwen/Qwen3-8B,c4,30,17,512,0.068805
Qwen/Qwen3-8B,c4,30,17,2048,0.011173
Qwen/Qwen3-8B,c4,30,18,128,0.094296
Qwen/Qwen3-8B,c4,30,18,512,0.065318
Qwen/Qwen3-8B,c4,30,18,2048,0.006859
Qwen/Qwen3-8B,c4,30,19,128,0.095766
Qwen/Qwen3-8B,c4,30,19,512,0.067535
Qwen/Qwen3-8B,c4,30,19,2048,0.008837
Qwen/Qwen3-8B,c4,30,20,128,0.094624
Qwen/Qwen3-8B,c4,30,20,512,0.046032
Qwen/Qwen3-8B,c4,30,20,2048,0.003789
Qwen/Qwen3-8B,c4,30,21,128,0.094280
Qwen/Qwen3-8B,c4,30,21,512,0.069835
Qwen/Qwen3-8B,c4,30,21,2048,0.009097
Qwen/Qwen3-8B,c4,30,22,128,0.107590
Qwen/Qwen3-8B,c4,30,22,512,0.069050
Qwen/Qwen3-8B,c4,30,22,2048,0.009677
Qwen/Qwen3-8B,c4,30,23,128,0.122962
Qwen/Qwen3-8B,c4,30,23,512,0.075887
Qwen/Qwen3-8B,c4,30,23,2048,0.010460
Qwen/Qwen3-8B,c4,30,24,128,0.168850
Qwen/Qwen3-8B,c4,30,24,512,0.106862
Qwen/Qwen3-8B,c4,30,24,2048,0.020047
Qwen/Qwen3-8B,c4,30,25,128,0.141614
Qwen/Qwen3-8B,c4,30,25,512,0.093665
Qwen/Qwen3-8B,c4,30,25,2048,0.016926
Qwen/Qwen3-8B,c4,30,26,128,0.157410
Qwen/Qwen3-8B,c4,30,26,512,0.102054
Qwen/Qwen3-8B,c4,30,26,2048,0.021025
Qwen/Qwen3-8B,c4,30,27,128,0.159656
Qwen/Qwen3-8B,c4,30,27,512,0.105628
Qwen/Qwen3-8B,c4,30,27,2048,0.018718
Qwen/Qwen3-8B,c4,30,28,128,0.057902
Qwen/Qwen3-8B,c4,30,28,512,0.042539
Qwen/Qwen3-8B,c4,30,28,2048,0.004582
Qwen/Qwen3-8B,c4,30,29,128,0.051745
Qwen/Qwen3-8B,c4,30,29,512,0.039299
Qwen/Qwen3-8B,c4,30,29,2048,0.004386
Qwen/Qwen3-8B,c4,30,30,128,0.064613
Qwen/Qwen3-8B,c4,30,30,512,0.045814
Qwen/Qwen3-8B,c4,30,30,2048,0.004428
Qwen/Qwen3-8B,c4,30,31,128,0.058676
Qwen/Qwen3-8B,c4,30,31,512,0.042284
Qwen/Qwen3-8B,c4,30,31,2048,0.004628
Qwen/Qwen3-8B,c4,31,0,128,0.153436
Qwen/Qwen3-8B,c4,31,0,512,0.087709
Qwen/Qwen3-8B,c4,31,0,2048,0.012593
Qwen/Qwen3-8B,c4,31,1,128,0.102358
Qwen/Qwen3-8B,c4,31,1,512,0.077059
Qwen/Qwen3-8B,c4,31,1,2048,0.008989
Qwen/Qwen3-8B,c4,31,2,128,0.125121
Qwen/Qwen3-8B,c4,31,2,512,0.072196
Qwen/Qwen3-8B,c4,31,2,2048,0.011019
Qwen/Qwen3-8B,c4,31,3,128,0.159445
Qwen/Qwen3-8B,c4,31,3,512,0.084995
Qwen/Qwen3-8B,c4,31,3,2048,0.012391
Qwen/Qwen3-8B,c4,31,4,128,0.165375
Qwen/Qwen3-8B,c4,31,4,512,0.099830
Qwen/Qwen3-8B,c4,31,4,2048,0.016408
Qwen/Qwen3-8B,c4,31,5,128,0.157842
Qwen/Qwen3-8B,c4,31,5,512,0.098486
Qwen/Qwen3-8B,c4,31,5,2048,0.016275
Qwen/Qwen3-8B,c4,31,6,128,0.163512
Qwen/Qwen3-8B,c4,31,6,512,0.104048
Qwen/Qwen3-8B,c4,31,6,2048,0.016604
Qwen/Qwen3-8B,c4,31,7,128,0.156101
Qwen/Qwen3-8B,c4,31,7,512,0.099255
Qwen/Qwen3-8B,c4,31,7,2048,0.016580
Qwen/Qwen3-8B,c4,31,8,128,0.113093
Qwen/Qwen3-8B,c4,31,8,512,0.076118
Qwen/Qwen3-8B,c4,31,8,2048,0.008715
Qwen/Qwen3-8B,c4,31,9,128,0.115858
Qwen/Qwen3-8B,c4,31,9,512,0.064497
Qwen/Qwen3-8B,c4,31,9,2048,0.007411
Qwen/Qwen3-8B,c4,31,10,128,0.124832
Qwen/Qwen3-8B,c4,31,10,512,0.075998
Qwen/Qwen3-8B,c4,31,10,2048,0.008387
Qwen/Qwen3-8B,c4,31,11,128,0.106155
Qwen/Qwen3-8B,c4,31,11,512,0.063721
Qwen/Qwen3-8B,c4,31,11,2048,0.006566
Qwen/Qwen3-8B,c4,31,12,128,0.131539
Qwen/Qwen3-8B,c4,31,12,512,0.096380
Qwen/Qwen3-8B,c4,31,12,2048,0.013049
Qwen/Qwen3-8B,c4,31,13,128,0.159715
Qwen/Qwen3-8B,c4,31,13,512,0.102106
Qwen/Qwen3-8B,c4,31,13,2048,0.016688
Qwen/Qwen3-8B,c4,31,14,128,0.154427
Qwen/Qwen3-8B,c4,31,14,512,0.101281
Qwen/Qwen3-8B,c4,31,14,2048,0.015962
Qwen/Qwen3-8B,c4,31,15,128,0.161888
Qwen/Qwen3-8B,c4,31,15,512,0.102779
Qwen/Qwen3-8B,c4,31,15,2048,0.016776
Qwen/Qwen3-8B,c4,31,16,128,0.062281
Qwen/Qwen3-8B,c4,31,16,512,0.050592
Qwen/Qwen3-8B,c4,31,16,2048,0.005360
Qwen/Qwen3-8B,c4,31,17,128,0.083903
Qwen/Qwen3-8B,c4,31,17,512,0.062984
Qwen/Qwen3-8B,c4,31,17,2048,0.007768
Qwen/Qwen3-8B,c4,31,18,128,0.091636
Qwen/Qwen3-8B,c4,31,18,512,0.067321
Qwen/Qwen3-8B,c4,31,18,2048,0.008970
Qwen/Qwen3-8B,c4,31,19,128,0.084654
Qwen/Qwen3-8B,c4,31,19,512,0.062210
Qwen/Qwen3-8B,c4,31,19,2048,0.006881
Qwen/Qwen3-8B,c4,31,20,128,0.134013
Qwen/Qwen3-8B,c4,31,20,512,0.085917
Qwen/Qwen3-8B,c4,31,20,2048,0.015716
Qwen/Qwen3-8B,c4,31,21,128,0.078021
Qwen/Qwen3-8B,c4,31,21,512,0.059518
Qwen/Qwen3-8B,c4,31,21,2048,0.006807
Qwen/Qwen3-8B,c4,31,22,128,0.080449
Qwen/Qwen3-8B,c4,31,22,512,0.063377
Qwen/Qwen3-8B,c4,31,22,2048,0.007462
Qwen/Qwen3-8B,c4,31,23,128,0.076121
Qwen/Qwen3-8B,c4,31,23,512,0.060160
Qwen/Qwen3-8B,c4,31,23,2048,0.007174
Qwen/Qwen3-8B,c4,31,24,128,0.125905
Qwen/Qwen3-8B,c4,31,24,512,0.074925
Qwen/Qwen3-8B,c4,31,24,2048,0.010935
Qwen/Qwen3-8B,c4,31,25,128,0.073098
Qwen/Qwen3-8B,c4,31,25,512,0.057281
Qwen/Qwen3-8B,c4,31,25,2048,0.006022
Qwen/Qwen3-8B,c4,31,26,128,0.088173
Qwen/Qwen3-8B,c4,31,26,512,0.060010
Qwen/Qwen3-8B,c4,31,26,2048,0.006772
Qwen/Qwen3-8B,c4,31,27,128,0.083078
Qwen/Qwen3-8B,c4,31,27,512,0.069481
Qwen/Qwen3-8B,c4,31,27,2048,0.007524
Qwen/Qwen3-8B,c4,31,28,128,0.175146
Qwen/Qwen3-8B,c4,31,28,512,0.098564
Qwen/Qwen3-8B,c4,31,28,2048,0.015871
Qwen/Qwen3-8B,c4,31,29,128,0.197275
Qwen/Qwen3-8B,c4,31,29,512,0.119189
Qwen/Qwen3-8B,c4,31,29,2048,0.021428
Qwen/Qwen3-8B,c4,31,30,128,0.179524
Qwen/Qwen3-8B,c4,31,30,512,0.092892
Qwen/Qwen3-8B,c4,31,30,2048,0.012245
Qwen/Qwen3-8B,c4,31,31,128,0.185238
Qwen/Qwen3-8B,c4,31,31,512,0.101785
Qwen/Qwen3-8B,c4,31,31,2048,0.015175
Qwen/Qwen3-8B,c4,32,0,128,0.163870
Qwen/Qwen3-8B,c4,32,0,512,0.101033
Qwen/Qwen3-8B,c4,32,0,2048,0.018907
Qwen/Qwen3-8B,c4,32,1,128,0.135271
Qwen/Qwen3-8B,c4,32,1,512,0.094817
Qwen/Qwen3-8B,c4,32,1,2048,0.019677
Qwen/Qwen3-8B,c4,32,2,128,0.162999
Qwen/Qwen3-8B,c4,32,2,512,0.100840
Qwen/Qwen3-8B,c4,32,2,2048,0.017446
Qwen/Qwen3-8B,c4,32,3,128,0.169866
Qwen/Qwen3-8B,c4,32,3,512,0.101662
Qwen/Qwen3-8B,c4,32,3,2048,0.018788
Qwen/Qwen3-8B,c4,32,4,128,0.120943
Qwen/Qwen3-8B,c4,32,4,512,0.088548
Qwen/Qwen3-8B,c4,32,4,2048,0.014877
Qwen/Qwen3-8B,c4,32,5,128,0.161338
Qwen/Qwen3-8B,c4,32,5,512,0.101692
Qwen/Qwen3-8B,c4,32,5,2048,0.019623
Qwen/Qwen3-8B,c4,32,6,128,0.158637
Qwen/Qwen3-8B,c4,32,6,512,0.101375
Qwen/Qwen3-8B,c4,32,6,2048,0.019640
Qwen/Qwen3-8B,c4,32,7,128,0.153586
Qwen/Qwen3-8B,c4,32,7,512,0.098434
Qwen/Qwen3-8B,c4,32,7,2048,0.017488
Qwen/Qwen3-8B,c4,32,8,128,0.181922
Qwen/Qwen3-8B,c4,32,8,512,0.103489
Qwen/Qwen3-8B,c4,32,8,2048,0.018282
Qwen/Qwen3-8B,c4,32,9,128,0.150358
Qwen/Qwen3-8B,c4,32,9,512,0.102754
Qwen/Qwen3-8B,c4,32,9,2048,0.020195
Qwen/Qwen3-8B,c4,32,10,128,0.160915
Qwen/Qwen3-8B,c4,32,10,512,0.101000
Qwen/Qwen3-8B,c4,32,10,2048,0.018940
Qwen/Qwen3-8B,c4,32,11,128,0.159211
Qwen/Qwen3-8B,c4,32,11,512,0.098899
Qwen/Qwen3-8B,c4,32,11,2048,0.018328
Qwen/Qwen3-8B,c4,32,12,128,0.124663
Qwen/Qwen3-8B,c4,32,12,512,0.077366
Qwen/Qwen3-8B,c4,32,12,2048,0.021722
Qwen/Qwen3-8B,c4,32,13,128,0.064570
Qwen/Qwen3-8B,c4,32,13,512,0.050902
Qwen/Qwen3-8B,c4,32,13,2048,0.007324
Qwen/Qwen3-8B,c4,32,14,128,0.059847
Qwen/Qwen3-8B,c4,32,14,512,0.047048
Qwen/Qwen3-8B,c4,32,14,2048,0.007255
Qwen/Qwen3-8B,c4,32,15,128,0.103102
Qwen/Qwen3-8B,c4,32,15,512,0.060653
Qwen/Qwen3-8B,c4,32,15,2048,0.011109
Qwen/Qwen3-8B,c4,32,16,128,0.112105
Qwen/Qwen3-8B,c4,32,16,512,0.080663
Qwen/Qwen3-8B,c4,32,16,2048,0.014871
Qwen/Qwen3-8B,c4,32,17,128,0.153978
Qwen/Qwen3-8B,c4,32,17,512,0.086209
Qwen/Qwen3-8B,c4,32,17,2048,0.019994
Qwen/Qwen3-8B,c4,32,18,128,0.145253
Qwen/Qwen3-8B,c4,32,18,512,0.083691
Qwen/Qwen3-8B,c4,32,18,2048,0.015053
Qwen/Qwen3-8B,c4,32,19,128,0.098263
Qwen/Qwen3-8B,c4,32,19,512,0.067941
Qwen/Qwen3-8B,c4,32,19,2048,0.010829
Qwen/Qwen3-8B,c4,32,20,128,0.097162
Qwen/Qwen3-8B,c4,32,20,512,0.069205
Qwen/Qwen3-8B,c4,32,20,2048,0.010497
Qwen/Qwen3-8B,c4,32,21,128,0.220000
Qwen/Qwen3-8B,c4,32,21,512,0.108537
Qwen/Qwen3-8B,c4,32,21,2048,0.021262
Qwen/Qwen3-8B,c4,32,22,128,0.118281
Qwen/Qwen3-8B,c4,32,22,512,0.079649
Qwen/Qwen3-8B,c4,32,22,2048,0.013886
Qwen/Qwen3-8B,c4,32,23,128,0.086773
Qwen/Qwen3-8B,c4,32,23,512,0.071019
Qwen/Qwen3-8B,c4,32,23,2048,0.009461
Qwen/Qwen3-8B,c4,32,24,128,0.066889
Qwen/Qwen3-8B,c4,32,24,512,0.035328
Qwen/Qwen3-8B,c4,32,24,2048,0.006241
Qwen/Qwen3-8B,c4,32,25,128,0.065160
Qwen/Qwen3-8B,c4,32,25,512,0.044939
Qwen/Qwen3-8B,c4,32,25,2048,0.005469
Qwen/Qwen3-8B,c4,32,26,128,0.091066
Qwen/Qwen3-8B,c4,32,26,512,0.048535
Qwen/Qwen3-8B,c4,32,26,2048,0.008932
Qwen/Qwen3-8B,c4,32,27,128,0.102821
Qwen/Qwen3-8B,c4,32,27,512,0.061561
Qwen/Qwen3-8B,c4,32,27,2048,0.011128
Qwen/Qwen3-8B,c4,32,28,128,0.058369
Qwen/Qwen3-8B,c4,32,28,512,0.046224
Qwen/Qwen3-8B,c4,32,28,2048,0.006801
Qwen/Qwen3-8B,c4,32,29,128,0.056417
Qwen/Qwen3-8B,c4,32,29,512,0.044218
Qwen/Qwen3-8B,c4,32,29,2048,0.006636
Qwen/Qwen3-8B,c4,32,30,128,0.057038
Qwen/Qwen3-8B,c4,32,30,512,0.043655
Qwen/Qwen3-8B,c4,32,30,2048,0.006475
Qwen/Qwen3-8B,c4,32,31,128,0.053095
Qwen/Qwen3-8B,c4,32,31,512,0.039263
Qwen/Qwen3-8B,c4,32,31,2048,0.005285
Qwen/Qwen3-8B,c4,33,0,128,0.239217
Qwen/Qwen3-8B,c4,33,0,512,0.140607
Qwen/Qwen3-8B,c4,33,0,2048,0.040137
Qwen/Qwen3-8B,c4,33,1,128,0.178468
Qwen/Qwen3-8B,c4,33,1,512,0.112504
Qwen/Qwen3-8B,c4,33,1,2048,0.023307
Qwen/Qwen3-8B,c4,33,2,128,0.144022
Qwen/Qwen3-8B,c4,33,2,512,0.095977
Qwen/Qwen3-8B,c4,33,2,2048,0.020740
Qwen/Qwen3-8B,c4,33,3,128,0.146001
Qwen/Qwen3-8B,c4,33,3,512,0.101024
Qwen/Qwen3-8B,c4,33,3,2048,0.022922
Qwen/Qwen3-8B,c4,33,4,128,0.157753
Qwen/Qwen3-8B,c4,33,4,512,0.094866
Qwen/Qwen3-8B,c4,33,4,2048,0.017887
Qwen/Qwen3-8B,c4,33,5,128,0.127559
Qwen/Qwen3-8B,c4,33,5,512,0.085906
Qwen/Qwen3-8B,c4,33,5,2048,0.015973
Qwen/Qwen3-8B,c4,33,6,128,0.190324
Qwen/Qwen3-8B,c4,33,6,512,0.081771
Qwen/Qwen3-8B,c4,33,6,2048,0.020268
Qwen/Qwen3-8B,c4,33,7,128,0.181093
Qwen/Qwen3-8B,c4,33,7,512,0.098446
Qwen/Qwen3-8B,c4,33,7,2048,0.024068
Qwen/Qwen3-8B,c4,33,8,128,0.129139
Qwen/Qwen3-8B,c4,33,8,512,0.093419
Qwen/Qwen3-8B,c4,33,8,2048,0.016080
Qwen/Qwen3-8B,c4,33,9,128,0.159349
Qwen/Qwen3-8B,c4,33,9,512,0.097720
Qwen/Qwen3-8B,c4,33,9,2048,0.018200
Qwen/Qwen3-8B,c4,33,10,128,0.179427
Qwen/Qwen3-8B,c4,33,10,512,0.108821
Qwen/Qwen3-8B,c4,33,10,2048,0.020534
Qwen/Qwen3-8B,c4,33,11,128,0.165211
Qwen/Qwen3-8B,c4,33,11,512,0.100107
Qwen/Qwen3-8B,c4,33,11,2048,0.020768
Qwen/Qwen3-8B,c4,33,12,128,0.161189
Qwen/Qwen3-8B,c4,33,12,512,0.104247
Qwen/Qwen3-8B,c4,33,12,2048,0.019099
Qwen/Qwen3-8B,c4,33,13,128,0.168180
Qwen/Qwen3-8B,c4,33,13,512,0.104728
Qwen/Qwen3-8B,c4,33,13,2048,0.018905
Qwen/Qwen3-8B,c4,33,14,128,0.168784
Qwen/Qwen3-8B,c4,33,14,512,0.105099
Qwen/Qwen3-8B,c4,33,14,2048,0.017813
Qwen/Qwen3-8B,c4,33,15,128,0.164548
Qwen/Qwen3-8B,c4,33,15,512,0.102439
Qwen/Qwen3-8B,c4,33,15,2048,0.018718
Qwen/Qwen3-8B,c4,33,16,128,0.189332
Qwen/Qwen3-8B,c4,33,16,512,0.115782
Qwen/Qwen3-8B,c4,33,16,2048,0.025398
Qwen/Qwen3-8B,c4,33,17,128,0.167650
Qwen/Qwen3-8B,c4,33,17,512,0.109347
Qwen/Qwen3-8B,c4,33,17,2048,0.024005
Qwen/Qwen3-8B,c4,33,18,128,0.199291
Qwen/Qwen3-8B,c4,33,18,512,0.120850
Qwen/Qwen3-8B,c4,33,18,2048,0.024565
Qwen/Qwen3-8B,c4,33,19,128,0.196028
Qwen/Qwen3-8B,c4,33,19,512,0.119083
Qwen/Qwen3-8B,c4,33,19,2048,0.026169
Qwen/Qwen3-8B,c4,33,20,128,0.169698
Qwen/Qwen3-8B,c4,33,20,512,0.100096
Qwen/Qwen3-8B,c4,33,20,2048,0.019593
Qwen/Qwen3-8B,c4,33,21,128,0.210386
Qwen/Qwen3-8B,c4,33,21,512,0.112460
Qwen/Qwen3-8B,c4,33,21,2048,0.020475
Qwen/Qwen3-8B,c4,33,22,128,0.161220
Qwen/Qwen3-8B,c4,33,22,512,0.107661
Qwen/Qwen3-8B,c4,33,22,2048,0.018488
Qwen/Qwen3-8B,c4,33,23,128,0.172874
Qwen/Qwen3-8B,c4,33,23,512,0.100437
Qwen/Qwen3-8B,c4,33,23,2048,0.020268
Qwen/Qwen3-8B,c4,33,24,128,0.081205
Qwen/Qwen3-8B,c4,33,24,512,0.057900
Qwen/Qwen3-8B,c4,33,24,2048,0.008927
Qwen/Qwen3-8B,c4,33,25,128,0.079915
Qwen/Qwen3-8B,c4,33,25,512,0.061288
Qwen/Qwen3-8B,c4,33,25,2048,0.009205
Qwen/Qwen3-8B,c4,33,26,128,0.061072
Qwen/Qwen3-8B,c4,33,26,512,0.050912
Qwen/Qwen3-8B,c4,33,26,2048,0.006581
Qwen/Qwen3-8B,c4,33,27,128,0.066289
Qwen/Qwen3-8B,c4,33,27,512,0.055120
Qwen/Qwen3-8B,c4,33,27,2048,0.007724
Qwen/Qwen3-8B,c4,33,28,128,0.203852
Qwen/Qwen3-8B,c4,33,28,512,0.114685
Qwen/Qwen3-8B,c4,33,28,2048,0.025218
Qwen/Qwen3-8B,c4,33,29,128,0.209883
Qwen/Qwen3-8B,c4,33,29,512,0.117684
Qwen/Qwen3-8B,c4,33,29,2048,0.027953
Qwen/Qwen3-8B,c4,33,30,128,0.220423
Qwen/Qwen3-8B,c4,33,30,512,0.123170
Qwen/Qwen3-8B,c4,33,30,2048,0.027871
Qwen/Qwen3-8B,c4,33,31,128,0.212557
Qwen/Qwen3-8B,c4,33,31,512,0.120781
Qwen/Qwen3-8B,c4,33,31,2048,0.026582
Qwen/Qwen3-8B,c4,34,0,128,0.193001
Qwen/Qwen3-8B,c4,34,0,512,0.110018
Qwen/Qwen3-8B,c4,34,0,2048,0.021501
Qwen/Qwen3-8B,c4,34,1,128,0.206860
Qwen/Qwen3-8B,c4,34,1,512,0.116203
Qwen/Qwen3-8B,c4,34,1,2048,0.025741
Qwen/Qwen3-8B,c4,34,2,128,0.191799
Qwen/Qwen3-8B,c4,34,2,512,0.107909
Qwen/Qwen3-8B,c4,34,2,2048,0.022533
Qwen/Qwen3-8B,c4,34,3,128,0.186075
Qwen/Qwen3-8B,c4,34,3,512,0.107892
Qwen/Qwen3-8B,c4,34,3,2048,0.022249
Qwen/Qwen3-8B,c4,34,4,128,0.197218
Qwen/Qwen3-8B,c4,34,4,512,0.123754
Qwen/Qwen3-8B,c4,34,4,2048,0.028493
Qwen/Qwen3-8B,c4,34,5,128,0.203260
Qwen/Qwen3-8B,c4,34,5,512,0.115439
Qwen/Qwen3-8B,c4,34,5,2048,0.026926
Qwen/Qwen3-8B,c4,34,6,128,0.222279
Qwen/Qwen3-8B,c4,34,6,512,0.135699
Qwen/Qwen3-8B,c4,34,6,2048,0.031116
Qwen/Qwen3-8B,c4,34,7,128,0.226787
Qwen/Qwen3-8B,c4,34,7,512,0.113320
Qwen/Qwen3-8B,c4,34,7,2048,0.025759
Qwen/Qwen3-8B,c4,34,8,128,0.311270
Qwen/Qwen3-8B,c4,34,8,512,0.127057
Qwen/Qwen3-8B,c4,34,8,2048,0.020482
Qwen/Qwen3-8B,c4,34,9,128,0.357507
Qwen/Qwen3-8B,c4,34,9,512,0.195774
Qwen/Qwen3-8B,c4,34,9,2048,0.063999
Qwen/Qwen3-8B,c4,34,10,128,0.177204
Qwen/Qwen3-8B,c4,34,10,512,0.107545
Qwen/Qwen3-8B,c4,34,10,2048,0.026238
Qwen/Qwen3-8B,c4,34,11,128,0.340281
Qwen/Qwen3-8B,c4,34,11,512,0.179379
Qwen/Qwen3-8B,c4,34,11,2048,0.051972
Qwen/Qwen3-8B,c4,34,12,128,0.038420
Qwen/Qwen3-8B,c4,34,12,512,0.031589
Qwen/Qwen3-8B,c4,34,12,2048,0.003966
Qwen/Qwen3-8B,c4,34,13,128,0.037592
Qwen/Qwen3-8B,c4,34,13,512,0.031010
Qwen/Qwen3-8B,c4,34,13,2048,0.004140
Qwen/Qwen3-8B,c4,34,14,128,0.064628
Qwen/Qwen3-8B,c4,34,14,512,0.043803
Qwen/Qwen3-8B,c4,34,14,2048,0.008325
Qwen/Qwen3-8B,c4,34,15,128,0.092213
Qwen/Qwen3-8B,c4,34,15,512,0.052225
Qwen/Qwen3-8B,c4,34,15,2048,0.008894
Qwen/Qwen3-8B,c4,34,16,128,0.139778
Qwen/Qwen3-8B,c4,34,16,512,0.076548
Qwen/Qwen3-8B,c4,34,16,2048,0.021502
Qwen/Qwen3-8B,c4,34,17,128,0.091879
Qwen/Qwen3-8B,c4,34,17,512,0.049936
Qwen/Qwen3-8B,c4,34,17,2048,0.010477
Qwen/Qwen3-8B,c4,34,18,128,0.038553
Qwen/Qwen3-8B,c4,34,18,512,0.031262
Qwen/Qwen3-8B,c4,34,18,2048,0.004600
Qwen/Qwen3-8B,c4,34,19,128,0.181459
Qwen/Qwen3-8B,c4,34,19,512,0.070946
Qwen/Qwen3-8B,c4,34,19,2048,0.021174
Qwen/Qwen3-8B,c4,34,20,128,0.043908
Qwen/Qwen3-8B,c4,34,20,512,0.037497
Qwen/Qwen3-8B,c4,34,20,2048,0.004715
Qwen/Qwen3-8B,c4,34,21,128,0.150451
Qwen/Qwen3-8B,c4,34,21,512,0.057742
Qwen/Qwen3-8B,c4,34,21,2048,0.012864
Qwen/Qwen3-8B,c4,34,22,128,0.053854
Qwen/Qwen3-8B,c4,34,22,512,0.043996
Qwen/Qwen3-8B,c4,34,22,2048,0.005079
Qwen/Qwen3-8B,c4,34,23,128,0.039898
Qwen/Qwen3-8B,c4,34,23,512,0.032738
Qwen/Qwen3-8B,c4,34,23,2048,0.004092
Qwen/Qwen3-8B,c4,34,24,128,0.045387
Qwen/Qwen3-8B,c4,34,24,512,0.034111
Qwen/Qwen3-8B,c4,34,24,2048,0.004986
Qwen/Qwen3-8B,c4,34,25,128,0.055760
Qwen/Qwen3-8B,c4,34,25,512,0.044985
Qwen/Qwen3-8B,c4,34,25,2048,0.006197
Qwen/Qwen3-8B,c4,34,26,128,0.068055
Qwen/Qwen3-8B,c4,34,26,512,0.053827
Qwen/Qwen3-8B,c4,34,26,2048,0.010620
Qwen/Qwen3-8B,c4,34,27,128,0.056688
Qwen/Qwen3-8B,c4,34,27,512,0.043331
Qwen/Qwen3-8B,c4,34,27,2048,0.006177
Qwen/Qwen3-8B,c4,34,28,128,0.191328
Qwen/Qwen3-8B,c4,34,28,512,0.075197
Qwen/Qwen3-8B,c4,34,28,2048,0.019504
Qwen/Qwen3-8B,c4,34,29,128,0.176759
Qwen/Qwen3-8B,c4,34,29,512,0.085541
Qwen/Qwen3-8B,c4,34,29,2048,0.021680
Qwen/Qwen3-8B,c4,34,30,128,0.179826
Qwen/Qwen3-8B,c4,34,30,512,0.078285
Qwen/Qwen3-8B,c4,34,30,2048,0.018420
Qwen/Qwen3-8B,c4,34,31,128,0.090390
Qwen/Qwen3-8B,c4,34,31,512,0.059070
Qwen/Qwen3-8B,c4,34,31,2048,0.011104
Qwen/Qwen3-8B,c4,35,0,128,0.191003
Qwen/Qwen3-8B,c4,35,0,512,0.101536
Qwen/Qwen3-8B,c4,35,0,2048,0.025566
Qwen/Qwen3-8B,c4,35,1,128,0.024997
Qwen/Qwen3-8B,c4,35,1,512,0.015170
Qwen/Qwen3-8B,c4,35,1,2048,0.004187
Qwen/Qwen3-8B,c4,35,2,128,0.032033
Qwen/Qwen3-8B,c4,35,2,512,0.016265
Qwen/Qwen3-8B,c4,35,2,2048,0.005759
Qwen/Qwen3-8B,c4,35,3,128,0.055575
Qwen/Qwen3-8B,c4,35,3,512,0.029255
Qwen/Qwen3-8B,c4,35,3,2048,0.009519
Qwen/Qwen3-8B,c4,35,4,128,0.042473
Qwen/Qwen3-8B,c4,35,4,512,0.025090
Qwen/Qwen3-8B,c4,35,4,2048,0.009116
Qwen/Qwen3-8B,c4,35,5,128,0.035220
Qwen/Qwen3-8B,c4,35,5,512,0.016950
Qwen/Qwen3-8B,c4,35,5,2048,0.004131
Qwen/Qwen3-8B,c4,35,6,128,0.037679
Qwen/Qwen3-8B,c4,35,6,512,0.021718
Qwen/Qwen3-8B,c4,35,6,2048,0.007193
Qwen/Qwen3-8B,c4,35,7,128,0.018269
Qwen/Qwen3-8B,c4,35,7,512,0.009869
Qwen/Qwen3-8B,c4,35,7,2048,0.003939
Qwen/Qwen3-8B,c4,35,8,128,0.298144
Qwen/Qwen3-8B,c4,35,8,512,0.140082
Qwen/Qwen3-8B,c4,35,8,2048,0.031561
Qwen/Qwen3-8B,c4,35,9,128,0.295172
Qwen/Qwen3-8B,c4,35,9,512,0.161508
Qwen/Qwen3-8B,c4,35,9,2048,0.034472
Qwen/Qwen3-8B,c4,35,10,128,0.110588
Qwen/Qwen3-8B,c4,35,10,512,0.066142
Qwen/Qwen3-8B,c4,35,10,2048,0.016950
Qwen/Qwen3-8B,c4,35,11,128,0.298846
Qwen/Qwen3-8B,c4,35,11,512,0.163381
Qwen/Qwen3-8B,c4,35,11,2048,0.045059
Qwen/Qwen3-8B,c4,35,12,128,0.206331
Qwen/Qwen3-8B,c4,35,12,512,0.109056
Qwen/Qwen3-8B,c4,35,12,2048,0.029653
Qwen/Qwen3-8B,c4,35,13,128,0.079867
Qwen/Qwen3-8B,c4,35,13,512,0.033871
Qwen/Qwen3-8B,c4,35,13,2048,0.012319
Qwen/Qwen3-8B,c4,35,14,128,0.366592
Qwen/Qwen3-8B,c4,35,14,512,0.186345
Qwen/Qwen3-8B,c4,35,14,2048,0.048332
Qwen/Qwen3-8B,c4,35,15,128,0.200633
Qwen/Qwen3-8B,c4,35,15,512,0.091966
Qwen/Qwen3-8B,c4,35,15,2048,0.022755
Qwen/Qwen3-8B,c4,35,16,128,0.027378
Qwen/Qwen3-8B,c4,35,16,512,0.013983
Qwen/Qwen3-8B,c4,35,16,2048,0.007822
Qwen/Qwen3-8B,c4,35,17,128,0.031436
Qwen/Qwen3-8B,c4,35,17,512,0.011986
Qwen/Qwen3-8B,c4,35,17,2048,0.004555
Qwen/Qwen3-8B,c4,35,18,128,0.101290
Qwen/Qwen3-8B,c4,35,18,512,0.053107
Qwen/Qwen3-8B,c4,35,18,2048,0.015408
Qwen/Qwen3-8B,c4,35,19,128,0.084724
Qwen/Qwen3-8B,c4,35,19,512,0.037227
Qwen/Qwen3-8B,c4,35,19,2048,0.010876
Qwen/Qwen3-8B,c4,35,20,128,0.142102
Qwen/Qwen3-8B,c4,35,20,512,0.070786
Qwen/Qwen3-8B,c4,35,20,2048,0.016888
Qwen/Qwen3-8B,c4,35,21,128,0.110050
Qwen/Qwen3-8B,c4,35,21,512,0.058603
Qwen/Qwen3-8B,c4,35,21,2048,0.016425
Qwen/Qwen3-8B,c4,35,22,128,0.162804
Qwen/Qwen3-8B,c4,35,22,512,0.064402
Qwen/Qwen3-8B,c4,35,22,2048,0.018593
Qwen/Qwen3-8B,c4,35,23,128,0.066393
Qwen/Qwen3-8B,c4,35,23,512,0.034019
Qwen/Qwen3-8B,c4,35,23,2048,0.011372
Qwen/Qwen3-8B,c4,35,24,128,0.076194
Qwen/Qwen3-8B,c4,35,24,512,0.038754
Qwen/Qwen3-8B,c4,35,24,2048,0.014113
Qwen/Qwen3-8B,c4,35,25,128,0.119377
Qwen/Qwen3-8B,c4,35,25,512,0.044088
Qwen/Qwen3-8B,c4,35,25,2048,0.013333
Qwen/Qwen3-8B,c4,35,26,128,0.080022
Qwen/Qwen3-8B,c4,35,26,512,0.036405
Qwen/Qwen3-8B,c4,35,26,2048,0.010351
Qwen/Qwen3-8B,c4,35,27,128,0.086829
Qwen/Qwen3-8B,c4,35,27,512,0.042509
Qwen/Qwen3-8B,c4,35,27,2048,0.015693
Qwen/Qwen3-8B,c4,35,28,128,0.040155
Qwen/Qwen3-8B,c4,35,28,512,0.024070
Qwen/Qwen3-8B,c4,35,28,2048,0.007815
Qwen/Qwen3-8B,c4,35,29,128,0.102541
Qwen/Qwen3-8B,c4,35,29,512,0.062988
Qwen/Qwen3-8B,c4,35,29,2048,0.019295
Qwen/Qwen3-8B,c4,35,30,128,0.037698
Qwen/Qwen3-8B,c4,35,30,512,0.023573
Qwen/Qwen3-8B,c4,35,30,2048,0.007268
Qwen/Qwen3-8B,c4,35,31,128,0.057604
Qwen/Qwen3-8B,c4,35,31,512,0.035717
Qwen/Qwen3-8B,c4,35,31,2048,0.010443
