model,refs,layer,head,window,beyond_mass
Qwen/Qwen3-8B,cnndm,0,0,128,0.385340
Qwen/Qwen3-8B,cnndm,0,0,512,0.199726
Qwen/Qwen3-8B,cnndm,0,0,2048,0.035976
Qwen/Qwen3-8B,cnndm,0,1,128,0.041910
Qwen/Qwen3-8B,cnndm,0,1,512,0.024889
Qwen/Qwen3-8B,cnndm,0,1,2048,0.003465
Qwen/Qwen3-8B,cnndm,0,2,128,0.230293
Qwen/Qwen3-8B,cnndm,0,2,512,0.151207
Qwen/Qwen3-8B,cnndm,0,2,2048,0.038195
Qwen/Qwen3-8B,cnndm,0,3,128,0.470355
Qwen/Qwen3-8B,cnndm,0,3,512,0.258320
Qwen/Qwen3-8B,cnndm,0,3,2048,0.033762
Qwen/Qwen3-8B,cnndm,0,4,128,0.098008
Qwen/Qwen3-8B,cnndm,0,4,512,0.044162
Qwen/Qwen3-8B,cnndm,0,4,2048,0.006405
Qwen/Qwen3-8B,cnndm,0,5,128,0.366119
Qwen/Qwen3-8B,cnndm,0,5,512,0.259841
Qwen/Qwen3-8B,cnndm,0,5,2048,0.024268
Qwen/Qwen3-8B,cnndm,0,6,128,0.065620
Qwen/Qwen3-8B,cnndm,0,6,512,0.034513
Qwen/Qwen3-8B,cnndm,0,6,2048,0.005662
Qwen/Qwen3-8B,cnndm,0,7,128,0.083902
Qwen/Qwen3-8B,cnndm,0,7,512,0.041373
Qwen/Qwen3-8B,cnndm,0,7,2048,0.007536
Qwen/Qwen3-8B,cnndm,0,8,128,0.245634
Qwen/Qwen3-8B,cnndm,0,8,512,0.139244
Qwen/Qwen3-8B,cnndm,0,8,2048,0.014146
Qwen/Qwen3-8B,cnndm,0,9,128,0.100235
Qwen/Qwen3-8B,cnndm,0,9,512,0.055252
Qwen/Qwen3-8B,cnndm,0,9,2048,0.010558
Qwen/Qwen3-8B,cnndm,0,10,128,0.053840
Qwen/Qwen3-8B,cnndm,0,10,512,0.026365
Qwen/Qwen3-8B,cnndm,0,10,2048,0.005946
Qwen/Qwen3-8B,cnndm,0,11,128,0.064842
Qwen/Qwen3-8B,cnndm,0,11,512,0.026370
Qwen/Qwen3-8B,cnndm,0,11,2048,0.008026
Qwen/Qwen3-8B,cnndm,0,12,128,0.199834
Qwen/Qwen3-8B,cnndm,0,12,512,0.101105
Qwen/Qwen3-8B,cnndm,0,12,2048,0.016756
Qwen/Qwen3-8B,cnndm,0,13,128,0.433855
Qwen/Qwen3-8B,cnndm,0,13,512,0.217453
Qwen/Qwen3-8B,cnndm,0,13,2048,0.040633
Qwen/Qwen3-8B,cnndm,0,14,128,0.377077
Qwen/Qwen3-8B,cnndm,0,14,512,0.194800
Qwen/Qwen3-8B,cnndm,0,14,2048,0.033303
Qwen/Qwen3-8B,cnndm,0,15,128,0.199132
Qwen/Qwen3-8B,cnndm,0,15,512,0.125949
Qwen/Qwen3-8B,cnndm,0,15,2048,0.023324
Qwen/Qwen3-8B,cnndm,0,16,128,0.135924
Qwen/Qwen3-8B,cnndm,0,16,512,0.060760
Qwen/Qwen3-8B,cnndm,0,16,2048,0.008579
Qwen/Qwen3-8B,cnndm,0,17,128,0.157027
Qwen/Qwen3-8B,cnndm,0,17,512,0.070665
Qwen/Qwen3-8B,cnndm,0,17,2048,0.008346
Qwen/Qwen3-8B,cnndm,0,18,128,0.161809
Qwen/Qwen3-8B,cnndm,0,18,512,0.064140
Qwen/Qwen3-8B,cnndm,0,18,2048,0.011854
Qwen/Qwen3-8B,cnndm,0,19,128,0.126945
Qwen/Qwen3-8B,cnndm,0,19,512,0.045936
Qwen/Qwen3-8B,cnndm,0,19,2048,0.008582
Qwen/Qwen3-8B,cnndm,0,20,128,0.177682
Qwen/Qwen3-8B,cnndm,0,20,512,0.105666
Qwen/Qwen3-8B,cnndm,0,20,2048,0.012633
Qwen/Qwen3-8B,cnndm,0,21,128,0.276420
Qwen/Qwen3-8B,cnndm,0,21,512,0.161892
Qwen/Qwen3-8B,cnndm,0,21,2048,0.024383
Qwen/Qwen3-8B,cnndm,0,22,128,0.109311
Qwen/Qwen3-8B,cnndm,0,22,512,0.068341
Qwen/Qwen3-8B,cnndm,0,22,2048,0.013729
Qwen/Qwen3-8B,cnndm,0,23,128,0.147288
Qwen/Qwen3-8B,cnndm,0,23,512,0.077041
Qwen/Qwen3-8B,cnndm,0,23,2048,0.009732
Qwen/Qwen3-8B,cnndm,0,24,128,0.039740
Qwen/Qwen3-8B,cnndm,0,24,512,0.025807
Qwen/Qwen3-8B,cnndm,0,24,2048,0.002594
Qwen/Qwen3-8B,cnndm,0,25,128,0.723249
Qwen/Qwen3-8B,cnndm,0,25,512,0.461831
Qwen/Qwen3-8B,cnndm,0,25,2048,0.092724
Qwen/Qwen3-8B,cnndm,0,26,128,0.182650
Qwen/Qwen3-8B,cnndm,0,26,512,0.077242
Qwen/Qwen3-8B,cnndm,0,26,2048,0.019175
Qwen/Qwen3-8B,cnndm,0,27,128,0.507847
Qwen/Qwen3-8B,cnndm,0,27,512,0.255733
Qwen/Qwen3-8B,cnndm,0,27,2048,0.065630
Qwen/Qwen3-8B,cnndm,0,28,128,0.130741
Qwen/Qwen3-8B,cnndm,0,28,512,0.047500
Qwen/Qwen3-8B,cnndm,0,28,2048,0.012303
Qwen/Qwen3-8B,cnndm,0,29,128,0.500193
Qwen/Qwen3-8B,cnndm,0,29,512,0.269473
Qwen/Qwen3-8B,cnndm,0,29,2048,0.051388
Qwen/Qwen3-8B,cnndm,0,30,128,0.114257
Qwen/Qwen3-8B,cnndm,0,30,512,0.036650
Qwen/Qwen3-8B,cnndm,0,30,2048,0.009167
Qwen/Qwen3-8B,cnndm,0,31,128,0.131932
Qwen/Qwen3-8B,cnndm,0,31,512,0.039697
Qwen/Qwen3-8B,cnndm,0,31,2048,0.011146
Qwen/Qwen3-8B,cnndm,1,0,128,0.183734
Qwen/Qwen3-8B,cnndm,1,0,512,0.108494
Qwen/Qwen3-8B,cnndm,1,0,2048,0.017514
Qwen/Qwen3-8B,cnndm,1,1,128,0.375502
Qwen/Qwen3-8B,cnndm,1,1,512,0.237212
Qwen/Qwen3-8B,cnndm,1,1,2048,0.053118
Qwen/Qwen3-8B,cnndm,1,2,128,0.264847
Qwen/Qwen3-8B,cnndm,1,2,512,0.153843
Qwen/Qwen3-8B,cnndm,1,2,2048,0.034570
Qwen/Qwen3-8B,cnndm,1,3,128,0.472114
Qwen/Qwen3-8B,cnndm,1,3,512,0.286910
Qwen/Qwen3-8B,cnndm,1,3,2048,0.074464
Qwen/Qwen3-8B,cnndm,1,4,128,0.042320
Qwen/Qwen3-8B,cnndm,1,4,512,0.025987
Qwen/Qwen3-8B,cnndm,1,4,2048,0.004410
Qwen/Qwen3-8B,cnndm,1,5,128,0.192106
Qwen/Qwen3-8B,cnndm,1,5,512,0.119734
Qwen/Qwen3-8B,cnndm,1,5,2048,0.031260
Qwen/Qwen3-8B,cnndm,1,6,128,0.372838
Qwen/Qwen3-8B,cnndm,1,6,512,0.233240
Qwen/Qwen3-8B,cnndm,1,6,2048,0.050535
Qwen/Qwen3-8B,cnndm,1,7,128,0.126912
Qwen/Qwen3-8B,cnndm,1,7,512,0.070361
Qwen/Qwen3-8B,cnndm,1,7,2048,0.016649
Qwen/Qwen3-8B,cnndm,1,8,128,0.508278
Qwen/Qwen3-8B,cnndm,1,8,512,0.312912
Qwen/Qwen3-8B,cnndm,1,8,2048,0.071408
Qwen/Qwen3-8B,cnndm,1,9,128,0.268985
Qwen/Qwen3-8B,cnndm,1,9,512,0.127261
Qwen/Qwen3-8B,cnndm,1,9,2048,0.028086
Qwen/Qwen3-8B,cnndm,1,10,128,0.714140
Qwen/Qwen3-8B,cnndm,1,10,512,0.421691
Qwen/Qwen3-8B,cnndm,1,10,2048,0.097251
Qwen/Qwen3-8B,cnndm,1,11,128,0.634654
Qwen/Qwen3-8B,cnndm,1,11,512,0.372229
Qwen/Qwen3-8B,cnndm,1,11,2048,0.110325
Qwen/Qwen3-8B,cnndm,1,12,128,0.401680
Qwen/Qwen3-8B,cnndm,1,12,512,0.232949
Qwen/Qwen3-8B,cnndm,1,12,2048,0.057800
Qwen/Qwen3-8B,cnndm,1,13,128,0.603669
Qwen/Qwen3-8B,cnndm,1,13,512,0.408113
Qwen/Qwen3-8B,cnndm,1,13,2048,0.107119
Qwen/Qwen3-8B,cnndm,1,14,128,0.549016
Qwen/Qwen3-8B,cnndm,1,14,512,0.320634
Qwen/Qwen3-8B,cnndm,1,14,2048,0.061089
Qwen/Qwen3-8B,cnndm,1,15,128,0.433345
Qwen/Qwen3-8B,cnndm,1,15,512,0.250954
Qwen/Qwen3-8B,cnndm,1,15,2048,0.056767
Qwen/Qwen3-8B,cnndm,1,16,128,0.411860
Qwen/Qwen3-8B,cnndm,1,16,512,0.210386
Qwen/Qwen3-8B,cnndm,1,16,2048,0.039521
Qwen/Qwen3-8B,cnndm,1,17,128,0.835204
Qwen/Qwen3-8B,cnndm,1,17,512,0.652552
Qwen/Qwen3-8B,cnndm,1,17,2048,0.188127
Qwen/Qwen3-8B,cnndm,1,18,128,0.726392
Qwen/Qwen3-8B,cnndm,1,18,512,0.419363
Qwen/Qwen3-8B,cnndm,1,18,2048,0.078023
Qwen/Qwen3-8B,cnndm,1,19,128,0.374744
Qwen/Qwen3-8B,cnndm,1,19,512,0.203902
Qwen/Qwen3-8B,cnndm,1,19,2048,0.040276
Qwen/Qwen3-8B,cnndm,1,20,128,0.645524
Qwen/Qwen3-8B,cnndm,1,20,512,0.312264
Qwen/Qwen3-8B,cnndm,1,20,2048,0.047515
Qwen/Qwen3-8B,cnndm,1,21,128,0.136958
Qwen/Qwen3-8B,cnndm,1,21,512,0.061811
Qwen/Qwen3-8B,cnndm,1,21,2048,0.004001
Qwen/Qwen3-8B,cnndm,1,22,128,0.418905
Qwen/Qwen3-8B,cnndm,1,22,512,0.225057
Qwen/Qwen3-8B,cnndm,1,22,2048,0.041645
Qwen/Qwen3-8B,cnndm,1,23,128,0.388916
Qwen/Qwen3-8B,cnndm,1,23,512,0.208089
Qwen/Qwen3-8B,cnndm,1,23,2048,0.032135
Qwen/Qwen3-8B,cnndm,1,24,128,0.116888
Qwen/Qwen3-8B,cnndm,1,24,512,0.013431
Qwen/Qwen3-8B,cnndm,1,24,2048,0.000161
Qwen/Qwen3-8B,cnndm,1,25,128,0.027538
Qwen/Qwen3-8B,cnndm,1,25,512,0.009930
Qwen/Qwen3-8B,cnndm,1,25,2048,0.000161
Qwen/Qwen3-8B,cnndm,1,26,128,0.468134
Qwen/Qwen3-8B,cnndm,1,26,512,0.241679
Qwen/Qwen3-8B,cnndm,1,26,2048,0.035828
Qwen/Qwen3-8B,cnndm,1,27,128,0.501899
Qwen/Qwen3-8B,cnndm,1,27,512,0.326929
Qwen/Qwen3-8B,cnndm,1,27,2048,0.063793
Qwen/Qwen3-8B,cnndm,1,28,128,0.899330
Qwen/Qwen3-8B,cnndm,1,28,512,0.594174
Qwen/Qwen3-8B,cnndm,1,28,2048,0.120605
Qwen/Qwen3-8B,cnndm,1,29,128,0.376949
Qwen/Qwen3-8B,cnndm,1,29,512,0.233880
Qwen/Qwen3-8B,cnndm,1,29,2048,0.063079
Qwen/Qwen3-8B,cnndm,1,30,128,0.383449
Qwen/Qwen3-8B,cnndm,1,30,512,0.201905
Qwen/Qwen3-8B,cnndm,1,30,2048,0.037091
Qwen/Qwen3-8B,cnndm,1,31,128,0.380997
Qwen/Qwen3-8B,cnndm,1,31,512,0.226668
Qwen/Qwen3-8B,cnndm,1,31,2048,0.077539
Qwen/Qwen3-8B,cnndm,2,0,128,0.636650
Qwen/Qwen3-8B,cnndm,2,0,512,0.452392
Qwen/Qwen3-8B,cnndm,2,0,2048,0.140984
Qwen/Qwen3-8B,cnndm,2,1,128,0.679339
Qwen/Qwen3-8B,cnndm,2,1,512,0.502634
Qwen/Qwen3-8B,cnndm,2,1,2048,0.182559
Qwen/Qwen3-8B,cnndm,2,2,128,0.702693
Qwen/Qwen3-8B,cnndm,2,2,512,0.511437
Qwen/Qwen3-8B,cnndm,2,2,2048,0.184926
Qwen/Qwen3-8B,cnndm,2,3,128,0.643491
Qwen/Qwen3-8B,cnndm,2,3,512,0.448430
Qwen/Qwen3-8B,cnndm,2,3,2048,0.147333
Qwen/Qwen3-8B,cnndm,2,4,128,0.142901
Qwen/Qwen3-8B,cnndm,2,4,512,0.085149
Qwen/Qwen3-8B,cnndm,2,4,2048,0.024541
Qwen/Qwen3-8B,cnndm,2,5,128,0.389770
Qwen/Qwen3-8B,cnndm,2,5,512,0.268020
Qwen/Qwen3-8B,cnndm,2,5,2048,0.087846
Qwen/Qwen3-8B,cnndm,2,6,128,0.301675
Qwen/Qwen3-8B,cnndm,2,6,512,0.206241
Qwen/Qwen3-8B,cnndm,2,6,2048,0.072683
Qwen/Qwen3-8B,cnndm,2,7,128,0.374055
Qwen/Qwen3-8B,cnndm,2,7,512,0.277118
Qwen/Qwen3-8B,cnndm,2,7,2048,0.106291
Qwen/Qwen3-8B,cnndm,2,8,128,0.431408
Qwen/Qwen3-8B,cnndm,2,8,512,0.224013
Qwen/Qwen3-8B,cnndm,2,8,2048,0.055947
Qwen/Qwen3-8B,cnndm,2,9,128,0.437156
Qwen/Qwen3-8B,cnndm,2,9,512,0.222383
Qwen/Qwen3-8B,cnndm,2,9,2048,0.059080
Qwen/Qwen3-8B,cnndm,2,10,128,0.541534
Qwen/Qwen3-8B,cnndm,2,10,512,0.296756
Qwen/Qwen3-8B,cnndm,2,10,2048,0.103696
Qwen/Qwen3-8B,cnndm,2,11,128,0.374063
Qwen/Qwen3-8B,cnndm,2,11,512,0.123319
Qwen/Qwen3-8B,cnndm,2,11,2048,0.012779
Qwen/Qwen3-8B,cnndm,2,12,128,0.425830
Qwen/Qwen3-8B,cnndm,2,12,512,0.208494
Qwen/Qwen3-8B,cnndm,2,12,2048,0.062933
Qwen/Qwen3-8B,cnndm,2,13,128,0.369543
Qwen/Qwen3-8B,cnndm,2,13,512,0.186108
Qwen/Qwen3-8B,cnndm,2,13,2048,0.049880
Qwen/Qwen3-8B,cnndm,2,14,128,0.394326
Qwen/Qwen3-8B,cnndm,2,14,512,0.207560
Qwen/Qwen3-8B,cnndm,2,14,2048,0.066419
Qwen/Qwen3-8B,cnndm,2,15,128,0.581226
Qwen/Qwen3-8B,cnndm,2,15,512,0.310769
Qwen/Qwen3-8B,cnndm,2,15,2048,0.072785
Qwen/Qwen3-8B,cnndm,2,16,128,0.624644
Qwen/Qwen3-8B,cnndm,2,16,512,0.377510
Qwen/Qwen3-8B,cnndm,2,16,2048,0.117682
Qwen/Qwen3-8B,cnndm,2,17,128,0.547542
Qwen/Qwen3-8B,cnndm,2,17,512,0.317717
Qwen/Qwen3-8B,cnndm,2,17,2048,0.098519
Qwen/Qwen3-8B,cnndm,2,18,128,0.533609
Qwen/Qwen3-8B,cnndm,2,18,512,0.322059
Qwen/Qwen3-8B,cnndm,2,18,2048,0.097222
Qwen/Qwen3-8B,cnndm,2,19,128,0.492255
Qwen/Qwen3-8B,cnndm,2,19,512,0.363955
Qwen/Qwen3-8B,cnndm,2,19,2048,0.122753
Qwen/Qwen3-8B,cnndm,2,20,128,0.492346
Qwen/Qwen3-8B,cnndm,2,20,512,0.346486
Qwen/Qwen3-8B,cnndm,2,20,2048,0.119168
Qwen/Qwen3-8B,cnndm,2,21,128,0.651921
Qwen/Qwen3-8B,cnndm,2,21,512,0.446074
Qwen/Qwen3-8B,cnndm,2,21,2048,0.154924
Qwen/Qwen3-8B,cnndm,2,22,128,0.490577
Qwen/Qwen3-8B,cnndm,2,22,512,0.341669
Qwen/Qwen3-8B,cnndm,2,22,2048,0.112851
Qwen/Qwen3-8B,cnndm,2,23,128,0.522300
Qwen/Qwen3-8B,cnndm,2,23,512,0.390176
Qwen/Qwen3-8B,cnndm,2,23,2048,0.130316
Qwen/Qwen3-8B,cnndm,2,24,128,0.271451
Qwen/Qwen3-8B,cnndm,2,24,512,0.188307
Qwen/Qwen3-8B,cnndm,2,24,2048,0.043213
Qwen/Qwen3-8B,cnndm,2,25,128,0.227656
Qwen/Qwen3-8B,cnndm,2,25,512,0.147778
Qwen/Qwen3-8B,cnndm,2,25,2048,0.032418
Qwen/Qwen3-8B,cnndm,2,26,128,0.247310
Qwen/Qwen3-8B,cnndm,2,26,512,0.155873
Qwen/Qwen3-8B,cnndm,2,26,2048,0.035271
Qwen/Qwen3-8B,cnndm,2,27,128,0.345725
Qwen/Qwen3-8B,cnndm,2,27,512,0.228947
Qwen/Qwen3-8B,cnndm,2,27,2048,0.056869
Qwen/Qwen3-8B,cnndm,2,28,128,0.730641
Qwen/Qwen3-8B,cnndm,2,28,512,0.536071
Qwen/Qwen3-8B,cnndm,2,28,2048,0.194005
Qwen/Qwen3-8B,cnndm,2,29,128,0.770613
Qwen/Qwen3-8B,cnndm,2,29,512,0.449928
Qwen/Qwen3-8B,cnndm,2,29,2048,0.093885
Qwen/Qwen3-8B,cnndm,2,30,128,0.822633
Qwen/Qwen3-8B,cnndm,2,30,512,0.627525
Qwen/Qwen3-8B,cnndm,2,30,2048,0.159626
Qwen/Qwen3-8B,cnndm,2,31,128,0.697986
Qwen/Qwen3-8B,cnndm,2,31,512,0.495263
Qwen/Qwen3-8B,cnndm,2,31,2048,0.178526
Qwen/Qwen3-8B,cnndm,3,0,128,0.423900
Qwen/Qwen3-8B,cnndm,3,0,512,0.145166
Qwen/Qwen3-8B,cnndm,3,0,2048,0.049495
Qwen/Qwen3-8B,cnndm,3,1,128,0.077473
Qwen/Qwen3-8B,cnndm,3,1,512,0.051022
Qwen/Qwen3-8B,cnndm,3,1,2048,0.015890
Qwen/Qwen3-8B,cnndm,3,2,128,0.088485
Qwen/Qwen3-8B,cnndm,3,2,512,0.063821
Qwen/Qwen3-8B,cnndm,3,2,2048,0.018869
Qwen/Qwen3-8B,cnndm,3,3,128,0.177690
Qwen/Qwen3-8B,cnndm,3,3,512,0.130958
Qwen/Qwen3-8B,cnndm,3,3,2048,0.040432
Qwen/Qwen3-8B,cnndm,3,4,128,0.780195
Qwen/Qwen3-8B,cnndm,3,4,512,0.613724
Qwen/Qwen3-8B,cnndm,3,4,2048,0.239728
Qwen/Qwen3-8B,cnndm,3,5,128,0.707525
Qwen/Qwen3-8B,cnndm,3,5,512,0.612542
Qwen/Qwen3-8B,cnndm,3,5,2048,0.320478
Qwen/Qwen3-8B,cnndm,3,6,128,0.690011
Qwen/Qwen3-8B,cnndm,3,6,512,0.470875
Qwen/Qwen3-8B,cnndm,3,6,2048,0.214618
Qwen/Qwen3-8B,cnndm,3,7,128,0.620174
Qwen/Qwen3-8B,cnndm,3,7,512,0.528097
Qwen/Qwen3-8B,cnndm,3,7,2048,0.254180
Qwen/Qwen3-8B,cnndm,3,8,128,0.539846
Qwen/Qwen3-8B,cnndm,3,8,512,0.281596
Qwen/Qwen3-8B,cnndm,3,8,2048,0.075590
Qwen/Qwen3-8B,cnndm,3,9,128,0.586423
Qwen/Qwen3-8B,cnndm,3,9,512,0.343204
Qwen/Qwen3-8B,cnndm,3,9,2048,0.066484
Qwen/Qwen3-8B,cnndm,3,10,128,0.629230
Qwen/Qwen3-8B,cnndm,3,10,512,0.340785
Qwen/Qwen3-8B,cnndm,3,10,2048,0.074299
Qwen/Qwen3-8B,cnndm,3,11,128,0.532787
Qwen/Qwen3-8B,cnndm,3,11,512,0.313362
Qwen/Qwen3-8B,cnndm,3,11,2048,0.075750
Qwen/Qwen3-8B,cnndm,3,12,128,0.753767
Qwen/Qwen3-8B,cnndm,3,12,512,0.666797
Qwen/Qwen3-8B,cnndm,3,12,2048,0.289777
Qwen/Qwen3-8B,cnndm,3,13,128,0.662331
Qwen/Qwen3-8B,cnndm,3,13,512,0.460765
Qwen/Qwen3-8B,cnndm,3,13,2048,0.180524
Qwen/Qwen3-8B,cnndm,3,14,128,0.636087
Qwen/Qwen3-8B,cnndm,3,14,512,0.486279
Qwen/Qwen3-8B,cnndm,3,14,2048,0.238148
Qwen/Qwen3-8B,cnndm,3,15,128,0.696973
Qwen/Qwen3-8B,cnndm,3,15,512,0.447560
Qwen/Qwen3-8B,cnndm,3,15,2048,0.165703
Qwen/Qwen3-8B,cnndm,3,16,128,0.539670
Qwen/Qwen3-8B,cnndm,3,16,512,0.403595
Qwen/Qwen3-8B,cnndm,3,16,2048,0.154095
Qwen/Qwen3-8B,cnndm,3,17,128,0.444406
Qwen/Qwen3-8B,cnndm,3,17,512,0.320361
Qwen/Qwen3-8B,cnndm,3,17,2048,0.120354
Qwen/Qwen3-8B,cnndm,3,18,128,0.369469
Qwen/Qwen3-8B,cnndm,3,18,512,0.266636
Qwen/Qwen3-8B,cnndm,3,18,2048,0.101966
Qwen/Qwen3-8B,cnndm,3,19,128,0.661100
Qwen/Qwen3-8B,cnndm,3,19,512,0.428859
Qwen/Qwen3-8B,cnndm,3,19,2048,0.144088
Qwen/Qwen3-8B,cnndm,3,20,128,0.732199
Qwen/Qwen3-8B,cnndm,3,20,512,0.539212
Qwen/Qwen3-8B,cnndm,3,20,2048,0.223007
Qwen/Qwen3-8B,cnndm,3,21,128,0.534058
Qwen/Qwen3-8B,cnndm,3,21,512,0.308068
Qwen/Qwen3-8B,cnndm,3,21,2048,0.095043
Qwen/Qwen3-8B,cnndm,3,22,128,0.667342
Qwen/Qwen3-8B,cnndm,3,22,512,0.374068
Qwen/Qwen3-8B,cnndm,3,22,2048,0.067644
Qwen/Qwen3-8B,cnndm,3,23,128,0.627380
Qwen/Qwen3-8B,cnndm,3,23,512,0.432109
Qwen/Qwen3-8B,cnndm,3,23,2048,0.167550
Qwen/Qwen3-8B,cnndm,3,24,128,0.573291
Qwen/Qwen3-8B,cnndm,3,24,512,0.469613
Qwen/Qwen3-8B,cnndm,3,24,2048,0.192857
Qwen/Qwen3-8B,cnndm,3,25,128,0.489856
Qwen/Qwen3-8B,cnndm,3,25,512,0.397682
Qwen/Qwen3-8B,cnndm,3,25,2048,0.159944
Qwen/Qwen3-8B,cnndm,3,26,128,0.489606
Qwen/Qwen3-8B,cnndm,3,26,512,0.395563
Qwen/Qwen3-8B,cnndm,3,26,2048,0.154268
Qwen/Qwen3-8B,cnndm,3,27,128,0.548635
Qwen/Qwen3-8B,cnndm,3,27,512,0.449953
Qwen/Qwen3-8B,cnndm,3,27,2048,0.184199
Qwen/Qwen3-8B,cnndm,3,28,128,0.645889
Qwen/Qwen3-8B,cnndm,3,28,512,0.503636
Qwen/Qwen3-8B,cnndm,3,28,2048,0.197000
Qwen/Qwen3-8B,cnndm,3,29,128,0.610843
Qwen/Qwen3-8B,cnndm,3,29,512,0.467431
Qwen/Qwen3-8B,cnndm,3,29,2048,0.172453
Qwen/Qwen3-8B,cnndm,3,30,128,0.691364
Qwen/Qwen3-8B,cnndm,3,30,512,0.551213
Qwen/Qwen3-8B,cnndm,3,30,2048,0.222429
Qwen/Qwen3-8B,cnndm,3,31,128,0.586490
Qwen/Qwen3-8B,cnndm,3,31,512,0.462806
Qwen/Qwen3-8B,cnndm,3,31,2048,0.188157
Qwen/Qwen3-8B,cnndm,4,0,128,0.478770
Qwen/Qwen3-8B,cnndm,4,0,512,0.307486
Qwen/Qwen3-8B,cnndm,4,0,2048,0.106613
Qwen/Qwen3-8B,cnndm,4,1,128,0.625618
Qwen/Qwen3-8B,cnndm,4,1,512,0.443040
Qwen/Qwen3-8B,cnndm,4,1,2048,0.180258
Qwen/Qwen3-8B,cnndm,4,2,128,0.706995
Qwen/Qwen3-8B,cnndm,4,2,512,0.485973
Qwen/Qwen3-8B,cnndm,4,2,2048,0.166797
Qwen/Qwen3-8B,cnndm,4,3,128,0.572872
Qwen/Qwen3-8B,cnndm,4,3,512,0.389954
Qwen/Qwen3-8B,cnndm,4,3,2048,0.151614
Qwen/Qwen3-8B,cnndm,4,4,128,0.638151
Qwen/Qwen3-8B,cnndm,4,4,512,0.460711
Qwen/Qwen3-8B,cnndm,4,4,2048,0.194006
Qwen/Qwen3-8B,cnndm,4,5,128,0.423815
Qwen/Qwen3-8B,cnndm,4,5,512,0.335190
Qwen/Qwen3-8B,cnndm,4,5,2048,0.144320
Qwen/Qwen3-8B,cnndm,4,6,128,0.498147
Qwen/Qwen3-8B,cnndm,4,6,512,0.413922
Qwen/Qwen3-8B,cnndm,4,6,2048,0.198841
Qwen/Qwen3-8B,cnndm,4,7,128,0.716130
Qwen/Qwen3-8B,cnndm,4,7,512,0.596385
Qwen/Qwen3-8B,cnndm,4,7,2048,0.298592
Qwen/Qwen3-8B,cnndm,4,8,128,0.600128
Qwen/Qwen3-8B,cnndm,4,8,512,0.485587
Qwen/Qwen3-8B,cnndm,4,8,2048,0.230781
Qwen/Qwen3-8B,cnndm,4,9,128,0.589207
Qwen/Qwen3-8B,cnndm,4,9,512,0.475678
Qwen/Qwen3-8B,cnndm,4,9,2048,0.218783
Qwen/Qwen3-8B,cnndm,4,10,128,0.559102
Qwen/Qwen3-8B,cnndm,4,10,512,0.445703
Qwen/Qwen3-8B,cnndm,4,10,2048,0.205308
Qwen/Qwen3-8B,cnndm,4,11,128,0.528421
Qwen/Qwen3-8B,cnndm,4,11,512,0.423459
Qwen/Qwen3-8B,cnndm,4,11,2048,0.160990
Qwen/Qwen3-8B,cnndm,4,12,128,0.469138
Qwen/Qwen3-8B,cnndm,4,12,512,0.381529
Qwen/Qwen3-8B,cnndm,4,12,2048,0.175102
Qwen/Qwen3-8B,cnndm,4,13,128,0.491744
Qwen/Qwen3-8B,cnndm,4,13,512,0.401472
Qwen/Qwen3-8B,cnndm,4,13,2048,0.185528
Qwen/Qwen3-8B,cnndm,4,14,128,0.586840
Qwen/Qwen3-8B,cnndm,4,14,512,0.490636
Qwen/Qwen3-8B,cnndm,4,14,2048,0.229048
Qwen/Qwen3-8B,cnndm,4,15,128,0.512340
Qwen/Qwen3-8B,cnndm,4,15,512,0.420523
Qwen/Qwen3-8B,cnndm,4,15,2048,0.198014
Qwen/Qwen3-8B,cnndm,4,16,128,0.548090
Qwen/Qwen3-8B,cnndm,4,16,512,0.434946
Qwen/Qwen3-8B,cnndm,4,16,2048,0.186747
Qwen/Qwen3-8B,cnndm,4,17,128,0.573846
Qwen/Qwen3-8B,cnndm,4,17,512,0.458173
Qwen/Qwen3-8B,cnndm,4,17,2048,0.202263
Qwen/Qwen3-8B,cnndm,4,18,128,0.574735
Qwen/Qwen3-8B,cnndm,4,18,512,0.465180
Qwen/Qwen3-8B,cnndm,4,18,2048,0.207321
Qwen/Qwen3-8B,cnndm,4,19,128,0.606890
Qwen/Qwen3-8B,cnndm,4,19,512,0.489583
Qwen/Qwen3-8B,cnndm,4,19,2048,0.216362
Qwen/Qwen3-8B,cnndm,4,20,128,0.695061
Qwen/Qwen3-8B,cnndm,4,20,512,0.428729
Qwen/Qwen3-8B,cnndm,4,20,2048,0.126775
Qwen/Qwen3-8B,cnndm,4,21,128,0.546615
Qwen/Qwen3-8B,cnndm,4,21,512,0.310173
Qwen/Qwen3-8B,cnndm,4,21,2048,0.117823
Qwen/Qwen3-8B,cnndm,4,22,128,0.477022
Qwen/Qwen3-8B,cnndm,4,22,512,0.212745
Qwen/Qwen3-8B,cnndm,4,22,2048,0.052964
Qwen/Qwen3-8B,cnndm,4,23,128,0.659814
Qwen/Qwen3-8B,cnndm,4,23,512,0.425703
Qwen/Qwen3-8B,cnndm,4,23,2048,0.134408
Qwen/Qwen3-8B,cnndm,4,24,128,0.251117
Qwen/Qwen3-8B,cnndm,4,24,512,0.188967
Qwen/Qwen3-8B,cnndm,4,24,2048,0.083611
Qwen/Qwen3-8B,cnndm,4,25,128,0.309087
Qwen/Qwen3-8B,cnndm,4,25,512,0.212057
Qwen/Qwen3-8B,cnndm,4,25,2048,0.082236
Qwen/Qwen3-8B,cnndm,4,26,128,0.389902
Qwen/Qwen3-8B,cnndm,4,26,512,0.318630
Qwen/Qwen3-8B,cnndm,4,26,2048,0.146362
Qwen/Qwen3-8B,cnndm,4,27,128,0.258009
Qwen/Qwen3-8B,cnndm,4,27,512,0.211323
Qwen/Qwen3-8B,cnndm,4,27,2048,0.097087
Qwen/Qwen3-8B,cnndm,4,28,128,0.376757
Qwen/Qwen3-8B,cnndm,4,28,512,0.218399
Qwen/Qwen3-8B,cnndm,4,28,2048,0.074671
Qwen/Qwen3-8B,cnndm,4,29,128,0.608403
Qwen/Qwen3-8B,cnndm,4,29,512,0.361215
Qwen/Qwen3-8B,cnndm,4,29,2048,0.115571
Qwen/Qwen3-8B,cnndm,4,30,128,0.591021
Qwen/Qwen3-8B,cnndm,4,30,512,0.369627
Qwen/Qwen3-8B,cnndm,4,30,2048,0.078393
Qwen/Qwen3-8B,cnndm,4,31,128,0.425474
Qwen/Qwen3-8B,cnndm,4,31,512,0.216136
Qwen/Qwen3-8B,cnndm,4,31,2048,0.064091
Qwen/Qwen3-8B,cnndm,5,0,128,0.218387
Qwen/Qwen3-8B,cnndm,5,0,512,0.114254
Qwen/Qwen3-8B,cnndm,5,0,2048,0.038176
Qwen/Qwen3-8B,cnndm,5,1,128,0.373292
Qwen/Qwen3-8B,cnndm,5,1,512,0.270048
Qwen/Qwen3-8B,cnndm,5,1,2048,0.108753
Qwen/Qwen3-8B,cnndm,5,2,128,0.455068
Qwen/Qwen3-8B,cnndm,5,2,512,0.207062
Qwen/Qwen3-8B,cnndm,5,2,2048,0.072739
Qwen/Qwen3-8B,cnndm,5,3,128,0.267152
Qwen/Qwen3-8B,cnndm,5,3,512,0.211349
Qwen/Qwen3-8B,cnndm,5,3,2048,0.089375
Qwen/Qwen3-8B,cnndm,5,4,128,0.465968
Qwen/Qwen3-8B,cnndm,5,4,512,0.363864
Qwen/Qwen3-8B,cnndm,5,4,2048,0.156908
Qwen/Qwen3-8B,cnndm,5,5,128,0.718390
Qwen/Qwen3-8B,cnndm,5,5,512,0.585647
Qwen/Qwen3-8B,cnndm,5,5,2048,0.272948
Qwen/Qwen3-8B,cnndm,5,6,128,0.460186
Qwen/Qwen3-8B,cnndm,5,6,512,0.380666
Qwen/Qwen3-8B,cnndm,5,6,2048,0.169241
Qwen/Qwen3-8B,cnndm,5,7,128,0.464416
Qwen/Qwen3-8B,cnndm,5,7,512,0.356447
Qwen/Qwen3-8B,cnndm,5,7,2048,0.129427
Qwen/Qwen3-8B,cnndm,5,8,128,0.015851
Qwen/Qwen3-8B,cnndm,5,8,512,0.006710
Qwen/Qwen3-8B,cnndm,5,8,2048,0.001800
Qwen/Qwen3-8B,cnndm,5,9,128,0.041605
Qwen/Qwen3-8B,cnndm,5,9,512,0.019659
Qwen/Qwen3-8B,cnndm,5,9,2048,0.004454
Qwen/Qwen3-8B,cnndm,5,10,128,0.683780
Qwen/Qwen3-8B,cnndm,5,10,512,0.599221
Qwen/Qwen3-8B,cnndm,5,10,2048,0.274233
Qwen/Qwen3-8B,cnndm,5,11,128,0.446478
Qwen/Qwen3-8B,cnndm,5,11,512,0.361019
Qwen/Qwen3-8B,cnndm,5,11,2048,0.165401
Qwen/Qwen3-8B,cnndm,5,12,128,0.424709
Qwen/Qwen3-8B,cnndm,5,12,512,0.290038
Qwen/Qwen3-8B,cnndm,5,12,2048,0.096245
Qwen/Qwen3-8B,cnndm,5,13,128,0.721887
Qwen/Qwen3-8B,cnndm,5,13,512,0.485715
Qwen/Qwen3-8B,cnndm,5,13,2048,0.176697
Qwen/Qwen3-8B,cnndm,5,14,128,0.450741
Qwen/Qwen3-8B,cnndm,5,14,512,0.262427
Qwen/Qwen3-8B,cnndm,5,14,2048,0.082040
Qwen/Qwen3-8B,cnndm,5,15,128,0.402142
Qwen/Qwen3-8B,cnndm,5,15,512,0.263858
Qwen/Qwen3-8B,cnndm,5,15,2048,0.097594
Qwen/Qwen3-8B,cnndm,5,16,128,0.350385
Qwen/Qwen3-8B,cnndm,5,16,512,0.284913
Qwen/Qwen3-8B,cnndm,5,16,2048,0.124002
Qwen/Qwen3-8B,cnndm,5,17,128,0.273871
Qwen/Qwen3-8B,cnndm,5,17,512,0.219524
Qwen/Qwen3-8B,cnndm,5,17,2048,0.092293
Qwen/Qwen3-8B,cnndm,5,18,128,0.411148
Qwen/Qwen3-8B,cnndm,5,18,512,0.338632
Qwen/Qwen3-8B,cnndm,5,18,2048,0.147079
Qwen/Qwen3-8B,cnndm,5,19,128,0.416750
Qwen/Qwen3-8B,cnndm,5,19,512,0.328604
Qwen/Qwen3-8B,cnndm,5,19,2048,0.134974
Qwen/Qwen3-8B,cnndm,5,20,128,0.422160
Qwen/Qwen3-8B,cnndm,5,20,512,0.339877
Qwen/Qwen3-8B,cnndm,5,20,2048,0.149242
Qwen/Qwen3-8B,cnndm,5,21,128,0.511165
Qwen/Qwen3-8B,cnndm,5,21,512,0.412217
Qwen/Qwen3-8B,cnndm,5,21,2048,0.185879
Qwen/Qwen3-8B,cnndm,5,22,128,0.415808
Qwen/Qwen3-8B,cnndm,5,22,512,0.317713
Qwen/Qwen3-8B,cnndm,5,22,2048,0.123068
Qwen/Qwen3-8B,cnndm,5,23,128,0.519937
Qwen/Qwen3-8B,cnndm,5,23,512,0.417776
Qwen/Qwen3-8B,cnndm,5,23,2048,0.187395
Qwen/Qwen3-8B,cnndm,5,24,128,0.654180
Qwen/Qwen3-8B,cnndm,5,24,512,0.527976
Qwen/Qwen3-8B,cnndm,5,24,2048,0.223210
Qwen/Qwen3-8B,cnndm,5,25,128,0.648919
Qwen/Qwen3-8B,cnndm,5,25,512,0.510726
Qwen/Qwen3-8B,cnndm,5,25,2048,0.202574
Qwen/Qwen3-8B,cnndm,5,26,128,0.685018
Qwen/Qwen3-8B,cnndm,5,26,512,0.558243
Qwen/Qwen3-8B,cnndm,5,26,2048,0.244216
Qwen/Qwen3-8B,cnndm,5,27,128,0.693549
Qwen/Qwen3-8B,cnndm,5,27,512,0.554404
Qwen/Qwen3-8B,cnndm,5,27,2048,0.223242
Qwen/Qwen3-8B,cnndm,5,28,128,0.381555
Qwen/Qwen3-8B,cnndm,5,28,512,0.144052
Qwen/Qwen3-8B,cnndm,5,28,2048,0.020426
Qwen/Qwen3-8B,cnndm,5,29,128,0.406383
Qwen/Qwen3-8B,cnndm,5,29,512,0.281897
Qwen/Qwen3-8B,cnndm,5,29,2048,0.100341
Qwen/Qwen3-8B,cnndm,5,30,128,0.371953
Qwen/Qwen3-8B,cnndm,5,30,512,0.284298
Qwen/Qwen3-8B,cnndm,5,30,2048,0.110532
Qwen/Qwen3-8B,cnndm,5,31,128,0.496540
Qwen/Qwen3-8B,cnndm,5,31,512,0.371045
Qwen/Qwen3-8B,cnndm,5,31,2048,0.149870
Qwen/Qwen3-8B,cnndm,6,0,128,0.231938
Qwen/Qwen3-8B,cnndm,6,0,512,0.163321
Qwen/Qwen3-8B,cnndm,6,0,2048,0.070087
Qwen/Qwen3-8B,cnndm,6,1,128,0.360798
Qwen/Qwen3-8B,cnndm,6,1,512,0.251418
Qwen/Qwen3-8B,cnndm,6,1,2048,0.101916
Qwen/Qwen3-8B,cnndm,6,2,128,0.278967
Qwen/Qwen3-8B,cnndm,6,2,512,0.200524
Qwen/Qwen3-8B,cnndm,6,2,2048,0.080229
Qwen/Qwen3-8B,cnndm,6,3,128,0.270566
Qwen/Qwen3-8B,cnndm,6,3,512,0.183598
Qwen/Qwen3-8B,cnndm,6,3,2048,0.073219
Qwen/Qwen3-8B,cnndm,6,4,128,0.361211
Qwen/Qwen3-8B,cnndm,6,4,512,0.250491
Qwen/Qwen3-8B,cnndm,6,4,2048,0.090110
Qwen/Qwen3-8B,cnndm,6,5,128,0.455739
Qwen/Qwen3-8B,cnndm,6,5,512,0.243537
Qwen/Qwen3-8B,cnndm,6,5,2048,0.063184
Qwen/Qwen3-8B,cnndm,6,6,128,0.666250
Qwen/Qwen3-8B,cnndm,6,6,512,0.415768
Qwen/Qwen3-8B,cnndm,6,6,2048,0.134293
Qwen/Qwen3-8B,cnndm,6,7,128,0.595707
Qwen/Qwen3-8B,cnndm,6,7,512,0.342252
Qwen/Qwen3-8B,cnndm,6,7,2048,0.102215
Qwen/Qwen3-8B,cnndm,6,8,128,0.407958
Qwen/Qwen3-8B,cnndm,6,8,512,0.188178
Qwen/Qwen3-8B,cnndm,6,8,2048,0.052862
Qwen/Qwen3-8B,cnndm,6,9,128,0.255096
Qwen/Qwen3-8B,cnndm,6,9,512,0.145628
Qwen/Qwen3-8B,cnndm,6,9,2048,0.033304
Qwen/Qwen3-8B,cnndm,6,10,128,0.397957
Qwen/Qwen3-8B,cnndm,6,10,512,0.174685
Qwen/Qwen3-8B,cnndm,6,10,2048,0.037763
Qwen/Qwen3-8B,cnndm,6,11,128,0.283568
Qwen/Qwen3-8B,cnndm,6,11,512,0.164136
Qwen/Qwen3-8B,cnndm,6,11,2048,0.060789
Qwen/Qwen3-8B,cnndm,6,12,128,0.629253
Qwen/Qwen3-8B,cnndm,6,12,512,0.387711
Qwen/Qwen3-8B,cnndm,6,12,2048,0.101646
Qwen/Qwen3-8B,cnndm,6,13,128,0.567898
Qwen/Qwen3-8B,cnndm,6,13,512,0.431317
Qwen/Qwen3-8B,cnndm,6,13,2048,0.162912
Qwen/Qwen3-8B,cnndm,6,14,128,0.486067
Qwen/Qwen3-8B,cnndm,6,14,512,0.365100
Qwen/Qwen3-8B,cnndm,6,14,2048,0.137878
Qwen/Qwen3-8B,cnndm,6,15,128,0.251169
Qwen/Qwen3-8B,cnndm,6,15,512,0.174269
Qwen/Qwen3-8B,cnndm,6,15,2048,0.057143
Qwen/Qwen3-8B,cnndm,6,16,128,0.360835
Qwen/Qwen3-8B,cnndm,6,16,512,0.260347
Qwen/Qwen3-8B,cnndm,6,16,2048,0.110775
Qwen/Qwen3-8B,cnndm,6,17,128,0.219409
Qwen/Qwen3-8B,cnndm,6,17,512,0.150298
Qwen/Qwen3-8B,cnndm,6,17,2048,0.062972
Qwen/Qwen3-8B,cnndm,6,18,128,0.379819
Qwen/Qwen3-8B,cnndm,6,18,512,0.259211
Qwen/Qwen3-8B,cnndm,6,18,2048,0.093357
Qwen/Qwen3-8B,cnndm,6,19,128,0.325369
Qwen/Qwen3-8B,cnndm,6,19,512,0.238300
Qwen/Qwen3-8B,cnndm,6,19,2048,0.107314
Qwen/Qwen3-8B,cnndm,6,20,128,0.232625
Qwen/Qwen3-8B,cnndm,6,20,512,0.157361
Qwen/Qwen3-8B,cnndm,6,20,2048,0.054720
Qwen/Qwen3-8B,cnndm,6,21,128,0.221655
Qwen/Qwen3-8B,cnndm,6,21,512,0.142906
Qwen/Qwen3-8B,cnndm,6,21,2048,0.045861
Qwen/Qwen3-8B,cnndm,6,22,128,0.288161
Qwen/Qwen3-8B,cnndm,6,22,512,0.184085
Qwen/Qwen3-8B,cnndm,6,22,2048,0.063913
Qwen/Qwen3-8B,cnndm,6,23,128,0.138083
Qwen/Qwen3-8B,cnndm,6,23,512,0.093717
Qwen/Qwen3-8B,cnndm,6,23,2048,0.028178
Qwen/Qwen3-8B,cnndm,6,24,128,0.266426
Qwen/Qwen3-8B,cnndm,6,24,512,0.177590
Qwen/Qwen3-8B,cnndm,6,24,2048,0.073754
Qwen/Qwen3-8B,cnndm,6,25,128,0.508583
Qwen/Qwen3-8B,cnndm,6,25,512,0.320849
Qwen/Qwen3-8B,cnndm,6,25,2048,0.116351
Qwen/Qwen3-8B,cnndm,6,26,128,0.279572
Qwen/Qwen3-8B,cnndm,6,26,512,0.173142
Qwen/Qwen3-8B,cnndm,6,26,2048,0.056744
Qwen/Qwen3-8B,cnndm,6,27,128,0.393016
Qwen/Qwen3-8B,cnndm,6,27,512,0.275889
Qwen/Qwen3-8B,cnndm,6,27,2048,0.111735
Qwen/Qwen3-8B,cnndm,6,28,128,0.479806
Qwen/Qwen3-8B,cnndm,6,28,512,0.309774
Qwen/Qwen3-8B,cnndm,6,28,2048,0.089588
Qwen/Qwen3-8B,cnndm,6,29,128,0.381152
Qwen/Qwen3-8B,cnndm,6,29,512,0.275198
Qwen/Qwen3-8B,cnndm,6,29,2048,0.101619
Qwen/Qwen3-8B,cnndm,6,30,128,0.440036
Qwen/Qwen3-8B,cnndm,6,30,512,0.281817
Qwen/Qwen3-8B,cnndm,6,30,2048,0.081033
Qwen/Qwen3-8B,cnndm,6,31,128,0.540660
Qwen/Qwen3-8B,cnndm,6,31,512,0.406297
Qwen/Qwen3-8B,cnndm,6,31,2048,0.151009
Qwen/Qwen3-8B,cnndm,7,0,128,0.034521
Qwen/Qwen3-8B,cnndm,7,0,512,0.021170
Qwen/Qwen3-8B,cnndm,7,0,2048,0.004294
Qwen/Qwen3-8B,cnndm,7,1,128,0.208403
Qwen/Qwen3-8B,cnndm,7,1,512,0.051361
Qwen/Qwen3-8B,cnndm,7,1,2048,0.004765
Qwen/Qwen3-8B,cnndm,7,2,128,0.265862
Qwen/Qwen3-8B,cnndm,7,2,512,0.154108
Qwen/Qwen3-8B,cnndm,7,2,2048,0.029174
Qwen/Qwen3-8B,cnndm,7,3,128,0.367863
Qwen/Qwen3-8B,cnndm,7,3,512,0.186792
Qwen/Qwen3-8B,cnndm,7,3,2048,0.028293
Qwen/Qwen3-8B,cnndm,7,4,128,0.008337
Qwen/Qwen3-8B,cnndm,7,4,512,0.008660
Qwen/Qwen3-8B,cnndm,7,4,2048,0.009931
Qwen/Qwen3-8B,cnndm,7,5,128,0.073972
Qwen/Qwen3-8B,cnndm,7,5,512,0.019007
Qwen/Qwen3-8B,cnndm,7,5,2048,0.001157
Qwen/Qwen3-8B,cnndm,7,6,128,0.026136
Qwen/Qwen3-8B,cnndm,7,6,512,0.018673
Qwen/Qwen3-8B,cnndm,7,6,2048,0.006383
Qwen/Qwen3-8B,cnndm,7,7,128,0.115451
Qwen/Qwen3-8B,cnndm,7,7,512,0.101153
Qwen/Qwen3-8B,cnndm,7,7,2048,0.031109
Qwen/Qwen3-8B,cnndm,7,8,128,0.035017
Qwen/Qwen3-8B,cnndm,7,8,512,0.023924
Qwen/Qwen3-8B,cnndm,7,8,2048,0.005334
Qwen/Qwen3-8B,cnndm,7,9,128,0.026377
Qwen/Qwen3-8B,cnndm,7,9,512,0.013542
Qwen/Qwen3-8B,cnndm,7,9,2048,0.003701
Qwen/Qwen3-8B,cnndm,7,10,128,0.046721
Qwen/Qwen3-8B,cnndm,7,10,512,0.025529
Qwen/Qwen3-8B,cnndm,7,10,2048,0.007218
Qwen/Qwen3-8B,cnndm,7,11,128,0.107231
Qwen/Qwen3-8B,cnndm,7,11,512,0.067154
Qwen/Qwen3-8B,cnndm,7,11,2048,0.016625
Qwen/Qwen3-8B,cnndm,7,12,128,0.019457
Qwen/Qwen3-8B,cnndm,7,12,512,0.005449
Qwen/Qwen3-8B,cnndm,7,12,2048,0.000337
Qwen/Qwen3-8B,cnndm,7,13,128,0.023610
Qwen/Qwen3-8B,cnndm,7,13,512,0.014905
Qwen/Qwen3-8B,cnndm,7,13,2048,0.002550
Qwen/Qwen3-8B,cnndm,7,14,128,0.014249
Qwen/Qwen3-8B,cnndm,7,14,512,0.005622
Qwen/Qwen3-8B,cnndm,7,14,2048,0.000806
Qwen/Qwen3-8B,cnndm,7,15,128,0.007603
Qwen/Qwen3-8B,cnndm,7,15,512,0.003760
Qwen/Qwen3-8B,cnndm,7,15,2048,0.000709
Qwen/Qwen3-8B,cnndm,7,16,128,0.040886
Qwen/Qwen3-8B,cnndm,7,16,512,0.027077
Qwen/Qwen3-8B,cnndm,7,16,2048,0.004662
Qwen/Qwen3-8B,cnndm,7,17,128,0.034928
Qwen/Qwen3-8B,cnndm,7,17,512,0.023190
Qwen/Qwen3-8B,cnndm,7,17,2048,0.003809
Qwen/Qwen3-8B,cnndm,7,18,128,0.043243
Qwen/Qwen3-8B,cnndm,7,18,512,0.028361
Qwen/Qwen3-8B,cnndm,7,18,2048,0.005373
Qwen/Qwen3-8B,cnndm,7,19,128,0.030442
Qwen/Qwen3-8B,cnndm,7,19,512,0.021929
Qwen/Qwen3-8B,cnndm,7,19,2048,0.003647
Qwen/Qwen3-8B,cnndm,7,20,128,0.092620
Qwen/Qwen3-8B,cnndm,7,20,512,0.054111
Qwen/Qwen3-8B,cnndm,7,20,2048,0.009314
Qwen/Qwen3-8B,cnndm,7,21,128,0.094206
Qwen/Qwen3-8B,cnndm,7,21,512,0.059921
Qwen/Qwen3-8B,cnndm,7,21,2048,0.014868
Qwen/Qwen3-8B,cnndm,7,22,128,0.185964
Qwen/Qwen3-8B,cnndm,7,22,512,0.095824
Qwen/Qwen3-8B,cnndm,7,22,2048,0.021441
Qwen/Qwen3-8B,cnndm,7,23,128,0.107424
Qwen/Qwen3-8B,cnndm,7,23,512,0.053212
Qwen/Qwen3-8B,cnndm,7,23,2048,0.012847
Qwen/Qwen3-8B,cnndm,7,24,128,0.030892
Qwen/Qwen3-8B,cnndm,7,24,512,0.018576
Qwen/Qwen3-8B,cnndm,7,24,2048,0.002850
Qwen/Qwen3-8B,cnndm,7,25,128,0.042282
Qwen/Qwen3-8B,cnndm,7,25,512,0.025063
Qwen/Qwen3-8B,cnndm,7,25,2048,0.003973
Qwen/Qwen3-8B,cnndm,7,26,128,0.081498
Qwen/Qwen3-8B,cnndm,7,26,512,0.049042
Qwen/Qwen3-8B,cnndm,7,26,2048,0.005823
Qwen/Qwen3-8B,cnndm,7,27,128,0.024435
Qwen/Qwen3-8B,cnndm,7,27,512,0.017038
Qwen/Qwen3-8B,cnndm,7,27,2048,0.003514
Qwen/Qwen3-8B,cnndm,7,28,128,0.036508
Qwen/Qwen3-8B,cnndm,7,28,512,0.024987
Qwen/Qwen3-8B,cnndm,7,28,2048,0.006351
Qwen/Qwen3-8B,cnndm,7,29,128,0.046728
Qwen/Qwen3-8B,cnndm,7,29,512,0.031462
Qwen/Qwen3-8B,cnndm,7,29,2048,0.009313
Qwen/Qwen3-8B,cnndm,7,30,128,0.035321
Qwen/Qwen3-8B,cnndm,7,30,512,0.023942
Qwen/Qwen3-8B,cnndm,7,30,2048,0.005660
Qwen/Qwen3-8B,cnndm,7,31,128,0.032622
Qwen/Qwen3-8B,cnndm,7,31,512,0.020677
Qwen/Qwen3-8B,cnndm,7,31,2048,0.004316
Qwen/Qwen3-8B,cnndm,8,0,128,0.057162
Qwen/Qwen3-8B,cnndm,8,0,512,0.026457
Qwen/Qwen3-8B,cnndm,8,0,2048,0.015666
Qwen/Qwen3-8B,cnndm,8,1,128,0.043300
Qwen/Qwen3-8B,cnndm,8,1,512,0.021296
Qwen/Qwen3-8B,cnndm,8,1,2048,0.011628
Qwen/Qwen3-8B,cnndm,8,2,128,0.166396
Qwen/Qwen3-8B,cnndm,8,2,512,0.068258
Qwen/Qwen3-8B,cnndm,8,2,2048,0.025145
Qwen/Qwen3-8B,cnndm,8,3,128,0.097611
Qwen/Qwen3-8B,cnndm,8,3,512,0.046022
Qwen/Qwen3-8B,cnndm,8,3,2048,0.017994
Qwen/Qwen3-8B,cnndm,8,4,128,0.410935
Qwen/Qwen3-8B,cnndm,8,4,512,0.174904
Qwen/Qwen3-8B,cnndm,8,4,2048,0.048528
Qwen/Qwen3-8B,cnndm,8,5,128,0.118872
Qwen/Qwen3-8B,cnndm,8,5,512,0.059868
Qwen/Qwen3-8B,cnndm,8,5,2048,0.016781
Qwen/Qwen3-8B,cnndm,8,6,128,0.203680
Qwen/Qwen3-8B,cnndm,8,6,512,0.088712
Qwen/Qwen3-8B,cnndm,8,6,2048,0.025560
Qwen/Qwen3-8B,cnndm,8,7,128,0.308183
Qwen/Qwen3-8B,cnndm,8,7,512,0.153386
Qwen/Qwen3-8B,cnndm,8,7,2048,0.048544
Qwen/Qwen3-8B,cnndm,8,8,128,0.058587
Qwen/Qwen3-8B,cnndm,8,8,512,0.021746
Qwen/Qwen3-8B,cnndm,8,8,2048,0.007835
Qwen/Qwen3-8B,cnndm,8,9,128,0.026815
Qwen/Qwen3-8B,cnndm,8,9,512,0.010946
Qwen/Qwen3-8B,cnndm,8,9,2048,0.005684
Qwen/Qwen3-8B,cnndm,8,10,128,0.032129
Qwen/Qwen3-8B,cnndm,8,10,512,0.014052
Qwen/Qwen3-8B,cnndm,8,10,2048,0.007367
Qwen/Qwen3-8B,cnndm,8,11,128,0.037800
Qwen/Qwen3-8B,cnndm,8,11,512,0.016405
Qwen/Qwen3-8B,cnndm,8,11,2048,0.009667
Qwen/Qwen3-8B,cnndm,8,12,128,0.052123
Qwen/Qwen3-8B,cnndm,8,12,512,0.022085
Qwen/Qwen3-8B,cnndm,8,12,2048,0.012815
Qwen/Qwen3-8B,cnndm,8,13,128,0.047496
Qwen/Qwen3-8B,cnndm,8,13,512,0.021211
Qwen/Qwen3-8B,cnndm,8,13,2048,0.008340
Qwen/Qwen3-8B,cnndm,8,14,128,0.046806
Qwen/Qwen3-8B,cnndm,8,14,512,0.023422
Qwen/Qwen3-8B,cnndm,8,14,2048,0.010899
Qwen/Qwen3-8B,cnndm,8,15,128,0.071424
Qwen/Qwen3-8B,cnndm,8,15,512,0.036495
Qwen/Qwen3-8B,cnndm,8,15,2048,0.013479
Qwen/Qwen3-8B,cnndm,8,16,128,0.242971
Qwen/Qwen3-8B,cnndm,8,16,512,0.165167
Qwen/Qwen3-8B,cnndm,8,16,2048,0.041227
Qwen/Qwen3-8B,cnndm,8,17,128,0.188182
Qwen/Qwen3-8B,cnndm,8,17,512,0.108482
Qwen/Qwen3-8B,cnndm,8,17,2048,0.027460
Qwen/Qwen3-8B,cnndm,8,18,128,0.257593
Qwen/Qwen3-8B,cnndm,8,18,512,0.160071
Qwen/Qwen3-8B,cnndm,8,18,2048,0.039001
Qwen/Qwen3-8B,cnndm,8,19,128,0.344603
Qwen/Qwen3-8B,cnndm,8,19,512,0.188757
Qwen/Qwen3-8B,cnndm,8,19,2048,0.044352
Qwen/Qwen3-8B,cnndm,8,20,128,0.045970
Qwen/Qwen3-8B,cnndm,8,20,512,0.021144
Qwen/Qwen3-8B,cnndm,8,20,2048,0.008798
Qwen/Qwen3-8B,cnndm,8,21,128,0.022429
Qwen/Qwen3-8B,cnndm,8,21,512,0.012264
Qwen/Qwen3-8B,cnndm,8,21,2048,0.004594
Qwen/Qwen3-8B,cnndm,8,22,128,0.056248
Qwen/Qwen3-8B,cnndm,8,22,512,0.026406
Qwen/Qwen3-8B,cnndm,8,22,2048,0.008818
Qwen/Qwen3-8B,cnndm,8,23,128,0.110527
Qwen/Qwen3-8B,cnndm,8,23,512,0.051747
Qwen/Qwen3-8B,cnndm,8,23,2048,0.006426
Qwen/Qwen3-8B,cnndm,8,24,128,0.057729
Qwen/Qwen3-8B,cnndm,8,24,512,0.028736
Qwen/Qwen3-8B,cnndm,8,24,2048,0.012479
Qwen/Qwen3-8B,cnndm,8,25,128,0.117369
Qwen/Qwen3-8B,cnndm,8,25,512,0.062882
Qwen/Qwen3-8B,cnndm,8,25,2048,0.021551
Qwen/Qwen3-8B,cnndm,8,26,128,0.497304
Qwen/Qwen3-8B,cnndm,8,26,512,0.285036
Qwen/Qwen3-8B,cnndm,8,26,2048,0.069326
Qwen/Qwen3-8B,cnndm,8,27,128,0.146825
Qwen/Qwen3-8B,cnndm,8,27,512,0.043947
Qwen/Qwen3-8B,cnndm,8,27,2048,0.010442
Qwen/Qwen3-8B,cnndm,8,28,128,0.183131
Qwen/Qwen3-8B,cnndm,8,28,512,0.078035
Qwen/Qwen3-8B,cnndm,8,28,2048,0.018898
Qwen/Qwen3-8B,cnndm,8,29,128,0.144857
Qwen/Qwen3-8B,cnndm,8,29,512,0.057931
Qwen/Qwen3-8B,cnndm,8,29,2048,0.018864
Qwen/Qwen3-8B,cnndm,8,30,128,0.070494
Qwen/Qwen3-8B,cnndm,8,30,512,0.037193
Qwen/Qwen3-8B,cnndm,8,30,2048,0.016992
Qwen/Qwen3-8B,cnndm,8,31,128,0.074587
Qwen/Qwen3-8B,cnndm,8,31,512,0.036182
Qwen/Qwen3-8B,cnndm,8,31,2048,0.010395
Qwen/Qwen3-8B,cnndm,9,0,128,0.102882
Qwen/Qwen3-8B,cnndm,9,0,512,0.038049
Qwen/Qwen3-8B,cnndm,9,0,2048,0.008567
Qwen/Qwen3-8B,cnndm,9,1,128,0.056409
Qwen/Qwen3-8B,cnndm,9,1,512,0.030134
Qwen/Qwen3-8B,cnndm,9,1,2048,0.015878
Qwen/Qwen3-8B,cnndm,9,2,128,0.084408
Qwen/Qwen3-8B,cnndm,9,2,512,0.051439
Qwen/Qwen3-8B,cnndm,9,2,2048,0.019554
Qwen/Qwen3-8B,cnndm,9,3,128,0.059128
Qwen/Qwen3-8B,cnndm,9,3,512,0.028677
Qwen/Qwen3-8B,cnndm,9,3,2048,0.014131
Qwen/Qwen3-8B,cnndm,9,4,128,0.049212
Qwen/Qwen3-8B,cnndm,9,4,512,0.027608
Qwen/Qwen3-8B,cnndm,9,4,2048,0.008946
Qwen/Qwen3-8B,cnndm,9,5,128,0.031223
Qwen/Qwen3-8B,cnndm,9,5,512,0.021027
Qwen/Qwen3-8B,cnndm,9,5,2048,0.007309
Qwen/Qwen3-8B,cnndm,9,6,128,0.036000
Qwen/Qwen3-8B,cnndm,9,6,512,0.023139
Qwen/Qwen3-8B,cnndm,9,6,2048,0.008125
Qwen/Qwen3-8B,cnndm,9,7,128,0.031717
Qwen/Qwen3-8B,cnndm,9,7,512,0.022564
Qwen/Qwen3-8B,cnndm,9,7,2048,0.006367
Qwen/Qwen3-8B,cnndm,9,8,128,0.063761
Qwen/Qwen3-8B,cnndm,9,8,512,0.037859
Qwen/Qwen3-8B,cnndm,9,8,2048,0.010858
Qwen/Qwen3-8B,cnndm,9,9,128,0.024369
Qwen/Qwen3-8B,cnndm,9,9,512,0.011589
Qwen/Qwen3-8B,cnndm,9,9,2048,0.002792
Qwen/Qwen3-8B,cnndm,9,10,128,0.112149
Qwen/Qwen3-8B,cnndm,9,10,512,0.063948
Qwen/Qwen3-8B,cnndm,9,10,2048,0.020721
Qwen/Qwen3-8B,cnndm,9,11,128,0.081872
Qwen/Qwen3-8B,cnndm,9,11,512,0.040332
Qwen/Qwen3-8B,cnndm,9,11,2048,0.012316
Qwen/Qwen3-8B,cnndm,9,12,128,0.110936
Qwen/Qwen3-8B,cnndm,9,12,512,0.059521
Qwen/Qwen3-8B,cnndm,9,12,2048,0.016567
Qwen/Qwen3-8B,cnndm,9,13,128,0.221864
Qwen/Qwen3-8B,cnndm,9,13,512,0.105176
Qwen/Qwen3-8B,cnndm,9,13,2048,0.026235
Qwen/Qwen3-8B,cnndm,9,14,128,0.406206
Qwen/Qwen3-8B,cnndm,9,14,512,0.172642
Qwen/Qwen3-8B,cnndm,9,14,2048,0.043573
Qwen/Qwen3-8B,cnndm,9,15,128,0.124737
Qwen/Qwen3-8B,cnndm,9,15,512,0.044358
Qwen/Qwen3-8B,cnndm,9,15,2048,0.013446
Qwen/Qwen3-8B,cnndm,9,16,128,0.089649
Qwen/Qwen3-8B,cnndm,9,16,512,0.013189
Qwen/Qwen3-8B,cnndm,9,16,2048,0.002335
Qwen/Qwen3-8B,cnndm,9,17,128,0.327591
Qwen/Qwen3-8B,cnndm,9,17,512,0.180814
Qwen/Qwen3-8B,cnndm,9,17,2048,0.039254
Qwen/Qwen3-8B,cnndm,9,18,128,0.444436
Qwen/Qwen3-8B,cnndm,9,18,512,0.217147
Qwen/Qwen3-8B,cnndm,9,18,2048,0.009566
Qwen/Qwen3-8B,cnndm,9,19,128,0.129435
Qwen/Qwen3-8B,cnndm,9,19,512,0.137828
Qwen/Qwen3-8B,cnndm,9,19,2048,0.097838
Qwen/Qwen3-8B,cnndm,9,20,128,0.347751
Qwen/Qwen3-8B,cnndm,9,20,512,0.182705
Qwen/Qwen3-8B,cnndm,9,20,2048,0.055407
Qwen/Qwen3-8B,cnndm,9,21,128,0.109978
Qwen/Qwen3-8B,cnndm,9,21,512,0.060816
Qwen/Qwen3-8B,cnndm,9,21,2048,0.014528
Qwen/Qwen3-8B,cnndm,9,22,128,0.154890
Qwen/Qwen3-8B,cnndm,9,22,512,0.067022
Qwen/Qwen3-8B,cnndm,9,22,2048,0.028356
Qwen/Qwen3-8B,cnndm,9,23,128,0.219176
Qwen/Qwen3-8B,cnndm,9,23,512,0.092874
Qwen/Qwen3-8B,cnndm,9,23,2048,0.028280
Qwen/Qwen3-8B,cnndm,9,24,128,0.105138
Qwen/Qwen3-8B,cnndm,9,24,512,0.063250
Qwen/Qwen3-8B,cnndm,9,24,2048,0.019147
Qwen/Qwen3-8B,cnndm,9,25,128,0.141834
Qwen/Qwen3-8B,cnndm,9,25,512,0.058408
Qwen/Qwen3-8B,cnndm,9,25,2048,0.012538
Qwen/Qwen3-8B,cnndm,9,26,128,0.434243
Qwen/Qwen3-8B,cnndm,9,26,512,0.243255
Qwen/Qwen3-8B,cnndm,9,26,2048,0.055565
Qwen/Qwen3-8B,cnndm,9,27,128,0.262246
Qwen/Qwen3-8B,cnndm,9,27,512,0.141069
Qwen/Qwen3-8B,cnndm,9,27,2048,0.032630
Qwen/Qwen3-8B,cnndm,9,28,128,0.013995
Qwen/Qwen3-8B,cnndm,9,28,512,0.006876
Qwen/Qwen3-8B,cnndm,9,28,2048,0.001834
Qwen/Qwen3-8B,cnndm,9,29,128,0.131655
Qwen/Qwen3-8B,cnndm,9,29,512,0.079993
Qwen/Qwen3-8B,cnndm,9,29,2048,0.031276
Qwen/Qwen3-8B,cnndm,9,30,128,0.010819
Qwen/Qwen3-8B,cnndm,9,30,512,0.009858
Qwen/Qwen3-8B,cnndm,9,30,2048,0.005588
Qwen/Qwen3-8B,cnndm,9,31,128,0.024204
Qwen/Qwen3-8B,cnndm,9,31,512,0.014412
Qwen/Qwen3-8B,cnndm,9,31,2048,0.004816
Qwen/Qwen3-8B,cnndm,10,0,128,0.023275
Qwen/Qwen3-8B,cnndm,10,0,512,0.007269
Qwen/Qwen3-8B,cnndm,10,0,2048,0.000067
Qwen/Qwen3-8B,cnndm,10,1,128,0.058081
Qwen/Qwen3-8B,cnndm,10,1,512,0.018574
Qwen/Qwen3-8B,cnndm,10,1,2048,0.000183
Qwen/Qwen3-8B,cnndm,10,2,128,0.046343
Qwen/Qwen3-8B,cnndm,10,2,512,0.014200
Qwen/Qwen3-8B,cnndm,10,2,2048,0.000118
Qwen/Qwen3-8B,cnndm,10,3,128,0.025773
Qwen/Qwen3-8B,cnndm,10,3,512,0.007940
Qwen/Qwen3-8B,cnndm,10,3,2048,0.000072
Qwen/Qwen3-8B,cnndm,10,4,128,0.060321
Qwen/Qwen3-8B,cnndm,10,4,512,0.021614
Qwen/Qwen3-8B,cnndm,10,4,2048,0.000900
Qwen/Qwen3-8B,cnndm,10,5,128,0.048088
Qwen/Qwen3-8B,cnndm,10,5,512,0.017665
Qwen/Qwen3-8B,cnndm,10,5,2048,0.000784
Qwen/Qwen3-8B,cnndm,10,6,128,0.066546
Qwen/Qwen3-8B,cnndm,10,6,512,0.026900
Qwen/Qwen3-8B,cnndm,10,6,2048,0.001008
Qwen/Qwen3-8B,cnndm,10,7,128,0.110277
Qwen/Qwen3-8B,cnndm,10,7,512,0.036840
Qwen/Qwen3-8B,cnndm,10,7,2048,0.002406
Qwen/Qwen3-8B,cnndm,10,8,128,0.142262
Qwen/Qwen3-8B,cnndm,10,8,512,0.045995
Qwen/Qwen3-8B,cnndm,10,8,2048,0.001151
Qwen/Qwen3-8B,cnndm,10,9,128,0.212772
Qwen/Qwen3-8B,cnndm,10,9,512,0.077207
Qwen/Qwen3-8B,cnndm,10,9,2048,0.008034
Qwen/Qwen3-8B,cnndm,10,10,128,0.038859
Qwen/Qwen3-8B,cnndm,10,10,512,0.013865
Qwen/Qwen3-8B,cnndm,10,10,2048,0.000788
Qwen/Qwen3-8B,cnndm,10,11,128,0.079072
Qwen/Qwen3-8B,cnndm,10,11,512,0.029641
Qwen/Qwen3-8B,cnndm,10,11,2048,0.001060
Qwen/Qwen3-8B,cnndm,10,12,128,0.105734
Qwen/Qwen3-8B,cnndm,10,12,512,0.013322
Qwen/Qwen3-8B,cnndm,10,12,2048,0.000168
Qwen/Qwen3-8B,cnndm,10,13,128,0.026126
Qwen/Qwen3-8B,cnndm,10,13,512,0.012224
Qwen/Qwen3-8B,cnndm,10,13,2048,0.000104
Qwen/Qwen3-8B,cnndm,10,14,128,0.050618
Qwen/Qwen3-8B,cnndm,10,14,512,0.012374
Qwen/Qwen3-8B,cnndm,10,14,2048,0.000498
Qwen/Qwen3-8B,cnndm,10,15,128,0.038283
Qwen/Qwen3-8B,cnndm,10,15,512,0.015480
Qwen/Qwen3-8B,cnndm,10,15,2048,0.000486
Qwen/Qwen3-8B,cnndm,10,16,128,0.151750
Qwen/Qwen3-8B,cnndm,10,16,512,0.071678
Qwen/Qwen3-8B,cnndm,10,16,2048,0.007943
Qwen/Qwen3-8B,cnndm,10,17,128,0.062346
Qwen/Qwen3-8B,cnndm,10,17,512,0.026231
Qwen/Qwen3-8B,cnndm,10,17,2048,0.002110
Qwen/Qwen3-8B,cnndm,10,18,128,0.188273
Qwen/Qwen3-8B,cnndm,10,18,512,0.087916
Qwen/Qwen3-8B,cnndm,10,18,2048,0.008897
Qwen/Qwen3-8B,cnndm,10,19,128,0.113364
Qwen/Qwen3-8B,cnndm,10,19,512,0.048385
Qwen/Qwen3-8B,cnndm,10,19,2048,0.005355
Qwen/Qwen3-8B,cnndm,10,20,128,0.096434
Qwen/Qwen3-8B,cnndm,10,20,512,0.032890
Qwen/Qwen3-8B,cnndm,10,20,2048,0.002702
Qwen/Qwen3-8B,cnndm,10,21,128,0.174669
Qwen/Qwen3-8B,cnndm,10,21,512,0.085503
Qwen/Qwen3-8B,cnndm,10,21,2048,0.016296
Qwen/Qwen3-8B,cnndm,10,22,128,0.138023
Qwen/Qwen3-8B,cnndm,10,22,512,0.056661
Qwen/Qwen3-8B,cnndm,10,22,2048,0.010488
Qwen/Qwen3-8B,cnndm,10,23,128,0.282552
Qwen/Qwen3-8B,cnndm,10,23,512,0.136869
Qwen/Qwen3-8B,cnndm,10,23,2048,0.030067
Qwen/Qwen3-8B,cnndm,10,24,128,0.287694
Qwen/Qwen3-8B,cnndm,10,24,512,0.153302
Qwen/Qwen3-8B,cnndm,10,24,2048,0.044799
Qwen/Qwen3-8B,cnndm,10,25,128,0.083529
Qwen/Qwen3-8B,cnndm,10,25,512,0.035521
Qwen/Qwen3-8B,cnndm,10,25,2048,0.007650
Qwen/Qwen3-8B,cnndm,10,26,128,0.309036
Qwen/Qwen3-8B,cnndm,10,26,512,0.165463
Qwen/Qwen3-8B,cnndm,10,26,2048,0.041987
Qwen/Qwen3-8B,cnndm,10,27,128,0.163997
Qwen/Qwen3-8B,cnndm,10,27,512,0.064849
Qwen/Qwen3-8B,cnndm,10,27,2048,0.012968
Qwen/Qwen3-8B,cnndm,10,28,128,0.076617
Qwen/Qwen3-8B,cnndm,10,28,512,0.028505
Qwen/Qwen3-8B,cnndm,10,28,2048,0.000904
Qwen/Qwen3-8B,cnndm,10,29,128,0.255809
Qwen/Qwen3-8B,cnndm,10,29,512,0.100487
Qwen/Qwen3-8B,cnndm,10,29,2048,0.016501
Qwen/Qwen3-8B,cnndm,10,30,128,0.082937
Qwen/Qwen3-8B,cnndm,10,30,512,0.033974
Qwen/Qwen3-8B,cnndm,10,30,2048,0.003192
Qwen/Qwen3-8B,cnndm,10,31,128,0.038305
Qwen/Qwen3-8B,cnndm,10,31,512,0.014960
Qwen/Qwen3-8B,cnndm,10,31,2048,0.000611
Qwen/Qwen3-8B,cnndm,11,0,128,0.183061
Qwen/Qwen3-8B,cnndm,11,0,512,0.069426
Qwen/Qwen3-8B,cnndm,11,0,2048,0.013904
Qwen/Qwen3-8B,cnndm,11,1,128,0.180403
Qwen/Qwen3-8B,cnndm,11,1,512,0.085777
Qwen/Qwen3-8B,cnndm,11,1,2048,0.012409
Qwen/Qwen3-8B,cnndm,11,2,128,0.125417
Qwen/Qwen3-8B,cnndm,11,2,512,0.054438
Qwen/Qwen3-8B,cnndm,11,2,2048,0.008563
Qwen/Qwen3-8B,cnndm,11,3,128,0.413447
Qwen/Qwen3-8B,cnndm,11,3,512,0.165290
Qwen/Qwen3-8B,cnndm,11,3,2048,0.020636
Qwen/Qwen3-8B,cnndm,11,4,128,0.186193
Qwen/Qwen3-8B,cnndm,11,4,512,0.085718
Qwen/Qwen3-8B,cnndm,11,4,2048,0.023330
Qwen/Qwen3-8B,cnndm,11,5,128,0.060976
Qwen/Qwen3-8B,cnndm,11,5,512,0.029230
Qwen/Qwen3-8B,cnndm,11,5,2048,0.007411
Qwen/Qwen3-8B,cnndm,11,6,128,0.068966
Qwen/Qwen3-8B,cnndm,11,6,512,0.033538
Qwen/Qwen3-8B,cnndm,11,6,2048,0.008588
Qwen/Qwen3-8B,cnndm,11,7,128,0.044287
Qwen/Qwen3-8B,cnndm,11,7,512,0.020367
Qwen/Qwen3-8B,cnndm,11,7,2048,0.005834
Qwen/Qwen3-8B,cnndm,11,8,128,0.024909
Qwen/Qwen3-8B,cnndm,11,8,512,0.014487
Qwen/Qwen3-8B,cnndm,11,8,2048,0.005051
Qwen/Qwen3-8B,cnndm,11,9,128,0.184420
Qwen/Qwen3-8B,cnndm,11,9,512,0.168761
Qwen/Qwen3-8B,cnndm,11,9,2048,0.043125
Qwen/Qwen3-8B,cnndm,11,10,128,0.191299
Qwen/Qwen3-8B,cnndm,11,10,512,0.033303
Qwen/Qwen3-8B,cnndm,11,10,2048,0.001765
Qwen/Qwen3-8B,cnndm,11,11,128,0.075936
Qwen/Qwen3-8B,cnndm,11,11,512,0.037627
Qwen/Qwen3-8B,cnndm,11,11,2048,0.010768
Qwen/Qwen3-8B,cnndm,11,12,128,0.273951
Qwen/Qwen3-8B,cnndm,11,12,512,0.133073
Qwen/Qwen3-8B,cnndm,11,12,2048,0.028227
Qwen/Qwen3-8B,cnndm,11,13,128,0.155697
Qwen/Qwen3-8B,cnndm,11,13,512,0.073288
Qwen/Qwen3-8B,cnndm,11,13,2048,0.014926
Qwen/Qwen3-8B,cnndm,11,14,128,0.328628
Qwen/Qwen3-8B,cnndm,11,14,512,0.141933
Qwen/Qwen3-8B,cnndm,11,14,2048,0.031565
Qwen/Qwen3-8B,cnndm,11,15,128,0.075704
Qwen/Qwen3-8B,cnndm,11,15,512,0.030044
Qwen/Qwen3-8B,cnndm,11,15,2048,0.002786
Qwen/Qwen3-8B,cnndm,11,16,128,0.122814
Qwen/Qwen3-8B,cnndm,11,16,512,0.042173
Qwen/Qwen3-8B,cnndm,11,16,2048,0.003023
Qwen/Qwen3-8B,cnndm,11,17,128,0.064589
Qwen/Qwen3-8B,cnndm,11,17,512,0.026710
Qwen/Qwen3-8B,cnndm,11,17,2048,0.001214
Qwen/Qwen3-8B,cnndm,11,18,128,0.098889
Qwen/Qwen3-8B,cnndm,11,18,512,0.035297
Qwen/Qwen3-8B,cnndm,11,18,2048,0.003253
Qwen/Qwen3-8B,cnndm,11,19,128,0.032601
Qwen/Qwen3-8B,cnndm,11,19,512,0.011449
Qwen/Qwen3-8B,cnndm,11,19,2048,0.000781
Qwen/Qwen3-8B,cnndm,11,20,128,0.032527
Qwen/Qwen3-8B,cnndm,11,20,512,0.012718
Qwen/Qwen3-8B,cnndm,11,20,2048,0.000824
Qwen/Qwen3-8B,cnndm,11,21,128,0.044859
Qwen/Qwen3-8B,cnndm,11,21,512,0.019116
Qwen/Qwen3-8B,cnndm,11,21,2048,0.001285
Qwen/Qwen3-8B,cnndm,11,22,128,0.031605
Qwen/Qwen3-8B,cnndm,11,22,512,0.011857
Qwen/Qwen3-8B,cnndm,11,22,2048,0.000774
Qwen/Qwen3-8B,cnndm,11,23,128,0.025864
Qwen/Qwen3-8B,cnndm,11,23,512,0.010985
Qwen/Qwen3-8B,cnndm,11,23,2048,0.000730
Qwen/Qwen3-8B,cnndm,11,24,128,0.155316
Qwen/Qwen3-8B,cnndm,11,24,512,0.063072
Qwen/Qwen3-8B,cnndm,11,24,2048,0.011718
Qwen/Qwen3-8B,cnndm,11,25,128,0.084021
Qwen/Qwen3-8B,cnndm,11,25,512,0.041003
Qwen/Qwen3-8B,cnndm,11,25,2048,0.005843
Qwen/Qwen3-8B,cnndm,11,26,128,0.137635
Qwen/Qwen3-8B,cnndm,11,26,512,0.048714
Qwen/Qwen3-8B,cnndm,11,26,2048,0.005351
Qwen/Qwen3-8B,cnndm,11,27,128,0.140231
Qwen/Qwen3-8B,cnndm,11,27,512,0.061396
Qwen/Qwen3-8B,cnndm,11,27,2048,0.009828
Qwen/Qwen3-8B,cnndm,11,28,128,0.094003
Qwen/Qwen3-8B,cnndm,11,28,512,0.040704
Qwen/Qwen3-8B,cnndm,11,28,2048,0.003436
Qwen/Qwen3-8B,cnndm,11,29,128,0.128685
Qwen/Qwen3-8B,cnndm,11,29,512,0.039895
Qwen/Qwen3-8B,cnndm,11,29,2048,0.002179
Qwen/Qwen3-8B,cnndm,11,30,128,0.027505
Qwen/Qwen3-8B,cnndm,11,30,512,0.013083
Qwen/Qwen3-8B,cnndm,11,30,2048,0.001111
Qwen/Qwen3-8B,cnndm,11,31,128,0.061943
Qwen/Qwen3-8B,cnndm,11,31,512,0.021837
Qwen/Qwen3-8B,cnndm,11,31,2048,0.003473
Qwen/Qwen3-8B,cnndm,12,0,128,0.032210
Qwen/Qwen3-8B,cnndm,12,0,512,0.021299
Qwen/Qwen3-8B,cnndm,12,0,2048,0.003016
Qwen/Qwen3-8B,cnndm,12,1,128,0.063052
Qwen/Qwen3-8B,cnndm,12,1,512,0.029225
Qwen/Qwen3-8B,cnndm,12,1,2048,0.003850
Qwen/Qwen3-8B,cnndm,12,2,128,0.025436
Qwen/Qwen3-8B,cnndm,12,2,512,0.017239
Qwen/Qwen3-8B,cnndm,12,2,2048,0.002184
Qwen/Qwen3-8B,cnndm,12,3,128,0.424554
Qwen/Qwen3-8B,cnndm,12,3,512,0.236204
Qwen/Qwen3-8B,cnndm,12,3,2048,0.060798
Qwen/Qwen3-8B,cnndm,12,4,128,0.112424
Qwen/Qwen3-8B,cnndm,12,4,512,0.048261
Qwen/Qwen3-8B,cnndm,12,4,2048,0.007697
Qwen/Qwen3-8B,cnndm,12,5,128,0.064914
Qwen/Qwen3-8B,cnndm,12,5,512,0.028460
Qwen/Qwen3-8B,cnndm,12,5,2048,0.004051
Qwen/Qwen3-8B,cnndm,12,6,128,0.065761
Qwen/Qwen3-8B,cnndm,12,6,512,0.028529
Qwen/Qwen3-8B,cnndm,12,6,2048,0.003557
Qwen/Qwen3-8B,cnndm,12,7,128,0.102226
Qwen/Qwen3-8B,cnndm,12,7,512,0.045093
Qwen/Qwen3-8B,cnndm,12,7,2048,0.006081
Qwen/Qwen3-8B,cnndm,12,8,128,0.122327
Qwen/Qwen3-8B,cnndm,12,8,512,0.056032
Qwen/Qwen3-8B,cnndm,12,8,2048,0.011265
Qwen/Qwen3-8B,cnndm,12,9,128,0.131880
Qwen/Qwen3-8B,cnndm,12,9,512,0.055758
Qwen/Qwen3-8B,cnndm,12,9,2048,0.014980
Qwen/Qwen3-8B,cnndm,12,10,128,0.183944
Qwen/Qwen3-8B,cnndm,12,10,512,0.070785
Qwen/Qwen3-8B,cnndm,12,10,2048,0.012900
Qwen/Qwen3-8B,cnndm,12,11,128,0.070781
Qwen/Qwen3-8B,cnndm,12,11,512,0.029333
Qwen/Qwen3-8B,cnndm,12,11,2048,0.006822
Qwen/Qwen3-8B,cnndm,12,12,128,0.140422
Qwen/Qwen3-8B,cnndm,12,12,512,0.055675
Qwen/Qwen3-8B,cnndm,12,12,2048,0.008640
Qwen/Qwen3-8B,cnndm,12,13,128,0.139383
Qwen/Qwen3-8B,cnndm,12,13,512,0.064811
Qwen/Qwen3-8B,cnndm,12,13,2048,0.012510
Qwen/Qwen3-8B,cnndm,12,14,128,0.114147
Qwen/Qwen3-8B,cnndm,12,14,512,0.053327
Qwen/Qwen3-8B,cnndm,12,14,2048,0.009210
Qwen/Qwen3-8B,cnndm,12,15,128,0.086019
Qwen/Qwen3-8B,cnndm,12,15,512,0.037148
Qwen/Qwen3-8B,cnndm,12,15,2048,0.006827
Qwen/Qwen3-8B,cnndm,12,16,128,0.061530
Qwen/Qwen3-8B,cnndm,12,16,512,0.024222
Qwen/Qwen3-8B,cnndm,12,16,2048,0.003030
Qwen/Qwen3-8B,cnndm,12,17,128,0.568463
Qwen/Qwen3-8B,cnndm,12,17,512,0.242242
Qwen/Qwen3-8B,cnndm,12,17,2048,0.033744
Qwen/Qwen3-8B,cnndm,12,18,128,0.640657
Qwen/Qwen3-8B,cnndm,12,18,512,0.385271
Qwen/Qwen3-8B,cnndm,12,18,2048,0.130136
Qwen/Qwen3-8B,cnndm,12,19,128,0.270708
Qwen/Qwen3-8B,cnndm,12,19,512,0.151501
Qwen/Qwen3-8B,cnndm,12,19,2048,0.043174
Qwen/Qwen3-8B,cnndm,12,20,128,0.347174
Qwen/Qwen3-8B,cnndm,12,20,512,0.192609
Qwen/Qwen3-8B,cnndm,12,20,2048,0.045333
Qwen/Qwen3-8B,cnndm,12,21,128,0.163045
Qwen/Qwen3-8B,cnndm,12,21,512,0.085208
Qwen/Qwen3-8B,cnndm,12,21,2048,0.018020
Qwen/Qwen3-8B,cnndm,12,22,128,0.239638
Qwen/Qwen3-8B,cnndm,12,22,512,0.105100
Qwen/Qwen3-8B,cnndm,12,22,2048,0.019727
Qwen/Qwen3-8B,cnndm,12,23,128,0.333128
Qwen/Qwen3-8B,cnndm,12,23,512,0.186504
Qwen/Qwen3-8B,cnndm,12,23,2048,0.046569
Qwen/Qwen3-8B,cnndm,12,24,128,0.356209
Qwen/Qwen3-8B,cnndm,12,24,512,0.224845
Qwen/Qwen3-8B,cnndm,12,24,2048,0.066692
Qwen/Qwen3-8B,cnndm,12,25,128,0.012832
Qwen/Qwen3-8B,cnndm,12,25,512,0.006539
Qwen/Qwen3-8B,cnndm,12,25,2048,0.001982
Qwen/Qwen3-8B,cnndm,12,26,128,0.302544
Qwen/Qwen3-8B,cnndm,12,26,512,0.174981
Qwen/Qwen3-8B,cnndm,12,26,2048,0.047957
Qwen/Qwen3-8B,cnndm,12,27,128,0.108449
Qwen/Qwen3-8B,cnndm,12,27,512,0.040056
Qwen/Qwen3-8B,cnndm,12,27,2048,0.007505
Qwen/Qwen3-8B,cnndm,12,28,128,0.195538
Qwen/Qwen3-8B,cnndm,12,28,512,0.093287
Qwen/Qwen3-8B,cnndm,12,28,2048,0.020155
Qwen/Qwen3-8B,cnndm,12,29,128,0.067087
Qwen/Qwen3-8B,cnndm,12,29,512,0.035571
Qwen/Qwen3-8B,cnndm,12,29,2048,0.013071
Qwen/Qwen3-8B,cnndm,12,30,128,0.217402
Qwen/Qwen3-8B,cnndm,12,30,512,0.128720
Qwen/Qwen3-8B,cnndm,12,30,2048,0.039544
Qwen/Qwen3-8B,cnndm,12,31,128,0.078539
Qwen/Qwen3-8B,cnndm,12,31,512,0.038561
Qwen/Qwen3-8B,cnndm,12,31,2048,0.014004
Qwen/Qwen3-8B,cnndm,13,0,128,0.314428
Qwen/Qwen3-8B,cnndm,13,0,512,0.145273
Qwen/Qwen3-8B,cnndm,13,0,2048,0.035439
Qwen/Qwen3-8B,cnndm,13,1,128,0.293671
Qwen/Qwen3-8B,cnndm,13,1,512,0.113855
Qwen/Qwen3-8B,cnndm,13,1,2048,0.023451
Qwen/Qwen3-8B,cnndm,13,2,128,0.308951
Qwen/Qwen3-8B,cnndm,13,2,512,0.144703
Qwen/Qwen3-8B,cnndm,13,2,2048,0.043484
Qwen/Qwen3-8B,cnndm,13,3,128,0.408128
Qwen/Qwen3-8B,cnndm,13,3,512,0.197763
Qwen/Qwen3-8B,cnndm,13,3,2048,0.050640
Qwen/Qwen3-8B,cnndm,13,4,128,0.035459
Qwen/Qwen3-8B,cnndm,13,4,512,0.024205
Qwen/Qwen3-8B,cnndm,13,4,2048,0.008427
Qwen/Qwen3-8B,cnndm,13,5,128,0.049848
Qwen/Qwen3-8B,cnndm,13,5,512,0.035185
Qwen/Qwen3-8B,cnndm,13,5,2048,0.010826
Qwen/Qwen3-8B,cnndm,13,6,128,0.046311
Qwen/Qwen3-8B,cnndm,13,6,512,0.033686
Qwen/Qwen3-8B,cnndm,13,6,2048,0.012899
Qwen/Qwen3-8B,cnndm,13,7,128,0.033723
Qwen/Qwen3-8B,cnndm,13,7,512,0.024766
Qwen/Qwen3-8B,cnndm,13,7,2048,0.008934
Qwen/Qwen3-8B,cnndm,13,8,128,0.201097
Qwen/Qwen3-8B,cnndm,13,8,512,0.088473
Qwen/Qwen3-8B,cnndm,13,8,2048,0.024785
Qwen/Qwen3-8B,cnndm,13,9,128,0.127582
Qwen/Qwen3-8B,cnndm,13,9,512,0.035090
Qwen/Qwen3-8B,cnndm,13,9,2048,0.010812
Qwen/Qwen3-8B,cnndm,13,10,128,0.448801
Qwen/Qwen3-8B,cnndm,13,10,512,0.182858
Qwen/Qwen3-8B,cnndm,13,10,2048,0.035222
Qwen/Qwen3-8B,cnndm,13,11,128,0.186244
Qwen/Qwen3-8B,cnndm,13,11,512,0.164131
Qwen/Qwen3-8B,cnndm,13,11,2048,0.090200
Qwen/Qwen3-8B,cnndm,13,12,128,0.000273
Qwen/Qwen3-8B,cnndm,13,12,512,0.000250
Qwen/Qwen3-8B,cnndm,13,12,2048,0.000170
Qwen/Qwen3-8B,cnndm,13,13,128,0.174593
Qwen/Qwen3-8B,cnndm,13,13,512,0.092274
Qwen/Qwen3-8B,cnndm,13,13,2048,0.028393
Qwen/Qwen3-8B,cnndm,13,14,128,0.136025
Qwen/Qwen3-8B,cnndm,13,14,512,0.059250
Qwen/Qwen3-8B,cnndm,13,14,2048,0.015778
Qwen/Qwen3-8B,cnndm,13,15,128,0.052356
Qwen/Qwen3-8B,cnndm,13,15,512,0.036881
Qwen/Qwen3-8B,cnndm,13,15,2048,0.016032
Qwen/Qwen3-8B,cnndm,13,16,128,0.375882
Qwen/Qwen3-8B,cnndm,13,16,512,0.183969
Qwen/Qwen3-8B,cnndm,13,16,2048,0.050802
Qwen/Qwen3-8B,cnndm,13,17,128,0.225836
Qwen/Qwen3-8B,cnndm,13,17,512,0.086948
Qwen/Qwen3-8B,cnndm,13,17,2048,0.020498
Qwen/Qwen3-8B,cnndm,13,18,128,0.338631
Qwen/Qwen3-8B,cnndm,13,18,512,0.143387
Qwen/Qwen3-8B,cnndm,13,18,2048,0.030134
Qwen/Qwen3-8B,cnndm,13,19,128,0.270595
Qwen/Qwen3-8B,cnndm,13,19,512,0.106135
Qwen/Qwen3-8B,cnndm,13,19,2048,0.023574
Qwen/Qwen3-8B,cnndm,13,20,128,0.010578
Qwen/Qwen3-8B,cnndm,13,20,512,0.005388
Qwen/Qwen3-8B,cnndm,13,20,2048,0.001292
Qwen/Qwen3-8B,cnndm,13,21,128,0.023821
Qwen/Qwen3-8B,cnndm,13,21,512,0.012230
Qwen/Qwen3-8B,cnndm,13,21,2048,0.001984
Qwen/Qwen3-8B,cnndm,13,22,128,0.110442
Qwen/Qwen3-8B,cnndm,13,22,512,0.037157
Qwen/Qwen3-8B,cnndm,13,22,2048,0.004735
Qwen/Qwen3-8B,cnndm,13,23,128,0.040168
Qwen/Qwen3-8B,cnndm,13,23,512,0.020036
Qwen/Qwen3-8B,cnndm,13,23,2048,0.003159
Qwen/Qwen3-8B,cnndm,13,24,128,0.049601
Qwen/Qwen3-8B,cnndm,13,24,512,0.026807
Qwen/Qwen3-8B,cnndm,13,24,2048,0.007689
Qwen/Qwen3-8B,cnndm,13,25,128,0.038889
Qwen/Qwen3-8B,cnndm,13,25,512,0.027089
Qwen/Qwen3-8B,cnndm,13,25,2048,0.009452
Qwen/Qwen3-8B,cnndm,13,26,128,0.272076
Qwen/Qwen3-8B,cnndm,13,26,512,0.129973
Qwen/Qwen3-8B,cnndm,13,26,2048,0.028835
Qwen/Qwen3-8B,cnndm,13,27,128,0.306285
Qwen/Qwen3-8B,cnndm,13,27,512,0.120653
Qwen/Qwen3-8B,cnndm,13,27,2048,0.024493
Qwen/Qwen3-8B,cnndm,13,28,128,0.275818
Qwen/Qwen3-8B,cnndm,13,28,512,0.181830
Qwen/Qwen3-8B,cnndm,13,28,2048,0.049805
Qwen/Qwen3-8B,cnndm,13,29,128,0.154800
Qwen/Qwen3-8B,cnndm,13,29,512,0.091707
Qwen/Qwen3-8B,cnndm,13,29,2048,0.029117
Qwen/Qwen3-8B,cnndm,13,30,128,0.050380
Qwen/Qwen3-8B,cnndm,13,30,512,0.018078
Qwen/Qwen3-8B,cnndm,13,30,2048,0.003532
Qwen/Qwen3-8B,cnndm,13,31,128,0.295304
Qwen/Qwen3-8B,cnndm,13,31,512,0.153685
Qwen/Qwen3-8B,cnndm,13,31,2048,0.033541
Qwen/Qwen3-8B,cnndm,14,0,128,0.015752
Qwen/Qwen3-8B,cnndm,14,0,512,0.006755
Qwen/Qwen3-8B,cnndm,14,0,2048,0.000164
Qwen/Qwen3-8B,cnndm,14,1,128,0.031047
Qwen/Qwen3-8B,cnndm,14,1,512,0.014169
Qwen/Qwen3-8B,cnndm,14,1,2048,0.000331
Qwen/Qwen3-8B,cnndm,14,2,128,0.031184
Qwen/Qwen3-8B,cnndm,14,2,512,0.017689
Qwen/Qwen3-8B,cnndm,14,2,2048,0.000618
Qwen/Qwen3-8B,cnndm,14,3,128,0.026434
Qwen/Qwen3-8B,cnndm,14,3,512,0.013564
Qwen/Qwen3-8B,cnndm,14,3,2048,0.000954
Qwen/Qwen3-8B,cnndm,14,4,128,0.243875
Qwen/Qwen3-8B,cnndm,14,4,512,0.109873
Qwen/Qwen3-8B,cnndm,14,4,2048,0.028189
Qwen/Qwen3-8B,cnndm,14,5,128,0.251557
Qwen/Qwen3-8B,cnndm,14,5,512,0.118597
Qwen/Qwen3-8B,cnndm,14,5,2048,0.034360
Qwen/Qwen3-8B,cnndm,14,6,128,0.267878
Qwen/Qwen3-8B,cnndm,14,6,512,0.109381
Qwen/Qwen3-8B,cnndm,14,6,2048,0.033797
Qwen/Qwen3-8B,cnndm,14,7,128,0.172302
Qwen/Qwen3-8B,cnndm,14,7,512,0.070707
Qwen/Qwen3-8B,cnndm,14,7,2048,0.019321
Qwen/Qwen3-8B,cnndm,14,8,128,0.084404
Qwen/Qwen3-8B,cnndm,14,8,512,0.029725
Qwen/Qwen3-8B,cnndm,14,8,2048,0.002029
Qwen/Qwen3-8B,cnndm,14,9,128,0.080750
Qwen/Qwen3-8B,cnndm,14,9,512,0.030442
Qwen/Qwen3-8B,cnndm,14,9,2048,0.001969
Qwen/Qwen3-8B,cnndm,14,10,128,0.079752
Qwen/Qwen3-8B,cnndm,14,10,512,0.029843
Qwen/Qwen3-8B,cnndm,14,10,2048,0.002490
Qwen/Qwen3-8B,cnndm,14,11,128,0.062948
Qwen/Qwen3-8B,cnndm,14,11,512,0.024720
Qwen/Qwen3-8B,cnndm,14,11,2048,0.002138
Qwen/Qwen3-8B,cnndm,14,12,128,0.219356
Qwen/Qwen3-8B,cnndm,14,12,512,0.109014
Qwen/Qwen3-8B,cnndm,14,12,2048,0.030845
Qwen/Qwen3-8B,cnndm,14,13,128,0.368920
Qwen/Qwen3-8B,cnndm,14,13,512,0.181121
Qwen/Qwen3-8B,cnndm,14,13,2048,0.048839
Qwen/Qwen3-8B,cnndm,14,14,128,0.298384
Qwen/Qwen3-8B,cnndm,14,14,512,0.144922
Qwen/Qwen3-8B,cnndm,14,14,2048,0.039917
Qwen/Qwen3-8B,cnndm,14,15,128,0.384175
Qwen/Qwen3-8B,cnndm,14,15,512,0.170929
Qwen/Qwen3-8B,cnndm,14,15,2048,0.039626
Qwen/Qwen3-8B,cnndm,14,16,128,0.143952
Qwen/Qwen3-8B,cnndm,14,16,512,0.054222
Qwen/Qwen3-8B,cnndm,14,16,2048,0.014399
Qwen/Qwen3-8B,cnndm,14,17,128,0.593941
Qwen/Qwen3-8B,cnndm,14,17,512,0.325268
Qwen/Qwen3-8B,cnndm,14,17,2048,0.063044
Qwen/Qwen3-8B,cnndm,14,18,128,0.135323
Qwen/Qwen3-8B,cnndm,14,18,512,0.036256
Qwen/Qwen3-8B,cnndm,14,18,2048,0.006786
Qwen/Qwen3-8B,cnndm,14,19,128,0.149438
Qwen/Qwen3-8B,cnndm,14,19,512,0.043410
Qwen/Qwen3-8B,cnndm,14,19,2048,0.008715
Qwen/Qwen3-8B,cnndm,14,20,128,0.027626
Qwen/Qwen3-8B,cnndm,14,20,512,0.012144
Qwen/Qwen3-8B,cnndm,14,20,2048,0.001807
Qwen/Qwen3-8B,cnndm,14,21,128,0.033581
Qwen/Qwen3-8B,cnndm,14,21,512,0.015405
Qwen/Qwen3-8B,cnndm,14,21,2048,0.002777
Qwen/Qwen3-8B,cnndm,14,22,128,0.023206
Qwen/Qwen3-8B,cnndm,14,22,512,0.016469
Qwen/Qwen3-8B,cnndm,14,22,2048,0.001173
Qwen/Qwen3-8B,cnndm,14,23,128,0.029592
Qwen/Qwen3-8B,cnndm,14,23,512,0.016199
Qwen/Qwen3-8B,cnndm,14,23,2048,0.001573
Qwen/Qwen3-8B,cnndm,14,24,128,0.197188
Qwen/Qwen3-8B,cnndm,14,24,512,0.095522
Qwen/Qwen3-8B,cnndm,14,24,2048,0.019443
Qwen/Qwen3-8B,cnndm,14,25,128,0.252084
Qwen/Qwen3-8B,cnndm,14,25,512,0.123056
Qwen/Qwen3-8B,cnndm,14,25,2048,0.024817
Qwen/Qwen3-8B,cnndm,14,26,128,0.046682
Qwen/Qwen3-8B,cnndm,14,26,512,0.025122
Qwen/Qwen3-8B,cnndm,14,26,2048,0.003845
Qwen/Qwen3-8B,cnndm,14,27,128,0.209051
Qwen/Qwen3-8B,cnndm,14,27,512,0.090591
Qwen/Qwen3-8B,cnndm,14,27,2048,0.023562
Qwen/Qwen3-8B,cnndm,14,28,128,0.045049
Qwen/Qwen3-8B,cnndm,14,28,512,0.027297
Qwen/Qwen3-8B,cnndm,14,28,2048,0.005640
Qwen/Qwen3-8B,cnndm,14,29,128,0.051187
Qwen/Qwen3-8B,cnndm,14,29,512,0.030667
Qwen/Qwen3-8B,cnndm,14,29,2048,0.005538
Qwen/Qwen3-8B,cnndm,14,30,128,0.042553
Qwen/Qwen3-8B,cnndm,14,30,512,0.029549
Qwen/Qwen3-8B,cnndm,14,30,2048,0.007949
Qwen/Qwen3-8B,cnndm,14,31,128,0.113431
Qwen/Qwen3-8B,cnndm,14,31,512,0.048790
Qwen/Qwen3-8B,cnndm,14,31,2048,0.008105
Qwen/Qwen3-8B,cnndm,15,0,128,0.552987
Qwen/Qwen3-8B,cnndm,15,0,512,0.276516
Qwen/Qwen3-8B,cnndm,15,0,2048,0.062629
Qwen/Qwen3-8B,cnndm,15,1,128,0.142485
Qwen/Qwen3-8B,cnndm,15,1,512,0.063323
Qwen/Qwen3-8B,cnndm,15,1,2048,0.020797
Qwen/Qwen3-8B,cnndm,15,2,128,0.559796
Qwen/Qwen3-8B,cnndm,15,2,512,0.259353
Qwen/Qwen3-8B,cnndm,15,2,2048,0.056976
Qwen/Qwen3-8B,cnndm,15,3,128,0.129177
Qwen/Qwen3-8B,cnndm,15,3,512,0.051121
Qwen/Qwen3-8B,cnndm,15,3,2048,0.015097
Qwen/Qwen3-8B,cnndm,15,4,128,0.197260
Qwen/Qwen3-8B,cnndm,15,4,512,0.088835
Qwen/Qwen3-8B,cnndm,15,4,2048,0.023143
Qwen/Qwen3-8B,cnndm,15,5,128,0.140205
Qwen/Qwen3-8B,cnndm,15,5,512,0.063009
Qwen/Qwen3-8B,cnndm,15,5,2048,0.014299
Qwen/Qwen3-8B,cnndm,15,6,128,0.077416
Qwen/Qwen3-8B,cnndm,15,6,512,0.037183
Qwen/Qwen3-8B,cnndm,15,6,2048,0.010417
Qwen/Qwen3-8B,cnndm,15,7,128,0.137882
Qwen/Qwen3-8B,cnndm,15,7,512,0.053611
Qwen/Qwen3-8B,cnndm,15,7,2048,0.016154
Qwen/Qwen3-8B,cnndm,15,8,128,0.513488
Qwen/Qwen3-8B,cnndm,15,8,512,0.281210
Qwen/Qwen3-8B,cnndm,15,8,2048,0.086875
Qwen/Qwen3-8B,cnndm,15,9,128,0.399521
Qwen/Qwen3-8B,cnndm,15,9,512,0.171581
Qwen/Qwen3-8B,cnndm,15,9,2048,0.045032
Qwen/Qwen3-8B,cnndm,15,10,128,0.186539
Qwen/Qwen3-8B,cnndm,15,10,512,0.105480
Qwen/Qwen3-8B,cnndm,15,10,2048,0.028495
Qwen/Qwen3-8B,cnndm,15,11,128,0.403219
Qwen/Qwen3-8B,cnndm,15,11,512,0.258477
Qwen/Qwen3-8B,cnndm,15,11,2048,0.086416
Qwen/Qwen3-8B,cnndm,15,12,128,0.150434
Qwen/Qwen3-8B,cnndm,15,12,512,0.051129
Qwen/Qwen3-8B,cnndm,15,12,2048,0.008997
Qwen/Qwen3-8B,cnndm,15,13,128,0.166402
Qwen/Qwen3-8B,cnndm,15,13,512,0.078196
Qwen/Qwen3-8B,cnndm,15,13,2048,0.029020
Qwen/Qwen3-8B,cnndm,15,14,128,0.072482
Qwen/Qwen3-8B,cnndm,15,14,512,0.034143
Qwen/Qwen3-8B,cnndm,15,14,2048,0.008861
Qwen/Qwen3-8B,cnndm,15,15,128,0.256992
Qwen/Qwen3-8B,cnndm,15,15,512,0.107610
Qwen/Qwen3-8B,cnndm,15,15,2048,0.022002
Qwen/Qwen3-8B,cnndm,15,16,128,0.268013
Qwen/Qwen3-8B,cnndm,15,16,512,0.113394
Qwen/Qwen3-8B,cnndm,15,16,2048,0.023513
Qwen/Qwen3-8B,cnndm,15,17,128,0.269948
Qwen/Qwen3-8B,cnndm,15,17,512,0.092981
Qwen/Qwen3-8B,cnndm,15,17,2048,0.011180
Qwen/Qwen3-8B,cnndm,15,18,128,0.056233
Qwen/Qwen3-8B,cnndm,15,18,512,0.022323
Qwen/Qwen3-8B,cnndm,15,18,2048,0.003773
Qwen/Qwen3-8B,cnndm,15,19,128,0.215463
Qwen/Qwen3-8B,cnndm,15,19,512,0.078352
Qwen/Qwen3-8B,cnndm,15,19,2048,0.010770
Qwen/Qwen3-8B,cnndm,15,20,128,0.054790
Qwen/Qwen3-8B,cnndm,15,20,512,0.035972
Qwen/Qwen3-8B,cnndm,15,20,2048,0.005681
Qwen/Qwen3-8B,cnndm,15,21,128,0.037361
Qwen/Qwen3-8B,cnndm,15,21,512,0.028415
Qwen/Qwen3-8B,cnndm,15,21,2048,0.006449
Qwen/Qwen3-8B,cnndm,15,22,128,0.021606
Qwen/Qwen3-8B,cnndm,15,22,512,0.014036
Qwen/Qwen3-8B,cnndm,15,22,2048,0.003419
Qwen/Qwen3-8B,cnndm,15,23,128,0.024984
Qwen/Qwen3-8B,cnndm,15,23,512,0.016967
Qwen/Qwen3-8B,cnndm,15,23,2048,0.002883
Qwen/Qwen3-8B,cnndm,15,24,128,0.321168
Qwen/Qwen3-8B,cnndm,15,24,512,0.098083
Qwen/Qwen3-8B,cnndm,15,24,2048,0.008293
Qwen/Qwen3-8B,cnndm,15,25,128,0.039159
Qwen/Qwen3-8B,cnndm,15,25,512,0.014498
Qwen/Qwen3-8B,cnndm,15,25,2048,0.004609
Qwen/Qwen3-8B,cnndm,15,26,128,0.035290
Qwen/Qwen3-8B,cnndm,15,26,512,0.019564
Qwen/Qwen3-8B,cnndm,15,26,2048,0.006059
Qwen/Qwen3-8B,cnndm,15,27,128,0.020390
Qwen/Qwen3-8B,cnndm,15,27,512,0.009682
Qwen/Qwen3-8B,cnndm,15,27,2048,0.002629
Qwen/Qwen3-8B,cnndm,15,28,128,0.037528
Qwen/Qwen3-8B,cnndm,15,28,512,0.023524
Qwen/Qwen3-8B,cnndm,15,28,2048,0.006295
Qwen/Qwen3-8B,cnndm,15,29,128,0.373309
Qwen/Qwen3-8B,cnndm,15,29,512,0.158784
Qwen/Qwen3-8B,cnndm,15,29,2048,0.029216
Qwen/Qwen3-8B,cnndm,15,30,128,0.094287
Qwen/Qwen3-8B,cnndm,15,30,512,0.039890
Qwen/Qwen3-8B,cnndm,15,30,2048,0.008984
Qwen/Qwen3-8B,cnndm,15,31,128,0.064398
Qwen/Qwen3-8B,cnndm,15,31,512,0.027389
Qwen/Qwen3-8B,cnndm,15,31,2048,0.007564
Qwen/Qwen3-8B,cnndm,16,0,128,0.262738
Qwen/Qwen3-8B,cnndm,16,0,512,0.097992
Qwen/Qwen3-8B,cnndm,16,0,2048,0.023365
Qwen/Qwen3-8B,cnndm,16,1,128,0.289864
Qwen/Qwen3-8B,cnndm,16,1,512,0.129668
Qwen/Qwen3-8B,cnndm,16,1,2048,0.035819
Qwen/Qwen3-8B,cnndm,16,2,128,0.154467
Qwen/Qwen3-8B,cnndm,16,2,512,0.063562
Qwen/Qwen3-8B,cnndm,16,2,2048,0.018826
Qwen/Qwen3-8B,cnndm,16,3,128,0.157048
Qwen/Qwen3-8B,cnndm,16,3,512,0.063113
Qwen/Qwen3-8B,cnndm,16,3,2048,0.015502
Qwen/Qwen3-8B,cnndm,16,4,128,0.077798
Qwen/Qwen3-8B,cnndm,16,4,512,0.034708
Qwen/Qwen3-8B,cnndm,16,4,2048,0.009408
Qwen/Qwen3-8B,cnndm,16,5,128,0.112441
Qwen/Qwen3-8B,cnndm,16,5,512,0.049554
Qwen/Qwen3-8B,cnndm,16,5,2048,0.014457
Qwen/Qwen3-8B,cnndm,16,6,128,0.117807
Qwen/Qwen3-8B,cnndm,16,6,512,0.053334
Qwen/Qwen3-8B,cnndm,16,6,2048,0.015524
Qwen/Qwen3-8B,cnndm,16,7,128,0.233898
Qwen/Qwen3-8B,cnndm,16,7,512,0.093638
Qwen/Qwen3-8B,cnndm,16,7,2048,0.022539
Qwen/Qwen3-8B,cnndm,16,8,128,0.035340
Qwen/Qwen3-8B,cnndm,16,8,512,0.012831
Qwen/Qwen3-8B,cnndm,16,8,2048,0.004617
Qwen/Qwen3-8B,cnndm,16,9,128,0.101404
Qwen/Qwen3-8B,cnndm,16,9,512,0.028346
Qwen/Qwen3-8B,cnndm,16,9,2048,0.004530
Qwen/Qwen3-8B,cnndm,16,10,128,0.180173
Qwen/Qwen3-8B,cnndm,16,10,512,0.060914
Qwen/Qwen3-8B,cnndm,16,10,2048,0.007205
Qwen/Qwen3-8B,cnndm,16,11,128,0.023279
Qwen/Qwen3-8B,cnndm,16,11,512,0.014192
Qwen/Qwen3-8B,cnndm,16,11,2048,0.006989
Qwen/Qwen3-8B,cnndm,16,12,128,0.236845
Qwen/Qwen3-8B,cnndm,16,12,512,0.114699
Qwen/Qwen3-8B,cnndm,16,12,2048,0.029978
Qwen/Qwen3-8B,cnndm,16,13,128,0.209566
Qwen/Qwen3-8B,cnndm,16,13,512,0.098698
Qwen/Qwen3-8B,cnndm,16,13,2048,0.024340
Qwen/Qwen3-8B,cnndm,16,14,128,0.114962
Qwen/Qwen3-8B,cnndm,16,14,512,0.045858
Qwen/Qwen3-8B,cnndm,16,14,2048,0.013026
Qwen/Qwen3-8B,cnndm,16,15,128,0.308901
Qwen/Qwen3-8B,cnndm,16,15,512,0.165159
Qwen/Qwen3-8B,cnndm,16,15,2048,0.044991
Qwen/Qwen3-8B,cnndm,16,16,128,0.209862
Qwen/Qwen3-8B,cnndm,16,16,512,0.085395
Qwen/Qwen3-8B,cnndm,16,16,2048,0.020594
Qwen/Qwen3-8B,cnndm,16,17,128,0.181819
Qwen/Qwen3-8B,cnndm,16,17,512,0.071928
Qwen/Qwen3-8B,cnndm,16,17,2048,0.018352
Qwen/Qwen3-8B,cnndm,16,18,128,0.207773
Qwen/Qwen3-8B,cnndm,16,18,512,0.081755
Qwen/Qwen3-8B,cnndm,16,18,2048,0.020207
Qwen/Qwen3-8B,cnndm,16,19,128,0.188948
Qwen/Qwen3-8B,cnndm,16,19,512,0.072181
Qwen/Qwen3-8B,cnndm,16,19,2048,0.019029
Qwen/Qwen3-8B,cnndm,16,20,128,0.156160
Qwen/Qwen3-8B,cnndm,16,20,512,0.099648
Qwen/Qwen3-8B,cnndm,16,20,2048,0.033970
Qwen/Qwen3-8B,cnndm,16,21,128,0.081549
Qwen/Qwen3-8B,cnndm,16,21,512,0.050566
Qwen/Qwen3-8B,cnndm,16,21,2048,0.018052
Qwen/Qwen3-8B,cnndm,16,22,128,0.154028
Qwen/Qwen3-8B,cnndm,16,22,512,0.074992
Qwen/Qwen3-8B,cnndm,16,22,2048,0.021517
Qwen/Qwen3-8B,cnndm,16,23,128,0.155251
Qwen/Qwen3-8B,cnndm,16,23,512,0.069056
Qwen/Qwen3-8B,cnndm,16,23,2048,0.020348
Qwen/Qwen3-8B,cnndm,16,24,128,0.430471
Qwen/Qwen3-8B,cnndm,16,24,512,0.209688
Qwen/Qwen3-8B,cnndm,16,24,2048,0.055205
Qwen/Qwen3-8B,cnndm,16,25,128,0.123840
Qwen/Qwen3-8B,cnndm,16,25,512,0.046327
Qwen/Qwen3-8B,cnndm,16,25,2048,0.012401
Qwen/Qwen3-8B,cnndm,16,26,128,0.441761
Qwen/Qwen3-8B,cnndm,16,26,512,0.177374
Qwen/Qwen3-8B,cnndm,16,26,2048,0.035046
Qwen/Qwen3-8B,cnndm,16,27,128,0.037734
Qwen/Qwen3-8B,cnndm,16,27,512,0.027025
Qwen/Qwen3-8B,cnndm,16,27,2048,0.012189
Qwen/Qwen3-8B,cnndm,16,28,128,0.271298
Qwen/Qwen3-8B,cnndm,16,28,512,0.104231
Qwen/Qwen3-8B,cnndm,16,28,2048,0.024954
Qwen/Qwen3-8B,cnndm,16,29,128,0.223619
Qwen/Qwen3-8B,cnndm,16,29,512,0.083614
Qwen/Qwen3-8B,cnndm,16,29,2048,0.021222
Qwen/Qwen3-8B,cnndm,16,30,128,0.218443
Qwen/Qwen3-8B,cnndm,16,30,512,0.088677
Qwen/Qwen3-8B,cnndm,16,30,2048,0.021419
Qwen/Qwen3-8B,cnndm,16,31,128,0.236169
Qwen/Qwen3-8B,cnndm,16,31,512,0.085025
Qwen/Qwen3-8B,cnndm,16,31,2048,0.020386
Qwen/Qwen3-8B,cnndm,17,0,128,0.271370
Qwen/Qwen3-8B,cnndm,17,0,512,0.186529
Qwen/Qwen3-8B,cnndm,17,0,2048,0.061207
Qwen/Qwen3-8B,cnndm,17,1,128,0.222784
Qwen/Qwen3-8B,cnndm,17,1,512,0.115106
Qwen/Qwen3-8B,cnndm,17,1,2048,0.034833
Qwen/Qwen3-8B,cnndm,17,2,128,0.187096
Qwen/Qwen3-8B,cnndm,17,2,512,0.081428
Qwen/Qwen3-8B,cnndm,17,2,2048,0.020803
Qwen/Qwen3-8B,cnndm,17,3,128,0.144600
Qwen/Qwen3-8B,cnndm,17,3,512,0.072193
Qwen/Qwen3-8B,cnndm,17,3,2048,0.025901
Qwen/Qwen3-8B,cnndm,17,4,128,0.371166
Qwen/Qwen3-8B,cnndm,17,4,512,0.142888
Qwen/Qwen3-8B,cnndm,17,4,2048,0.033472
Qwen/Qwen3-8B,cnndm,17,5,128,0.276614
Qwen/Qwen3-8B,cnndm,17,5,512,0.106384
Qwen/Qwen3-8B,cnndm,17,5,2048,0.026675
Qwen/Qwen3-8B,cnndm,17,6,128,0.145275
Qwen/Qwen3-8B,cnndm,17,6,512,0.046337
Qwen/Qwen3-8B,cnndm,17,6,2048,0.013040
Qwen/Qwen3-8B,cnndm,17,7,128,0.355156
Qwen/Qwen3-8B,cnndm,17,7,512,0.151615
Qwen/Qwen3-8B,cnndm,17,7,2048,0.039521
Qwen/Qwen3-8B,cnndm,17,8,128,0.455290
Qwen/Qwen3-8B,cnndm,17,8,512,0.288747
Qwen/Qwen3-8B,cnndm,17,8,2048,0.077126
Qwen/Qwen3-8B,cnndm,17,9,128,0.250552
Qwen/Qwen3-8B,cnndm,17,9,512,0.173693
Qwen/Qwen3-8B,cnndm,17,9,2048,0.060774
Qwen/Qwen3-8B,cnndm,17,10,128,0.523384
Qwen/Qwen3-8B,cnndm,17,10,512,0.298233
Qwen/Qwen3-8B,cnndm,17,10,2048,0.071387
Qwen/Qwen3-8B,cnndm,17,11,128,0.335086
Qwen/Qwen3-8B,cnndm,17,11,512,0.218007
Qwen/Qwen3-8B,cnndm,17,11,2048,0.062448
Qwen/Qwen3-8B,cnndm,17,12,128,0.142485
Qwen/Qwen3-8B,cnndm,17,12,512,0.063510
Qwen/Qwen3-8B,cnndm,17,12,2048,0.016675
Qwen/Qwen3-8B,cnndm,17,13,128,0.109940
Qwen/Qwen3-8B,cnndm,17,13,512,0.048858
Qwen/Qwen3-8B,cnndm,17,13,2048,0.015397
Qwen/Qwen3-8B,cnndm,17,14,128,0.164507
Qwen/Qwen3-8B,cnndm,17,14,512,0.078580
Qwen/Qwen3-8B,cnndm,17,14,2048,0.020424
Qwen/Qwen3-8B,cnndm,17,15,128,0.192234
Qwen/Qwen3-8B,cnndm,17,15,512,0.095341
Qwen/Qwen3-8B,cnndm,17,15,2048,0.030315
Qwen/Qwen3-8B,cnndm,17,16,128,0.335072
Qwen/Qwen3-8B,cnndm,17,16,512,0.138570
Qwen/Qwen3-8B,cnndm,17,16,2048,0.031067
Qwen/Qwen3-8B,cnndm,17,17,128,0.267562
Qwen/Qwen3-8B,cnndm,17,17,512,0.113330
Qwen/Qwen3-8B,cnndm,17,17,2048,0.030863
Qwen/Qwen3-8B,cnndm,17,18,128,0.486254
Qwen/Qwen3-8B,cnndm,17,18,512,0.241879
Qwen/Qwen3-8B,cnndm,17,18,2048,0.045333
Qwen/Qwen3-8B,cnndm,17,19,128,0.339456
Qwen/Qwen3-8B,cnndm,17,19,512,0.153830
Qwen/Qwen3-8B,cnndm,17,19,2048,0.037918
Qwen/Qwen3-8B,cnndm,17,20,128,0.317694
Qwen/Qwen3-8B,cnndm,17,20,512,0.182615
Qwen/Qwen3-8B,cnndm,17,20,2048,0.057496
Qwen/Qwen3-8B,cnndm,17,21,128,0.291887
Qwen/Qwen3-8B,cnndm,17,21,512,0.176864
Qwen/Qwen3-8B,cnndm,17,21,2048,0.055345
Qwen/Qwen3-8B,cnndm,17,22,128,0.349850
Qwen/Qwen3-8B,cnndm,17,22,512,0.196430
Qwen/Qwen3-8B,cnndm,17,22,2048,0.055866
Qwen/Qwen3-8B,cnndm,17,23,128,0.152556
Qwen/Qwen3-8B,cnndm,17,23,512,0.097188
Qwen/Qwen3-8B,cnndm,17,23,2048,0.033927
Qwen/Qwen3-8B,cnndm,17,24,128,0.438030
Qwen/Qwen3-8B,cnndm,17,24,512,0.188949
Qwen/Qwen3-8B,cnndm,17,24,2048,0.048461
Qwen/Qwen3-8B,cnndm,17,25,128,0.350377
Qwen/Qwen3-8B,cnndm,17,25,512,0.174065
Qwen/Qwen3-8B,cnndm,17,25,2048,0.049897
Qwen/Qwen3-8B,cnndm,17,26,128,0.368410
Qwen/Qwen3-8B,cnndm,17,26,512,0.142141
Qwen/Qwen3-8B,cnndm,17,26,2048,0.028350
Qwen/Qwen3-8B,cnndm,17,27,128,0.350653
Qwen/Qwen3-8B,cnndm,17,27,512,0.147313
Qwen/Qwen3-8B,cnndm,17,27,2048,0.037871
Qwen/Qwen3-8B,cnndm,17,28,128,0.062735
Qwen/Qwen3-8B,cnndm,17,28,512,0.034634
Qwen/Qwen3-8B,cnndm,17,28,2048,0.013525
Qwen/Qwen3-8B,cnndm,17,29,128,0.117381
Qwen/Qwen3-8B,cnndm,17,29,512,0.054353
Qwen/Qwen3-8B,cnndm,17,29,2048,0.016630
Qwen/Qwen3-8B,cnndm,17,30,128,0.083043
Qwen/Qwen3-8B,cnndm,17,30,512,0.057598
Qwen/Qwen3-8B,cnndm,17,30,2048,0.021938
Qwen/Qwen3-8B,cnndm,17,31,128,0.115282
Qwen/Qwen3-8B,cnndm,17,31,512,0.059701
Qwen/Qwen3-8B,cnndm,17,31,2048,0.018604
Qwen/Qwen3-8B,cnndm,18,0,128,0.058697
Qwen/Qwen3-8B,cnndm,18,0,512,0.025277
Qwen/Qwen3-8B,cnndm,18,0,2048,0.005755
Qwen/Qwen3-8B,cnndm,18,1,128,0.125771
Qwen/Qwen3-8B,cnndm,18,1,512,0.064559
Qwen/Qwen3-8B,cnndm,18,1,2048,0.013038
Qwen/Qwen3-8B,cnndm,18,2,128,0.059779
Qwen/Qwen3-8B,cnndm,18,2,512,0.043145
Qwen/Qwen3-8B,cnndm,18,2,2048,0.013594
Qwen/Qwen3-8B,cnndm,18,3,128,0.055846
Qwen/Qwen3-8B,cnndm,18,3,512,0.045815
Qwen/Qwen3-8B,cnndm,18,3,2048,0.013618
Qwen/Qwen3-8B,cnndm,18,4,128,0.233640
Qwen/Qwen3-8B,cnndm,18,4,512,0.117188
Qwen/Qwen3-8B,cnndm,18,4,2048,0.031140
Qwen/Qwen3-8B,cnndm,18,5,128,0.222554
Qwen/Qwen3-8B,cnndm,18,5,512,0.106891
Qwen/Qwen3-8B,cnndm,18,5,2048,0.033774
Qwen/Qwen3-8B,cnndm,18,6,128,0.154793
Qwen/Qwen3-8B,cnndm,18,6,512,0.091604
Qwen/Qwen3-8B,cnndm,18,6,2048,0.029816
Qwen/Qwen3-8B,cnndm,18,7,128,0.284203
Qwen/Qwen3-8B,cnndm,18,7,512,0.114654
Qwen/Qwen3-8B,cnndm,18,7,2048,0.024616
Qwen/Qwen3-8B,cnndm,18,8,128,0.269750
Qwen/Qwen3-8B,cnndm,18,8,512,0.119967
Qwen/Qwen3-8B,cnndm,18,8,2048,0.031561
Qwen/Qwen3-8B,cnndm,18,9,128,0.222046
Qwen/Qwen3-8B,cnndm,18,9,512,0.088381
Qwen/Qwen3-8B,cnndm,18,9,2048,0.019414
Qwen/Qwen3-8B,cnndm,18,10,128,0.232942
Qwen/Qwen3-8B,cnndm,18,10,512,0.104120
Qwen/Qwen3-8B,cnndm,18,10,2048,0.028495
Qwen/Qwen3-8B,cnndm,18,11,128,0.331782
Qwen/Qwen3-8B,cnndm,18,11,512,0.167739
Qwen/Qwen3-8B,cnndm,18,11,2048,0.048385
Qwen/Qwen3-8B,cnndm,18,12,128,0.302650
Qwen/Qwen3-8B,cnndm,18,12,512,0.133930
Qwen/Qwen3-8B,cnndm,18,12,2048,0.037187
Qwen/Qwen3-8B,cnndm,18,13,128,0.409781
Qwen/Qwen3-8B,cnndm,18,13,512,0.191043
Qwen/Qwen3-8B,cnndm,18,13,2048,0.043235
Qwen/Qwen3-8B,cnndm,18,14,128,0.339632
Qwen/Qwen3-8B,cnndm,18,14,512,0.151426
Qwen/Qwen3-8B,cnndm,18,14,2048,0.041199
Qwen/Qwen3-8B,cnndm,18,15,128,0.279394
Qwen/Qwen3-8B,cnndm,18,15,512,0.132183
Qwen/Qwen3-8B,cnndm,18,15,2048,0.039573
Qwen/Qwen3-8B,cnndm,18,16,128,0.283838
Qwen/Qwen3-8B,cnndm,18,16,512,0.133687
Qwen/Qwen3-8B,cnndm,18,16,2048,0.034624
Qwen/Qwen3-8B,cnndm,18,17,128,0.187457
Qwen/Qwen3-8B,cnndm,18,17,512,0.115766
Qwen/Qwen3-8B,cnndm,18,17,2048,0.040526
Qwen/Qwen3-8B,cnndm,18,18,128,0.222957
Qwen/Qwen3-8B,cnndm,18,18,512,0.108615
Qwen/Qwen3-8B,cnndm,18,18,2048,0.033254
Qwen/Qwen3-8B,cnndm,18,19,128,0.253646
Qwen/Qwen3-8B,cnndm,18,19,512,0.114249
Qwen/Qwen3-8B,cnndm,18,19,2048,0.032795
Qwen/Qwen3-8B,cnndm,18,20,128,0.206150
Qwen/Qwen3-8B,cnndm,18,20,512,0.099172
Qwen/Qwen3-8B,cnndm,18,20,2048,0.027935
Qwen/Qwen3-8B,cnndm,18,21,128,0.273580
Qwen/Qwen3-8B,cnndm,18,21,512,0.092613
Qwen/Qwen3-8B,cnndm,18,21,2048,0.022261
Qwen/Qwen3-8B,cnndm,18,22,128,0.376257
Qwen/Qwen3-8B,cnndm,18,22,512,0.165023
Qwen/Qwen3-8B,cnndm,18,22,2048,0.041105
Qwen/Qwen3-8B,cnndm,18,23,128,0.421020
Qwen/Qwen3-8B,cnndm,18,23,512,0.212854
Qwen/Qwen3-8B,cnndm,18,23,2048,0.059485
Qwen/Qwen3-8B,cnndm,18,24,128,0.212131
Qwen/Qwen3-8B,cnndm,18,24,512,0.087513
Qwen/Qwen3-8B,cnndm,18,24,2048,0.021470
Qwen/Qwen3-8B,cnndm,18,25,128,0.240077
Qwen/Qwen3-8B,cnndm,18,25,512,0.107699
Qwen/Qwen3-8B,cnndm,18,25,2048,0.026595
Qwen/Qwen3-8B,cnndm,18,26,128,0.246982
Qwen/Qwen3-8B,cnndm,18,26,512,0.108084
Qwen/Qwen3-8B,cnndm,18,26,2048,0.027805
Qwen/Qwen3-8B,cnndm,18,27,128,0.246677
Qwen/Qwen3-8B,cnndm,18,27,512,0.108964
Qwen/Qwen3-8B,cnndm,18,27,2048,0.028031
Qwen/Qwen3-8B,cnndm,18,28,128,0.216730
Qwen/Qwen3-8B,cnndm,18,28,512,0.092058
Qwen/Qwen3-8B,cnndm,18,28,2048,0.024085
Qwen/Qwen3-8B,cnndm,18,29,128,0.343250
Qwen/Qwen3-8B,cnndm,18,29,512,0.114544
Qwen/Qwen3-8B,cnndm,18,29,2048,0.022899
Qwen/Qwen3-8B,cnndm,18,30,128,0.243747
Qwen/Qwen3-8B,cnndm,18,30,512,0.109534
Qwen/Qwen3-8B,cnndm,18,30,2048,0.032565
Qwen/Qwen3-8B,cnndm,18,31,128,0.308435
Qwen/Qwen3-8B,cnndm,18,31,512,0.136892
Qwen/Qwen3-8B,cnndm,18,31,2048,0.035662
Qwen/Qwen3-8B,cnndm,19,0,128,0.274721
Qwen/Qwen3-8B,cnndm,19,0,512,0.146308
Qwen/Qwen3-8B,cnndm,19,0,2048,0.044381
Qwen/Qwen3-8B,cnndm,19,1,128,0.191470
Qwen/Qwen3-8B,cnndm,19,1,512,0.115945
Qwen/Qwen3-8B,cnndm,19,1,2048,0.041775
Qwen/Qwen3-8B,cnndm,19,2,128,0.199170
Qwen/Qwen3-8B,cnndm,19,2,512,0.106477
Qwen/Qwen3-8B,cnndm,19,2,2048,0.031151
Qwen/Qwen3-8B,cnndm,19,3,128,0.253146
Qwen/Qwen3-8B,cnndm,19,3,512,0.115510
Qwen/Qwen3-8B,cnndm,19,3,2048,0.031720
Qwen/Qwen3-8B,cnndm,19,4,128,0.359283
Qwen/Qwen3-8B,cnndm,19,4,512,0.173552
Qwen/Qwen3-8B,cnndm,19,4,2048,0.038974
Qwen/Qwen3-8B,cnndm,19,5,128,0.363740
Qwen/Qwen3-8B,cnndm,19,5,512,0.212299
Qwen/Qwen3-8B,cnndm,19,5,2048,0.057517
Qwen/Qwen3-8B,cnndm,19,6,128,0.434569
Qwen/Qwen3-8B,cnndm,19,6,512,0.165447
Qwen/Qwen3-8B,cnndm,19,6,2048,0.020124
Qwen/Qwen3-8B,cnndm,19,7,128,0.491307
Qwen/Qwen3-8B,cnndm,19,7,512,0.261849
Qwen/Qwen3-8B,cnndm,19,7,2048,0.054843
Qwen/Qwen3-8B,cnndm,19,8,128,0.102498
Qwen/Qwen3-8B,cnndm,19,8,512,0.077571
Qwen/Qwen3-8B,cnndm,19,8,2048,0.028704
Qwen/Qwen3-8B,cnndm,19,9,128,0.144512
Qwen/Qwen3-8B,cnndm,19,9,512,0.090824
Qwen/Qwen3-8B,cnndm,19,9,2048,0.033116
Qwen/Qwen3-8B,cnndm,19,10,128,0.118729
Qwen/Qwen3-8B,cnndm,19,10,512,0.082928
Qwen/Qwen3-8B,cnndm,19,10,2048,0.031068
Qwen/Qwen3-8B,cnndm,19,11,128,0.264661
Qwen/Qwen3-8B,cnndm,19,11,512,0.167533
Qwen/Qwen3-8B,cnndm,19,11,2048,0.056199
Qwen/Qwen3-8B,cnndm,19,12,128,0.294876
Qwen/Qwen3-8B,cnndm,19,12,512,0.141471
Qwen/Qwen3-8B,cnndm,19,12,2048,0.041765
Qwen/Qwen3-8B,cnndm,19,13,128,0.281293
Qwen/Qwen3-8B,cnndm,19,13,512,0.131528
Qwen/Qwen3-8B,cnndm,19,13,2048,0.038099
Qwen/Qwen3-8B,cnndm,19,14,128,0.269166
Qwen/Qwen3-8B,cnndm,19,14,512,0.143327
Qwen/Qwen3-8B,cnndm,19,14,2048,0.045285
Qwen/Qwen3-8B,cnndm,19,15,128,0.275785
Qwen/Qwen3-8B,cnndm,19,15,512,0.142570
Qwen/Qwen3-8B,cnndm,19,15,2048,0.038283
Qwen/Qwen3-8B,cnndm,19,16,128,0.189681
Qwen/Qwen3-8B,cnndm,19,16,512,0.094430
Qwen/Qwen3-8B,cnndm,19,16,2048,0.030856
Qwen/Qwen3-8B,cnndm,19,17,128,0.127534
Qwen/Qwen3-8B,cnndm,19,17,512,0.101244
Qwen/Qwen3-8B,cnndm,19,17,2048,0.041391
Qwen/Qwen3-8B,cnndm,19,18,128,0.070001
Qwen/Qwen3-8B,cnndm,19,18,512,0.048012
Qwen/Qwen3-8B,cnndm,19,18,2048,0.017987
Qwen/Qwen3-8B,cnndm,19,19,128,0.262323
Qwen/Qwen3-8B,cnndm,19,19,512,0.072016
Qwen/Qwen3-8B,cnndm,19,19,2048,0.008935
Qwen/Qwen3-8B,cnndm,19,20,128,0.032258
Qwen/Qwen3-8B,cnndm,19,20,512,0.025300
Qwen/Qwen3-8B,cnndm,19,20,2048,0.007043
Qwen/Qwen3-8B,cnndm,19,21,128,0.107755
Qwen/Qwen3-8B,cnndm,19,21,512,0.044387
Qwen/Qwen3-8B,cnndm,19,21,2048,0.008004
Qwen/Qwen3-8B,cnndm,19,22,128,0.032715
Qwen/Qwen3-8B,cnndm,19,22,512,0.020757
Qwen/Qwen3-8B,cnndm,19,22,2048,0.005723
Qwen/Qwen3-8B,cnndm,19,23,128,0.105392
Qwen/Qwen3-8B,cnndm,19,23,512,0.042895
Qwen/Qwen3-8B,cnndm,19,23,2048,0.011338
Qwen/Qwen3-8B,cnndm,19,24,128,0.257393
Qwen/Qwen3-8B,cnndm,19,24,512,0.176665
Qwen/Qwen3-8B,cnndm,19,24,2048,0.070168
Qwen/Qwen3-8B,cnndm,19,25,128,0.303401
Qwen/Qwen3-8B,cnndm,19,25,512,0.196931
Qwen/Qwen3-8B,cnndm,19,25,2048,0.076196
Qwen/Qwen3-8B,cnndm,19,26,128,0.252598
Qwen/Qwen3-8B,cnndm,19,26,512,0.165856
Qwen/Qwen3-8B,cnndm,19,26,2048,0.063225
Qwen/Qwen3-8B,cnndm,19,27,128,0.226696
Qwen/Qwen3-8B,cnndm,19,27,512,0.176376
Qwen/Qwen3-8B,cnndm,19,27,2048,0.074169
Qwen/Qwen3-8B,cnndm,19,28,128,0.232982
Qwen/Qwen3-8B,cnndm,19,28,512,0.128939
Qwen/Qwen3-8B,cnndm,19,28,2048,0.045032
Qwen/Qwen3-8B,cnndm,19,29,128,0.202328
Qwen/Qwen3-8B,cnndm,19,29,512,0.135397
Qwen/Qwen3-8B,cnndm,19,29,2048,0.047602
Qwen/Qwen3-8B,cnndm,19,30,128,0.266180
Qwen/Qwen3-8B,cnndm,19,30,512,0.151395
Qwen/Qwen3-8B,cnndm,19,30,2048,0.050063
Qwen/Qwen3-8B,cnndm,19,31,128,0.216746
Qwen/Qwen3-8B,cnndm,19,31,512,0.122243
Qwen/Qwen3-8B,cnndm,19,31,2048,0.043395
Qwen/Qwen3-8B,cnndm,20,0,128,0.234403
Qwen/Qwen3-8B,cnndm,20,0,512,0.143073
Qwen/Qwen3-8B,cnndm,20,0,2048,0.049681
Qwen/Qwen3-8B,cnndm,20,1,128,0.170626
Qwen/Qwen3-8B,cnndm,20,1,512,0.124676
Qwen/Qwen3-8B,cnndm,20,1,2048,0.048957
Qwen/Qwen3-8B,cnndm,20,2,128,0.198878
Qwen/Qwen3-8B,cnndm,20,2,512,0.131464
Qwen/Qwen3-8B,cnndm,20,2,2048,0.049318
Qwen/Qwen3-8B,cnndm,20,3,128,0.225175
Qwen/Qwen3-8B,cnndm,20,3,512,0.125085
Qwen/Qwen3-8B,cnndm,20,3,2048,0.039765
Qwen/Qwen3-8B,cnndm,20,4,128,0.237195
Qwen/Qwen3-8B,cnndm,20,4,512,0.132808
Qwen/Qwen3-8B,cnndm,20,4,2048,0.040776
Qwen/Qwen3-8B,cnndm,20,5,128,0.154486
Qwen/Qwen3-8B,cnndm,20,5,512,0.093282
Qwen/Qwen3-8B,cnndm,20,5,2048,0.025426
Qwen/Qwen3-8B,cnndm,20,6,128,0.111324
Qwen/Qwen3-8B,cnndm,20,6,512,0.082838
Qwen/Qwen3-8B,cnndm,20,6,2048,0.024316
Qwen/Qwen3-8B,cnndm,20,7,128,0.228630
Qwen/Qwen3-8B,cnndm,20,7,512,0.130107
Qwen/Qwen3-8B,cnndm,20,7,2048,0.039367
Qwen/Qwen3-8B,cnndm,20,8,128,0.157317
Qwen/Qwen3-8B,cnndm,20,8,512,0.071445
Qwen/Qwen3-8B,cnndm,20,8,2048,0.021581
Qwen/Qwen3-8B,cnndm,20,9,128,0.160270
Qwen/Qwen3-8B,cnndm,20,9,512,0.078261
Qwen/Qwen3-8B,cnndm,20,9,2048,0.020385
Qwen/Qwen3-8B,cnndm,20,10,128,0.202457
Qwen/Qwen3-8B,cnndm,20,10,512,0.069482
Qwen/Qwen3-8B,cnndm,20,10,2048,0.010138
Qwen/Qwen3-8B,cnndm,20,11,128,0.087854
Qwen/Qwen3-8B,cnndm,20,11,512,0.057635
Qwen/Qwen3-8B,cnndm,20,11,2048,0.021336
Qwen/Qwen3-8B,cnndm,20,12,128,0.238802
Qwen/Qwen3-8B,cnndm,20,12,512,0.155494
Qwen/Qwen3-8B,cnndm,20,12,2048,0.060653
Qwen/Qwen3-8B,cnndm,20,13,128,0.256121
Qwen/Qwen3-8B,cnndm,20,13,512,0.141203
Qwen/Qwen3-8B,cnndm,20,13,2048,0.049707
Qwen/Qwen3-8B,cnndm,20,14,128,0.277594
Qwen/Qwen3-8B,cnndm,20,14,512,0.161146
Qwen/Qwen3-8B,cnndm,20,14,2048,0.054871
Qwen/Qwen3-8B,cnndm,20,15,128,0.258873
Qwen/Qwen3-8B,cnndm,20,15,512,0.152660
Qwen/Qwen3-8B,cnndm,20,15,2048,0.056712
Qwen/Qwen3-8B,cnndm,20,16,128,0.275066
Qwen/Qwen3-8B,cnndm,20,16,512,0.119157
Qwen/Qwen3-8B,cnndm,20,16,2048,0.030599
Qwen/Qwen3-8B,cnndm,20,17,128,0.222081
Qwen/Qwen3-8B,cnndm,20,17,512,0.113501
Qwen/Qwen3-8B,cnndm,20,17,2048,0.034688
Qwen/Qwen3-8B,cnndm,20,18,128,0.244177
Qwen/Qwen3-8B,cnndm,20,18,512,0.123090
Qwen/Qwen3-8B,cnndm,20,18,2048,0.037337
Qwen/Qwen3-8B,cnndm,20,19,128,0.264001
Qwen/Qwen3-8B,cnndm,20,19,512,0.129237
Qwen/Qwen3-8B,cnndm,20,19,2048,0.034989
Qwen/Qwen3-8B,cnndm,20,20,128,0.113874
Qwen/Qwen3-8B,cnndm,20,20,512,0.082411
Qwen/Qwen3-8B,cnndm,20,20,2048,0.032934
Qwen/Qwen3-8B,cnndm,20,21,128,0.211978
Qwen/Qwen3-8B,cnndm,20,21,512,0.153442
Qwen/Qwen3-8B,cnndm,20,21,2048,0.063679
Qwen/Qwen3-8B,cnndm,20,22,128,0.184424
Qwen/Qwen3-8B,cnndm,20,22,512,0.129606
Qwen/Qwen3-8B,cnndm,20,22,2048,0.050726
Qwen/Qwen3-8B,cnndm,20,23,128,0.238857
Qwen/Qwen3-8B,cnndm,20,23,512,0.150538
Qwen/Qwen3-8B,cnndm,20,23,2048,0.053110
Qwen/Qwen3-8B,cnndm,20,24,128,0.211139
Qwen/Qwen3-8B,cnndm,20,24,512,0.178748
Qwen/Qwen3-8B,cnndm,20,24,2048,0.070950
Qwen/Qwen3-8B,cnndm,20,25,128,0.464903
Qwen/Qwen3-8B,cnndm,20,25,512,0.281920
Qwen/Qwen3-8B,cnndm,20,25,2048,0.089549
Qwen/Qwen3-8B,cnndm,20,26,128,0.250829
Qwen/Qwen3-8B,cnndm,20,26,512,0.167298
Qwen/Qwen3-8B,cnndm,20,26,2048,0.058697
Qwen/Qwen3-8B,cnndm,20,27,128,0.463876
Qwen/Qwen3-8B,cnndm,20,27,512,0.281763
Qwen/Qwen3-8B,cnndm,20,27,2048,0.081003
Qwen/Qwen3-8B,cnndm,20,28,128,0.293105
Qwen/Qwen3-8B,cnndm,20,28,512,0.169834
Qwen/Qwen3-8B,cnndm,20,28,2048,0.052940
Qwen/Qwen3-8B,cnndm,20,29,128,0.261339
Qwen/Qwen3-8B,cnndm,20,29,512,0.141754
Qwen/Qwen3-8B,cnndm,20,29,2048,0.046423
Qwen/Qwen3-8B,cnndm,20,30,128,0.231408
Qwen/Qwen3-8B,cnndm,20,30,512,0.148746
Qwen/Qwen3-8B,cnndm,20,30,2048,0.055234
Qwen/Qwen3-8B,cnndm,20,31,128,0.234709
Qwen/Qwen3-8B,cnndm,20,31,512,0.165806
Qwen/Qwen3-8B,cnndm,20,31,2048,0.061873
Qwen/Qwen3-8B,cnndm,21,0,128,0.054682
Qwen/Qwen3-8B,cnndm,21,0,512,0.038126
Qwen/Qwen3-8B,cnndm,21,0,2048,0.012406
Qwen/Qwen3-8B,cnndm,21,1,128,0.051366
Qwen/Qwen3-8B,cnndm,21,1,512,0.044682
Qwen/Qwen3-8B,cnndm,21,1,2048,0.015484
Qwen/Qwen3-8B,cnndm,21,2,128,0.107363
Qwen/Qwen3-8B,cnndm,21,2,512,0.068758
Qwen/Qwen3-8B,cnndm,21,2,2048,0.019590
Qwen/Qwen3-8B,cnndm,21,3,128,0.073279
Qwen/Qwen3-8B,cnndm,21,3,512,0.059563
Qwen/Qwen3-8B,cnndm,21,3,2048,0.020505
Qwen/Qwen3-8B,cnndm,21,4,128,0.098753
Qwen/Qwen3-8B,cnndm,21,4,512,0.071582
Qwen/Qwen3-8B,cnndm,21,4,2048,0.027537
Qwen/Qwen3-8B,cnndm,21,5,128,0.268780
Qwen/Qwen3-8B,cnndm,21,5,512,0.135591
Qwen/Qwen3-8B,cnndm,21,5,2048,0.034044
Qwen/Qwen3-8B,cnndm,21,6,128,0.266751
Qwen/Qwen3-8B,cnndm,21,6,512,0.154140
Qwen/Qwen3-8B,cnndm,21,6,2048,0.049020
Qwen/Qwen3-8B,cnndm,21,7,128,0.120104
Qwen/Qwen3-8B,cnndm,21,7,512,0.102690
Qwen/Qwen3-8B,cnndm,21,7,2048,0.041475
Qwen/Qwen3-8B,cnndm,21,8,128,0.216673
Qwen/Qwen3-8B,cnndm,21,8,512,0.166965
Qwen/Qwen3-8B,cnndm,21,8,2048,0.070029
Qwen/Qwen3-8B,cnndm,21,9,128,0.178479
Qwen/Qwen3-8B,cnndm,21,9,512,0.086335
Qwen/Qwen3-8B,cnndm,21,9,2048,0.030014
Qwen/Qwen3-8B,cnndm,21,10,128,0.263461
Qwen/Qwen3-8B,cnndm,21,10,512,0.133498
Qwen/Qwen3-8B,cnndm,21,10,2048,0.043635
Qwen/Qwen3-8B,cnndm,21,11,128,0.375046
Qwen/Qwen3-8B,cnndm,21,11,512,0.154962
Qwen/Qwen3-8B,cnndm,21,11,2048,0.035875
Qwen/Qwen3-8B,cnndm,21,12,128,0.133893
Qwen/Qwen3-8B,cnndm,21,12,512,0.079037
Qwen/Qwen3-8B,cnndm,21,12,2048,0.017340
Qwen/Qwen3-8B,cnndm,21,13,128,0.100497
Qwen/Qwen3-8B,cnndm,21,13,512,0.051024
Qwen/Qwen3-8B,cnndm,21,13,2048,0.012609
Qwen/Qwen3-8B,cnndm,21,14,128,0.089701
Qwen/Qwen3-8B,cnndm,21,14,512,0.065520
Qwen/Qwen3-8B,cnndm,21,14,2048,0.018046
Qwen/Qwen3-8B,cnndm,21,15,128,0.083395
Qwen/Qwen3-8B,cnndm,21,15,512,0.052804
Qwen/Qwen3-8B,cnndm,21,15,2048,0.015148
Qwen/Qwen3-8B,cnndm,21,16,128,0.234540
Qwen/Qwen3-8B,cnndm,21,16,512,0.120020
Qwen/Qwen3-8B,cnndm,21,16,2048,0.039311
Qwen/Qwen3-8B,cnndm,21,17,128,0.323480
Qwen/Qwen3-8B,cnndm,21,17,512,0.167015
Qwen/Qwen3-8B,cnndm,21,17,2048,0.054584
Qwen/Qwen3-8B,cnndm,21,18,128,0.323617
Qwen/Qwen3-8B,cnndm,21,18,512,0.150000
Qwen/Qwen3-8B,cnndm,21,18,2048,0.044822
Qwen/Qwen3-8B,cnndm,21,19,128,0.188288
Qwen/Qwen3-8B,cnndm,21,19,512,0.106334
Qwen/Qwen3-8B,cnndm,21,19,2048,0.038494
Qwen/Qwen3-8B,cnndm,21,20,128,0.437260
Qwen/Qwen3-8B,cnndm,21,20,512,0.264878
Qwen/Qwen3-8B,cnndm,21,20,2048,0.084816
Qwen/Qwen3-8B,cnndm,21,21,128,0.352393
Qwen/Qwen3-8B,cnndm,21,21,512,0.231035
Qwen/Qwen3-8B,cnndm,21,21,2048,0.087205
Qwen/Qwen3-8B,cnndm,21,22,128,0.313896
Qwen/Qwen3-8B,cnndm,21,22,512,0.213237
Qwen/Qwen3-8B,cnndm,21,22,2048,0.084068
Qwen/Qwen3-8B,cnndm,21,23,128,0.326331
Qwen/Qwen3-8B,cnndm,21,23,512,0.196729
Qwen/Qwen3-8B,cnndm,21,23,2048,0.073795
Qwen/Qwen3-8B,cnndm,21,24,128,0.232212
Qwen/Qwen3-8B,cnndm,21,24,512,0.099068
Qwen/Qwen3-8B,cnndm,21,24,2048,0.027667
Qwen/Qwen3-8B,cnndm,21,25,128,0.229148
Qwen/Qwen3-8B,cnndm,21,25,512,0.100032
Qwen/Qwen3-8B,cnndm,21,25,2048,0.029734
Qwen/Qwen3-8B,cnndm,21,26,128,0.196358
Qwen/Qwen3-8B,cnndm,21,26,512,0.092488
Qwen/Qwen3-8B,cnndm,21,26,2048,0.029648
Qwen/Qwen3-8B,cnndm,21,27,128,0.360357
Qwen/Qwen3-8B,cnndm,21,27,512,0.177691
Qwen/Qwen3-8B,cnndm,21,27,2048,0.050567
Qwen/Qwen3-8B,cnndm,21,28,128,0.198606
Qwen/Qwen3-8B,cnndm,21,28,512,0.107417
Qwen/Qwen3-8B,cnndm,21,28,2048,0.037157
Qwen/Qwen3-8B,cnndm,21,29,128,0.194880
Qwen/Qwen3-8B,cnndm,21,29,512,0.117208
Qwen/Qwen3-8B,cnndm,21,29,2048,0.043652
Qwen/Qwen3-8B,cnndm,21,30,128,0.192815
Qwen/Qwen3-8B,cnndm,21,30,512,0.098903
Qwen/Qwen3-8B,cnndm,21,30,2048,0.034609
Qwen/Qwen3-8B,cnndm,21,31,128,0.394576
Qwen/Qwen3-8B,cnndm,21,31,512,0.215619
Qwen/Qwen3-8B,cnndm,21,31,2048,0.070139
Qwen/Qwen3-8B,cnndm,22,0,128,0.234396
Qwen/Qwen3-8B,cnndm,22,0,512,0.119289
Qwen/Qwen3-8B,cnndm,22,0,2048,0.039987
Qwen/Qwen3-8B,cnndm,22,1,128,0.131123
Qwen/Qwen3-8B,cnndm,22,1,512,0.082591
Qwen/Qwen3-8B,cnndm,22,1,2048,0.032525
Qwen/Qwen3-8B,cnndm,22,2,128,0.244518
Qwen/Qwen3-8B,cnndm,22,2,512,0.118450
Qwen/Qwen3-8B,cnndm,22,2,2048,0.038677
Qwen/Qwen3-8B,cnndm,22,3,128,0.233375
Qwen/Qwen3-8B,cnndm,22,3,512,0.127076
Qwen/Qwen3-8B,cnndm,22,3,2048,0.039697
Qwen/Qwen3-8B,cnndm,22,4,128,0.272917
Qwen/Qwen3-8B,cnndm,22,4,512,0.138615
Qwen/Qwen3-8B,cnndm,22,4,2048,0.046434
Qwen/Qwen3-8B,cnndm,22,5,128,0.223192
Qwen/Qwen3-8B,cnndm,22,5,512,0.118433
Qwen/Qwen3-8B,cnndm,22,5,2048,0.039856
Qwen/Qwen3-8B,cnndm,22,6,128,0.282193
Qwen/Qwen3-8B,cnndm,22,6,512,0.132100
Qwen/Qwen3-8B,cnndm,22,6,2048,0.033875
Qwen/Qwen3-8B,cnndm,22,7,128,0.174643
Qwen/Qwen3-8B,cnndm,22,7,512,0.095150
Qwen/Qwen3-8B,cnndm,22,7,2048,0.030846
Qwen/Qwen3-8B,cnndm,22,8,128,0.136857
Qwen/Qwen3-8B,cnndm,22,8,512,0.067493
Qwen/Qwen3-8B,cnndm,22,8,2048,0.017516
Qwen/Qwen3-8B,cnndm,22,9,128,0.116592
Qwen/Qwen3-8B,cnndm,22,9,512,0.065593
Qwen/Qwen3-8B,cnndm,22,9,2048,0.024928
Qwen/Qwen3-8B,cnndm,22,10,128,0.073587
Qwen/Qwen3-8B,cnndm,22,10,512,0.051703
Qwen/Qwen3-8B,cnndm,22,10,2048,0.022757
Qwen/Qwen3-8B,cnndm,22,11,128,0.198411
Qwen/Qwen3-8B,cnndm,22,11,512,0.074320
Qwen/Qwen3-8B,cnndm,22,11,2048,0.019018
Qwen/Qwen3-8B,cnndm,22,12,128,0.059726
Qwen/Qwen3-8B,cnndm,22,12,512,0.036829
Qwen/Qwen3-8B,cnndm,22,12,2048,0.010972
Qwen/Qwen3-8B,cnndm,22,13,128,0.461549
Qwen/Qwen3-8B,cnndm,22,13,512,0.268075
Qwen/Qwen3-8B,cnndm,22,13,2048,0.077698
Qwen/Qwen3-8B,cnndm,22,14,128,0.445446
Qwen/Qwen3-8B,cnndm,22,14,512,0.209913
Qwen/Qwen3-8B,cnndm,22,14,2048,0.048995
Qwen/Qwen3-8B,cnndm,22,15,128,0.161132
Qwen/Qwen3-8B,cnndm,22,15,512,0.093991
Qwen/Qwen3-8B,cnndm,22,15,2048,0.032688
Qwen/Qwen3-8B,cnndm,22,16,128,0.189570
Qwen/Qwen3-8B,cnndm,22,16,512,0.097695
Qwen/Qwen3-8B,cnndm,22,16,2048,0.025827
Qwen/Qwen3-8B,cnndm,22,17,128,0.162825
Qwen/Qwen3-8B,cnndm,22,17,512,0.113853
Qwen/Qwen3-8B,cnndm,22,17,2048,0.044038
Qwen/Qwen3-8B,cnndm,22,18,128,0.174602
Qwen/Qwen3-8B,cnndm,22,18,512,0.091379
Qwen/Qwen3-8B,cnndm,22,18,2048,0.028763
Qwen/Qwen3-8B,cnndm,22,19,128,0.180366
Qwen/Qwen3-8B,cnndm,22,19,512,0.076801
Qwen/Qwen3-8B,cnndm,22,19,2048,0.016203
Qwen/Qwen3-8B,cnndm,22,20,128,0.345352
Qwen/Qwen3-8B,cnndm,22,20,512,0.225321
Qwen/Qwen3-8B,cnndm,22,20,2048,0.077200
Qwen/Qwen3-8B,cnndm,22,21,128,0.242022
Qwen/Qwen3-8B,cnndm,22,21,512,0.177173
Qwen/Qwen3-8B,cnndm,22,21,2048,0.066584
Qwen/Qwen3-8B,cnndm,22,22,128,0.169327
Qwen/Qwen3-8B,cnndm,22,22,512,0.129734
Qwen/Qwen3-8B,cnndm,22,22,2048,0.052518
Qwen/Qwen3-8B,cnndm,22,23,128,0.187026
Qwen/Qwen3-8B,cnndm,22,23,512,0.150561
Qwen/Qwen3-8B,cnndm,22,23,2048,0.061642
Qwen/Qwen3-8B,cnndm,22,24,128,0.131269
Qwen/Qwen3-8B,cnndm,22,24,512,0.105963
Qwen/Qwen3-8B,cnndm,22,24,2048,0.044869
Qwen/Qwen3-8B,cnndm,22,25,128,0.114500
Qwen/Qwen3-8B,cnndm,22,25,512,0.086005
Qwen/Qwen3-8B,cnndm,22,25,2048,0.034721
Qwen/Qwen3-8B,cnndm,22,26,128,0.117094
Qwen/Qwen3-8B,cnndm,22,26,512,0.100504
Qwen/Qwen3-8B,cnndm,22,26,2048,0.042951
Qwen/Qwen3-8B,cnndm,22,27,128,0.117017
Qwen/Qwen3-8B,cnndm,22,27,512,0.104256
Qwen/Qwen3-8B,cnndm,22,27,2048,0.045554
Qwen/Qwen3-8B,cnndm,22,28,128,0.234084
Qwen/Qwen3-8B,cnndm,22,28,512,0.172029
Qwen/Qwen3-8B,cnndm,22,28,2048,0.065186
Qwen/Qwen3-8B,cnndm,22,29,128,0.451789
Qwen/Qwen3-8B,cnndm,22,29,512,0.286399
Qwen/Qwen3-8B,cnndm,22,29,2048,0.092896
Qwen/Qwen3-8B,cnndm,22,30,128,0.232847
Qwen/Qwen3-8B,cnndm,22,30,512,0.173366
Qwen/Qwen3-8B,cnndm,22,30,2048,0.070560
Qwen/Qwen3-8B,cnndm,22,31,128,0.403407
Qwen/Qwen3-8B,cnndm,22,31,512,0.245186
Qwen/Qwen3-8B,cnndm,22,31,2048,0.077642
Qwen/Qwen3-8B,cnndm,23,0,128,0.078587
Qwen/Qwen3-8B,cnndm,23,0,512,0.050700
Qwen/Qwen3-8B,cnndm,23,0,2048,0.019174
Qwen/Qwen3-8B,cnndm,23,1,128,0.083655
Qwen/Qwen3-8B,cnndm,23,1,512,0.047902
Qwen/Qwen3-8B,cnndm,23,1,2048,0.012928
Qwen/Qwen3-8B,cnndm,23,2,128,0.096199
Qwen/Qwen3-8B,cnndm,23,2,512,0.069851
Qwen/Qwen3-8B,cnndm,23,2,2048,0.024555
Qwen/Qwen3-8B,cnndm,23,3,128,0.075458
Qwen/Qwen3-8B,cnndm,23,3,512,0.035124
Qwen/Qwen3-8B,cnndm,23,3,2048,0.010013
Qwen/Qwen3-8B,cnndm,23,4,128,0.245074
Qwen/Qwen3-8B,cnndm,23,4,512,0.169383
Qwen/Qwen3-8B,cnndm,23,4,2048,0.066059
Qwen/Qwen3-8B,cnndm,23,5,128,0.191606
Qwen/Qwen3-8B,cnndm,23,5,512,0.143786
Qwen/Qwen3-8B,cnndm,23,5,2048,0.059106
Qwen/Qwen3-8B,cnndm,23,6,128,0.095018
Qwen/Qwen3-8B,cnndm,23,6,512,0.059948
Qwen/Qwen3-8B,cnndm,23,6,2048,0.022329
Qwen/Qwen3-8B,cnndm,23,7,128,0.143581
Qwen/Qwen3-8B,cnndm,23,7,512,0.114005
Qwen/Qwen3-8B,cnndm,23,7,2048,0.045731
Qwen/Qwen3-8B,cnndm,23,8,128,0.245813
Qwen/Qwen3-8B,cnndm,23,8,512,0.134467
Qwen/Qwen3-8B,cnndm,23,8,2048,0.043738
Qwen/Qwen3-8B,cnndm,23,9,128,0.269591
Qwen/Qwen3-8B,cnndm,23,9,512,0.110732
Qwen/Qwen3-8B,cnndm,23,9,2048,0.030081
Qwen/Qwen3-8B,cnndm,23,10,128,0.275615
Qwen/Qwen3-8B,cnndm,23,10,512,0.110996
Qwen/Qwen3-8B,cnndm,23,10,2048,0.033408
Qwen/Qwen3-8B,cnndm,23,11,128,0.173401
Qwen/Qwen3-8B,cnndm,23,11,512,0.098826
Qwen/Qwen3-8B,cnndm,23,11,2048,0.035992
Qwen/Qwen3-8B,cnndm,23,12,128,0.242559
Qwen/Qwen3-8B,cnndm,23,12,512,0.125324
Qwen/Qwen3-8B,cnndm,23,12,2048,0.043643
Qwen/Qwen3-8B,cnndm,23,13,128,0.244110
Qwen/Qwen3-8B,cnndm,23,13,512,0.130198
Qwen/Qwen3-8B,cnndm,23,13,2048,0.042678
Qwen/Qwen3-8B,cnndm,23,14,128,0.233505
Qwen/Qwen3-8B,cnndm,23,14,512,0.122648
Qwen/Qwen3-8B,cnndm,23,14,2048,0.036677
Qwen/Qwen3-8B,cnndm,23,15,128,0.193129
Qwen/Qwen3-8B,cnndm,23,15,512,0.116216
Qwen/Qwen3-8B,cnndm,23,15,2048,0.042754
Qwen/Qwen3-8B,cnndm,23,16,128,0.095135
Qwen/Qwen3-8B,cnndm,23,16,512,0.080194
Qwen/Qwen3-8B,cnndm,23,16,2048,0.033824
Qwen/Qwen3-8B,cnndm,23,17,128,0.088218
Qwen/Qwen3-8B,cnndm,23,17,512,0.073153
Qwen/Qwen3-8B,cnndm,23,17,2048,0.031099
Qwen/Qwen3-8B,cnndm,23,18,128,0.102675
Qwen/Qwen3-8B,cnndm,23,18,512,0.080390
Qwen/Qwen3-8B,cnndm,23,18,2048,0.032364
Qwen/Qwen3-8B,cnndm,23,19,128,0.110314
Qwen/Qwen3-8B,cnndm,23,19,512,0.096506
Qwen/Qwen3-8B,cnndm,23,19,2048,0.040744
Qwen/Qwen3-8B,cnndm,23,20,128,0.108463
Qwen/Qwen3-8B,cnndm,23,20,512,0.085970
Qwen/Qwen3-8B,cnndm,23,20,2048,0.033516
Qwen/Qwen3-8B,cnndm,23,21,128,0.241171
Qwen/Qwen3-8B,cnndm,23,21,512,0.168888
Qwen/Qwen3-8B,cnndm,23,21,2048,0.067503
Qwen/Qwen3-8B,cnndm,23,22,128,0.125923
Qwen/Qwen3-8B,cnndm,23,22,512,0.097979
Qwen/Qwen3-8B,cnndm,23,22,2048,0.040436
Qwen/Qwen3-8B,cnndm,23,23,128,0.172313
Qwen/Qwen3-8B,cnndm,23,23,512,0.112560
Qwen/Qwen3-8B,cnndm,23,23,2048,0.041628
Qwen/Qwen3-8B,cnndm,23,24,128,0.184603
Qwen/Qwen3-8B,cnndm,23,24,512,0.115770
Qwen/Qwen3-8B,cnndm,23,24,2048,0.043420
Qwen/Qwen3-8B,cnndm,23,25,128,0.121439
Qwen/Qwen3-8B,cnndm,23,25,512,0.097386
Qwen/Qwen3-8B,cnndm,23,25,2048,0.040547
Qwen/Qwen3-8B,cnndm,23,26,128,0.213998
Qwen/Qwen3-8B,cnndm,23,26,512,0.120335
Qwen/Qwen3-8B,cnndm,23,26,2048,0.040855
Qwen/Qwen3-8B,cnndm,23,27,128,0.121434
Qwen/Qwen3-8B,cnndm,23,27,512,0.102602
Qwen/Qwen3-8B,cnndm,23,27,2048,0.045182
Qwen/Qwen3-8B,cnndm,23,28,128,0.289288
Qwen/Qwen3-8B,cnndm,23,28,512,0.171093
Qwen/Qwen3-8B,cnndm,23,28,2048,0.060530
Qwen/Qwen3-8B,cnndm,23,29,128,0.220704
Qwen/Qwen3-8B,cnndm,23,29,512,0.138732
Qwen/Qwen3-8B,cnndm,23,29,2048,0.054840
Qwen/Qwen3-8B,cnndm,23,30,128,0.251175
Qwen/Qwen3-8B,cnndm,23,30,512,0.141127
Qwen/Qwen3-8B,cnndm,23,30,2048,0.053149
Qwen/Qwen3-8B,cnndm,23,31,128,0.237101
Qwen/Qwen3-8B,cnndm,23,31,512,0.116586
Qwen/Qwen3-8B,cnndm,23,31,2048,0.037752
Qwen/Qwen3-8B,cnndm,24,0,128,0.114208
Qwen/Qwen3-8B,cnndm,24,0,512,0.097747
Qwen/Qwen3-8B,cnndm,24,0,2048,0.043168
Qwen/Qwen3-8B,cnndm,24,1,128,0.168312
Qwen/Qwen3-8B,cnndm,24,1,512,0.139575
Qwen/Qwen3-8B,cnndm,24,1,2048,0.061145
Qwen/Qwen3-8B,cnndm,24,2,128,0.242409
Qwen/Qwen3-8B,cnndm,24,2,512,0.166187
Qwen/Qwen3-8B,cnndm,24,2,2048,0.066833
Qwen/Qwen3-8B,cnndm,24,3,128,0.132416
Qwen/Qwen3-8B,cnndm,24,3,512,0.117591
Qwen/Qwen3-8B,cnndm,24,3,2048,0.053015
Qwen/Qwen3-8B,cnndm,24,4,128,0.250171
Qwen/Qwen3-8B,cnndm,24,4,512,0.164730
Qwen/Qwen3-8B,cnndm,24,4,2048,0.058337
Qwen/Qwen3-8B,cnndm,24,5,128,0.223379
Qwen/Qwen3-8B,cnndm,24,5,512,0.158099
Qwen/Qwen3-8B,cnndm,24,5,2048,0.062375
Qwen/Qwen3-8B,cnndm,24,6,128,0.131158
Qwen/Qwen3-8B,cnndm,24,6,512,0.116261
Qwen/Qwen3-8B,cnndm,24,6,2048,0.048784
Qwen/Qwen3-8B,cnndm,24,7,128,0.165584
Qwen/Qwen3-8B,cnndm,24,7,512,0.121023
Qwen/Qwen3-8B,cnndm,24,7,2048,0.046412
Qwen/Qwen3-8B,cnndm,24,8,128,0.257944
Qwen/Qwen3-8B,cnndm,24,8,512,0.166235
Qwen/Qwen3-8B,cnndm,24,8,2048,0.066711
Qwen/Qwen3-8B,cnndm,24,9,128,0.166021
Qwen/Qwen3-8B,cnndm,24,9,512,0.111047
Qwen/Qwen3-8B,cnndm,24,9,2048,0.046965
Qwen/Qwen3-8B,cnndm,24,10,128,0.172721
Qwen/Qwen3-8B,cnndm,24,10,512,0.147580
Qwen/Qwen3-8B,cnndm,24,10,2048,0.065434
Qwen/Qwen3-8B,cnndm,24,11,128,0.179721
Qwen/Qwen3-8B,cnndm,24,11,512,0.118883
Qwen/Qwen3-8B,cnndm,24,11,2048,0.047455
Qwen/Qwen3-8B,cnndm,24,12,128,0.298580
Qwen/Qwen3-8B,cnndm,24,12,512,0.159922
Qwen/Qwen3-8B,cnndm,24,12,2048,0.048838
Qwen/Qwen3-8B,cnndm,24,13,128,0.283926
Qwen/Qwen3-8B,cnndm,24,13,512,0.158406
Qwen/Qwen3-8B,cnndm,24,13,2048,0.053688
Qwen/Qwen3-8B,cnndm,24,14,128,0.285097
Qwen/Qwen3-8B,cnndm,24,14,512,0.149111
Qwen/Qwen3-8B,cnndm,24,14,2048,0.048809
Qwen/Qwen3-8B,cnndm,24,15,128,0.239306
Qwen/Qwen3-8B,cnndm,24,15,512,0.121753
Qwen/Qwen3-8B,cnndm,24,15,2048,0.038897
Qwen/Qwen3-8B,cnndm,24,16,128,0.264149
Qwen/Qwen3-8B,cnndm,24,16,512,0.150467
Qwen/Qwen3-8B,cnndm,24,16,2048,0.052666
Qwen/Qwen3-8B,cnndm,24,17,128,0.213061
Qwen/Qwen3-8B,cnndm,24,17,512,0.140734
Qwen/Qwen3-8B,cnndm,24,17,2048,0.052157
Qwen/Qwen3-8B,cnndm,24,18,128,0.292417
Qwen/Qwen3-8B,cnndm,24,18,512,0.172881
Qwen/Qwen3-8B,cnndm,24,18,2048,0.059582
Qwen/Qwen3-8B,cnndm,24,19,128,0.227861
Qwen/Qwen3-8B,cnndm,24,19,512,0.151473
Qwen/Qwen3-8B,cnndm,24,19,2048,0.063336
Qwen/Qwen3-8B,cnndm,24,20,128,0.198984
Qwen/Qwen3-8B,cnndm,24,20,512,0.166182
Qwen/Qwen3-8B,cnndm,24,20,2048,0.066257
Qwen/Qwen3-8B,cnndm,24,21,128,0.222111
Qwen/Qwen3-8B,cnndm,24,21,512,0.152940
Qwen/Qwen3-8B,cnndm,24,21,2048,0.063108
Qwen/Qwen3-8B,cnndm,24,22,128,0.245712
Qwen/Qwen3-8B,cnndm,24,22,512,0.179284
Qwen/Qwen3-8B,cnndm,24,22,2048,0.073870
Qwen/Qwen3-8B,cnndm,24,23,128,0.221972
Qwen/Qwen3-8B,cnndm,24,23,512,0.177304
Qwen/Qwen3-8B,cnndm,24,23,2048,0.074372
Qwen/Qwen3-8B,cnndm,24,24,128,0.309954
Qwen/Qwen3-8B,cnndm,24,24,512,0.170403
Qwen/Qwen3-8B,cnndm,24,24,2048,0.050518
Qwen/Qwen3-8B,cnndm,24,25,128,0.320520
Qwen/Qwen3-8B,cnndm,24,25,512,0.145280
Qwen/Qwen3-8B,cnndm,24,25,2048,0.043160
Qwen/Qwen3-8B,cnndm,24,26,128,0.277746
Qwen/Qwen3-8B,cnndm,24,26,512,0.146039
Qwen/Qwen3-8B,cnndm,24,26,2048,0.052527
Qwen/Qwen3-8B,cnndm,24,27,128,0.400730
Qwen/Qwen3-8B,cnndm,24,27,512,0.167455
Qwen/Qwen3-8B,cnndm,24,27,2048,0.038671
Qwen/Qwen3-8B,cnndm,24,28,128,0.366767
Qwen/Qwen3-8B,cnndm,24,28,512,0.215479
Qwen/Qwen3-8B,cnndm,24,28,2048,0.072465
Qwen/Qwen3-8B,cnndm,24,29,128,0.310804
Qwen/Qwen3-8B,cnndm,24,29,512,0.194616
Qwen/Qwen3-8B,cnndm,24,29,2048,0.070971
Qwen/Qwen3-8B,cnndm,24,30,128,0.295566
Qwen/Qwen3-8B,cnndm,24,30,512,0.173120
Qwen/Qwen3-8B,cnndm,24,30,2048,0.059561
Qwen/Qwen3-8B,cnndm,24,31,128,0.250987
Qwen/Qwen3-8B,cnndm,24,31,512,0.148771
Qwen/Qwen3-8B,cnndm,24,31,2048,0.052800
Qwen/Qwen3-8B,cnndm,25,0,128,0.214725
Qwen/Qwen3-8B,cnndm,25,0,512,0.145161
Qwen/Qwen3-8B,cnndm,25,0,2048,0.054166
Qwen/Qwen3-8B,cnndm,25,1,128,0.122696
Qwen/Qwen3-8B,cnndm,25,1,512,0.104978
Qwen/Qwen3-8B,cnndm,25,1,2048,0.041471
Qwen/Qwen3-8B,cnndm,25,2,128,0.117455
Qwen/Qwen3-8B,cnndm,25,2,512,0.101395
Qwen/Qwen3-8B,cnndm,25,2,2048,0.041495
Qwen/Qwen3-8B,cnndm,25,3,128,0.107245
Qwen/Qwen3-8B,cnndm,25,3,512,0.093870
Qwen/Qwen3-8B,cnndm,25,3,2048,0.040200
Qwen/Qwen3-8B,cnndm,25,4,128,0.130921
Qwen/Qwen3-8B,cnndm,25,4,512,0.092464
Qwen/Qwen3-8B,cnndm,25,4,2048,0.038924
Qwen/Qwen3-8B,cnndm,25,5,128,0.077641
Qwen/Qwen3-8B,cnndm,25,5,512,0.065777
Qwen/Qwen3-8B,cnndm,25,5,2048,0.028480
Qwen/Qwen3-8B,cnndm,25,6,128,0.184769
Qwen/Qwen3-8B,cnndm,25,6,512,0.136539
Qwen/Qwen3-8B,cnndm,25,6,2048,0.052930
Qwen/Qwen3-8B,cnndm,25,7,128,0.089154
Qwen/Qwen3-8B,cnndm,25,7,512,0.075085
Qwen/Qwen3-8B,cnndm,25,7,2048,0.033162
Qwen/Qwen3-8B,cnndm,25,8,128,0.240947
Qwen/Qwen3-8B,cnndm,25,8,512,0.149416
Qwen/Qwen3-8B,cnndm,25,8,2048,0.048768
Qwen/Qwen3-8B,cnndm,25,9,128,0.241249
Qwen/Qwen3-8B,cnndm,25,9,512,0.154830
Qwen/Qwen3-8B,cnndm,25,9,2048,0.057225
Qwen/Qwen3-8B,cnndm,25,10,128,0.250311
Qwen/Qwen3-8B,cnndm,25,10,512,0.153073
Qwen/Qwen3-8B,cnndm,25,10,2048,0.057393
Qwen/Qwen3-8B,cnndm,25,11,128,0.239587
Qwen/Qwen3-8B,cnndm,25,11,512,0.157999
Qwen/Qwen3-8B,cnndm,25,11,2048,0.058116
Qwen/Qwen3-8B,cnndm,25,12,128,0.076375
Qwen/Qwen3-8B,cnndm,25,12,512,0.060191
Qwen/Qwen3-8B,cnndm,25,12,2048,0.025383
Qwen/Qwen3-8B,cnndm,25,13,128,0.108406
Qwen/Qwen3-8B,cnndm,25,13,512,0.090806
Qwen/Qwen3-8B,cnndm,25,13,2048,0.038923
Qwen/Qwen3-8B,cnndm,25,14,128,0.116788
Qwen/Qwen3-8B,cnndm,25,14,512,0.065003
Qwen/Qwen3-8B,cnndm,25,14,2048,0.021542
Qwen/Qwen3-8B,cnndm,25,15,128,0.106486
Qwen/Qwen3-8B,cnndm,25,15,512,0.074997
Qwen/Qwen3-8B,cnndm,25,15,2048,0.029895
Qwen/Qwen3-8B,cnndm,25,16,128,0.104263
Qwen/Qwen3-8B,cnndm,25,16,512,0.091128
Qwen/Qwen3-8B,cnndm,25,16,2048,0.038613
Qwen/Qwen3-8B,cnndm,25,17,128,0.115025
Qwen/Qwen3-8B,cnndm,25,17,512,0.099982
Qwen/Qwen3-8B,cnndm,25,17,2048,0.042560
Qwen/Qwen3-8B,cnndm,25,18,128,0.112216
Qwen/Qwen3-8B,cnndm,25,18,512,0.097751
Qwen/Qwen3-8B,cnndm,25,18,2048,0.043368
Qwen/Qwen3-8B,cnndm,25,19,128,0.117966
Qwen/Qwen3-8B,cnndm,25,19,512,0.091357
Qwen/Qwen3-8B,cnndm,25,19,2048,0.037192
Qwen/Qwen3-8B,cnndm,25,20,128,0.139593
Qwen/Qwen3-8B,cnndm,25,20,512,0.112524
Qwen/Qwen3-8B,cnndm,25,20,2048,0.045572
Qwen/Qwen3-8B,cnndm,25,21,128,0.162483
Qwen/Qwen3-8B,cnndm,25,21,512,0.117196
Qwen/Qwen3-8B,cnndm,25,21,2048,0.043929
Qwen/Qwen3-8B,cnndm,25,22,128,0.152870
Qwen/Qwen3-8B,cnndm,25,22,512,0.118637
Qwen/Qwen3-8B,cnndm,25,22,2048,0.048096
Qwen/Qwen3-8B,cnndm,25,23,128,0.253052
Qwen/Qwen3-8B,cnndm,25,23,512,0.156053
Qwen/Qwen3-8B,cnndm,25,23,2048,0.051998
Qwen/Qwen3-8B,cnndm,25,24,128,0.192667
Qwen/Qwen3-8B,cnndm,25,24,512,0.148673
Qwen/Qwen3-8B,cnndm,25,24,2048,0.058393
Qwen/Qwen3-8B,cnndm,25,25,128,0.197533
Qwen/Qwen3-8B,cnndm,25,25,512,0.148301
Qwen/Qwen3-8B,cnndm,25,25,2048,0.058738
Qwen/Qwen3-8B,cnndm,25,26,128,0.213820
Qwen/Qwen3-8B,cnndm,25,26,512,0.135456
Qwen/Qwen3-8B,cnndm,25,26,2048,0.048978
Qwen/Qwen3-8B,cnndm,25,27,128,0.232245
Qwen/Qwen3-8B,cnndm,25,27,512,0.147646
Qwen/Qwen3-8B,cnndm,25,27,2048,0.054292
Qwen/Qwen3-8B,cnndm,25,28,128,0.159269
Qwen/Qwen3-8B,cnndm,25,28,512,0.107236
Qwen/Qwen3-8B,cnndm,25,28,2048,0.038246
Qwen/Qwen3-8B,cnndm,25,29,128,0.106815
Qwen/Qwen3-8B,cnndm,25,29,512,0.095615
Qwen/Qwen3-8B,cnndm,25,29,2048,0.040074
Qwen/Qwen3-8B,cnndm,25,30,128,0.323208
Qwen/Qwen3-8B,cnndm,25,30,512,0.192741
Qwen/Qwen3-8B,cnndm,25,30,2048,0.068810
Qwen/Qwen3-8B,cnndm,25,31,128,0.255153
Qwen/Qwen3-8B,cnndm,25,31,512,0.157935
Qwen/Qwen3-8B,cnndm,25,31,2048,0.050177
Qwen/Qwen3-8B,cnndm,26,0,128,0.265574
Qwen/Qwen3-8B,cnndm,26,0,512,0.167321
Qwen/Qwen3-8B,cnndm,26,0,2048,0.062647
Qwen/Qwen3-8B,cnndm,26,1,128,0.358827
Qwen/Qwen3-8B,cnndm,26,1,512,0.200166
Qwen/Qwen3-8B,cnndm,26,1,2048,0.058462
Qwen/Qwen3-8B,cnndm,26,2,128,0.331848
Qwen/Qwen3-8B,cnndm,26,2,512,0.213509
Qwen/Qwen3-8B,cnndm,26,2,2048,0.068697
Qwen/Qwen3-8B,cnndm,26,3,128,0.151017
Qwen/Qwen3-8B,cnndm,26,3,512,0.111440
Qwen/Qwen3-8B,cnndm,26,3,2048,0.039696
Qwen/Qwen3-8B,cnndm,26,4,128,0.217503
Qwen/Qwen3-8B,cnndm,26,4,512,0.170861
Qwen/Qwen3-8B,cnndm,26,4,2048,0.071372
Qwen/Qwen3-8B,cnndm,26,5,128,0.316415
Qwen/Qwen3-8B,cnndm,26,5,512,0.228076
Qwen/Qwen3-8B,cnndm,26,5,2048,0.084769
Qwen/Qwen3-8B,cnndm,26,6,128,0.268604
Qwen/Qwen3-8B,cnndm,26,6,512,0.204925
Qwen/Qwen3-8B,cnndm,26,6,2048,0.078853
Qwen/Qwen3-8B,cnndm,26,7,128,0.275179
Qwen/Qwen3-8B,cnndm,26,7,512,0.199837
Qwen/Qwen3-8B,cnndm,26,7,2048,0.081406
Qwen/Qwen3-8B,cnndm,26,8,128,0.105445
Qwen/Qwen3-8B,cnndm,26,8,512,0.092145
Qwen/Qwen3-8B,cnndm,26,8,2048,0.036132
Qwen/Qwen3-8B,cnndm,26,9,128,0.099273
Qwen/Qwen3-8B,cnndm,26,9,512,0.087552
Qwen/Qwen3-8B,cnndm,26,9,2048,0.034183
Qwen/Qwen3-8B,cnndm,26,10,128,0.091411
Qwen/Qwen3-8B,cnndm,26,10,512,0.082701
Qwen/Qwen3-8B,cnndm,26,10,2048,0.032775
Qwen/Qwen3-8B,cnndm,26,11,128,0.092427
Qwen/Qwen3-8B,cnndm,26,11,512,0.082007
Qwen/Qwen3-8B,cnndm,26,11,2048,0.032725
Qwen/Qwen3-8B,cnndm,26,12,128,0.188129
Qwen/Qwen3-8B,cnndm,26,12,512,0.147115
Qwen/Qwen3-8B,cnndm,26,12,2048,0.054480
Qwen/Qwen3-8B,cnndm,26,13,128,0.166657
Qwen/Qwen3-8B,cnndm,26,13,512,0.134470
Qwen/Qwen3-8B,cnndm,26,13,2048,0.050867
Qwen/Qwen3-8B,cnndm,26,14,128,0.260794
Qwen/Qwen3-8B,cnndm,26,14,512,0.194109
Qwen/Qwen3-8B,cnndm,26,14,2048,0.070670
Qwen/Qwen3-8B,cnndm,26,15,128,0.232843
Qwen/Qwen3-8B,cnndm,26,15,512,0.173323
Qwen/Qwen3-8B,cnndm,26,15,2048,0.065442
Qwen/Qwen3-8B,cnndm,26,16,128,0.238579
Qwen/Qwen3-8B,cnndm,26,16,512,0.147649
Qwen/Qwen3-8B,cnndm,26,16,2048,0.052557
Qwen/Qwen3-8B,cnndm,26,17,128,0.203765
Qwen/Qwen3-8B,cnndm,26,17,512,0.142084
Qwen/Qwen3-8B,cnndm,26,17,2048,0.058374
Qwen/Qwen3-8B,cnndm,26,18,128,0.227804
Qwen/Qwen3-8B,cnndm,26,18,512,0.155853
Qwen/Qwen3-8B,cnndm,26,18,2048,0.061470
Qwen/Qwen3-8B,cnndm,26,19,128,0.204566
Qwen/Qwen3-8B,cnndm,26,19,512,0.126914
Qwen/Qwen3-8B,cnndm,26,19,2048,0.048572
Qwen/Qwen3-8B,cnndm,26,20,128,0.214772
Qwen/Qwen3-8B,cnndm,26,20,512,0.141429
Qwen/Qwen3-8B,cnndm,26,20,2048,0.052422
Qwen/Qwen3-8B,cnndm,26,21,128,0.208387
Qwen/Qwen3-8B,cnndm,26,21,512,0.158928
Qwen/Qwen3-8B,cnndm,26,21,2048,0.060013
Qwen/Qwen3-8B,cnndm,26,22,128,0.167029
Qwen/Qwen3-8B,cnndm,26,22,512,0.133508
Qwen/Qwen3-8B,cnndm,26,22,2048,0.051657
Qwen/Qwen3-8B,cnndm,26,23,128,0.168815
Qwen/Qwen3-8B,cnndm,26,23,512,0.134842
Qwen/Qwen3-8B,cnndm,26,23,2048,0.051664
Qwen/Qwen3-8B,cnndm,26,24,128,0.228360
Qwen/Qwen3-8B,cnndm,26,24,512,0.147845
Qwen/Qwen3-8B,cnndm,26,24,2048,0.058970
Qwen/Qwen3-8B,cnndm,26,25,128,0.264552
Qwen/Qwen3-8B,cnndm,26,25,512,0.173686
Qwen/Qwen3-8B,cnndm,26,25,2048,0.071372
Qwen/Qwen3-8B,cnndm,26,26,128,0.306406
Qwen/Qwen3-8B,cnndm,26,26,512,0.188685
Qwen/Qwen3-8B,cnndm,26,26,2048,0.070738
Qwen/Qwen3-8B,cnndm,26,27,128,0.248941
Qwen/Qwen3-8B,cnndm,26,27,512,0.160383
Qwen/Qwen3-8B,cnndm,26,27,2048,0.064015
Qwen/Qwen3-8B,cnndm,26,28,128,0.218283
Qwen/Qwen3-8B,cnndm,26,28,512,0.162305
Qwen/Qwen3-8B,cnndm,26,28,2048,0.065938
Qwen/Qwen3-8B,cnndm,26,29,128,0.221491
Qwen/Qwen3-8B,cnndm,26,29,512,0.153022
Qwen/Qwen3-8B,cnndm,26,29,2048,0.059892
Qwen/Qwen3-8B,cnndm,26,30,128,0.196900
Qwen/Qwen3-8B,cnndm,26,30,512,0.160287
Qwen/Qwen3-8B,cnndm,26,30,2048,0.064280
Qwen/Qwen3-8B,cnndm,26,31,128,0.240903
Qwen/Qwen3-8B,cnndm,26,31,512,0.138390
Qwen/Qwen3-8B,cnndm,26,31,2048,0.051119
Qwen/Qwen3-8B,cnndm,27,0,128,0.115190
Qwen/Qwen3-8B,cnndm,27,0,512,0.094115
Qwen/Qwen3-8B,cnndm,27,0,2048,0.044008
Qwen/Qwen3-8B,cnndm,27,1,128,0.152636
Qwen/Qwen3-8B,cnndm,27,1,512,0.129559
Qwen/Qwen3-8B,cnndm,27,1,2048,0.057537
Qwen/Qwen3-8B,cnndm,27,2,128,0.122778
Qwen/Qwen3-8B,cnndm,27,2,512,0.110924
Qwen/Qwen3-8B,cnndm,27,2,2048,0.053331
Qwen/Qwen3-8B,cnndm,27,3,128,0.153144
Qwen/Qwen3-8B,cnndm,27,3,512,0.119287
Qwen/Qwen3-8B,cnndm,27,3,2048,0.055516
Qwen/Qwen3-8B,cnndm,27,4,128,0.141011
Qwen/Qwen3-8B,cnndm,27,4,512,0.107298
Qwen/Qwen3-8B,cnndm,27,4,2048,0.048839
Qwen/Qwen3-8B,cnndm,27,5,128,0.112232
Qwen/Qwen3-8B,cnndm,27,5,512,0.095364
Qwen/Qwen3-8B,cnndm,27,5,2048,0.047476
Qwen/Qwen3-8B,cnndm,27,6,128,0.111536
Qwen/Qwen3-8B,cnndm,27,6,512,0.098385
Qwen/Qwen3-8B,cnndm,27,6,2048,0.048907
Qwen/Qwen3-8B,cnndm,27,7,128,0.155014
Qwen/Qwen3-8B,cnndm,27,7,512,0.104571
Qwen/Qwen3-8B,cnndm,27,7,2048,0.047206
Qwen/Qwen3-8B,cnndm,27,8,128,0.142660
Qwen/Qwen3-8B,cnndm,27,8,512,0.112304
Qwen/Qwen3-8B,cnndm,27,8,2048,0.052877
Qwen/Qwen3-8B,cnndm,27,9,128,0.140937
Qwen/Qwen3-8B,cnndm,27,9,512,0.117613
Qwen/Qwen3-8B,cnndm,27,9,2048,0.057280
Qwen/Qwen3-8B,cnndm,27,10,128,0.279746
Qwen/Qwen3-8B,cnndm,27,10,512,0.197052
Qwen/Qwen3-8B,cnndm,27,10,2048,0.075065
Qwen/Qwen3-8B,cnndm,27,11,128,0.157945
Qwen/Qwen3-8B,cnndm,27,11,512,0.122060
Qwen/Qwen3-8B,cnndm,27,11,2048,0.055410
Qwen/Qwen3-8B,cnndm,27,12,128,0.126374
Qwen/Qwen3-8B,cnndm,27,12,512,0.101650
Qwen/Qwen3-8B,cnndm,27,12,2048,0.048473
Qwen/Qwen3-8B,cnndm,27,13,128,0.181982
Qwen/Qwen3-8B,cnndm,27,13,512,0.125548
Qwen/Qwen3-8B,cnndm,27,13,2048,0.055129
Qwen/Qwen3-8B,cnndm,27,14,128,0.143719
Qwen/Qwen3-8B,cnndm,27,14,512,0.103578
Qwen/Qwen3-8B,cnndm,27,14,2048,0.045732
Qwen/Qwen3-8B,cnndm,27,15,128,0.258326
Qwen/Qwen3-8B,cnndm,27,15,512,0.157740
Qwen/Qwen3-8B,cnndm,27,15,2048,0.062683
Qwen/Qwen3-8B,cnndm,27,16,128,0.377097
Qwen/Qwen3-8B,cnndm,27,16,512,0.226155
Qwen/Qwen3-8B,cnndm,27,16,2048,0.079142
Qwen/Qwen3-8B,cnndm,27,17,128,0.283648
Qwen/Qwen3-8B,cnndm,27,17,512,0.164579
Qwen/Qwen3-8B,cnndm,27,17,2048,0.054115
Qwen/Qwen3-8B,cnndm,27,18,128,0.295569
Qwen/Qwen3-8B,cnndm,27,18,512,0.178585
Qwen/Qwen3-8B,cnndm,27,18,2048,0.065480
Qwen/Qwen3-8B,cnndm,27,19,128,0.298566
Qwen/Qwen3-8B,cnndm,27,19,512,0.203667
Qwen/Qwen3-8B,cnndm,27,19,2048,0.074977
Qwen/Qwen3-8B,cnndm,27,20,128,0.315366
Qwen/Qwen3-8B,cnndm,27,20,512,0.219256
Qwen/Qwen3-8B,cnndm,27,20,2048,0.096658
Qwen/Qwen3-8B,cnndm,27,21,128,0.147388
Qwen/Qwen3-8B,cnndm,27,21,512,0.110908
Qwen/Qwen3-8B,cnndm,27,21,2048,0.047532
Qwen/Qwen3-8B,cnndm,27,22,128,0.141271
Qwen/Qwen3-8B,cnndm,27,22,512,0.121742
Qwen/Qwen3-8B,cnndm,27,22,2048,0.055420
Qwen/Qwen3-8B,cnndm,27,23,128,0.307695
Qwen/Qwen3-8B,cnndm,27,23,512,0.218883
Qwen/Qwen3-8B,cnndm,27,23,2048,0.097879
Qwen/Qwen3-8B,cnndm,27,24,128,0.220970
Qwen/Qwen3-8B,cnndm,27,24,512,0.162626
Qwen/Qwen3-8B,cnndm,27,24,2048,0.062870
Qwen/Qwen3-8B,cnndm,27,25,128,0.277008
Qwen/Qwen3-8B,cnndm,27,25,512,0.212096
Qwen/Qwen3-8B,cnndm,27,25,2048,0.078302
Qwen/Qwen3-8B,cnndm,27,26,128,0.227511
Qwen/Qwen3-8B,cnndm,27,26,512,0.172754
Qwen/Qwen3-8B,cnndm,27,26,2048,0.064648
Qwen/Qwen3-8B,cnndm,27,27,128,0.263621
Qwen/Qwen3-8B,cnndm,27,27,512,0.197637
Qwen/Qwen3-8B,cnndm,27,27,2048,0.074828
Qwen/Qwen3-8B,cnndm,27,28,128,0.193324
Qwen/Qwen3-8B,cnndm,27,28,512,0.145362
Qwen/Qwen3-8B,cnndm,27,28,2048,0.062929
Qwen/Qwen3-8B,cnndm,27,29,128,0.183762
Qwen/Qwen3-8B,cnndm,27,29,512,0.123159
Qwen/Qwen3-8B,cnndm,27,29,2048,0.054270
Qwen/Qwen3-8B,cnndm,27,30,128,0.208889
Qwen/Qwen3-8B,cnndm,27,30,512,0.144017
Qwen/Qwen3-8B,cnndm,27,30,2048,0.059241
Qwen/Qwen3-8B,cnndm,27,31,128,0.200615
Qwen/Qwen3-8B,cnndm,27,31,512,0.153778
Qwen/Qwen3-8B,cnndm,27,31,2048,0.062364
Qwen/Qwen3-8B,cnndm,28,0,128,0.256690
Qwen/Qwen3-8B,cnndm,28,0,512,0.164033
Qwen/Qwen3-8B,cnndm,28,0,2048,0.064395
Qwen/Qwen3-8B,cnndm,28,1,128,0.209613
Qwen/Qwen3-8B,cnndm,28,1,512,0.142201
Qwen/Qwen3-8B,cnndm,28,1,2048,0.056795
Qwen/Qwen3-8B,cnndm,28,2,128,0.270025
Qwen/Qwen3-8B,cnndm,28,2,512,0.170402
Qwen/Qwen3-8B,cnndm,28,2,2048,0.068813
Qwen/Qwen3-8B,cnndm,28,3,128,0.288499
Qwen/Qwen3-8B,cnndm,28,3,512,0.190262
Qwen/Qwen3-8B,cnndm,28,3,2048,0.077554
Qwen/Qwen3-8B,cnndm,28,4,128,0.102644
Qwen/Qwen3-8B,cnndm,28,4,512,0.084716
Qwen/Qwen3-8B,cnndm,28,4,2048,0.032568
Qwen/Qwen3-8B,cnndm,28,5,128,0.093689
Qwen/Qwen3-8B,cnndm,28,5,512,0.068759
Qwen/Qwen3-8B,cnndm,28,5,2048,0.023209
Qwen/Qwen3-8B,cnndm,28,6,128,0.114750
Qwen/Qwen3-8B,cnndm,28,6,512,0.081133
Qwen/Qwen3-8B,cnndm,28,6,2048,0.028390
Qwen/Qwen3-8B,cnndm,28,7,128,0.134103
Qwen/Qwen3-8B,cnndm,28,7,512,0.080592
Qwen/Qwen3-8B,cnndm,28,7,2048,0.022869
Qwen/Qwen3-8B,cnndm,28,8,128,0.228094
Qwen/Qwen3-8B,cnndm,28,8,512,0.146376
Qwen/Qwen3-8B,cnndm,28,8,2048,0.051469
Qwen/Qwen3-8B,cnndm,28,9,128,0.208453
Qwen/Qwen3-8B,cnndm,28,9,512,0.147920
Qwen/Qwen3-8B,cnndm,28,9,2048,0.055912
Qwen/Qwen3-8B,cnndm,28,10,128,0.201853
Qwen/Qwen3-8B,cnndm,28,10,512,0.135447
Qwen/Qwen3-8B,cnndm,28,10,2048,0.051431
Qwen/Qwen3-8B,cnndm,28,11,128,0.214685
Qwen/Qwen3-8B,cnndm,28,11,512,0.144142
Qwen/Qwen3-8B,cnndm,28,11,2048,0.055159
Qwen/Qwen3-8B,cnndm,28,12,128,0.209527
Qwen/Qwen3-8B,cnndm,28,12,512,0.148083
Qwen/Qwen3-8B,cnndm,28,12,2048,0.058017
Qwen/Qwen3-8B,cnndm,28,13,128,0.170914
Qwen/Qwen3-8B,cnndm,28,13,512,0.127705
Qwen/Qwen3-8B,cnndm,28,13,2048,0.050884
Qwen/Qwen3-8B,cnndm,28,14,128,0.128611
Qwen/Qwen3-8B,cnndm,28,14,512,0.104621
Qwen/Qwen3-8B,cnndm,28,14,2048,0.041985
Qwen/Qwen3-8B,cnndm,28,15,128,0.153598
Qwen/Qwen3-8B,cnndm,28,15,512,0.116219
Qwen/Qwen3-8B,cnndm,28,15,2048,0.045868
Qwen/Qwen3-8B,cnndm,28,16,128,0.201526
Qwen/Qwen3-8B,cnndm,28,16,512,0.142130
Qwen/Qwen3-8B,cnndm,28,16,2048,0.054808
Qwen/Qwen3-8B,cnndm,28,17,128,0.171754
Qwen/Qwen3-8B,cnndm,28,17,512,0.124009
Qwen/Qwen3-8B,cnndm,28,17,2048,0.048046
Qwen/Qwen3-8B,cnndm,28,18,128,0.226177
Qwen/Qwen3-8B,cnndm,28,18,512,0.147885
Qwen/Qwen3-8B,cnndm,28,18,2048,0.058619
Qwen/Qwen3-8B,cnndm,28,19,128,0.196590
Qwen/Qwen3-8B,cnndm,28,19,512,0.144659
Qwen/Qwen3-8B,cnndm,28,19,2048,0.058220
Qwen/Qwen3-8B,cnndm,28,20,128,0.121525
Qwen/Qwen3-8B,cnndm,28,20,512,0.093085
Qwen/Qwen3-8B,cnndm,28,20,2048,0.034129
Qwen/Qwen3-8B,cnndm,28,21,128,0.339895
Qwen/Qwen3-8B,cnndm,28,21,512,0.190265
Qwen/Qwen3-8B,cnndm,28,21,2048,0.053700
Qwen/Qwen3-8B,cnndm,28,22,128,0.182051
Qwen/Qwen3-8B,cnndm,28,22,512,0.097353
Qwen/Qwen3-8B,cnndm,28,22,2048,0.029064
Qwen/Qwen3-8B,cnndm,28,23,128,0.301379
Qwen/Qwen3-8B,cnndm,28,23,512,0.178739
Qwen/Qwen3-8B,cnndm,28,23,2048,0.067048
Qwen/Qwen3-8B,cnndm,28,24,128,0.085574
Qwen/Qwen3-8B,cnndm,28,24,512,0.074091
Qwen/Qwen3-8B,cnndm,28,24,2048,0.029186
Qwen/Qwen3-8B,cnndm,28,25,128,0.131886
Qwen/Qwen3-8B,cnndm,28,25,512,0.097973
Qwen/Qwen3-8B,cnndm,28,25,2048,0.029961
Qwen/Qwen3-8B,cnndm,28,26,128,0.104814
Qwen/Qwen3-8B,cnndm,28,26,512,0.090761
Qwen/Qwen3-8B,cnndm,28,26,2048,0.037100
Qwen/Qwen3-8B,cnndm,28,27,128,0.094905
Qwen/Qwen3-8B,cnndm,28,27,512,0.081771
Qwen/Qwen3-8B,cnndm,28,27,2048,0.032928
Qwen/Qwen3-8B,cnndm,28,28,128,0.077628
Qwen/Qwen3-8B,cnndm,28,28,512,0.068541
Qwen/Qwen3-8B,cnndm,28,28,2048,0.027373
Qwen/Qwen3-8B,cnndm,28,29,128,0.082962
Qwen/Qwen3-8B,cnndm,28,29,512,0.069903
Qwen/Qwen3-8B,cnndm,28,29,2048,0.028092
Qwen/Qwen3-8B,cnndm,28,30,128,0.081129
Qwen/Qwen3-8B,cnndm,28,30,512,0.061922
Qwen/Qwen3-8B,cnndm,28,30,2048,0.022870
Qwen/Qwen3-8B,cnndm,28,31,128,0.094890
Qwen/Qwen3-8B,cnndm,28,31,512,0.076266
Qwen/Qwen3-8B,cnndm,28,31,2048,0.029401
Qwen/Qwen3-8B,cnndm,29,0,128,0.233722
Qwen/Qwen3-8B,cnndm,29,0,512,0.162810
Qwen/Qwen3-8B,cnndm,29,0,2048,0.063950
Qwen/Qwen3-8B,cnndm,29,1,128,0.221130
Qwen/Qwen3-8B,cnndm,29,1,512,0.162350
Qwen/Qwen3-8B,cnndm,29,1,2048,0.064775
Qwen/Qwen3-8B,cnndm,29,2,128,0.232605
Qwen/Qwen3-8B,cnndm,29,2,512,0.165967
Qwen/Qwen3-8B,cnndm,29,2,2048,0.062632
Qwen/Qwen3-8B,cnndm,29,3,128,0.236312
Qwen/Qwen3-8B,cnndm,29,3,512,0.169820
Qwen/Qwen3-8B,cnndm,29,3,2048,0.064994
Qwen/Qwen3-8B,cnndm,29,4,128,0.236836
Qwen/Qwen3-8B,cnndm,29,4,512,0.147015
Qwen/Qwen3-8B,cnndm,29,4,2048,0.054992
Qwen/Qwen3-8B,cnndm,29,5,128,0.211570
Qwen/Qwen3-8B,cnndm,29,5,512,0.159260
Qwen/Qwen3-8B,cnndm,29,5,2048,0.065982
Qwen/Qwen3-8B,cnndm,29,6,128,0.234915
Qwen/Qwen3-8B,cnndm,29,6,512,0.146899
Qwen/Qwen3-8B,cnndm,29,6,2048,0.054881
Qwen/Qwen3-8B,cnndm,29,7,128,0.194566
Qwen/Qwen3-8B,cnndm,29,7,512,0.150362
Qwen/Qwen3-8B,cnndm,29,7,2048,0.061955
Qwen/Qwen3-8B,cnndm,29,8,128,0.171446
Qwen/Qwen3-8B,cnndm,29,8,512,0.138580
Qwen/Qwen3-8B,cnndm,29,8,2048,0.057342
Qwen/Qwen3-8B,cnndm,29,9,128,0.218632
Qwen/Qwen3-8B,cnndm,29,9,512,0.158869
Qwen/Qwen3-8B,cnndm,29,9,2048,0.064771
Qwen/Qwen3-8B,cnndm,29,10,128,0.158358
Qwen/Qwen3-8B,cnndm,29,10,512,0.133273
Qwen/Qwen3-8B,cnndm,29,10,2048,0.056066
Qwen/Qwen3-8B,cnndm,29,11,128,0.225220
Qwen/Qwen3-8B,cnndm,29,11,512,0.160199
Qwen/Qwen3-8B,cnndm,29,11,2048,0.063410
Qwen/Qwen3-8B,cnndm,29,12,128,0.229309
Qwen/Qwen3-8B,cnndm,29,12,512,0.180849
Qwen/Qwen3-8B,cnndm,29,12,2048,0.074131
Qwen/Qwen3-8B,cnndm,29,13,128,0.202017
Qwen/Qwen3-8B,cnndm,29,13,512,0.155948
Qwen/Qwen3-8B,cnndm,29,13,2048,0.061509
Qwen/Qwen3-8B,cnndm,29,14,128,0.270488
Qwen/Qwen3-8B,cnndm,29,14,512,0.218062
Qwen/Qwen3-8B,cnndm,29,14,2048,0.084609
Qwen/Qwen3-8B,cnndm,29,15,128,0.224291
Qwen/Qwen3-8B,cnndm,29,15,512,0.178182
Qwen/Qwen3-8B,cnndm,29,15,2048,0.071441
Qwen/Qwen3-8B,cnndm,29,16,128,0.153416
Qwen/Qwen3-8B,cnndm,29,16,512,0.127209
Qwen/Qwen3-8B,cnndm,29,16,2048,0.055401
Qwen/Qwen3-8B,cnndm,29,17,128,0.299756
Qwen/Qwen3-8B,cnndm,29,17,512,0.211112
Qwen/Qwen3-8B,cnndm,29,17,2048,0.076561
Qwen/Qwen3-8B,cnndm,29,18,128,0.155950
Qwen/Qwen3-8B,cnndm,29,18,512,0.133581
Qwen/Qwen3-8B,cnndm,29,18,2048,0.056734
Qwen/Qwen3-8B,cnndm,29,19,128,0.134116
Qwen/Qwen3-8B,cnndm,29,19,512,0.117240
Qwen/Qwen3-8B,cnndm,29,19,2048,0.054477
Qwen/Qwen3-8B,cnndm,29,20,128,0.158476
Qwen/Qwen3-8B,cnndm,29,20,512,0.126491
Qwen/Qwen3-8B,cnndm,29,20,2048,0.049127
Qwen/Qwen3-8B,cnndm,29,21,128,0.122950
Qwen/Qwen3-8B,cnndm,29,21,512,0.104570
Qwen/Qwen3-8B,cnndm,29,21,2048,0.045469
Qwen/Qwen3-8B,cnndm,29,22,128,0.277783
Qwen/Qwen3-8B,cnndm,29,22,512,0.194803
Qwen/Qwen3-8B,cnndm,29,22,2048,0.062665
Qwen/Qwen3-8B,cnndm,29,23,128,0.089970
Qwen/Qwen3-8B,cnndm,29,23,512,0.082452
Qwen/Qwen3-8B,cnndm,29,23,2048,0.037317
Qwen/Qwen3-8B,cnndm,29,24,128,0.203884
Qwen/Qwen3-8B,cnndm,29,24,512,0.128583
Qwen/Qwen3-8B,cnndm,29,24,2048,0.044581
Qwen/Qwen3-8B,cnndm,29,25,128,0.190833
Qwen/Qwen3-8B,cnndm,29,25,512,0.132330
Qwen/Qwen3-8B,cnndm,29,25,2048,0.050190
Qwen/Qwen3-8B,cnndm,29,26,128,0.199890
Qwen/Qwen3-8B,cnndm,29,26,512,0.132091
Qwen/Qwen3-8B,cnndm,29,26,2048,0.045584
Qwen/Qwen3-8B,cnndm,29,27,128,0.196421
Qwen/Qwen3-8B,cnndm,29,27,512,0.141495
Qwen/Qwen3-8B,cnndm,29,27,2048,0.047830
Qwen/Qwen3-8B,cnndm,29,28,128,0.128482
Qwen/Qwen3-8B,cnndm,29,28,512,0.109305
Qwen/Qwen3-8B,cnndm,29,28,2048,0.047018
Qwen/Qwen3-8B,cnndm,29,29,128,0.122104
Qwen/Qwen3-8B,cnndm,29,29,512,0.098416
Qwen/Qwen3-8B,cnndm,29,29,2048,0.039245
Qwen/Qwen3-8B,cnndm,29,30,128,0.116087
Qwen/Qwen3-8B,cnndm,29,30,512,0.102088
Qwen/Qwen3-8B,cnndm,29,30,2048,0.043070
Qwen/Qwen3-8B,cnndm,29,31,128,0.132946
Qwen/Qwen3-8B,cnndm,29,31,512,0.110765
Qwen/Qwen3-8B,cnndm,29,31,2048,0.045563
Qwen/Qwen3-8B,cnndm,30,0,128,0.116924
Qwen/Qwen3-8B,cnndm,30,0,512,0.076260
Qwen/Qwen3-8B,cnndm,30,0,2048,0.026468
Qwen/Qwen3-8B,cnndm,30,1,128,0.094978
Qwen/Qwen3-8B,cnndm,30,1,512,0.075559
Qwen/Qwen3-8B,cnndm,30,1,2048,0.029737
Qwen/Qwen3-8B,cnndm,30,2,128,0.107899
Qwen/Qwen3-8B,cnndm,30,2,512,0.074955
Qwen/Qwen3-8B,cnndm,30,2,2048,0.024092
Qwen/Qwen3-8B,cnndm,30,3,128,0.110099
Qwen/Qwen3-8B,cnndm,30,3,512,0.086181
Qwen/Qwen3-8B,cnndm,30,3,2048,0.032663
Qwen/Qwen3-8B,cnndm,30,4,128,0.123960
Qwen/Qwen3-8B,cnndm,30,4,512,0.101188
Qwen/Qwen3-8B,cnndm,30,4,2048,0.039081
Qwen/Qwen3-8B,cnndm,30,5,128,0.094600
Qwen/Qwen3-8B,cnndm,30,5,512,0.080870
Qwen/Qwen3-8B,cnndm,30,5,2048,0.034452
Qwen/Qwen3-8B,cnndm,30,6,128,0.264724
Qwen/Qwen3-8B,cnndm,30,6,512,0.150321
Qwen/Qwen3-8B,cnndm,30,6,2048,0.047873
Qwen/Qwen3-8B,cnndm,30,7,128,0.099471
Qwen/Qwen3-8B,cnndm,30,7,512,0.066777
Qwen/Qwen3-8B,cnndm,30,7,2048,0.024223
Qwen/Qwen3-8B,cnndm,30,8,128,0.228076
Qwen/Qwen3-8B,cnndm,30,8,512,0.175848
Qwen/Qwen3-8B,cnndm,30,8,2048,0.073219
Qwen/Qwen3-8B,cnndm,30,9,128,0.215859
Qwen/Qwen3-8B,cnndm,30,9,512,0.164875
Qwen/Qwen3-8B,cnndm,30,9,2048,0.069457
Qwen/Qwen3-8B,cnndm,30,10,128,0.148618
Qwen/Qwen3-8B,cnndm,30,10,512,0.124388
Qwen/Qwen3-8B,cnndm,30,10,2048,0.049606
Qwen/Qwen3-8B,cnndm,30,11,128,0.224739
Qwen/Qwen3-8B,cnndm,30,11,512,0.182362
Qwen/Qwen3-8B,cnndm,30,11,2048,0.078498
Qwen/Qwen3-8B,cnndm,30,12,128,0.094194
Qwen/Qwen3-8B,cnndm,30,12,512,0.077850
Qwen/Qwen3-8B,cnndm,30,12,2048,0.031810
Qwen/Qwen3-8B,cnndm,30,13,128,0.109720
Qwen/Qwen3-8B,cnndm,30,13,512,0.088329
Qwen/Qwen3-8B,cnndm,30,13,2048,0.035324
Qwen/Qwen3-8B,cnndm,30,14,128,0.100432
Qwen/Qwen3-8B,cnndm,30,14,512,0.089878
Qwen/Qwen3-8B,cnndm,30,14,2048,0.040432
Qwen/Qwen3-8B,cnndm,30,15,128,0.099005
Qwen/Qwen3-8B,cnndm,30,15,512,0.079116
Qwen/Qwen3-8B,cnndm,30,15,2048,0.032935
Qwen/Qwen3-8B,cnndm,30,16,128,0.181821
Qwen/Qwen3-8B,cnndm,30,16,512,0.122490
Qwen/Qwen3-8B,cnndm,30,16,2048,0.044154
Qwen/Qwen3-8B,cnndm,30,17,128,0.210296
Qwen/Qwen3-8B,cnndm,30,17,512,0.117325
Qwen/Qwen3-8B,cnndm,30,17,2048,0.038288
Qwen/Qwen3-8B,cnndm,30,18,128,0.153877
Qwen/Qwen3-8B,cnndm,30,18,512,0.116613
Qwen/Qwen3-8B,cnndm,30,18,2048,0.049636
Qwen/Qwen3-8B,cnndm,30,19,128,0.152257
Qwen/Qwen3-8B,cnndm,30,19,512,0.109761
Qwen/Qwen3-8B,cnndm,30,19,2048,0.039198
Qwen/Qwen3-8B,cnndm,30,20,128,0.156686
Qwen/Qwen3-8B,cnndm,30,20,512,0.079695
Qwen/Qwen3-8B,cnndm,30,20,2048,0.018389
Qwen/Qwen3-8B,cnndm,30,21,128,0.115569
Qwen/Qwen3-8B,cnndm,30,21,512,0.103485
Qwen/Qwen3-8B,cnndm,30,21,2048,0.045380
Qwen/Qwen3-8B,cnndm,30,22,128,0.168651
Qwen/Qwen3-8B,cnndm,30,22,512,0.118547
Qwen/Qwen3-8B,cnndm,30,22,2048,0.041900
Qwen/Qwen3-8B,cnndm,30,23,128,0.137591
Qwen/Qwen3-8B,cnndm,30,23,512,0.110027
Qwen/Qwen3-8B,cnndm,30,23,2048,0.043912
Qwen/Qwen3-8B,cnndm,30,24,128,0.212872
Qwen/Qwen3-8B,cnndm,30,24,512,0.156604
Qwen/Qwen3-8B,cnndm,30,24,2048,0.061115
Qwen/Qwen3-8B,cnndm,30,25,128,0.193418
Qwen/Qwen3-8B,cnndm,30,25,512,0.150305
Qwen/Qwen3-8B,cnndm,30,25,2048,0.064080
Qwen/Qwen3-8B,cnndm,30,26,128,0.203800
Qwen/Qwen3-8B,cnndm,30,26,512,0.153230
Qwen/Qwen3-8B,cnndm,30,26,2048,0.061270
Qwen/Qwen3-8B,cnndm,30,27,128,0.220454
Qwen/Qwen3-8B,cnndm,30,27,512,0.165702
Qwen/Qwen3-8B,cnndm,30,27,2048,0.067922
Qwen/Qwen3-8B,cnndm,30,28,128,0.091268
Qwen/Qwen3-8B,cnndm,30,28,512,0.075449
Qwen/Qwen3-8B,cnndm,30,28,2048,0.031033
Qwen/Qwen3-8B,cnndm,30,29,128,0.087012
Qwen/Qwen3-8B,cnndm,30,29,512,0.075218
Qwen/Qwen3-8B,cnndm,30,29,2048,0.033101
Qwen/Qwen3-8B,cnndm,30,30,128,0.094787
Qwen/Qwen3-8B,cnndm,30,30,512,0.076963
Qwen/Qwen3-8B,cnndm,30,30,2048,0.029540
Qwen/Qwen3-8B,cnndm,30,31,128,0.089698
Qwen/Qwen3-8B,cnndm,30,31,512,0.074325
Qwen/Qwen3-8B,cnndm,30,31,2048,0.031617
Qwen/Qwen3-8B,cnndm,31,0,128,0.156389
Qwen/Qwen3-8B,cnndm,31,0,512,0.109404
Qwen/Qwen3-8B,cnndm,31,0,2048,0.038952
Qwen/Qwen3-8B,cnndm,31,1,128,0.168358
Qwen/Qwen3-8B,cnndm,31,1,512,0.136793
Qwen/Qwen3-8B,cnndm,31,1,2048,0.059836
Qwen/Qwen3-8B,cnndm,31,2,128,0.196390
Qwen/Qwen3-8B,cnndm,31,2,512,0.132647
Qwen/Qwen3-8B,cnndm,31,2,2048,0.048662
Qwen/Qwen3-8B,cnndm,31,3,128,0.235785
Qwen/Qwen3-8B,cnndm,31,3,512,0.140848
Qwen/Qwen3-8B,cnndm,31,3,2048,0.050858
Qwen/Qwen3-8B,cnndm,31,4,128,0.233007
Qwen/Qwen3-8B,cnndm,31,4,512,0.164572
Qwen/Qwen3-8B,cnndm,31,4,2048,0.064256
Qwen/Qwen3-8B,cnndm,31,5,128,0.224370
Qwen/Qwen3-8B,cnndm,31,5,512,0.161472
Qwen/Qwen3-8B,cnndm,31,5,2048,0.064085
Qwen/Qwen3-8B,cnndm,31,6,128,0.228403
Qwen/Qwen3-8B,cnndm,31,6,512,0.173560
Qwen/Qwen3-8B,cnndm,31,6,2048,0.069518
Qwen/Qwen3-8B,cnndm,31,7,128,0.211953
Qwen/Qwen3-8B,cnndm,31,7,512,0.161706
Qwen/Qwen3-8B,cnndm,31,7,2048,0.065025
Qwen/Qwen3-8B,cnndm,31,8,128,0.161527
Qwen/Qwen3-8B,cnndm,31,8,512,0.124139
Qwen/Qwen3-8B,cnndm,31,8,2048,0.046948
Qwen/Qwen3-8B,cnndm,31,9,128,0.164314
Qwen/Qwen3-8B,cnndm,31,9,512,0.107746
Qwen/Qwen3-8B,cnndm,31,9,2048,0.039225
Qwen/Qwen3-8B,cnndm,31,10,128,0.161269
Qwen/Qwen3-8B,cnndm,31,10,512,0.110189
Qwen/Qwen3-8B,cnndm,31,10,2048,0.031959
Qwen/Qwen3-8B,cnndm,31,11,128,0.139127
Qwen/Qwen3-8B,cnndm,31,11,512,0.100408
Qwen/Qwen3-8B,cnndm,31,11,2048,0.034484
Qwen/Qwen3-8B,cnndm,31,12,128,0.175729
Qwen/Qwen3-8B,cnndm,31,12,512,0.141993
Qwen/Qwen3-8B,cnndm,31,12,2048,0.052386
Qwen/Qwen3-8B,cnndm,31,13,128,0.223729
Qwen/Qwen3-8B,cnndm,31,13,512,0.169951
Qwen/Qwen3-8B,cnndm,31,13,2048,0.067805
Qwen/Qwen3-8B,cnndm,31,14,128,0.217314
Qwen/Qwen3-8B,cnndm,31,14,512,0.165971
Qwen/Qwen3-8B,cnndm,31,14,2048,0.064614
Qwen/Qwen3-8B,cnndm,31,15,128,0.229947
Qwen/Qwen3-8B,cnndm,31,15,512,0.171113
Qwen/Qwen3-8B,cnndm,31,15,2048,0.065396
Qwen/Qwen3-8B,cnndm,31,16,128,0.091310
Qwen/Qwen3-8B,cnndm,31,16,512,0.082904
Qwen/Qwen3-8B,cnndm,31,16,2048,0.036499
Qwen/Qwen3-8B,cnndm,31,17,128,0.117176
Qwen/Qwen3-8B,cnndm,31,17,512,0.100220
Qwen/Qwen3-8B,cnndm,31,17,2048,0.042317
Qwen/Qwen3-8B,cnndm,31,18,128,0.130203
Qwen/Qwen3-8B,cnndm,31,18,512,0.104030
Qwen/Qwen3-8B,cnndm,31,18,2048,0.038089
Qwen/Qwen3-8B,cnndm,31,19,128,0.118849
Qwen/Qwen3-8B,cnndm,31,19,512,0.098475
Qwen/Qwen3-8B,cnndm,31,19,2048,0.041212
Qwen/Qwen3-8B,cnndm,31,20,128,0.189864
Qwen/Qwen3-8B,cnndm,31,20,512,0.144487
Qwen/Qwen3-8B,cnndm,31,20,2048,0.054711
Qwen/Qwen3-8B,cnndm,31,21,128,0.113782
Qwen/Qwen3-8B,cnndm,31,21,512,0.097833
Qwen/Qwen3-8B,cnndm,31,21,2048,0.040205
Qwen/Qwen3-8B,cnndm,31,22,128,0.125010
Qwen/Qwen3-8B,cnndm,31,22,512,0.106969
Qwen/Qwen3-8B,cnndm,31,22,2048,0.042983
Qwen/Qwen3-8B,cnndm,31,23,128,0.112776
Qwen/Qwen3-8B,cnndm,31,23,512,0.098128
Qwen/Qwen3-8B,cnndm,31,23,2048,0.042420
Qwen/Qwen3-8B,cnndm,31,24,128,0.164261
Qwen/Qwen3-8B,cnndm,31,24,512,0.124620
Qwen/Qwen3-8B,cnndm,31,24,2048,0.048838
Qwen/Qwen3-8B,cnndm,31,25,128,0.112113
Qwen/Qwen3-8B,cnndm,31,25,512,0.098961
Qwen/Qwen3-8B,cnndm,31,25,2048,0.040135
Qwen/Qwen3-8B,cnndm,31,26,128,0.122211
Qwen/Qwen3-8B,cnndm,31,26,512,0.095533
Qwen/Qwen3-8B,cnndm,31,26,2048,0.036736
Qwen/Qwen3-8B,cnndm,31,27,128,0.123611
Qwen/Qwen3-8B,cnndm,31,27,512,0.114240
Qwen/Qwen3-8B,cnndm,31,27,2048,0.048204
Qwen/Qwen3-8B,cnndm,31,28,128,0.229674
Qwen/Qwen3-8B,cnndm,31,28,512,0.164124
Qwen/Qwen3-8B,cnndm,31,28,2048,0.060833
Qwen/Qwen3-8B,cnndm,31,29,128,0.246085
Qwen/Qwen3-8B,cnndm,31,29,512,0.174029
Qwen/Qwen3-8B,cnndm,31,29,2048,0.060890
Qwen/Qwen3-8B,cnndm,31,30,128,0.261128
Qwen/Qwen3-8B,cnndm,31,30,512,0.171619
Qwen/Qwen3-8B,cnndm,31,30,2048,0.064312
Qwen/Qwen3-8B,cnndm,31,31,128,0.235634
Qwen/Qwen3-8B,cnndm,31,31,512,0.171316
Qwen/Qwen3-8B,cnndm,31,31,2048,0.063222
Qwen/Qwen3-8B,cnndm,32,0,128,0.232775
Qwen/Qwen3-8B,cnndm,32,0,512,0.169778
Qwen/Qwen3-8B,cnndm,32,0,2048,0.068687
Qwen/Qwen3-8B,cnndm,32,1,128,0.172627
Qwen/Qwen3-8B,cnndm,32,1,512,0.136392
Qwen/Qwen3-8B,cnndm,32,1,2048,0.058983
Qwen/Qwen3-8B,cnndm,32,2,128,0.214213
Qwen/Qwen3-8B,cnndm,32,2,512,0.164787
Qwen/Qwen3-8B,cnndm,32,2,2048,0.067897
Qwen/Qwen3-8B,cnndm,32,3,128,0.237030
Qwen/Qwen3-8B,cnndm,32,3,512,0.166787
Qwen/Qwen3-8B,cnndm,32,3,2048,0.064745
Qwen/Qwen3-8B,cnndm,32,4,128,0.166398
Qwen/Qwen3-8B,cnndm,32,4,512,0.133847
Qwen/Qwen3-8B,cnndm,32,4,2048,0.055251
Qwen/Qwen3-8B,cnndm,32,5,128,0.209622
Qwen/Qwen3-8B,cnndm,32,5,512,0.162506
Qwen/Qwen3-8B,cnndm,32,5,2048,0.067513
Qwen/Qwen3-8B,cnndm,32,6,128,0.211471
Qwen/Qwen3-8B,cnndm,32,6,512,0.161622
Qwen/Qwen3-8B,cnndm,32,6,2048,0.066027
Qwen/Qwen3-8B,cnndm,32,7,128,0.219669
Qwen/Qwen3-8B,cnndm,32,7,512,0.167228
Qwen/Qwen3-8B,cnndm,32,7,2048,0.068626
Qwen/Qwen3-8B,cnndm,32,8,128,0.253424
Qwen/Qwen3-8B,cnndm,32,8,512,0.176504
Qwen/Qwen3-8B,cnndm,32,8,2048,0.070941
Qwen/Qwen3-8B,cnndm,32,9,128,0.192219
Qwen/Qwen3-8B,cnndm,32,9,512,0.144643
Qwen/Qwen3-8B,cnndm,32,9,2048,0.058326
Qwen/Qwen3-8B,cnndm,32,10,128,0.221835
Qwen/Qwen3-8B,cnndm,32,10,512,0.165156
Qwen/Qwen3-8B,cnndm,32,10,2048,0.068054
Qwen/Qwen3-8B,cnndm,32,11,128,0.227972
Qwen/Qwen3-8B,cnndm,32,11,512,0.167581
Qwen/Qwen3-8B,cnndm,32,11,2048,0.066265
Qwen/Qwen3-8B,cnndm,32,12,128,0.172356
Qwen/Qwen3-8B,cnndm,32,12,512,0.127782
Qwen/Qwen3-8B,cnndm,32,12,2048,0.054412
Qwen/Qwen3-8B,cnndm,32,13,128,0.092678
Qwen/Qwen3-8B,cnndm,32,13,512,0.080388
Qwen/Qwen3-8B,cnndm,32,13,2048,0.035611
Qwen/Qwen3-8B,cnndm,32,14,128,0.092336
Qwen/Qwen3-8B,cnndm,32,14,512,0.082105
Qwen/Qwen3-8B,cnndm,32,14,2048,0.037016
Qwen/Qwen3-8B,cnndm,32,15,128,0.133364
Qwen/Qwen3-8B,cnndm,32,15,512,0.097975
Qwen/Qwen3-8B,cnndm,32,15,2048,0.041941
Qwen/Qwen3-8B,cnndm,32,16,128,0.137496
Qwen/Qwen3-8B,cnndm,32,16,512,0.119617
Qwen/Qwen3-8B,cnndm,32,16,2048,0.052954
Qwen/Qwen3-8B,cnndm,32,17,128,0.240860
Qwen/Qwen3-8B,cnndm,32,17,512,0.162854
Qwen/Qwen3-8B,cnndm,32,17,2048,0.064560
Qwen/Qwen3-8B,cnndm,32,18,128,0.191924
Qwen/Qwen3-8B,cnndm,32,18,512,0.134524
Qwen/Qwen3-8B,cnndm,32,18,2048,0.055995
Qwen/Qwen3-8B,cnndm,32,19,128,0.122987
Qwen/Qwen3-8B,cnndm,32,19,512,0.095830
Qwen/Qwen3-8B,cnndm,32,19,2048,0.038710
Qwen/Qwen3-8B,cnndm,32,20,128,0.139400
Qwen/Qwen3-8B,cnndm,32,20,512,0.116166
Qwen/Qwen3-8B,cnndm,32,20,2048,0.046170
Qwen/Qwen3-8B,cnndm,32,21,128,0.296308
Qwen/Qwen3-8B,cnndm,32,21,512,0.179675
Qwen/Qwen3-8B,cnndm,32,21,2048,0.056091
Qwen/Qwen3-8B,cnndm,32,22,128,0.150481
Qwen/Qwen3-8B,cnndm,32,22,512,0.124227
Qwen/Qwen3-8B,cnndm,32,22,2048,0.046245
Qwen/Qwen3-8B,cnndm,32,23,128,0.139116
Qwen/Qwen3-8B,cnndm,32,23,512,0.127291
Qwen/Qwen3-8B,cnndm,32,23,2048,0.051801
Qwen/Qwen3-8B,cnndm,32,24,128,0.115589
Qwen/Qwen3-8B,cnndm,32,24,512,0.075731
Qwen/Qwen3-8B,cnndm,32,24,2048,0.028251
Qwen/Qwen3-8B,cnndm,32,25,128,0.104986
Qwen/Qwen3-8B,cnndm,32,25,512,0.079588
Qwen/Qwen3-8B,cnndm,32,25,2048,0.031412
Qwen/Qwen3-8B,cnndm,32,26,128,0.142242
Qwen/Qwen3-8B,cnndm,32,26,512,0.089806
Qwen/Qwen3-8B,cnndm,32,26,2048,0.032867
Qwen/Qwen3-8B,cnndm,32,27,128,0.130790
Qwen/Qwen3-8B,cnndm,32,27,512,0.093637
Qwen/Qwen3-8B,cnndm,32,27,2048,0.033397
Qwen/Qwen3-8B,cnndm,32,28,128,0.088403
Qwen/Qwen3-8B,cnndm,32,28,512,0.077325
Qwen/Qwen3-8B,cnndm,32,28,2048,0.033659
Qwen/Qwen3-8B,cnndm,32,29,128,0.084662
Qwen/Qwen3-8B,cnndm,32,29,512,0.073139
Qwen/Qwen3-8B,cnndm,32,29,2048,0.030602
Qwen/Qwen3-8B,cnndm,32,30,128,0.080961
Qwen/Qwen3-8B,cnndm,32,30,512,0.069931
Qwen/Qwen3-8B,cnndm,32,30,2048,0.030576
Qwen/Qwen3-8B,cnndm,32,31,128,0.077199
Qwen/Qwen3-8B,cnndm,32,31,512,0.063035
Qwen/Qwen3-8B,cnndm,32,31,2048,0.025465
Qwen/Qwen3-8B,cnndm,33,0,128,0.301286
Qwen/Qwen3-8B,cnndm,33,0,512,0.205049
Qwen/Qwen3-8B,cnndm,33,0,2048,0.062614
Qwen/Qwen3-8B,cnndm,33,1,128,0.168026
Qwen/Qwen3-8B,cnndm,33,1,512,0.139913
Qwen/Qwen3-8B,cnndm,33,1,2048,0.054905
Qwen/Qwen3-8B,cnndm,33,2,128,0.146898
Qwen/Qwen3-8B,cnndm,33,2,512,0.115051
Qwen/Qwen3-8B,cnndm,33,2,2048,0.044615
Qwen/Qwen3-8B,cnndm,33,3,128,0.167019
Qwen/Qwen3-8B,cnndm,33,3,512,0.130120
Qwen/Qwen3-8B,cnndm,33,3,2048,0.048659
Qwen/Qwen3-8B,cnndm,33,4,128,0.209450
Qwen/Qwen3-8B,cnndm,33,4,512,0.151195
Qwen/Qwen3-8B,cnndm,33,4,2048,0.056728
Qwen/Qwen3-8B,cnndm,33,5,128,0.154434
Qwen/Qwen3-8B,cnndm,33,5,512,0.120826
Qwen/Qwen3-8B,cnndm,33,5,2048,0.048588
Qwen/Qwen3-8B,cnndm,33,6,128,0.257586
Qwen/Qwen3-8B,cnndm,33,6,512,0.134913
Qwen/Qwen3-8B,cnndm,33,6,2048,0.047026
Qwen/Qwen3-8B,cnndm,33,7,128,0.246054
Qwen/Qwen3-8B,cnndm,33,7,512,0.170008
Qwen/Qwen3-8B,cnndm,33,7,2048,0.064513
Qwen/Qwen3-8B,cnndm,33,8,128,0.176359
Qwen/Qwen3-8B,cnndm,33,8,512,0.140803
Qwen/Qwen3-8B,cnndm,33,8,2048,0.061003
Qwen/Qwen3-8B,cnndm,33,9,128,0.219814
Qwen/Qwen3-8B,cnndm,33,9,512,0.159615
Qwen/Qwen3-8B,cnndm,33,9,2048,0.062917
Qwen/Qwen3-8B,cnndm,33,10,128,0.227398
Qwen/Qwen3-8B,cnndm,33,10,512,0.166246
Qwen/Qwen3-8B,cnndm,33,10,2048,0.066507
Qwen/Qwen3-8B,cnndm,33,11,128,0.220029
Qwen/Qwen3-8B,cnndm,33,11,512,0.159233
Qwen/Qwen3-8B,cnndm,33,11,2048,0.063203
Qwen/Qwen3-8B,cnndm,33,12,128,0.217347
Qwen/Qwen3-8B,cnndm,33,12,512,0.166447
Qwen/Qwen3-8B,cnndm,33,12,2048,0.066753
Qwen/Qwen3-8B,cnndm,33,13,128,0.220648
Qwen/Qwen3-8B,cnndm,33,13,512,0.162302
Qwen/Qwen3-8B,cnndm,33,13,2048,0.065222
Qwen/Qwen3-8B,cnndm,33,14,128,0.221605
Qwen/Qwen3-8B,cnndm,33,14,512,0.166308
Qwen/Qwen3-8B,cnndm,33,14,2048,0.065525
Qwen/Qwen3-8B,cnndm,33,15,128,0.207446
Qwen/Qwen3-8B,cnndm,33,15,512,0.154629
Qwen/Qwen3-8B,cnndm,33,15,2048,0.061504
Qwen/Qwen3-8B,cnndm,33,16,128,0.239798
Qwen/Qwen3-8B,cnndm,33,16,512,0.173695
Qwen/Qwen3-8B,cnndm,33,16,2048,0.070294
Qwen/Qwen3-8B,cnndm,33,17,128,0.215617
Qwen/Qwen3-8B,cnndm,33,17,512,0.162956
Qwen/Qwen3-8B,cnndm,33,17,2048,0.067617
Qwen/Qwen3-8B,cnndm,33,18,128,0.267498
Qwen/Qwen3-8B,cnndm,33,18,512,0.191809
Qwen/Qwen3-8B,cnndm,33,18,2048,0.079567
Qwen/Qwen3-8B,cnndm,33,19,128,0.252440
Qwen/Qwen3-8B,cnndm,33,19,512,0.178385
Qwen/Qwen3-8B,cnndm,33,19,2048,0.070125
Qwen/Qwen3-8B,cnndm,33,20,128,0.222492
Qwen/Qwen3-8B,cnndm,33,20,512,0.160098
Qwen/Qwen3-8B,cnndm,33,20,2048,0.064848
Qwen/Qwen3-8B,cnndm,33,21,128,0.284873
Qwen/Qwen3-8B,cnndm,33,21,512,0.175554
Qwen/Qwen3-8B,cnndm,33,21,2048,0.064912
Qwen/Qwen3-8B,cnndm,33,22,128,0.212975
Qwen/Qwen3-8B,cnndm,33,22,512,0.159554
Qwen/Qwen3-8B,cnndm,33,22,2048,0.062766
Qwen/Qwen3-8B,cnndm,33,23,128,0.228865
Qwen/Qwen3-8B,cnndm,33,23,512,0.160784
Qwen/Qwen3-8B,cnndm,33,23,2048,0.064935
Qwen/Qwen3-8B,cnndm,33,24,128,0.114698
Qwen/Qwen3-8B,cnndm,33,24,512,0.092332
Qwen/Qwen3-8B,cnndm,33,24,2048,0.038454
Qwen/Qwen3-8B,cnndm,33,25,128,0.109760
Qwen/Qwen3-8B,cnndm,33,25,512,0.095100
Qwen/Qwen3-8B,cnndm,33,25,2048,0.040397
Qwen/Qwen3-8B,cnndm,33,26,128,0.090461
Qwen/Qwen3-8B,cnndm,33,26,512,0.082667
Qwen/Qwen3-8B,cnndm,33,26,2048,0.035800
Qwen/Qwen3-8B,cnndm,33,27,128,0.103808
Qwen/Qwen3-8B,cnndm,33,27,512,0.093324
Qwen/Qwen3-8B,cnndm,33,27,2048,0.040627
Qwen/Qwen3-8B,cnndm,33,28,128,0.240774
Qwen/Qwen3-8B,cnndm,33,28,512,0.170666
Qwen/Qwen3-8B,cnndm,33,28,2048,0.067975
Qwen/Qwen3-8B,cnndm,33,29,128,0.254103
Qwen/Qwen3-8B,cnndm,33,29,512,0.178787
Qwen/Qwen3-8B,cnndm,33,29,2048,0.071495
Qwen/Qwen3-8B,cnndm,33,30,128,0.264672
Qwen/Qwen3-8B,cnndm,33,30,512,0.183662
Qwen/Qwen3-8B,cnndm,33,30,2048,0.073548
Qwen/Qwen3-8B,cnndm,33,31,128,0.254454
Qwen/Qwen3-8B,cnndm,33,31,512,0.178931
Qwen/Qwen3-8B,cnndm,33,31,2048,0.069513
Qwen/Qwen3-8B,cnndm,34,0,128,0.249977
Qwen/Qwen3-8B,cnndm,34,0,512,0.172590
Qwen/Qwen3-8B,cnndm,34,0,2048,0.070265
Qwen/Qwen3-8B,cnndm,34,1,128,0.261215
Qwen/Qwen3-8B,cnndm,34,1,512,0.177631
Qwen/Qwen3-8B,cnndm,34,1,2048,0.069761
Qwen/Qwen3-8B,cnndm,34,2,128,0.239503
Qwen/Qwen3-8B,cnndm,34,2,512,0.164988
Qwen/Qwen3-8B,cnndm,34,2,2048,0.062218
Qwen/Qwen3-8B,cnndm,34,3,128,0.229187
Qwen/Qwen3-8B,cnndm,34,3,512,0.160555
Qwen/Qwen3-8B,cnndm,34,3,2048,0.061953
Qwen/Qwen3-8B,cnndm,34,4,128,0.237351
Qwen/Qwen3-8B,cnndm,34,4,512,0.170510
Qwen/Qwen3-8B,cnndm,34,4,2048,0.067365
Qwen/Qwen3-8B,cnndm,34,5,128,0.254229
Qwen/Qwen3-8B,cnndm,34,5,512,0.176369
Qwen/Qwen3-8B,cnndm,34,5,2048,0.072905
Qwen/Qwen3-8B,cnndm,34,6,128,0.282847
Qwen/Qwen3-8B,cnndm,34,6,512,0.208810
Qwen/Qwen3-8B,cnndm,34,6,2048,0.081038
Qwen/Qwen3-8B,cnndm,34,7,128,0.273323
Qwen/Qwen3-8B,cnndm,34,7,512,0.170152
Qwen/Qwen3-8B,cnndm,34,7,2048,0.064067
Qwen/Qwen3-8B,cnndm,34,8,128,0.482518
Qwen/Qwen3-8B,cnndm,34,8,512,0.246757
Qwen/Qwen3-8B,cnndm,34,8,2048,0.059839
Qwen/Qwen3-8B,cnndm,34,9,128,0.397939
Qwen/Qwen3-8B,cnndm,34,9,512,0.266863
Qwen/Qwen3-8B,cnndm,34,9,2048,0.097423
Qwen/Qwen3-8B,cnndm,34,10,128,0.179215
Qwen/Qwen3-8B,cnndm,34,10,512,0.135368
Qwen/Qwen3-8B,cnndm,34,10,2048,0.058172
Qwen/Qwen3-8B,cnndm,34,11,128,0.491021
Qwen/Qwen3-8B,cnndm,34,11,512,0.316589
Qwen/Qwen3-8B,cnndm,34,11,2048,0.116697
Qwen/Qwen3-8B,cnndm,34,12,128,0.056312
Qwen/Qwen3-8B,cnndm,34,12,512,0.051110
Qwen/Qwen3-8B,cnndm,34,12,2048,0.022187
Qwen/Qwen3-8B,cnndm,34,13,128,0.055405
Qwen/Qwen3-8B,cnndm,34,13,512,0.050355
Qwen/Qwen3-8B,cnndm,34,13,2048,0.021744
Qwen/Qwen3-8B,cnndm,34,14,128,0.081551
Qwen/Qwen3-8B,cnndm,34,14,512,0.061904
Qwen/Qwen3-8B,cnndm,34,14,2048,0.023032
Qwen/Qwen3-8B,cnndm,34,15,128,0.107756
Qwen/Qwen3-8B,cnndm,34,15,512,0.068962
Qwen/Qwen3-8B,cnndm,34,15,2048,0.019812
Qwen/Qwen3-8B,cnndm,34,16,128,0.173684
Qwen/Qwen3-8B,cnndm,34,16,512,0.109718
Qwen/Qwen3-8B,cnndm,34,16,2048,0.042436
Qwen/Qwen3-8B,cnndm,34,17,128,0.117340
Qwen/Qwen3-8B,cnndm,34,17,512,0.079730
Qwen/Qwen3-8B,cnndm,34,17,2048,0.030899
Qwen/Qwen3-8B,cnndm,34,18,128,0.063164
Qwen/Qwen3-8B,cnndm,34,18,512,0.057035
Qwen/Qwen3-8B,cnndm,34,18,2048,0.025948
Qwen/Qwen3-8B,cnndm,34,19,128,0.232736
Qwen/Qwen3-8B,cnndm,34,19,512,0.107460
Qwen/Qwen3-8B,cnndm,34,19,2048,0.037479
Qwen/Qwen3-8B,cnndm,34,20,128,0.073726
Qwen/Qwen3-8B,cnndm,34,20,512,0.068768
Qwen/Qwen3-8B,cnndm,34,20,2048,0.029450
Qwen/Qwen3-8B,cnndm,34,21,128,0.194434
Qwen/Qwen3-8B,cnndm,34,21,512,0.092653
Qwen/Qwen3-8B,cnndm,34,21,2048,0.028991
Qwen/Qwen3-8B,cnndm,34,22,128,0.086090
Qwen/Qwen3-8B,cnndm,34,22,512,0.076525
Qwen/Qwen3-8B,cnndm,34,22,2048,0.030017
Qwen/Qwen3-8B,cnndm,34,23,128,0.063227
Qwen/Qwen3-8B,cnndm,34,23,512,0.057653
Qwen/Qwen3-8B,cnndm,34,23,2048,0.024695
Qwen/Qwen3-8B,cnndm,34,24,128,0.055688
Qwen/Qwen3-8B,cnndm,34,24,512,0.048343
Qwen/Qwen3-8B,cnndm,34,24,2048,0.020314
Qwen/Qwen3-8B,cnndm,34,25,128,0.067436
Qwen/Qwen3-8B,cnndm,34,25,512,0.060499
Qwen/Qwen3-8B,cnndm,34,25,2048,0.024979
Qwen/Qwen3-8B,cnndm,34,26,128,0.066068
Qwen/Qwen3-8B,cnndm,34,26,512,0.058711
Qwen/Qwen3-8B,cnndm,34,26,2048,0.026785
Qwen/Qwen3-8B,cnndm,34,27,128,0.080445
Qwen/Qwen3-8B,cnndm,34,27,512,0.068154
Qwen/Qwen3-8B,cnndm,34,27,2048,0.028670
Qwen/Qwen3-8B,cnndm,34,28,128,0.252810
Qwen/Qwen3-8B,cnndm,34,28,512,0.127463
Qwen/Qwen3-8B,cnndm,34,28,2048,0.048573
Qwen/Qwen3-8B,cnndm,34,29,128,0.221891
Qwen/Qwen3-8B,cnndm,34,29,512,0.128539
Qwen/Qwen3-8B,cnndm,34,29,2048,0.045345
Qwen/Qwen3-8B,cnndm,34,30,128,0.242587
Qwen/Qwen3-8B,cnndm,34,30,512,0.134808
Qwen/Qwen3-8B,cnndm,34,30,2048,0.048114
Qwen/Qwen3-8B,cnndm,34,31,128,0.129132
Qwen/Qwen3-8B,cnndm,34,31,512,0.100394
Qwen/Qwen3-8B,cnndm,34,31,2048,0.043984
Qwen/Qwen3-8B,cnndm,35,0,128,0.196913
Qwen/Qwen3-8B,cnndm,35,0,512,0.113335
Qwen/Qwen3-8B,cnndm,35,0,2048,0.028319
Qwen/Qwen3-8B,cnndm,35,1,128,0.028618
Qwen/Qwen3-8B,cnndm,35,1,512,0.018695
Qwen/Qwen3-8B,cnndm,35,1,2048,0.004843
Qwen/Qwen3-8B,cnndm,35,2,128,0.036275
Qwen/Qwen3-8B,cnndm,35,2,512,0.019087
Qwen/Qwen3-8B,cnndm,35,2,2048,0.007033
Qwen/Qwen3-8B,cnndm,35,3,128,0.062570
Qwen/Qwen3-8B,cnndm,35,3,512,0.036294
Qwen/Qwen3-8B,cnndm,35,3,2048,0.011485
Qwen/Qwen3-8B,cnndm,35,4,128,0.050460
Qwen/Qwen3-8B,cnndm,35,4,512,0.031744
Qwen/Qwen3-8B,cnndm,35,4,2048,0.010759
Qwen/Qwen3-8B,cnndm,35,5,128,0.040283
Qwen/Qwen3-8B,cnndm,35,5,512,0.019870
Qwen/Qwen3-8B,cnndm,35,5,2048,0.004775
Qwen/Qwen3-8B,cnndm,35,6,128,0.046664
Qwen/Qwen3-8B,cnndm,35,6,512,0.027283
Qwen/Qwen3-8B,cnndm,35,6,2048,0.007344
Qwen/Qwen3-8B,cnndm,35,7,128,0.021850
Qwen/Qwen3-8B,cnndm,35,7,512,0.012843
Qwen/Qwen3-8B,cnndm,35,7,2048,0.004656
Qwen/Qwen3-8B,cnndm,35,8,128,0.382881
Qwen/Qwen3-8B,cnndm,35,8,512,0.200835
Qwen/Qwen3-8B,cnndm,35,8,2048,0.055442
Qwen/Qwen3-8B,cnndm,35,9,128,0.326412
Qwen/Qwen3-8B,cnndm,35,9,512,0.204671
Qwen/Qwen3-8B,cnndm,35,9,2048,0.055524
Qwen/Qwen3-8B,cnndm,35,10,128,0.150717
Qwen/Qwen3-8B,cnndm,35,10,512,0.094426
Qwen/Qwen3-8B,cnndm,35,10,2048,0.027092
Qwen/Qwen3-8B,cnndm,35,11,128,0.340197
Qwen/Qwen3-8B,cnndm,35,11,512,0.213075
Qwen/Qwen3-8B,cnndm,35,11,2048,0.079746
Qwen/Qwen3-8B,cnndm,35,12,128,0.276356
Qwen/Qwen3-8B,cnndm,35,12,512,0.162091
Qwen/Qwen3-8B,cnndm,35,12,2048,0.046069
Qwen/Qwen3-8B,cnndm,35,13,128,0.106894
Qwen/Qwen3-8B,cnndm,35,13,512,0.049503
Qwen/Qwen3-8B,cnndm,35,13,2048,0.019934
Qwen/Qwen3-8B,cnndm,35,14,128,0.466444
Qwen/Qwen3-8B,cnndm,35,14,512,0.262489
Qwen/Qwen3-8B,cnndm,35,14,2048,0.071755
Qwen/Qwen3-8B,cnndm,35,15,128,0.281511
Qwen/Qwen3-8B,cnndm,35,15,512,0.141785
Qwen/Qwen3-8B,cnndm,35,15,2048,0.041698
Qwen/Qwen3-8B,cnndm,35,16,128,0.029307
Qwen/Qwen3-8B,cnndm,35,16,512,0.015468
Qwen/Qwen3-8B,cnndm,35,16,2048,0.008996
Qwen/Qwen3-8B,cnndm,35,17,128,0.039946
Qwen/Qwen3-8B,cnndm,35,17,512,0.017149
Qwen/Qwen3-8B,cnndm,35,17,2048,0.006110
Qwen/Qwen3-8B,cnndm,35,18,128,0.104986
Qwen/Qwen3-8B,cnndm,35,18,512,0.056894
Qwen/Qwen3-8B,cnndm,35,18,2048,0.015938
Qwen/Qwen3-8B,cnndm,35,19,128,0.103151
Qwen/Qwen3-8B,cnndm,35,19,512,0.052940
Qwen/Qwen3-8B,cnndm,35,19,2048,0.015146
Qwen/Qwen3-8B,cnndm,35,20,128,0.174867
Qwen/Qwen3-8B,cnndm,35,20,512,0.101450
Qwen/Qwen3-8B,cnndm,35,20,2048,0.024534
Qwen/Qwen3-8B,cnndm,35,21,128,0.128122
Qwen/Qwen3-8B,cnndm,35,21,512,0.074057
Qwen/Qwen3-8B,cnndm,35,21,2048,0.019662
Qwen/Qwen3-8B,cnndm,35,22,128,0.203467
Qwen/Qwen3-8B,cnndm,35,22,512,0.095908
Qwen/Qwen3-8B,cnndm,35,22,2048,0.026697
Qwen/Qwen3-8B,cnndm,35,23,128,0.074036
Qwen/Qwen3-8B,cnndm,35,23,512,0.039882
Qwen/Qwen3-8B,cnndm,35,23,2048,0.013249
Qwen/Qwen3-8B,cnndm,35,24,128,0.087269
Qwen/Qwen3-8B,cnndm,35,24,512,0.049408
Qwen/Qwen3-8B,cnndm,35,24,2048,0.017794
Qwen/Qwen3-8B,cnndm,35,25,128,0.158301
Qwen/Qwen3-8B,cnndm,35,25,512,0.067506
Qwen/Qwen3-8B,cnndm,35,25,2048,0.018986
Qwen/Qwen3-8B,cnndm,35,26,128,0.089971
Qwen/Qwen3-8B,cnndm,35,26,512,0.042575
Qwen/Qwen3-8B,cnndm,35,26,2048,0.011112
Qwen/Qwen3-8B,cnndm,35,27,128,0.108941
Qwen/Qwen3-8B,cnndm,35,27,512,0.055197
Qwen/Qwen3-8B,cnndm,35,27,2048,0.018492
Qwen/Qwen3-8B,cnndm,35,28,128,0.052293
Qwen/Qwen3-8B,cnndm,35,28,512,0.031347
Qwen/Qwen3-8B,cnndm,35,28,2048,0.009511
Qwen/Qwen3-8B,cnndm,35,29,128,0.100850
Qwen/Qwen3-8B,cnndm,35,29,512,0.062486
Qwen/Qwen3-8B,cnndm,35,29,2048,0.018500
Qwen/Qwen3-8B,cnndm,35,30,128,0.043561
Qwen/Qwen3-8B,cnndm,35,30,512,0.027967
Qwen/Qwen3-8B,cnndm,35,30,2048,0.007915
Qwen/Qwen3-8B,cnndm,35,31,128,0.062460
Qwen/Qwen3-8B,cnndm,35,31,512,0.041109
Qwen/Qwen3-8B,cnndm,35,31,2048,0.011049
